g icecreamtruck_01
v -1.155983 -0.6009215 0.8358514
v -1.251161 -0.4392351 0.7832234
v -1.153273 -0.4222802 0.824957
v -1.251161 -0.4392351 0.7832234
v -1.155983 -0.6009215 0.8358514
v -1.243991 -0.6009214 0.7832234
v -1.05383 -0.6009215 0.8877504
v -1.017769 -0.5840802 0.9150652
v -1.01157 -0.6009215 0.9324418
v -0.8377758 -0.6009215 1.277644
v -0.7709084 -0.611923 1.333428
v -0.8214096 -0.6647863 1.213692
v -0.9007481 -0.5840804 1.2058
v -0.9010203 -0.3454924 1.219501
v -0.8877621 -0.5876715 1.219764
v -1.155983 -0.6009215 0.8358514
v -1.153273 -0.4222802 0.824957
v -1.05383 -0.6009215 0.8877504
v -1.155983 -0.6009215 0.8358514
v -1.175772 -0.6712502 0.7832234
v -1.243991 -0.6009214 0.7832234
v -1.153273 -0.4222802 0.824957
v -1.251161 -0.4392351 0.7832234
v -1.232261 -0.4053253 0.7607087
v -0.9966173 -0.5850993 0.9488208
v -0.9983045 -0.5682582 0.9314455
v -1.005572 -0.3453145 0.9315497
v -1.017769 -0.5840802 0.9150652
v -0.9966173 -0.5850993 0.9488208
v -1.01157 -0.6009215 0.9324418
v -0.9966173 -0.5850993 0.9488208
v -1.017769 -0.5840802 0.9150652
v -0.9983045 -0.5682582 0.9314455
v -0.9036381 -0.6009215 1.188397
v -0.8949656 -0.5682581 1.189443
v -0.9007481 -0.5840804 1.2058
v -0.8949656 -0.5682581 1.189443
v -0.9036381 -0.6009215 1.188397
v -0.9020277 -0.5850991 1.172042
v -0.8377758 -0.6009215 1.277644
v -0.8214096 -0.6647863 1.213692
v -0.8877621 -0.5876715 1.219764
v -0.9973819 -0.6712503 0.8741748
v -1.01157 -0.6009215 0.9324418
v -0.9418903 -0.6712503 0.9233447
v -0.9041545 -0.08528185 1.218151
v -0.8386689 -0.3431017 1.309771
v -0.9010203 -0.3454924 1.219501
v -0.8386689 0.1725379 1.309771
v -0.9010203 0.1749287 1.219501
v -0.8386689 -0.3431017 1.309771
v -0.9041545 -0.08528185 1.218151
v -0.8386988 -0.08528186 1.324363
v -1.05383 -0.6009215 0.8877504
v -1.01157 -0.6009215 0.9324418
v -0.9973819 -0.6712503 0.8741748
v -1.192454 -0.6471831 0.5952048
v -1.243991 -0.6009214 0.2879368
v -1.243989 -0.6009238 0.5951915
v 1.19582 -0.5850347 0.2438034
v 1.200014 -0.3694423 0.3648655
v 1.195803 -0.3694438 0.276395
v 0.5641645 -0.08528203 0.3287748
v 0.5641645 -0.08528203 0.3274099
v 0.5640461 -0.08528203 0.1989742
v 1.115497 -0.08528209 0.2438034
v 1.115497 -0.08528209 0.2538958
v 1.115497 -0.08528209 0.2674461
v -1.25066 -0.451815 0.764078
v -1.232261 -0.4053253 0.7607087
v -1.251161 -0.4392351 0.7832234
v -1.25172 -0.4517324 0.5953707
v -1.232261 -0.4053253 0.7607087
v -1.25066 -0.451815 0.764078
v -1.243991 -0.6009214 0.7832234
v -1.193226 -0.6471541 0.7641016
v -1.24399 -0.6009238 0.7640829
v -1.193226 -0.6471541 0.7641016
v -1.243991 -0.6009214 0.7832234
v -1.175772 -0.6712502 0.7832234
v -0.5748482 -0.6234868 1.355972
v -0.684342 -0.3431017 1.402554
v -0.5753484 -0.3431017 1.416604
v -0.684342 -0.3431017 1.402554
v -0.5748482 -0.6234868 1.355972
v -0.6841518 -0.6229247 1.356598
v -0.9010203 -0.3454924 1.219501
v -0.8377758 -0.6009215 1.277644
v -0.8877621 -0.5876715 1.219764
v -0.8377758 -0.6009215 1.277644
v -0.9010203 -0.3454924 1.219501
v -0.8386689 -0.3431017 1.309771
v -0.8877621 -0.5876715 1.219764
v -0.9036381 -0.6009215 1.188397
v -0.9007481 -0.5840804 1.2058
v -0.9036381 -0.6009215 1.188397
v -0.8877621 -0.5876715 1.219764
v -0.8214096 -0.6647863 1.213692
v -0.6841518 -0.6229247 1.356598
v -0.7714501 -0.3431017 1.372469
v -0.684342 -0.3431017 1.402554
v -0.7714501 -0.3431017 1.372469
v -0.6841518 -0.6229247 1.356598
v -0.7709084 -0.611923 1.333428
v -1.155983 0.4303578 0.8358514
v -1.251161 0.2686715 0.7832234
v -1.24399 0.4303578 0.7832234
v -1.251161 0.2686715 0.7832234
v -1.155983 0.4303578 0.8358514
v -1.153273 0.2517166 0.824957
v -1.05383 0.4303578 0.8877504
v -1.01157 0.4303577 0.9324418
v -1.017769 0.4135165 0.9150652
v -0.8377754 0.4303578 1.277644
v -0.8214095 0.4942227 1.213692
v -0.7709082 0.4413593 1.333428
v -0.9010203 0.1749287 1.219501
v -0.9007479 0.4135167 1.2058
v -0.8877618 0.4171079 1.219764
v -1.155983 0.4303578 0.8358514
v -1.05383 0.4303578 0.8877504
v -1.153273 0.2517166 0.824957
v -1.155983 0.4303578 0.8358514
v -1.175771 0.5006867 0.7832234
v -1.105493 0.5006866 0.8154185
v -1.105493 0.5006866 0.8154185
v -1.05383 0.4303578 0.8877504
v -0.9973818 0.5006866 0.8741748
v -1.175771 0.5006867 0.7832234
v -1.155983 0.4303578 0.8358514
v -1.24399 0.4303578 0.7832234
v -1.153273 0.2517166 0.824957
v -1.232261 0.2347617 0.7607087
v -1.251161 0.2686715 0.7832234
v -0.9966171 0.4145356 0.9488208
v -1.005572 0.1747507 0.9315497
v -0.9983042 0.3976944 0.9314455
v -1.017769 0.4135165 0.9150652
v -0.9966171 0.4145356 0.9488208
v -0.9983042 0.3976944 0.9314455
v -0.9966171 0.4145356 0.9488208
v -1.017769 0.4135165 0.9150652
v -1.01157 0.4303577 0.9324418
v -0.9036378 0.4303577 1.188397
v -0.8949655 0.3976943 1.189443
v -0.9020274 0.4145354 1.172042
v -0.8949655 0.3976943 1.189443
v -0.9036378 0.4303577 1.188397
v -0.9007479 0.4135167 1.2058
v -0.8377754 0.4303578 1.277644
v -0.8877618 0.4171079 1.219764
v -0.8214095 0.4942227 1.213692
v -0.9973818 0.5006866 0.8741748
v -0.9418899 0.5006866 0.9233447
v -1.01157 0.4303577 0.9324418
v -0.9041545 -0.08528185 1.218151
v -0.8386689 0.1725379 1.309771
v -0.8386988 -0.08528186 1.324363
v -1.05383 0.4303578 0.8877504
v -0.9973818 0.5006866 0.8741748
v -1.01157 0.4303577 0.9324418
v -1.24399 0.4303578 0.2879368
v -1.192454 0.4766184 0.5952048
v -1.243989 0.4303589 0.5951915
v 1.19582 0.4144704 0.2438034
v 1.195803 0.1988796 0.276395
v 1.200015 0.1988781 0.3648655
v 0.5641645 -0.08528203 0.3287749
v 0.5640461 -0.08528203 0.1989742
v 0.5641645 -0.08528203 0.32741
v 0.5641645 -0.08528201 0.3287749
v 0.5641645 0.5006864 0.1989742
v 0.5640461 -0.08528201 0.1989742
v 0.5641646 0.5006865 0.3287748
v 0.5641646 0.5006865 0.1989742
v 0.5641645 -0.08528203 0.3287748
v 1.115497 -0.08528209 0.2438034
v 1.115497 -0.08528209 0.2674461
v 1.115497 -0.08528209 0.2538958
v 1.115497 -0.08528209 0.2438034
v 1.115497 0.5006864 0.2674461
v 1.115497 -0.08528209 0.2674461
v -1.25066 0.2812502 0.764078
v -1.251161 0.2686715 0.7832234
v -1.232261 0.2347617 0.7607087
v -1.25172 0.2811676 0.5953707
v -1.25066 0.2812502 0.764078
v -1.232261 0.2347617 0.7607087
v -1.05383 0.4303578 0.8877504
v -1.061 0.1835181 0.8877504
v -1.153273 0.2517166 0.824957
v -1.061 0.1835181 0.8877504
v -1.155448 -0.08528182 0.8194693
v -1.061021 -0.08528183 0.8877504
v -1.025074 0.1753306 0.9151927
v -1.017769 0.4135165 0.9150652
v -1.05383 0.4303578 0.8877504
v -1.02523 -0.08528183 0.9153203
v -1.025074 -0.3458943 0.9151927
v -1.061 -0.3540818 0.8877504
v -1.017769 -0.5840802 0.9150652
v -1.05383 -0.6009215 0.8877504
v -1.155448 -0.08528182 0.8194693
v -1.061 -0.3540818 0.8877504
v -1.153273 -0.4222802 0.824957
v -1.05383 -0.6009215 0.8877504
v -1.232261 -0.4053253 0.7607087
v -1.153273 -0.4222802 0.824957
v -1.232264 -0.08528181 0.760709
v -1.232261 0.2347617 0.7607087
v -1.153273 0.2517166 0.824957
v -1.24399 0.4303578 0.7832234
v -1.193226 0.4765893 0.7641016
v -1.175771 0.5006867 0.7832234
v -1.193226 0.4765893 0.7641016
v -1.24399 0.4303578 0.7832234
v -1.24399 0.4303589 0.7640829
v -0.574848 0.452923 1.355972
v -0.6843418 0.172538 1.402554
v -0.6841516 0.4523609 1.356598
v -0.6843418 0.172538 1.402554
v -0.574848 0.452923 1.355972
v -0.5753484 0.1725379 1.416604
v -0.9010203 0.1749287 1.219501
v -0.8377754 0.4303578 1.277644
v -0.8386689 0.1725379 1.309771
v -0.8377754 0.4303578 1.277644
v -0.9010203 0.1749287 1.219501
v -0.8877618 0.4171079 1.219764
v -0.8877618 0.4171079 1.219764
v -0.9036378 0.4303577 1.188397
v -0.8214095 0.4942227 1.213692
v -0.9036378 0.4303577 1.188397
v -0.8877618 0.4171079 1.219764
v -0.9007479 0.4135167 1.2058
v -0.6841516 0.4523609 1.356598
v -0.77145 0.172538 1.372469
v -0.7709082 0.4413593 1.333428
v -0.77145 0.172538 1.372469
v -0.6841516 0.4523609 1.356598
v -0.6843418 0.172538 1.402554
v -0.8214096 -0.6647863 1.213692
v -0.7709084 -0.611923 1.333428
v -0.6841518 -0.6229247 1.356598
v -0.7709082 0.4413593 1.333428
v -0.8214095 0.4942227 1.213692
v -0.6841516 0.4523609 1.356598
v 0.6497152 0.2856812 0.7858241
v 0.6275909 0.2822757 0.7744437
v 0.656768 0.2691943 0.7493409
v 0.6275909 0.2822757 0.7744437
v 0.6191884 0.2846196 0.7508958
v 0.656768 0.2691943 0.7493409
v 0.6191884 0.2846196 0.7508958
v 0.6294299 0.2913398 0.7289745
v 0.656768 0.2691943 0.7493409
v 0.6294299 0.2913398 0.7289745
v 0.6523162 0.2984997 0.7215207
v 0.656768 0.2691943 0.7493409
v 0.6523162 0.2984997 0.7215207
v 0.6744406 0.3019051 0.7329012
v 0.656768 0.2691943 0.7493409
v 0.6744406 0.3019051 0.7329012
v 0.6828431 0.2995612 0.7564489
v 0.656768 0.2691943 0.7493409
v 0.6828431 0.2995612 0.7564489
v 0.6726015 0.292841 0.7783704
v 0.656768 0.2691943 0.7493409
v 0.6726015 0.292841 0.7783704
v 0.6497152 0.2856812 0.7858241
v 0.656768 0.2691943 0.7493409
v 0.625827 0.3642365 0.7901056
v 0.6045243 0.3647247 0.7768181
v 0.6330737 0.3467756 0.754117
v 0.6045243 0.3647247 0.7768181
v 0.5987388 0.3684921 0.7526741
v 0.6330737 0.3467756 0.754117
v 0.5987388 0.3684921 0.7526741
v 0.6118594 0.3733318 0.7318168
v 0.6330737 0.3467756 0.754117
v 0.6118594 0.3733318 0.7318168
v 0.6362004 0.3764087 0.7264642
v 0.6330737 0.3467756 0.754117
v 0.6362004 0.3764087 0.7264642
v 0.657503 0.3759205 0.7397517
v 0.6330737 0.3467756 0.754117
v 0.657503 0.3759205 0.7397517
v 0.6632885 0.3721532 0.7638956
v 0.6330737 0.3467756 0.754117
v 0.6632885 0.3721532 0.7638956
v 0.650168 0.3673134 0.784753
v 0.6330737 0.3467756 0.754117
v 0.650168 0.3673134 0.784753
v 0.625827 0.3642365 0.7901056
v 0.6330737 0.3467756 0.754117
v 0.6235548 0.398643 0.7947025
v 0.6022521 0.3991311 0.781415
v 0.6308016 0.381182 0.758714
v 0.6022521 0.3991311 0.781415
v 0.5964666 0.4028986 0.7572711
v 0.6308016 0.381182 0.758714
v 0.5964666 0.4028986 0.7572711
v 0.6095873 0.4077382 0.7364137
v 0.6308016 0.381182 0.758714
v 0.6095873 0.4077382 0.7364137
v 0.6339282 0.4108152 0.7310611
v 0.6308016 0.381182 0.758714
v 0.6339282 0.4108152 0.7310611
v 0.6552309 0.4103271 0.7443488
v 0.6308016 0.381182 0.758714
v 0.6552309 0.4103271 0.7443488
v 0.6610163 0.4065597 0.7684926
v 0.6308016 0.381182 0.758714
v 0.6610163 0.4065597 0.7684926
v 0.6478958 0.40172 0.7893499
v 0.6308016 0.381182 0.758714
v 0.6478958 0.40172 0.7893499
v 0.6235548 0.398643 0.7947025
v 0.6308016 0.381182 0.758714
v 0.6192338 0.430024 0.8001733
v 0.5981377 0.4297336 0.7865546
v 0.6280224 0.4142694 0.7637435
v 0.5981377 0.4297336 0.7865546
v 0.5924984 0.4339919 0.7624577
v 0.6280224 0.4142694 0.7637435
v 0.5924984 0.4339919 0.7624577
v 0.6056193 0.4403044 0.7419981
v 0.6280224 0.4142694 0.7637435
v 0.6056193 0.4403044 0.7419981
v 0.6298144 0.4449734 0.7371609
v 0.6280224 0.4142694 0.7637435
v 0.6298144 0.4449734 0.7371609
v 0.6509106 0.4452639 0.7507797
v 0.6280224 0.4142694 0.7637435
v 0.6509106 0.4452639 0.7507797
v 0.65655 0.4410056 0.7748765
v 0.6280224 0.4142694 0.7637435
v 0.65655 0.4410056 0.7748765
v 0.6434289 0.434693 0.7953361
v 0.6280224 0.4142694 0.7637435
v 0.6434289 0.434693 0.7953361
v 0.6192338 0.430024 0.8001733
v 0.6280224 0.4142694 0.7637435
v -1.26051 -0.6021621 0.7624344
v -1.25066 -0.451815 0.764078
v -1.24399 -0.6009238 0.7640829
v -1.25066 -0.451815 0.764078
v -1.26051 -0.6021621 0.7624344
v -1.26051 -0.4533058 0.7624344
v -1.26051 -0.6008869 0.5965499
v -1.192454 -0.6471831 0.5952048
v -1.243989 -0.6009238 0.5951915
v -1.192454 -0.6471831 0.5952048
v -1.26051 -0.6008869 0.5965499
v -1.26051 -0.6425757 0.5965499
v -1.277401 -0.4990884 0.6779711
v -1.277401 -0.5179119 0.7234152
v -1.294502 -0.5633561 0.6779711
v -1.277401 -0.5179119 0.7234152
v -1.277401 -0.5633561 0.7422388
v -1.294502 -0.5633561 0.6779711
v -1.277401 -0.5633561 0.7422388
v -1.277401 -0.6088002 0.7234152
v -1.294502 -0.5633561 0.6779711
v -1.277401 -0.6088002 0.7234152
v -1.277401 -0.6276238 0.6779711
v -1.294502 -0.5633561 0.6779711
v -1.277401 -0.6276238 0.6779711
v -1.277401 -0.6088002 0.632527
v -1.294502 -0.5633561 0.6779711
v -1.277401 -0.6088002 0.632527
v -1.277401 -0.5633561 0.6137034
v -1.294502 -0.5633561 0.6779711
v -1.277401 -0.5633561 0.6137034
v -1.277401 -0.517912 0.632527
v -1.294502 -0.5633561 0.6779711
v -1.277401 -0.517912 0.632527
v -1.277401 -0.4990884 0.6779711
v -1.294502 -0.5633561 0.6779711
v -1.26051 -0.6425757 0.5965499
v -1.258688 -0.6360539 0.6779711
v -1.26051 -0.6425757 0.7232959
v -1.221474 -0.6452305 0.7634022
v -1.24399 -0.6009238 0.7640829
v -1.193226 -0.6471541 0.7641016
v -1.24399 -0.6009238 0.7640829
v -1.221474 -0.6452305 0.7634022
v -1.26051 -0.6021621 0.7624344
v -1.26051 -0.4533058 0.5965499
v -1.243989 -0.6009238 0.5951915
v -1.25172 -0.4517324 0.5953707
v -1.243989 -0.6009238 0.5951915
v -1.26051 -0.4533058 0.5965499
v -1.26051 -0.6008869 0.5965499
v -1.258688 -0.5633561 0.7506688
v -1.26051 -0.4533058 0.7624344
v -1.26051 -0.6021621 0.7624344
v -1.26051 -0.6425757 0.7232959
v -1.26051 -0.6021621 0.7624344
v -1.221474 -0.6452305 0.7634022
v -1.26051 -0.6425757 0.7232959
v -1.258688 -0.6147611 0.7293761
v -1.26051 -0.6021621 0.7624344
v -1.26051 -0.6021621 0.7624344
v -1.258688 -0.6147611 0.7293761
v -1.258688 -0.5633561 0.7506688
v -1.26051 -0.6425757 0.7232959
v -1.258688 -0.6360539 0.6779711
v -1.258688 -0.6147611 0.7293761
v -1.26051 0.431596 0.7624344
v -1.25066 0.2812502 0.764078
v -1.26051 0.2827398 0.7624344
v -1.25066 0.2812502 0.764078
v -1.26051 0.431596 0.7624344
v -1.24399 0.4303589 0.7640829
v -1.26051 0.4303208 0.5965499
v -1.192454 0.4766184 0.5952048
v -1.26051 0.4720097 0.5965499
v -1.192454 0.4766184 0.5952048
v -1.26051 0.4303208 0.5965499
v -1.243989 0.4303589 0.5951915
v -1.2774 0.3285223 0.6779711
v -1.294502 0.39279 0.6779711
v -1.2774 0.3473459 0.7234152
v -1.2774 0.3473459 0.7234152
v -1.294502 0.39279 0.6779711
v -1.2774 0.39279 0.7422388
v -1.2774 0.39279 0.7422388
v -1.294502 0.39279 0.6779711
v -1.2774 0.4382341 0.7234152
v -1.2774 0.4382341 0.7234152
v -1.294502 0.39279 0.6779711
v -1.2774 0.4570578 0.6779711
v -1.2774 0.4570578 0.6779711
v -1.294502 0.39279 0.6779711
v -1.2774 0.4382341 0.632527
v -1.2774 0.4382341 0.632527
v -1.294502 0.39279 0.6779711
v -1.2774 0.3927901 0.6137034
v -1.2774 0.3927901 0.6137034
v -1.294502 0.39279 0.6779711
v -1.2774 0.3473459 0.632527
v -1.2774 0.3473459 0.632527
v -1.294502 0.39279 0.6779711
v -1.2774 0.3285223 0.6779711
v -1.26051 0.4720097 0.5965499
v -1.26051 0.4720097 0.7232959
v -1.258688 0.4654878 0.6779711
v -1.221474 0.4746646 0.7634022
v -1.24399 0.4303589 0.7640829
v -1.26051 0.431596 0.7624344
v -1.24399 0.4303589 0.7640829
v -1.221474 0.4746646 0.7634022
v -1.193226 0.4765893 0.7641016
v -1.26051 0.2827398 0.5965499
v -1.243989 0.4303589 0.5951915
v -1.26051 0.4303208 0.5965499
v -1.243989 0.4303589 0.5951915
v -1.26051 0.2827398 0.5965499
v -1.25172 0.2811676 0.5953707
v -1.26051 0.2827398 0.7624344
v -1.258688 0.39279 0.7506688
v -1.26051 0.431596 0.7624344
v -1.26051 0.4720097 0.7232959
v -1.221474 0.4746646 0.7634022
v -1.26051 0.431596 0.7624344
v -1.26051 0.4720097 0.7232959
v -1.26051 0.431596 0.7624344
v -1.258688 0.4441951 0.7293761
v -1.26051 0.431596 0.7624344
v -1.258688 0.39279 0.7506688
v -1.258688 0.4441951 0.7293761
v -1.26051 0.4720097 0.7232959
v -1.258688 0.4441951 0.7293761
v -1.258688 0.4654878 0.6779711
v -1.011322 -0.6300923 0.9080344
v -0.9916405 -0.66019 0.9089087
v -0.9993452 -0.6529343 0.904
v -0.9816169 -0.6207325 0.9764515
v -0.9739119 -0.6279877 0.9813604
v -0.9619351 -0.6508302 0.9773263
v -0.9740793 -0.7034277 1.036208
v -0.9169921 -0.7319345 1.041219
v -0.9220819 -0.7442669 1.051248
v -0.9169921 -0.7319345 1.041219
v -0.9740793 -0.7034277 1.036208
v -0.95853 -0.6981823 1.030618
v -0.9732975 -0.7147691 1.02459
v -0.9220819 -0.7442669 1.051248
v -0.9206005 -0.7551093 1.039417
v -0.9220819 -0.7442669 1.051248
v -0.9732975 -0.7147691 1.02459
v -0.9740793 -0.7034277 1.036208
v -0.9577482 -0.7095236 1.019
v -0.9206005 -0.7551093 1.039417
v -0.9155105 -0.7427769 1.029389
v -0.9206005 -0.7551093 1.039417
v -0.9577482 -0.7095236 1.019
v -0.9732975 -0.7147691 1.02459
v -0.95853 -0.6981823 1.030618
v -0.9155105 -0.7427769 1.029389
v -0.9169921 -0.7319345 1.041219
v -0.9155105 -0.7427769 1.029389
v -0.95853 -0.6981823 1.030618
v -0.9577482 -0.7095236 1.019
v -1.000852 -0.651744 0.9767635
v -0.95853 -0.6981823 1.030618
v -0.9740793 -0.7034277 1.036208
v -0.95853 -0.6981823 1.030618
v -1.000852 -0.651744 0.9767635
v -0.9848279 -0.6507901 0.9779382
v -0.9991854 -0.6665021 0.9699103
v -0.9740793 -0.7034277 1.036208
v -0.9732975 -0.7147691 1.02459
v -0.9740793 -0.7034277 1.036208
v -0.9991854 -0.6665021 0.9699103
v -1.000852 -0.651744 0.9767635
v -0.9831609 -0.6655484 0.9710849
v -0.9732975 -0.7147691 1.02459
v -0.9577482 -0.7095236 1.019
v -0.9732975 -0.7147691 1.02459
v -0.9831609 -0.6655484 0.9710849
v -0.9991854 -0.6665021 0.9699103
v -0.9848279 -0.6507901 0.9779382
v -0.9577482 -0.7095236 1.019
v -0.95853 -0.6981823 1.030618
v -0.9577482 -0.7095236 1.019
v -0.9848279 -0.6507901 0.9779382
v -0.9831609 -0.6655484 0.9710849
v -0.9816167 0.4501689 0.9764515
v -0.961935 0.4802665 0.9773263
v -0.9739119 0.457424 0.9813604
v -0.9916403 0.4896262 0.9089087
v -1.011322 0.4595286 0.9080344
v -0.9993451 0.4823706 0.904
v -0.9740791 0.5328639 1.036208
v -0.9169919 0.5613709 1.041219
v -0.9585298 0.5276186 1.030618
v -0.9169919 0.5613709 1.041219
v -0.9740791 0.5328639 1.036208
v -0.9220817 0.5737032 1.051248
v -0.9732972 0.5442055 1.02459
v -0.9220817 0.5737032 1.051248
v -0.9740791 0.5328639 1.036208
v -0.9220817 0.5737032 1.051248
v -0.9732972 0.5442055 1.02459
v -0.9206004 0.5845456 1.039417
v -0.957748 0.5389599 1.019
v -0.9206004 0.5845456 1.039417
v -0.9732972 0.5442055 1.02459
v -0.9206004 0.5845456 1.039417
v -0.957748 0.5389599 1.019
v -0.9155101 0.5722131 1.029389
v -0.9585298 0.5276186 1.030618
v -0.9155101 0.5722131 1.029389
v -0.957748 0.5389599 1.019
v -0.9155101 0.5722131 1.029389
v -0.9585298 0.5276186 1.030618
v -0.9169919 0.5613709 1.041219
v -1.000852 0.4811803 0.9767636
v -0.9585298 0.5276186 1.030618
v -0.9848277 0.4802263 0.9779382
v -0.9585298 0.5276186 1.030618
v -1.000852 0.4811803 0.9767636
v -0.9740791 0.5328639 1.036208
v -0.9991851 0.4959385 0.9699103
v -0.9740791 0.5328639 1.036208
v -1.000852 0.4811803 0.9767636
v -0.9740791 0.5328639 1.036208
v -0.9991851 0.4959385 0.9699103
v -0.9732972 0.5442055 1.02459
v -0.9831606 0.4949848 0.9710849
v -0.9732972 0.5442055 1.02459
v -0.9991851 0.4959385 0.9699103
v -0.9732972 0.5442055 1.02459
v -0.9831606 0.4949848 0.9710849
v -0.957748 0.5389599 1.019
v -0.9848277 0.4802263 0.9779382
v -0.957748 0.5389599 1.019
v -0.9831606 0.4949848 0.9710849
v -0.957748 0.5389599 1.019
v -0.9848277 0.4802263 0.9779382
v -0.9585298 0.5276186 1.030618
v -1.010982 0.4518206 0.9188931
v -0.9622762 0.4368106 0.9760193
v -0.9927559 0.4386861 0.9106647
v -0.9622762 0.4368106 0.9760193
v -1.010982 0.4518206 0.9188931
v -0.9816167 0.4501689 0.9764515
v -0.9993451 0.4823706 0.904
v -0.9931415 0.4474384 0.8983351
v -0.9824058 0.4733741 0.8937541
v -0.9931415 0.4474384 0.8983351
v -0.9993451 0.4823706 0.904
v -1.011322 0.4595286 0.9080344
v -0.9975263 -0.2033125 0.9585919
v -1.02042 -0.09688484 0.924899
v -1.014291 -0.09550435 0.9213581
v -1.02042 -0.09688484 0.924899
v -0.9975263 -0.2033125 0.9585919
v -1.003937 -0.2041644 0.9615914
v -1.013278 -0.2136272 0.9507548
v -1.022923 -0.1101751 0.9122385
v -1.029051 -0.1115556 0.9157795
v -1.022923 -0.1101751 0.9122385
v -1.013278 -0.2136272 0.9507548
v -1.006869 -0.2127756 0.9477517
v -1.013278 -0.2136272 0.9507548
v -0.9978856 -0.3106621 0.9783286
v -1.004901 -0.3112572 0.9670185
v -1.016053 -0.4466132 0.93669
v -0.9970405 -0.3882859 0.9785961
v -1.01377 -0.4700948 0.9402943
v -0.9970405 -0.3882859 0.9785961
v -1.007074 -0.4684746 0.9381894
v -1.01377 -0.4700948 0.9402943
v -1.007074 -0.4684746 0.9381894
v -0.9970405 -0.3882859 0.9785961
v -0.9906929 -0.3876396 0.975393
v -1.009356 -0.4449932 0.9345853
v -1.001796 -0.3800133 0.9667944
v -1.016053 -0.4466132 0.93669
v -1.001796 -0.3800133 0.9667944
v -1.009356 -0.4449932 0.9345853
v -0.9954486 -0.379367 0.9635913
v -0.9975263 0.2994799 0.9585921
v -1.010253 0.4059076 0.924899
v -1.004124 0.4072881 0.9213581
v -1.010253 0.4059076 0.924899
v -0.9975263 0.2994799 0.9585921
v -1.003937 0.298628 0.9615914
v -1.013278 0.2891652 0.9507548
v -1.012756 0.3926173 0.9122385
v -1.018885 0.3912368 0.9157795
v -1.012756 0.3926173 0.9122385
v -1.013278 0.2891652 0.9507548
v -1.006869 0.2900168 0.9477517
v -1.013278 0.2891652 0.9507548
v -0.9978855 0.1921304 0.9783286
v -1.004901 0.1915352 0.9670185
v -0.9978855 0.1921304 0.9783286
v -1.013278 0.2891652 0.9507548
v -1.003937 0.298628 0.9615914
v -1.016053 0.05617945 0.93669
v -0.9970405 0.1145066 0.9785961
v -1.01377 0.03269769 0.9402943
v -0.9970405 0.1145066 0.9785961
v -1.007073 0.0343179 0.9381894
v -1.01377 0.03269769 0.9402943
v -1.007073 0.0343179 0.9381894
v -0.9970405 0.1145066 0.9785961
v -0.9906927 0.1151529 0.975393
v -1.009356 0.05779941 0.9345853
v -1.001796 0.1227793 0.9667944
v -1.016053 0.05617945 0.93669
v -1.001796 0.1227793 0.9667944
v -1.009356 0.05779941 0.9345853
v -0.9954485 0.1234256 0.9635913
v -0.9978856 -0.3106621 0.9783286
v -1.001796 -0.3800133 0.9667944
v -1.004901 -0.3112572 0.9670185
v -0.9978855 0.1921304 0.9783286
v -1.001796 0.1227793 0.9667944
v -1.004901 0.1915352 0.9670185
v -0.1615489 -0.7435288 0.8432642
v -0.1483482 -0.666111 0.7771119
v -0.1483482 -0.7344236 0.8347079
v -0.1483482 -0.666111 0.7771119
v -0.1615489 -0.7435288 0.8432642
v -0.1615494 -0.656059 0.7685555
v 1.041934 -0.6560383 0.7685632
v 1.028733 -0.7344034 0.8347155
v 1.028733 -0.6660907 0.7771195
v 1.028733 -0.7344034 0.8347155
v 1.041934 -0.6560383 0.7685632
v 1.041934 -0.7435028 0.8432719
v -0.7712177 -0.6104762 0.1003342
v -0.8200758 -0.6104762 0.1003358
v -0.7956426 -0.626157 0.2231482
v -0.7260781 -0.6104762 0.1190298
v -0.7712177 -0.6104762 0.1003342
v -0.7956426 -0.626157 0.2231482
v -0.691529 -0.6104762 0.1535766
v -0.7260781 -0.6104762 0.1190298
v -0.7956426 -0.626157 0.2231482
v -0.6728302 -0.6104762 0.198715
v -0.691529 -0.6104762 0.1535766
v -0.7956426 -0.626157 0.2231482
v -0.6728286 -0.6104762 0.2475732
v -0.6728302 -0.6104762 0.198715
v -0.7956426 -0.626157 0.2231482
v -0.6915243 -0.6104762 0.2927129
v -0.6728286 -0.6104762 0.2475732
v -0.7956426 -0.626157 0.2231482
v -0.7260711 -0.6104762 0.327262
v -0.6915243 -0.6104762 0.2927129
v -0.7956426 -0.626157 0.2231482
v -0.7712095 -0.6104762 0.3459608
v -0.7260711 -0.6104762 0.327262
v -0.7956426 -0.626157 0.2231482
v -0.8200677 -0.6104762 0.3459624
v -0.7712095 -0.6104762 0.3459608
v -0.7956426 -0.626157 0.2231482
v -0.8652074 -0.6104762 0.3272667
v -0.8200677 -0.6104762 0.3459624
v -0.7956426 -0.626157 0.2231482
v -0.8997562 -0.6104762 0.2927199
v -0.8652074 -0.6104762 0.3272667
v -0.7956426 -0.626157 0.2231482
v -0.9184552 -0.6104762 0.2475815
v -0.8997562 -0.6104762 0.2927199
v -0.7956426 -0.626157 0.2231482
v -0.9184565 -0.6104762 0.1987233
v -0.9184552 -0.6104762 0.2475815
v -0.7956426 -0.626157 0.2231482
v -0.899761 -0.6104762 0.1535837
v -0.9184565 -0.6104762 0.1987233
v -0.7956426 -0.626157 0.2231482
v -0.8652141 -0.6104762 0.1190345
v -0.899761 -0.6104762 0.1535837
v -0.7956426 -0.626157 0.2231482
v -0.8652141 -0.6104762 0.1190345
v -0.7956426 -0.626157 0.2231482
v -0.8200758 -0.6104762 0.1003358
v 0.85128 -0.6104765 0.1003342
v 0.8024217 -0.6104765 0.1003358
v 0.826855 -0.6261575 0.2231482
v 0.8964194 -0.6104765 0.1190298
v 0.85128 -0.6104765 0.1003342
v 0.826855 -0.6261575 0.2231482
v 0.9309688 -0.6104765 0.1535766
v 0.8964194 -0.6104765 0.1190298
v 0.826855 -0.6261575 0.2231482
v 0.9496676 -0.6104765 0.198715
v 0.9309688 -0.6104765 0.1535766
v 0.826855 -0.6261575 0.2231482
v 0.949669 -0.6104765 0.2475732
v 0.9496676 -0.6104765 0.198715
v 0.826855 -0.6261575 0.2231482
v 0.9309735 -0.6104765 0.2927129
v 0.949669 -0.6104765 0.2475732
v 0.826855 -0.6261575 0.2231482
v 0.8964267 -0.6104765 0.327262
v 0.9309735 -0.6104765 0.2927129
v 0.826855 -0.6261575 0.2231482
v 0.8512883 -0.6104765 0.3459608
v 0.8964267 -0.6104765 0.327262
v 0.826855 -0.6261575 0.2231482
v 0.8024298 -0.6104765 0.3459624
v 0.8512883 -0.6104765 0.3459608
v 0.826855 -0.6261575 0.2231482
v 0.7572904 -0.6104765 0.3272667
v 0.8024298 -0.6104765 0.3459624
v 0.826855 -0.6261575 0.2231482
v 0.7227414 -0.6104765 0.2927199
v 0.7572904 -0.6104765 0.3272667
v 0.826855 -0.6261575 0.2231482
v 0.7040427 -0.6104765 0.2475815
v 0.7227414 -0.6104765 0.2927199
v 0.826855 -0.6261575 0.2231482
v 0.7040411 -0.6104765 0.1987233
v 0.7040427 -0.6104765 0.2475815
v 0.826855 -0.6261575 0.2231482
v 0.7227367 -0.6104765 0.1535837
v 0.7040411 -0.6104765 0.1987233
v 0.826855 -0.6261575 0.2231482
v 0.7572834 -0.6104765 0.1190345
v 0.7227367 -0.6104765 0.1535837
v 0.826855 -0.6261575 0.2231482
v 0.7572834 -0.6104765 0.1190345
v 0.826855 -0.6261575 0.2231482
v 0.8024217 -0.6104765 0.1003358
v -0.7712176 0.4399124 0.1003342
v -0.7956424 0.4555934 0.2231482
v -0.8200758 0.4399124 0.1003358
v -0.7260779 0.4399123 0.1190298
v -0.7956424 0.4555934 0.2231482
v -0.7712176 0.4399124 0.1003342
v -0.6915289 0.4399123 0.1535766
v -0.7956424 0.4555934 0.2231482
v -0.7260779 0.4399123 0.1190298
v -0.6728301 0.4399123 0.198715
v -0.7956424 0.4555934 0.2231482
v -0.6915289 0.4399123 0.1535766
v -0.6728285 0.4399123 0.2475732
v -0.7956424 0.4555934 0.2231482
v -0.6728301 0.4399123 0.198715
v -0.6915242 0.4399123 0.2927129
v -0.7956424 0.4555934 0.2231482
v -0.6728285 0.4399123 0.2475732
v -0.726071 0.4399123 0.327262
v -0.7956424 0.4555934 0.2231482
v -0.6915242 0.4399123 0.2927129
v -0.7712093 0.4399124 0.3459608
v -0.7956424 0.4555934 0.2231482
v -0.726071 0.4399123 0.327262
v -0.8200676 0.4399124 0.3459624
v -0.7956424 0.4555934 0.2231482
v -0.7712093 0.4399124 0.3459608
v -0.865207 0.4399124 0.3272667
v -0.7956424 0.4555934 0.2231482
v -0.8200676 0.4399124 0.3459624
v -0.8997561 0.4399124 0.2927199
v -0.7956424 0.4555934 0.2231482
v -0.865207 0.4399124 0.3272667
v -0.9184548 0.4399124 0.2475815
v -0.7956424 0.4555934 0.2231482
v -0.8997561 0.4399124 0.2927199
v -0.9184564 0.4399124 0.1987233
v -0.7956424 0.4555934 0.2231482
v -0.9184548 0.4399124 0.2475815
v -0.8997607 0.4399124 0.1535837
v -0.7956424 0.4555934 0.2231482
v -0.9184564 0.4399124 0.1987233
v -0.865214 0.4399124 0.1190345
v -0.7956424 0.4555934 0.2231482
v -0.8997607 0.4399124 0.1535837
v -0.865214 0.4399124 0.1190345
v -0.8200758 0.4399124 0.1003358
v -0.7956424 0.4555934 0.2231482
v 0.85128 0.4399123 0.1003342
v 0.8268551 0.4555933 0.2231482
v 0.8024219 0.4399123 0.1003358
v 0.8964196 0.4399123 0.1190298
v 0.8268551 0.4555933 0.2231482
v 0.85128 0.4399123 0.1003342
v 0.930969 0.4399123 0.1535766
v 0.8268551 0.4555933 0.2231482
v 0.8964196 0.4399123 0.1190298
v 0.9496677 0.4399123 0.198715
v 0.8268551 0.4555933 0.2231482
v 0.930969 0.4399123 0.1535766
v 0.949669 0.4399123 0.2475732
v 0.8268551 0.4555933 0.2231482
v 0.9496677 0.4399123 0.198715
v 0.9309736 0.4399123 0.2927129
v 0.8268551 0.4555933 0.2231482
v 0.949669 0.4399123 0.2475732
v 0.8964269 0.4399123 0.327262
v 0.8268551 0.4555933 0.2231482
v 0.9309736 0.4399123 0.2927129
v 0.8512883 0.4399123 0.3459608
v 0.8268551 0.4555933 0.2231482
v 0.8964269 0.4399123 0.327262
v 0.80243 0.4399123 0.3459624
v 0.8268551 0.4555933 0.2231482
v 0.8512883 0.4399123 0.3459608
v 0.7572905 0.4399123 0.3272667
v 0.8268551 0.4555933 0.2231482
v 0.80243 0.4399123 0.3459624
v 0.7227415 0.4399123 0.2927199
v 0.8268551 0.4555933 0.2231482
v 0.7572905 0.4399123 0.3272667
v 0.7040428 0.4399123 0.2475815
v 0.8268551 0.4555933 0.2231482
v 0.7227415 0.4399123 0.2927199
v 0.7040413 0.4399123 0.1987233
v 0.8268551 0.4555933 0.2231482
v 0.7040428 0.4399123 0.2475815
v 0.7227369 0.4399123 0.1535837
v 0.8268551 0.4555933 0.2231482
v 0.7040413 0.4399123 0.1987233
v 0.7572836 0.4399123 0.1190345
v 0.8268551 0.4555933 0.2231482
v 0.7227369 0.4399123 0.1535837
v 0.7572836 0.4399123 0.1190345
v 0.8024219 0.4399123 0.1003358
v 0.8268551 0.4555933 0.2231482
v -0.7709084 -0.611923 1.333428
v -0.8386689 -0.3431017 1.309771
v -0.7714501 -0.3431017 1.372469
v -0.8377758 -0.6009215 1.277644
v -1.105493 -0.6712503 0.8154185
v -1.05383 -0.6009215 0.8877504
v -0.9973819 -0.6712503 0.8741748
v -1.155983 -0.6009215 0.8358514
v -1.175772 -0.6712502 0.7832234
v 1.195803 -0.5848215 1.210523
v 1.195837 -0.6711787 0.6640673
v 1.195837 -0.6711787 1.213654
v 1.195803 -0.5848215 0.6640673
v 1.195837 -0.6711787 0.5180854
v 1.195837 -0.6711787 0.2438034
v 1.19582 -0.5850347 0.2438034
v 1.200014 -0.3694423 0.3648655
v 1.195804 -0.3694438 0.6640674
v 1.195802 -0.3684212 1.163268
v 1.195803 -0.3527122 1.210529
v 1.195803 -0.08528209 1.163268
v 1.195803 -0.08528209 1.210535
v 1.195803 0.182148 1.210529
v 1.195802 0.1978569 1.163268
v 1.195803 0.4142572 1.210523
v 1.195803 0.4142572 0.6640673
v 1.195804 0.1988796 0.6640674
v 1.200015 0.1988781 0.3648655
v 1.19582 0.4144704 0.2438034
v 1.195837 0.5006145 0.2438034
v 1.195837 0.5006145 0.5180854
v 1.195837 0.5006145 0.6640673
v 1.195837 0.5006145 1.213654
v 1.19582 -0.08528209 0.2438034
v 1.195803 0.1988796 0.276395
v 1.195803 -0.08528209 0.2763436
v 1.195803 -0.3694438 0.276395
v -0.9010203 -0.3454924 1.219501
v -0.9007481 -0.5840804 1.2058
v -0.9091443 -0.3458943 1.206054
v -0.9103912 -0.08528185 1.206309
v -0.9010203 0.1749287 1.219501
v -0.9091443 0.1753306 1.206054
v -0.9007479 0.4135167 1.2058
v -1.243991 -0.6009214 0.7832234
v -1.25066 -0.451815 0.764078
v -1.251161 -0.4392351 0.7832234
v -1.24399 -0.6009238 0.7640829
v -1.26826 -0.6109726 0.1989742
v -1.185823 -0.6955196 0.2879368
v -1.185823 -0.6955196 0.1989742
v -1.26826 -0.6109726 0.2879368
v -1.035262 -0.6965896 0.2879368
v -1.175772 -0.6712502 0.2879368
v -1.035259 -0.6711399 0.2880526
v -1.185823 -0.6955196 0.2879368
v -1.26826 -0.6109726 0.2879368
v -1.243991 -0.6009214 0.2879368
v -1.276922 -0.3539487 0.2879368
v -1.251161 -0.3540818 0.2879369
v -1.251183 -0.08528181 0.2879369
v -1.27745 -0.0852818 0.2879368
v -1.276922 0.1833851 0.2879368
v -1.251161 0.1835182 0.2879369
v -1.24399 0.4303578 0.2879368
v -1.26826 0.4404091 0.2879368
v -1.175771 0.5006867 0.2879368
v -1.185823 0.5249559 0.2879368
v -1.035262 0.526026 0.2879368
v -1.035259 0.5005763 0.2880526
v -1.035262 -0.6965896 0.2879368
v -1.185823 -0.6955196 0.1989742
v -1.185823 -0.6955196 0.2879368
v -1.035254 -0.6966241 0.1989742
v 1.115497 -0.6978185 0.2674461
v 1.195837 -0.6977466 0.2438034
v 1.115497 -0.6978185 0.2438034
v 1.195837 -0.6977466 0.5180854
v 1.115497 -0.6978185 0.5180889
v 1.061935 -0.6978185 0.3284951
v 0.6958786 -0.6978185 0.5180904
v 0.6958786 -0.6978185 0.3284951
v 0.5641644 -0.6978185 0.3287748
v 0.5641644 -0.6978185 0.4570364
v 0.6177264 -0.6978185 0.5180874
v 1.115497 -0.6712505 0.5180889
v 1.195837 -0.6711787 0.6640673
v 1.195837 -0.6711787 0.5180854
v 1.115497 -0.6712505 0.6640673
v 1.195837 -0.6711787 1.213654
v 1.115497 -0.6712505 1.213692
v 0.6958786 -0.6712505 0.6640673
v 0.6958786 -0.6712505 0.5180904
v 0.5641644 -0.6712505 0.6640673
v 0.6177264 -0.6712505 0.5180874
v 0.5641644 -0.6712505 0.4570364
v 1.04193 -0.6712505 1.174491
v 1.04193 -0.6712505 0.747918
v 0.6958786 -0.6712505 1.174504
v 0.6958786 -0.6712505 0.7479181
v 0.6958786 -0.6712505 1.213692
v -0.1615515 -0.6712503 1.174504
v 0.5641644 -0.6712505 0.7479181
v -0.2350268 -0.6712503 1.213692
v -0.2356297 -0.6712503 0.6640674
v -0.5555255 -0.6712503 1.213692
v -0.1619704 -0.6712503 0.7479181
v -0.5555255 -0.6712503 0.6640673
v 0.1642674 -0.6712505 0.6640674
v 0.1644205 -0.6712505 0.1989742
v 0.5641644 -0.6712505 0.3287748
v 0.5641644 -0.6712505 0.1989742
v -0.2353235 -0.6712503 0.1989742
v -0.4474967 -0.6712503 0.5789691
v -0.55576 -0.6712503 0.5789657
v -0.5555492 -0.6712503 0.2716205
v -0.3690475 -0.6712503 0.4137391
v -0.3658392 -0.6712503 0.1989742
v -0.5554891 -0.6712503 0.1989742
v -0.4000617 -0.6712503 0.5411759
v 1.195837 -0.6711787 0.2438034
v 1.195837 -0.6977466 0.5180854
v 1.195837 -0.6711787 0.5180854
v 1.195837 -0.6977466 0.2438034
v 1.115497 -0.6978185 0.5180889
v 1.195837 -0.6711787 0.5180854
v 1.195837 -0.6977466 0.5180854
v 1.115497 -0.6712505 0.5180889
v 0.6958786 -0.6978185 0.5180904
v 0.6958786 -0.6712505 0.5180904
v 0.6177264 -0.6978185 0.5180874
v 0.6177264 -0.6712505 0.5180874
v 0.6177264 -0.6712505 0.5180874
v 0.5641644 -0.6978185 0.4570364
v 0.5641644 -0.6712505 0.4570364
v 0.6177264 -0.6978185 0.5180874
v 0.5641644 -0.6712505 0.4570364
v 0.5641644 -0.6978185 0.3287748
v 0.5641644 -0.6712505 0.3287748
v 0.5641644 -0.6978185 0.4570364
v 0.6958786 -0.6978185 0.3284951
v 0.5641644 -0.6712505 0.3287748
v 0.5641644 -0.6978185 0.3287748
v 0.6958798 -0.6712505 0.3284954
v 1.061935 -0.6978185 0.3284951
v 1.061092 -0.6712505 0.328635
v 0.5641645 -0.08528203 0.3287748
v 1.061092 -0.08528209 0.328635
v 0.5684745 -0.08528203 0.3287736
v 0.6958799 0.5006865 0.3284954
v 1.061092 0.5006865 0.328635
v 1.061935 0.5272543 0.3284951
v 0.5641646 0.5006865 0.3287748
v 0.6958788 0.5272543 0.3284951
v 0.5641646 0.5272543 0.3287748
v 1.115497 -0.6978185 0.2674461
v 1.061092 -0.6712505 0.328635
v 1.061935 -0.6978185 0.3284951
v 1.115497 -0.6712505 0.2674461
v 1.115497 -0.08528209 0.2674461
v 1.061092 -0.08528209 0.328635
v 1.061092 0.5006865 0.328635
v 1.115497 0.5006865 0.2674461
v 1.115497 0.5272543 0.2674461
v 1.061935 0.5272543 0.3284951
v 1.115497 -0.6978185 0.2438034
v 1.115497 -0.6712505 0.2674461
v 1.115497 -0.6978185 0.2674461
v 1.115497 -0.6712505 0.2438034
v 1.115497 -0.08528209 0.2438034
v 1.115497 -0.08528209 0.2674461
v 1.115497 0.5006865 0.2438034
v 1.115497 0.5006865 0.2674461
v 1.115497 0.5272543 0.2438034
v 1.115497 0.5272543 0.2674461
v 1.195837 -0.6977466 0.2438034
v 1.115497 -0.6712505 0.2438034
v 1.115497 -0.6978185 0.2438034
v 1.195837 -0.6711787 0.2438034
v 1.19582 -0.5850347 0.2438034
v 1.115497 -0.08528209 0.2438034
v 1.19582 -0.08528209 0.2438034
v 1.19582 0.4144704 0.2438034
v 1.115497 0.5006865 0.2438034
v 1.195837 0.5006145 0.2438034
v 1.195837 0.5271824 0.2438034
v 1.115497 0.5272543 0.2438034
v -0.5928991 -0.6712503 0.8485817
v -0.8214096 -0.6647863 1.213692
v -0.5928996 -0.6712503 1.213692
v -0.5743204 -0.6712503 0.6640673
v -0.5743204 -0.6712503 1.213692
v -0.5555255 -0.6712503 0.6640673
v -0.5555255 -0.6712503 1.213692
v -0.55576 -0.6712503 0.5789657
v -0.8205315 -0.6712503 0.6640673
v -0.8208259 -0.6712503 0.8485136
v -0.8214096 -0.6647863 1.213692
v -0.8968925 -0.6712503 0.8484927
v -0.9418903 -0.6712503 0.9233447
v -0.9973819 -0.6712503 0.8741748
v -0.9981515 -0.6712503 0.6640673
v -1.105493 -0.6712503 0.8154185
v -1.175772 -0.6712502 0.7832234
v -1.029431 -0.6712503 0.4157377
v -1.175772 -0.6712502 0.3921678
v -1.061758 -0.6712503 0.3921604
v -1.175772 -0.6712502 0.2879368
v -1.035259 -0.6711399 0.2880526
v -1.000456 -0.6712503 0.3595338
v -0.9994704 -0.6712503 0.489757
v -0.9730896 -0.6712503 0.555348
v -0.9275389 -0.6712503 0.4301234
v -0.9408131 -0.6712503 0.5789538
v -0.8393913 -0.6712503 0.4678517
v -0.8287375 -0.6712503 0.5789573
v -0.750448 -0.6712503 0.4719447
v -0.6591029 -0.6712503 0.4403462
v -0.5742597 -0.6712503 0.5789652
v -0.6106612 -0.6712503 0.4023103
v -0.5740725 -0.6712503 0.350956
v -0.5555492 -0.6712503 0.2716205
v -0.6843952 -0.08528188 1.423153
v -0.5753484 -0.3431017 1.416604
v -0.684342 -0.3431017 1.402554
v -0.5753498 -0.08528189 1.435371
v -0.5560083 -0.6234868 1.355972
v -0.5753484 -0.3431017 1.416604
v -0.5566319 -0.3431014 1.416604
v -0.5748482 -0.6234868 1.355972
v -0.5743204 -0.6712503 1.213692
v -0.5560083 -0.6234868 1.355972
v -0.5555255 -0.6712503 1.213692
v -0.5748482 -0.6234868 1.355972
v -1.243991 -0.6009214 0.2879368
v -1.175772 -0.6712502 0.3921678
v -1.175772 -0.6712502 0.2879368
v -1.192454 -0.6471831 0.5952048
v 0.6958786 -0.6712505 0.7479181
v 1.04193 -0.6536116 0.747918
v 1.04193 -0.6712505 0.747918
v 0.6958786 -0.6536116 0.7479181
v 0.5641644 -0.6712505 0.7479181
v 0.5641644 -0.6536116 0.7479181
v -0.1619704 -0.6712503 0.7479181
v -0.1619704 -0.6536114 0.7479181
v 1.04193 -0.6712505 0.747918
v 1.04193 -0.6536116 1.174491
v 1.04193 -0.6712505 1.174491
v 1.04193 -0.6536116 0.747918
v 0.6958786 -0.6536116 1.174504
v 1.04193 -0.6712505 1.174491
v 1.04193 -0.6536116 1.174491
v 0.6958786 -0.6712505 1.174504
v -0.1615515 -0.6536114 1.174504
v -0.1615515 -0.6712503 1.174504
v -0.1615515 -0.6712503 1.174504
v -0.1619704 -0.6536114 0.7479181
v -0.1619704 -0.6712503 0.7479181
v -0.1615515 -0.6536114 1.174504
v 0.5641644 -0.6712505 0.1989742
v 0.5640461 -0.08528203 0.1989742
v 0.1644205 -0.6712505 0.1989742
v -0.3657614 -0.08528192 0.1989742
v -0.2353235 -0.6712503 0.1989742
v -0.3658392 -0.6712503 0.1989742
v -0.5554891 -0.6712503 0.1989742
v -0.5545251 -0.3780561 0.1989742
v 0.1644205 0.5006865 0.1989742
v 0.5641646 0.5006865 0.1989742
v -0.2353234 0.5006866 0.1989742
v -0.365839 0.5006866 0.1989742
v -0.5554888 0.5006866 0.1989742
v -0.5545251 0.2074923 0.1989742
v -0.5535626 -0.08528189 0.1989742
v -1.035254 -0.08528183 0.1989742
v -1.035254 -0.3788262 0.1989752
v -1.035254 0.2082625 0.1989752
v -1.185823 -0.08528182 0.1989742
v -1.035255 -0.671114 0.1989761
v -1.035254 0.5005502 0.1989761
v -1.185823 -0.6955196 0.1989742
v -1.035254 -0.6966241 0.1989742
v -1.276922 -0.3539488 0.1989742
v -1.26826 -0.6109726 0.1989742
v -1.27745 -0.0852818 0.1989742
v -1.276922 0.1833852 0.1989742
v -1.185823 0.5249559 0.1989742
v -1.035254 0.5260605 0.1989742
v -1.26826 0.4404091 0.1989742
v -0.5753498 -0.08528189 1.435371
v -0.5566319 -0.3431014 1.416604
v -0.5753484 -0.3431017 1.416604
v -0.5566335 -0.08528189 1.435371
v -0.9966173 -0.5850993 0.9488208
v -0.8949656 -0.5682581 1.189443
v -0.9020277 -0.5850991 1.172042
v -0.9033142 -0.3453145 1.189697
v -1.005572 -0.3453145 0.9315497
v -0.9045133 -0.08528185 1.189951
v -1.005691 -0.08528183 0.9316541
v -1.005572 0.1747507 0.9315497
v -0.9033142 0.1747507 1.189697
v -0.9966171 0.4145356 0.9488208
v -0.8949655 0.3976943 1.189443
v -0.9020274 0.4145354 1.172042
v -1.01157 -0.6009215 0.9324418
v -0.9020277 -0.5850991 1.172042
v -0.9036381 -0.6009215 1.188397
v -0.9966173 -0.5850993 0.9488208
v -0.8949656 -0.5682581 1.189443
v -0.9091443 -0.3458943 1.206054
v -0.9007481 -0.5840804 1.2058
v -0.9033142 -0.3453145 1.189697
v -0.9103912 -0.08528185 1.206309
v -0.9045133 -0.08528185 1.189951
v -0.9033142 0.1747507 1.189697
v -0.9091443 0.1753306 1.206054
v -0.8949655 0.3976943 1.189443
v -0.9007479 0.4135167 1.2058
v -1.025074 -0.3458943 0.9151927
v -0.9983045 -0.5682582 0.9314455
v -1.017769 -0.5840802 0.9150652
v -1.005572 -0.3453145 0.9315497
v -1.02523 -0.08528183 0.9153203
v -1.005691 -0.08528183 0.9316541
v -1.005572 0.1747507 0.9315497
v -1.025074 0.1753306 0.9151927
v -0.9983042 0.3976944 0.9314455
v -1.017769 0.4135165 0.9150652
v -1.243991 -0.6009214 0.2879368
v -1.25172 -0.4517324 0.5953707
v -1.243989 -0.6009238 0.5951915
v -1.251161 -0.3540818 0.2879369
v -1.254455 -0.3508418 0.5957389
v -1.251183 -0.08528181 0.2879369
v -1.254462 -0.08528181 0.5957394
v -1.254455 0.1802782 0.5957389
v -1.251161 0.1835182 0.2879369
v -1.25172 0.2811676 0.5953707
v -1.24399 0.4303578 0.2879368
v -1.243989 0.4303589 0.5951915
v -1.254455 -0.3508418 0.5957389
v -1.232261 -0.4053253 0.7607087
v -1.25172 -0.4517324 0.5953707
v -1.232264 -0.08528181 0.760709
v -1.254462 -0.08528181 0.5957394
v -1.254455 0.1802782 0.5957389
v -1.232261 0.2347617 0.7607087
v -1.25172 0.2811676 0.5953707
v -1.035262 -0.6965896 0.2879368
v -1.035255 -0.671114 0.1989761
v -1.035254 -0.6966241 0.1989742
v -1.035259 -0.6711399 0.2880526
v -1.26826 -0.6109726 0.1989742
v -1.276922 -0.3539487 0.2879368
v -1.26826 -0.6109726 0.2879368
v -1.276922 -0.3539488 0.1989742
v -1.27745 -0.0852818 0.2879368
v -1.27745 -0.0852818 0.1989742
v -1.276922 0.1833852 0.1989742
v -1.276922 0.1833851 0.2879368
v -1.26826 0.4404091 0.1989742
v -1.26826 0.4404091 0.2879368
v 0.5641645 -0.08528203 0.3287748
v 0.5641644 -0.6712505 0.1989742
v 0.5641644 -0.6712505 0.3287748
v 0.5640461 -0.08528203 0.1989742
v -1.035254 -0.3788262 0.1989752
v -1.035259 -0.6711399 0.2880526
v -1.035259 -0.3784886 0.2880521
v -1.035255 -0.671114 0.1989761
v -0.5555492 -0.6712503 0.2716205
v -0.5545251 -0.3780561 0.1989742
v -0.5555491 -0.3781953 0.2716205
v -0.5554891 -0.6712503 0.1989742
v -0.6106612 -0.6712503 0.4023103
v -0.5740725 -0.3781953 0.350956
v -0.6106611 -0.3781953 0.4023103
v -0.5740725 -0.6712503 0.350956
v -0.750448 -0.6712503 0.4719447
v -0.6591027 -0.3781953 0.4403462
v -0.7504479 -0.3781953 0.4719447
v -0.6591029 -0.6712503 0.4403462
v -0.8393913 -0.6712503 0.4678517
v -0.7504479 -0.3781953 0.4719447
v -0.8393912 -0.3781953 0.4678517
v -0.750448 -0.6712503 0.4719447
v -0.9275389 -0.6712503 0.4301234
v -0.8393912 -0.3781953 0.4678517
v -0.9275386 -0.3781953 0.4301234
v -0.8393913 -0.6712503 0.4678517
v -1.000456 -0.6712503 0.3595338
v -0.9275386 -0.3781953 0.4301234
v -1.000455 -0.3781953 0.3595338
v -0.9275389 -0.6712503 0.4301234
v -1.035259 -0.6711399 0.2880526
v -1.000455 -0.3781953 0.3595338
v -1.035259 -0.3784886 0.2880521
v -1.000456 -0.6712503 0.3595338
v -0.5740725 -0.6712503 0.350956
v -0.5555491 -0.3781953 0.2716205
v -0.5740725 -0.3781953 0.350956
v -0.5555492 -0.6712503 0.2716205
v -1.035254 -0.3788262 0.1989752
v -0.5555491 -0.3781953 0.2716205
v -0.5545251 -0.3780561 0.1989742
v -1.035259 -0.3784886 0.2880521
v -1.000455 -0.3781953 0.3595338
v -0.5740725 -0.3781953 0.350956
v -0.6106611 -0.3781953 0.4023103
v -0.6591027 -0.3781953 0.4403462
v -0.9275386 -0.3781953 0.4301234
v -0.7504479 -0.3781953 0.4719447
v -0.8393912 -0.3781953 0.4678517
v -1.175772 -0.6712502 0.7832234
v -1.192454 -0.6471831 0.5952048
v -1.193226 -0.6471541 0.7641016
v -1.175772 -0.6712502 0.3921678
v -0.9418903 -0.6712503 0.9233447
v -0.9036381 -0.6009215 1.188397
v -0.8214096 -0.6647863 1.213692
v -1.01157 -0.6009215 0.9324418
v -0.7714917 -0.08528186 1.390065
v -0.684342 -0.3431017 1.402554
v -0.7714501 -0.3431017 1.372469
v -0.6843952 -0.08528188 1.423153
v -0.8214096 -0.6647863 1.213692
v -0.6841518 -0.6229247 1.356598
v -0.5928996 -0.6712503 1.213692
v -0.5748482 -0.6234868 1.355972
v -0.5743204 -0.6712503 1.213692
v -0.9010203 -0.3454924 1.219501
v -0.9103912 -0.08528185 1.206309
v -0.9041545 -0.08528185 1.218151
v -0.9010203 0.1749287 1.219501
v -0.6591029 -0.6712503 0.4403462
v -0.6106611 -0.3781953 0.4023103
v -0.6591027 -0.3781953 0.4403462
v -0.6106612 -0.6712503 0.4023103
v -0.5560083 -0.6234868 1.355972
v -0.5555254 -0.3430918 1.213692
v -0.5555255 -0.6712503 1.213692
v -0.5566319 -0.3431014 1.416604
v -0.8386988 -0.08528186 1.324363
v -0.7714501 -0.3431017 1.372469
v -0.8386689 -0.3431017 1.309771
v -0.7714917 -0.08528186 1.390065
v -0.7709082 0.4413593 1.333428
v -0.8386689 0.1725379 1.309771
v -0.8377754 0.4303578 1.277644
v -0.77145 0.172538 1.372469
v -1.24399 0.4303578 0.7832234
v -1.25066 0.2812502 0.764078
v -1.24399 0.4303589 0.7640829
v -1.251161 0.2686715 0.7832234
v -1.26826 0.4404091 0.1989742
v -1.185823 0.5249559 0.2879368
v -1.26826 0.4404091 0.2879368
v -1.185823 0.5249559 0.1989742
v -1.035262 0.526026 0.2879368
v -1.185823 0.5249559 0.1989742
v -1.035254 0.5260605 0.1989742
v -1.185823 0.5249559 0.2879368
v 1.195837 0.5271824 0.2438034
v 1.115497 0.5272543 0.2674461
v 1.115497 0.5272543 0.2438034
v 1.195837 0.5271824 0.5180854
v 1.115497 0.5272543 0.5180889
v 1.061935 0.5272543 0.3284951
v 0.6958788 0.5272543 0.5180904
v 0.6958788 0.5272543 0.3284951
v 0.5641646 0.5272543 0.3287748
v 0.5641646 0.5272543 0.4570364
v 0.6177266 0.5272543 0.5180874
v 1.195837 0.5006145 0.6640673
v 1.115497 0.5006865 0.5180889
v 1.195837 0.5006145 0.5180854
v 1.115497 0.5006865 0.6640673
v 1.195837 0.5006145 1.213654
v 1.115497 0.5006865 1.213692
v 0.6958788 0.5006865 0.6640673
v 0.6958788 0.5006865 0.5180904
v 0.5641646 0.5006865 0.6640673
v 0.6177266 0.5006865 0.5180874
v 0.5641646 0.5006865 0.4570364
v 1.04193 0.5006865 1.174491
v 1.04193 0.5006865 0.747918
v 0.6958788 0.5006865 1.174504
v 0.6958788 0.5006865 0.7479181
v 0.6958788 0.5006865 1.213692
v -0.1615514 0.5006866 1.174504
v 0.5641646 0.5006865 0.7479181
v -0.2350267 0.5006866 1.213692
v -0.2356296 0.5006866 0.6640674
v -0.5555254 0.5006866 1.213692
v -0.1619703 0.5006866 0.7479181
v -0.5555254 0.5006866 0.6640673
v 0.1642675 0.5006865 0.6640674
v 0.1644205 0.5006865 0.1989742
v 0.5641646 0.5006865 0.3287748
v 0.5641646 0.5006865 0.1989742
v -0.2353234 0.5006866 0.1989742
v -0.4474966 0.5006866 0.5789691
v -0.5557598 0.5006866 0.5789657
v -0.5555489 0.5006866 0.2716205
v -0.3690473 0.5006866 0.4137391
v -0.365839 0.5006866 0.1989742
v -0.5554888 0.5006866 0.1989742
v -0.4000615 0.5006866 0.5411759
v 1.195837 0.5006145 0.2438034
v 1.195837 0.5271824 0.5180854
v 1.195837 0.5271824 0.2438034
v 1.195837 0.5006145 0.5180854
v 1.195837 0.5006145 0.5180854
v 1.115497 0.5272543 0.5180889
v 1.195837 0.5271824 0.5180854
v 1.115497 0.5006865 0.5180889
v 0.6958788 0.5272543 0.5180904
v 0.6958788 0.5006865 0.5180904
v 0.6177266 0.5272543 0.5180874
v 0.6177266 0.5006865 0.5180874
v 0.6177266 0.5006865 0.5180874
v 0.5641646 0.5272543 0.4570364
v 0.6177266 0.5272543 0.5180874
v 0.5641646 0.5006865 0.4570364
v 0.5641646 0.5006865 0.4570364
v 0.5641646 0.5272543 0.3287748
v 0.5641646 0.5272543 0.4570364
v 0.5641646 0.5006865 0.3287748
v -0.6843952 -0.08528188 1.423153
v -0.5753484 0.1725379 1.416604
v -0.5753498 -0.08528189 1.435371
v -0.6843418 0.172538 1.402554
v -0.5560082 0.452923 1.355972
v -0.5753484 0.1725379 1.416604
v -0.574848 0.452923 1.355972
v -0.5566317 0.1725377 1.416604
v -0.5743202 0.5006866 1.213692
v -0.5560082 0.452923 1.355972
v -0.574848 0.452923 1.355972
v -0.5555254 0.5006866 1.213692
v -1.24399 0.4303578 0.2879368
v -1.175771 0.5006867 0.2879368
v -1.175771 0.5006867 0.3921678
v -1.192454 0.4766184 0.5952048
v 1.04193 0.4830475 0.747918
v 0.6958788 0.5006865 0.7479181
v 1.04193 0.5006865 0.747918
v 0.6958788 0.4830475 0.7479181
v 0.5641646 0.5006865 0.7479181
v 0.5641646 0.4830475 0.7479181
v -0.1619703 0.5006866 0.7479181
v -0.1619703 0.4830477 0.7479181
v 1.04193 0.5006865 0.747918
v 1.04193 0.4830475 1.174491
v 1.04193 0.4830475 0.747918
v 1.04193 0.5006865 1.174491
v 1.04193 0.5006865 1.174491
v 0.6958788 0.4830475 1.174504
v 1.04193 0.4830475 1.174491
v 0.6958788 0.5006865 1.174504
v -0.1615514 0.4830477 1.174504
v -0.1615514 0.5006866 1.174504
v -0.1615514 0.5006866 1.174504
v -0.1619703 0.4830477 0.7479181
v -0.1615514 0.4830477 1.174504
v -0.1619703 0.5006866 0.7479181
v -0.5743202 0.5006866 1.213692
v -0.5555254 0.5006866 0.6640673
v -0.5555254 0.5006866 1.213692
v -0.5743202 0.5006866 0.6640673
v -0.5928992 0.5006866 1.213692
v -0.5557598 0.5006866 0.5789657
v -0.5928989 0.5006866 0.8485817
v -0.8214095 0.4942227 1.213692
v -0.8208258 0.5006866 0.8485136
v -0.8205313 0.5006866 0.6640673
v -0.8968921 0.5006866 0.8484927
v -0.9418899 0.5006866 0.9233447
v -0.9973818 0.5006866 0.8741748
v -0.9981511 0.5006866 0.6640673
v -1.105493 0.5006866 0.8154185
v -1.175771 0.5006867 0.7832234
v -1.029431 0.5006866 0.4157377
v -1.175771 0.5006867 0.3921678
v -1.061758 0.5006866 0.3921604
v -1.175771 0.5006867 0.2879368
v -1.035259 0.5005763 0.2880526
v -1.000455 0.5006866 0.3595338
v -0.9994701 0.5006866 0.489757
v -0.9730896 0.5006866 0.555348
v -0.9275385 0.5006866 0.4301234
v -0.9408129 0.5006866 0.5789538
v -0.8393909 0.5006866 0.4678517
v -0.8287373 0.5006866 0.5789573
v -0.7504478 0.5006866 0.4719447
v -0.6591026 0.5006866 0.4403462
v -0.5742595 0.5006866 0.5789652
v -0.6106609 0.5006866 0.4023103
v -0.5740724 0.5006866 0.350956
v -0.5555489 0.5006866 0.2716205
v -0.5753498 -0.08528189 1.435371
v -0.5566317 0.1725377 1.416604
v -0.5566335 -0.08528189 1.435371
v -0.5753484 0.1725379 1.416604
v -1.01157 0.4303577 0.9324418
v -0.9020274 0.4145354 1.172042
v -0.9966171 0.4145356 0.9488208
v -0.9036378 0.4303577 1.188397
v -1.035262 0.526026 0.2879368
v -1.035254 0.5005502 0.1989761
v -1.035259 0.5005763 0.2880526
v -1.035254 0.5260605 0.1989742
v -1.035254 0.2082625 0.1989752
v -1.035259 0.5005763 0.2880526
v -1.035254 0.5005502 0.1989761
v -1.035259 0.2079249 0.2880521
v -0.5555489 0.5006866 0.2716205
v -0.5545251 0.2074923 0.1989742
v -0.5554888 0.5006866 0.1989742
v -0.5555489 0.2076315 0.2716205
v -0.6106609 0.5006866 0.4023103
v -0.5740724 0.2076315 0.350956
v -0.5740724 0.5006866 0.350956
v -0.6106609 0.2076315 0.4023103
v -0.7504478 0.5006866 0.4719447
v -0.6591026 0.2076315 0.4403462
v -0.6591026 0.5006866 0.4403462
v -0.7504479 0.2076315 0.4719447
v -0.8393909 0.5006866 0.4678517
v -0.7504479 0.2076315 0.4719447
v -0.7504478 0.5006866 0.4719447
v -0.8393912 0.2076316 0.4678517
v -0.9275385 0.5006866 0.4301234
v -0.8393912 0.2076316 0.4678517
v -0.8393909 0.5006866 0.4678517
v -0.9275386 0.2076315 0.4301234
v -1.000455 0.5006866 0.3595338
v -0.9275386 0.2076315 0.4301234
v -0.9275385 0.5006866 0.4301234
v -1.000455 0.2076315 0.3595338
v -1.035259 0.5005763 0.2880526
v -1.000455 0.2076315 0.3595338
v -1.000455 0.5006866 0.3595338
v -1.035259 0.2079249 0.2880521
v -0.5740724 0.5006866 0.350956
v -0.5555489 0.2076315 0.2716205
v -0.5555489 0.5006866 0.2716205
v -0.5740724 0.2076315 0.350956
v -0.5555489 0.2076315 0.2716205
v -1.035254 0.2082625 0.1989752
v -0.5545251 0.2074923 0.1989742
v -1.035259 0.2079249 0.2880521
v -1.000455 0.2076315 0.3595338
v -0.5740724 0.2076315 0.350956
v -0.6106609 0.2076315 0.4023103
v -0.6591026 0.2076315 0.4403462
v -0.9275386 0.2076315 0.4301234
v -0.7504479 0.2076315 0.4719447
v -0.8393912 0.2076316 0.4678517
v -1.175771 0.5006867 0.7832234
v -1.192454 0.4766184 0.5952048
v -1.175771 0.5006867 0.3921678
v -1.193226 0.4765893 0.7641016
v -0.9418899 0.5006866 0.9233447
v -0.9036378 0.4303577 1.188397
v -1.01157 0.4303577 0.9324418
v -0.8214095 0.4942227 1.213692
v -0.7714917 -0.08528186 1.390065
v -0.6843418 0.172538 1.402554
v -0.6843952 -0.08528188 1.423153
v -0.77145 0.172538 1.372469
v -0.8214095 0.4942227 1.213692
v -0.5928992 0.5006866 1.213692
v -0.6841516 0.4523609 1.356598
v -0.574848 0.452923 1.355972
v -0.5743202 0.5006866 1.213692
v -0.6591026 0.5006866 0.4403462
v -0.6106609 0.2076315 0.4023103
v -0.6106609 0.5006866 0.4023103
v -0.6591026 0.2076315 0.4403462
v -0.5560082 0.452923 1.355972
v -0.5555254 0.172528 1.213692
v -0.5566317 0.1725377 1.416604
v -0.5555254 0.5006866 1.213692
v -0.8386988 -0.08528186 1.324363
v -0.77145 0.172538 1.372469
v -0.7714917 -0.08528186 1.390065
v -0.8386689 0.1725379 1.309771
v 1.116282 -0.3431019 1.419204
v 1.196344 -0.08528214 1.43805
v 1.196344 -0.3431018 1.419093
v 1.116282 -0.08528213 1.438092
v 0.6967965 -0.08528206 1.438288
v 0.6967965 -0.3431019 1.419341
v -0.2350225 -0.08528192 1.437896
v -0.2350226 -0.3431017 1.419066
v -0.5566336 -0.08528186 1.435371
v -0.5566316 -0.3431016 1.416604
v 1.196344 -0.5993419 1.358762
v 1.116282 -0.3431019 1.419204
v 1.196344 -0.3431018 1.419093
v 1.116281 -0.5993409 1.358744
v 0.6967965 -0.3431019 1.419341
v 0.6967964 -0.5993409 1.358823
v -0.2350226 -0.3431017 1.419066
v -0.2350226 -0.5993407 1.358664
v -0.5566316 -0.3431016 1.416604
v -0.5560083 -0.5993404 1.358586
v 1.115497 -0.6662282 1.214941
v 1.196361 -0.6472648 1.285856
v 1.196378 -0.6662213 1.214934
v 1.115889 -0.6474484 1.285127
v 0.6963375 -0.6472489 1.285877
v 0.6958786 -0.6662284 1.214941
v -0.2350247 -0.6476493 1.284371
v -0.2350268 -0.6662282 1.214941
v -0.5557669 -0.6478466 1.28363
v -0.5555254 -0.666228 1.214941
v 1.196361 -0.6472648 1.285856
v 1.196344 -0.5993505 1.213686
v 1.196378 -0.6662213 1.214934
v 1.196344 -0.5993419 1.358762
v 1.196344 -0.3527122 1.213686
v 1.196344 -0.347907 1.304202
v 1.196344 -0.3431018 1.419093
v 1.196344 -0.08528214 1.43805
v 1.196344 -0.08528214 1.307134
v 1.196344 -0.08528214 1.213686
v 1.196344 0.182148 1.213686
v 1.196344 0.1773428 1.304202
v 1.196344 0.1725375 1.419093
v 1.196344 0.4287776 1.358762
v 1.196344 0.4287863 1.213686
v 1.196362 0.4767004 1.285856
v 1.196379 0.4956569 1.214934
v 1.115889 -0.6474484 1.285127
v 1.196344 -0.5993419 1.358762
v 1.196361 -0.6472648 1.285856
v 1.116281 -0.5993409 1.358744
v 0.6963375 -0.6472489 1.285877
v 0.6967964 -0.5993409 1.358823
v -0.2350247 -0.6476493 1.284371
v -0.2350226 -0.5993407 1.358664
v -0.5557669 -0.6478466 1.28363
v -0.5560083 -0.5993404 1.358586
v -0.8174974 -0.6776996 1.208173
v -0.8981152 -0.5953655 1.226502
v -0.8174974 -0.6776996 1.226502
v -0.8981152 -0.5953655 1.208173
v 1.210602 -0.6848295 1.226502
v 1.210602 -0.08528214 1.208173
v 1.210602 -0.6848295 1.208173
v 1.210602 -0.08528214 1.226502
v 1.210603 0.5142652 1.226502
v 1.210603 0.5142652 1.208173
v -0.8174974 -0.6318616 1.226502
v -0.8981152 -0.5953655 1.226502
v -0.8637719 -0.5810753 1.226502
v -0.8174974 -0.6776996 1.226502
v -0.7282757 -0.6834134 1.226502
v -0.7282756 -0.6396294 1.226502
v -0.5723389 -0.6390082 1.226502
v -0.5723389 -0.6848292 1.226502
v -0.1170692 -0.6848292 1.226502
v -0.1170692 -0.6390083 1.226502
v -0.9119495 -0.3468331 1.226502
v -0.8637719 -0.5810753 1.226502
v -0.88515 -0.3468307 1.226502
v -0.9169276 -0.0852818 1.226502
v -0.8898981 -0.0852818 1.226502
v -0.88515 0.1762671 1.226502
v -0.9119495 0.1762694 1.226502
v -0.8637714 0.4105117 1.226502
v -0.8981149 0.4248019 1.226502
v -0.8174973 0.4612976 1.226502
v -0.8637714 0.4105117 1.226502
v -0.8174973 0.5071358 1.226502
v -0.7282754 0.4690657 1.226502
v -0.7282754 0.5128497 1.226502
v -0.5723387 0.4684445 1.226502
v -0.5723385 0.5142656 1.226502
v -0.117069 0.4684444 1.226502
v -0.117069 0.5142655 1.226502
v 0.7613368 -0.6848295 1.208173
v 0.3221339 -0.6848294 1.226502
v 0.7613368 -0.6848295 1.226502
v 0.3221339 -0.6848294 1.208173
v 0.7613368 -0.6848295 1.226502
v 0.3221339 -0.6390083 1.226502
v 0.7613368 -0.6390084 1.226502
v 0.3221339 -0.6848294 1.226502
v 0.3221339 -0.6848294 1.208173
v -0.1170692 -0.6848292 1.226502
v 0.3221339 -0.6848294 1.226502
v -0.1170692 -0.6848292 1.208173
v 0.3221339 -0.6848294 1.226502
v -0.1170692 -0.6390083 1.226502
v 0.3221339 -0.6390083 1.226502
v -0.1170692 -0.6848292 1.226502
v 1.210602 -0.6848295 1.208173
v 0.7613368 -0.6848295 1.226502
v 1.210602 -0.6848295 1.226502
v 0.7613368 -0.6848295 1.208173
v 0.7613368 -0.6390084 1.226502
v 1.210602 -0.6848295 1.226502
v 0.7613368 -0.6848295 1.226502
v 1.1942 -0.6390085 1.226502
v 1.1942 -0.08528214 1.226502
v 1.210602 -0.08528214 1.226502
v 1.210603 0.5142652 1.226502
v 1.1942 0.4684441 1.226502
v 0.761337 0.4684443 1.226502
v 0.761337 0.5142653 1.226502
v -0.5557839 -0.5999324 1.211459
v -0.5557669 -0.6478466 1.28363
v -0.5555254 -0.666228 1.214941
v -0.5560083 -0.5993404 1.358586
v 1.196344 -0.08528214 1.43805
v 1.116282 0.1725376 1.419204
v 1.196344 0.1725375 1.419093
v 1.116282 -0.08528213 1.438092
v 0.6967965 -0.08528206 1.438288
v 0.6967965 0.1725377 1.419341
v -0.2350225 -0.08528192 1.437896
v -0.2350225 0.1725379 1.419066
v -0.5566336 -0.08528186 1.435371
v -0.5566315 0.1725379 1.416604
v 1.116282 0.1725376 1.419204
v 1.196344 0.4287776 1.358762
v 1.196344 0.1725375 1.419093
v 1.116282 0.4287767 1.358744
v 0.6967965 0.1725377 1.419341
v 0.6967965 0.4287768 1.358823
v -0.2350225 0.1725379 1.419066
v -0.2350224 0.4287769 1.358664
v -0.5566315 0.1725379 1.416604
v -0.556008 0.4287767 1.358586
v 1.196362 0.4767004 1.285856
v 1.115497 0.4956641 1.214941
v 1.196379 0.4956569 1.214934
v 1.115889 0.4768842 1.285127
v 0.6963377 0.4766848 1.285877
v 0.6958787 0.4956642 1.214941
v -0.2350246 0.4770855 1.284371
v -0.2350266 0.4956644 1.214941
v -0.5557668 0.4772829 1.28363
v -0.5555252 0.4956642 1.214941
v 1.196344 0.4287776 1.358762
v 1.115889 0.4768842 1.285127
v 1.196362 0.4767004 1.285856
v 1.116282 0.4287767 1.358744
v 0.6963377 0.4766848 1.285877
v 0.6967965 0.4287768 1.358823
v -0.2350246 0.4770855 1.284371
v -0.2350224 0.4287769 1.358664
v -0.5557668 0.4772829 1.28363
v -0.556008 0.4287767 1.358586
v -0.8981149 0.4248019 1.226502
v -0.8174973 0.5071358 1.208173
v -0.8174973 0.5071358 1.226502
v -0.8981149 0.4248019 1.208173
v 0.761337 0.5142653 1.208173
v 0.322134 0.5142654 1.226502
v 0.322134 0.5142654 1.208173
v 0.761337 0.5142653 1.226502
v 0.761337 0.5142653 1.226502
v 0.322134 0.4684443 1.226502
v 0.322134 0.5142654 1.226502
v 0.761337 0.4684443 1.226502
v 0.322134 0.5142654 1.208173
v -0.117069 0.5142655 1.226502
v -0.117069 0.5142655 1.208173
v 0.322134 0.5142654 1.226502
v 0.322134 0.5142654 1.226502
v -0.117069 0.4684444 1.226502
v -0.117069 0.5142655 1.226502
v 0.322134 0.4684443 1.226502
v 1.210603 0.5142652 1.208173
v 0.761337 0.5142653 1.226502
v 0.761337 0.5142653 1.208173
v 1.210603 0.5142652 1.226502
v -0.5557839 0.4293687 1.211459
v -0.5557668 0.4772829 1.28363
v -0.556008 0.4287767 1.358586
v -0.5555252 0.4956642 1.214941
v -0.1170692 -0.6848292 1.208173
v -0.5723389 -0.6848292 1.226502
v -0.1170692 -0.6848292 1.226502
v -0.5723389 -0.6848292 1.208173
v -0.7282757 -0.6834134 1.226502
v -0.7282757 -0.6834134 1.208173
v -0.117069 0.5142655 1.226502
v -0.5723385 0.5142656 1.208173
v -0.117069 0.5142655 1.208173
v -0.5723385 0.5142656 1.226502
v -0.7282754 0.5128497 1.208173
v -0.7282754 0.5128497 1.226502
v -0.7282757 -0.6834134 1.208173
v -0.8174974 -0.6776996 1.226502
v -0.7282757 -0.6834134 1.226502
v -0.8174974 -0.6776996 1.208173
v -0.7282754 0.5128497 1.226502
v -0.8174973 0.5071358 1.208173
v -0.7282754 0.5128497 1.208173
v -0.8174973 0.5071358 1.226502
v -0.8981149 0.4248019 1.226502
v -0.9119495 0.1762694 1.208173
v -0.8981149 0.4248019 1.208173
v -0.9119495 0.1762694 1.226502
v -0.9169276 -0.0852818 1.208173
v -0.9169276 -0.0852818 1.226502
v -0.9119495 -0.3468331 1.208173
v -0.9119495 -0.3468331 1.226502
v -0.8981152 -0.5953655 1.226502
v -0.8981152 -0.5953655 1.208173
v -0.106032 0.5766287 0.9756718
v -0.09812076 0.5653302 0.9756718
v -0.1044164 0.5693411 0.9756718
v -0.08682235 0.5732415 0.9756718
v -0.09083311 0.5669458 0.9756718
v -0.09473356 0.5845398 0.9756718
v -0.1020213 0.5829242 0.9756718
v -0.08843794 0.5805291 0.9756718
v -0.06208416 0.5989823 0.8968888
v -0.08928517 0.6154394 0.8852279
v -0.06273607 0.5985258 0.8852279
v -0.08914692 0.6162232 0.8968888
v -0.05513908 0.5676548 0.8968888
v -0.06273607 0.5985258 0.8852279
v -0.05592283 0.5677931 0.8852279
v -0.06208416 0.5989823 0.8968888
v -0.07237997 0.5405921 0.8968888
v -0.05592283 0.5677931 0.8852279
v -0.07283647 0.541244 0.8852279
v -0.05513908 0.5676548 0.8968888
v -0.1037074 0.5336469 0.8968888
v -0.07283647 0.541244 0.8852279
v -0.1035692 0.5344307 0.8852279
v -0.07237997 0.5405921 0.8968888
v -0.1307702 0.5508879 0.8968888
v -0.1035692 0.5344307 0.8852279
v -0.1301183 0.5513443 0.8852279
v -0.1037074 0.5336469 0.8968888
v -0.1377153 0.5822152 0.8968888
v -0.1301183 0.5513443 0.8852279
v -0.1369315 0.5820771 0.8852279
v -0.1307702 0.5508879 0.8968888
v -0.1204744 0.6092781 0.8968888
v -0.1369315 0.5820771 0.8852279
v -0.1200179 0.6086262 0.8852279
v -0.1377153 0.5822152 0.8968888
v -0.08914692 0.6162232 0.8968888
v -0.1200179 0.6086262 0.8852279
v -0.08928517 0.6154394 0.8852279
v -0.1204744 0.6092781 0.8968888
v -0.09516311 0.5821041 0.7802313
v -0.07952636 0.5867692 0.8616931
v -0.09284443 0.5952538 0.8616931
v -0.09046403 0.5791105 0.7802313
v -0.09046403 0.5791105 0.7802313
v -0.07610859 0.5713524 0.8616931
v -0.07952636 0.5867692 0.8616931
v -0.08925817 0.573671 0.7802313
v -0.08925817 0.573671 0.7802313
v -0.08459314 0.5580343 0.8616931
v -0.07610859 0.5713524 0.8616931
v -0.09225178 0.5689719 0.7802313
v -0.09225178 0.5689719 0.7802313
v -0.1000099 0.5546165 0.8616931
v -0.08459314 0.5580343 0.8616931
v -0.09769127 0.5677661 0.7802313
v -0.09769127 0.5677661 0.7802313
v -0.113328 0.5631009 0.8616931
v -0.1000099 0.5546165 0.8616931
v -0.1023903 0.5707597 0.7802313
v -0.1023903 0.5707597 0.7802313
v -0.1167458 0.5785179 0.8616931
v -0.113328 0.5631009 0.8616931
v -0.1035962 0.5761992 0.7802313
v -0.1035962 0.5761992 0.7802313
v -0.1082612 0.5918359 0.8616931
v -0.1167458 0.5785179 0.8616931
v -0.1006026 0.5808982 0.7802313
v -0.1006026 0.5808982 0.7802313
v -0.09284443 0.5952538 0.8616931
v -0.1082612 0.5918359 0.8616931
v -0.09516311 0.5821041 0.7802313
v -0.06273607 0.5985258 0.8852279
v -0.09284443 0.5952538 0.8616931
v -0.07952636 0.5867692 0.8616931
v -0.08928517 0.6154394 0.8852279
v -0.08928517 0.6154394 0.8852279
v -0.1082612 0.5918359 0.8616931
v -0.09284443 0.5952538 0.8616931
v -0.1200179 0.6086262 0.8852279
v -0.1200179 0.6086262 0.8852279
v -0.1167458 0.5785179 0.8616931
v -0.1082612 0.5918359 0.8616931
v -0.1369315 0.5820771 0.8852279
v -0.1369315 0.5820771 0.8852279
v -0.113328 0.5631009 0.8616931
v -0.1167458 0.5785179 0.8616931
v -0.1301183 0.5513443 0.8852279
v -0.1301183 0.5513443 0.8852279
v -0.1000099 0.5546165 0.8616931
v -0.113328 0.5631009 0.8616931
v -0.1035692 0.5344307 0.8852279
v -0.1035692 0.5344307 0.8852279
v -0.08459314 0.5580343 0.8616931
v -0.1000099 0.5546165 0.8616931
v -0.07283647 0.541244 0.8852279
v -0.07283647 0.541244 0.8852279
v -0.07610859 0.5713524 0.8616931
v -0.08459314 0.5580343 0.8616931
v -0.05592283 0.5677931 0.8852279
v -0.05592283 0.5677931 0.8852279
v -0.07952636 0.5867692 0.8616931
v -0.07610859 0.5713524 0.8616931
v -0.06273607 0.5985258 0.8852279
v -0.09046403 0.5791105 0.7802313
v -0.09225178 0.5689719 0.7802313
v -0.08925817 0.573671 0.7802313
v -0.1023903 0.5707597 0.7802313
v -0.09769127 0.5677661 0.7802313
v -0.1006026 0.5808982 0.7802313
v -0.09516311 0.5821041 0.7802313
v -0.1035962 0.5761992 0.7802313
v -0.08914692 0.6162232 0.8968888
v -0.06955069 0.5937542 0.9002783
v -0.09072977 0.6072466 0.9002783
v -0.06208416 0.5989823 0.8968888
v -0.06208416 0.5989823 0.8968888
v -0.06411554 0.5692377 0.9002783
v -0.06955069 0.5937542 0.9002783
v -0.05513908 0.5676548 0.8968888
v -0.05513908 0.5676548 0.8968888
v -0.07760807 0.5480586 0.9002783
v -0.06411554 0.5692377 0.9002783
v -0.07237997 0.5405921 0.8968888
v -0.07237997 0.5405921 0.8968888
v -0.1021246 0.5426235 0.9002783
v -0.07760807 0.5480586 0.9002783
v -0.1037074 0.5336469 0.8968888
v -0.1037074 0.5336469 0.8968888
v -0.1233036 0.556116 0.9002783
v -0.1021246 0.5426235 0.9002783
v -0.1307702 0.5508879 0.8968888
v -0.1307702 0.5508879 0.8968888
v -0.1287388 0.5806324 0.9002783
v -0.1233036 0.556116 0.9002783
v -0.1377153 0.5822152 0.8968888
v -0.1377153 0.5822152 0.8968888
v -0.1152463 0.6018116 0.9002783
v -0.1287388 0.5806324 0.9002783
v -0.1204744 0.6092781 0.8968888
v -0.1204744 0.6092781 0.8968888
v -0.09072977 0.6072466 0.9002783
v -0.1152463 0.6018116 0.9002783
v -0.08914692 0.6162232 0.8968888
v -0.06955069 0.5937542 0.9002783
v -0.09179956 0.6011794 0.9457638
v -0.09072977 0.6072466 0.9002783
v -0.07459737 0.5902204 0.9457638
v -0.06411554 0.5692377 0.9002783
v -0.07459737 0.5902204 0.9457638
v -0.06955069 0.5937542 0.9002783
v -0.07018282 0.5703076 0.9457638
v -0.07760807 0.5480586 0.9002783
v -0.07018282 0.5703076 0.9457638
v -0.06411554 0.5692377 0.9002783
v -0.08114181 0.5531054 0.9457638
v -0.1021246 0.5426235 0.9002783
v -0.08114181 0.5531054 0.9457638
v -0.07760807 0.5480586 0.9002783
v -0.1010548 0.5486907 0.9457638
v -0.1233036 0.556116 0.9002783
v -0.1010548 0.5486907 0.9457638
v -0.1021246 0.5426235 0.9002783
v -0.1182569 0.5596497 0.9457638
v -0.1287388 0.5806324 0.9002783
v -0.1182569 0.5596497 0.9457638
v -0.1233036 0.556116 0.9002783
v -0.1226715 0.5795627 0.9457638
v -0.1152463 0.6018116 0.9002783
v -0.1226715 0.5795627 0.9457638
v -0.1287388 0.5806324 0.9002783
v -0.1117125 0.5967647 0.9457638
v -0.09072977 0.6072466 0.9002783
v -0.1117125 0.5967647 0.9457638
v -0.1152463 0.6018116 0.9002783
v -0.09179956 0.6011794 0.9457638
v -0.08843794 0.5805291 0.9756718
v -0.09179956 0.6011794 0.9457638
v -0.07459737 0.5902204 0.9457638
v -0.09473356 0.5845398 0.9756718
v -0.08682235 0.5732415 0.9756718
v -0.07459737 0.5902204 0.9457638
v -0.07018282 0.5703076 0.9457638
v -0.08843794 0.5805291 0.9756718
v -0.09083311 0.5669458 0.9756718
v -0.07018282 0.5703076 0.9457638
v -0.08114181 0.5531054 0.9457638
v -0.08682235 0.5732415 0.9756718
v -0.09812076 0.5653302 0.9756718
v -0.08114181 0.5531054 0.9457638
v -0.1010548 0.5486907 0.9457638
v -0.09083311 0.5669458 0.9756718
v -0.1182569 0.5596497 0.9457638
v -0.09812076 0.5653302 0.9756718
v -0.1010548 0.5486907 0.9457638
v -0.1044164 0.5693411 0.9756718
v -0.106032 0.5766287 0.9756718
v -0.1182569 0.5596497 0.9457638
v -0.1226715 0.5795627 0.9457638
v -0.1044164 0.5693411 0.9756718
v -0.1020213 0.5829242 0.9756718
v -0.1226715 0.5795627 0.9457638
v -0.1117125 0.5967647 0.9457638
v -0.106032 0.5766287 0.9756718
v -0.09473356 0.5845398 0.9756718
v -0.1117125 0.5967647 0.9457638
v -0.09179956 0.6011794 0.9457638
v -0.1020213 0.5829242 0.9756718
v -0.09154415 0.6026281 0.8590107
v -0.07840042 0.5875575 0.8612841
v -0.09260576 0.5966073 0.8612841
v -0.07339244 0.5910642 0.8590107
v -0.07339244 0.5910642 0.8590107
v -0.07475494 0.5711137 0.8612841
v -0.07840042 0.5875575 0.8612841
v -0.06873422 0.570052 0.8590107
v -0.06873422 0.570052 0.8590107
v -0.08380476 0.5569084 0.8612841
v -0.07475494 0.5711137 0.8612841
v -0.08029812 0.5519004 0.8590107
v -0.08029812 0.5519004 0.8590107
v -0.1002486 0.5532628 0.8612841
v -0.08380476 0.5569084 0.8612841
v -0.1013102 0.5472421 0.8590107
v -0.1013102 0.5472421 0.8590107
v -0.1144539 0.5623127 0.8612841
v -0.1002486 0.5532628 0.8612841
v -0.1194619 0.5588061 0.8590107
v -0.1194619 0.5588061 0.8590107
v -0.1180994 0.5787565 0.8612841
v -0.1144539 0.5623127 0.8612841
v -0.1241201 0.5798181 0.8590107
v -0.1241201 0.5798181 0.8590107
v -0.1090496 0.5929618 0.8612841
v -0.1180994 0.5787565 0.8612841
v -0.1125562 0.5979698 0.8590107
v -0.1125562 0.5979698 0.8590107
v -0.09260576 0.5966073 0.8612841
v -0.1090496 0.5929618 0.8612841
v -0.09154415 0.6026281 0.8590107
v -0.07339244 0.5910642 0.8590107
v -0.09154415 0.6026281 0.8527749
v -0.07339244 0.5910642 0.8527749
v -0.09154415 0.6026281 0.8590107
v -0.06873422 0.570052 0.8590107
v -0.07339244 0.5910642 0.8527749
v -0.06873422 0.570052 0.8527749
v -0.07339244 0.5910642 0.8590107
v -0.08029812 0.5519004 0.8590107
v -0.06873422 0.570052 0.8527749
v -0.08029812 0.5519004 0.8527749
v -0.06873422 0.570052 0.8590107
v -0.1013102 0.5472421 0.8590107
v -0.08029812 0.5519004 0.8527749
v -0.1013102 0.5472421 0.8527749
v -0.08029812 0.5519004 0.8590107
v -0.1194619 0.5588061 0.8590107
v -0.1013102 0.5472421 0.8527749
v -0.1194619 0.5588061 0.8527749
v -0.1013102 0.5472421 0.8590107
v -0.1241201 0.5798181 0.8590107
v -0.1194619 0.5588061 0.8527749
v -0.1241201 0.5798181 0.8527749
v -0.1194619 0.5588061 0.8590107
v -0.1125562 0.5979698 0.8590107
v -0.1241201 0.5798181 0.8527749
v -0.1125562 0.5979698 0.8527749
v -0.1241201 0.5798181 0.8590107
v -0.09154415 0.6026281 0.8590107
v -0.1125562 0.5979698 0.8527749
v -0.09154415 0.6026281 0.8527749
v -0.1125562 0.5979698 0.8590107
v -0.08932371 0.6152208 0.7798076
v -0.07313307 0.5912458 0.7825637
v -0.09148914 0.6029399 0.7825637
v -0.06291801 0.5983985 0.7798076
v -0.06291801 0.5983985 0.7798076
v -0.06842235 0.569997 0.7825637
v -0.07313307 0.5912458 0.7825637
v -0.05614153 0.5678316 0.7798076
v -0.05614153 0.5678316 0.7798076
v -0.08011648 0.551641 0.7825637
v -0.06842235 0.569997 0.7825637
v -0.07296383 0.5414259 0.7798076
v -0.07296383 0.5414259 0.7798076
v -0.1013652 0.5469303 0.7825637
v -0.08011648 0.551641 0.7825637
v -0.1035306 0.5346494 0.7798076
v -0.1035306 0.5346494 0.7798076
v -0.1197213 0.5586244 0.7825637
v -0.1013652 0.5469303 0.7825637
v -0.1299364 0.5514717 0.7798076
v -0.1299364 0.5514717 0.7798076
v -0.124432 0.5798731 0.7825637
v -0.1197213 0.5586244 0.7825637
v -0.1367128 0.5820386 0.7798076
v -0.1367128 0.5820386 0.7798076
v -0.1127379 0.5982292 0.7825637
v -0.124432 0.5798731 0.7825637
v -0.1198905 0.6084443 0.7798076
v -0.1198905 0.6084443 0.7798076
v -0.09148914 0.6029399 0.7825637
v -0.1127379 0.5982292 0.7825637
v -0.08932371 0.6152208 0.7798076
v -0.06291801 0.5983985 0.7798076
v -0.08932371 0.6152208 0.7707362
v -0.06291801 0.5983985 0.7707362
v -0.08932371 0.6152208 0.7798076
v -0.05614153 0.5678316 0.7798076
v -0.06291801 0.5983985 0.7707362
v -0.05614153 0.5678316 0.7707362
v -0.06291801 0.5983985 0.7798076
v -0.07296383 0.5414259 0.7798076
v -0.05614153 0.5678316 0.7707362
v -0.07296383 0.5414259 0.7707362
v -0.05614153 0.5678316 0.7798076
v -0.1035306 0.5346494 0.7798076
v -0.07296383 0.5414259 0.7707362
v -0.1035306 0.5346494 0.7707362
v -0.07296383 0.5414259 0.7798076
v -0.1299364 0.5514717 0.7798076
v -0.1035306 0.5346494 0.7707362
v -0.1299364 0.5514717 0.7707362
v -0.1035306 0.5346494 0.7798076
v -0.1367128 0.5820386 0.7798076
v -0.1299364 0.5514717 0.7707362
v -0.1367128 0.5820386 0.7707362
v -0.1299364 0.5514717 0.7798076
v -0.1198905 0.6084443 0.7798076
v -0.1367128 0.5820386 0.7707362
v -0.1198905 0.6084443 0.7707362
v -0.1367128 0.5820386 0.7798076
v -0.08932371 0.6152208 0.7798076
v -0.1198905 0.6084443 0.7707362
v -0.08932371 0.6152208 0.7707362
v -0.1198905 0.6084443 0.7798076
v -0.09148914 0.6029399 0.7825637
v -0.07313307 0.5912458 0.7738018
v -0.09148914 0.6029399 0.7738018
v -0.07313307 0.5912458 0.7825637
v -0.07313307 0.5912458 0.7825637
v -0.06842235 0.569997 0.7738018
v -0.07313307 0.5912458 0.7738018
v -0.06842235 0.569997 0.7825637
v -0.06842235 0.569997 0.7825637
v -0.08011648 0.551641 0.7738018
v -0.06842235 0.569997 0.7738018
v -0.08011648 0.551641 0.7825637
v -0.08011648 0.551641 0.7825637
v -0.1013652 0.5469303 0.7738018
v -0.08011648 0.551641 0.7738018
v -0.1013652 0.5469303 0.7825637
v -0.1013652 0.5469303 0.7825637
v -0.1197213 0.5586244 0.7738018
v -0.1013652 0.5469303 0.7738018
v -0.1197213 0.5586244 0.7825637
v -0.1197213 0.5586244 0.7825637
v -0.124432 0.5798731 0.7738018
v -0.1197213 0.5586244 0.7738018
v -0.124432 0.5798731 0.7825637
v -0.124432 0.5798731 0.7825637
v -0.1127379 0.5982292 0.7738018
v -0.124432 0.5798731 0.7738018
v -0.1127379 0.5982292 0.7825637
v -0.1127379 0.5982292 0.7825637
v -0.09148914 0.6029399 0.7738018
v -0.1127379 0.5982292 0.7738018
v -0.09148914 0.6029399 0.7825637
v -0.1002955 0.5299599 0.827175
v -0.09791025 0.543487 0.7763048
v -0.09887128 0.5380368 0.7763048
v -0.09933443 0.5354102 0.827175
v -0.09880693 0.5384019 0.8514637
v -0.09797464 0.5431219 0.8479918
v -0.1057837 0.5448754 0.7763048
v -0.108169 0.5313482 0.827175
v -0.1067448 0.5394251 0.7763048
v -0.1072079 0.5367985 0.827175
v -0.1058481 0.5445103 0.8479918
v -0.1066804 0.5397902 0.8514637
v -0.09933443 0.5354102 0.827175
v -0.1057837 0.5448754 0.7763048
v -0.09791025 0.543487 0.7763048
v -0.1072079 0.5367985 0.827175
v -0.09880693 0.5384019 0.8514637
v -0.1040862 0.5503154 0.8589813
v -0.09764586 0.5491798 0.8589813
v -0.1066804 0.5397902 0.8514637
v -0.09797464 0.5431219 0.8479918
v -0.1072079 0.5367985 0.827175
v -0.09933443 0.5354102 0.827175
v -0.1058481 0.5445103 0.8479918
v -0.09887128 0.5380368 0.7763048
v -0.108169 0.5313482 0.827175
v -0.1002955 0.5299599 0.827175
v -0.1067448 0.5394251 0.7763048
v -0.1002955 0.5299599 0.827175
v -0.1066804 0.5397902 0.8514637
v -0.09880693 0.5384019 0.8514637
v -0.108169 0.5313482 0.827175
v -0.09764586 0.5491798 0.8589813
v -0.09797464 0.5431219 0.8479918
v -0.09880693 0.5384019 0.8514637
v -0.0971406 0.5520455 0.8546304
v -0.1035809 0.5531811 0.8546304
v -0.1066804 0.5397902 0.8514637
v -0.1058481 0.5445103 0.8479918
v -0.1040862 0.5503154 0.8589813
v -0.0971406 0.5520455 0.8546304
v -0.1058481 0.5445103 0.8479918
v -0.09797464 0.5431219 0.8479918
v -0.1035809 0.5531811 0.8546304
v -0.0007392883 0.5847778 0.9756718
v 0.007171974 0.5734792 0.9756718
v 0.0008763123 0.5774899 0.9756718
v 0.01847044 0.5813904 0.9756718
v 0.01445969 0.5750948 0.9756718
v 0.01055914 0.592689 0.9756718
v 0.003271465 0.5910733 0.9756718
v 0.0168548 0.5886781 0.9756718
v 0.04320855 0.6071312 0.8968888
v 0.01600758 0.6235884 0.8852279
v 0.04255665 0.6066748 0.8852279
v 0.0161458 0.6243722 0.8968888
v 0.05015367 0.5758038 0.8968888
v 0.04255665 0.6066748 0.8852279
v 0.0493699 0.575942 0.8852279
v 0.04320855 0.6071312 0.8968888
v 0.03291279 0.548741 0.8968888
v 0.0493699 0.575942 0.8852279
v 0.03245632 0.5493929 0.8852279
v 0.05015367 0.5758038 0.8968888
v 0.00158535 0.541796 0.8968888
v 0.03245632 0.5493929 0.8852279
v 0.001723518 0.5425797 0.8852279
v 0.03291279 0.548741 0.8968888
v -0.02547743 0.5590369 0.8968888
v 0.001723518 0.5425797 0.8852279
v -0.0248255 0.5594932 0.8852279
v 0.00158535 0.541796 0.8968888
v -0.03242256 0.5903643 0.8968888
v -0.0248255 0.5594932 0.8852279
v -0.03163879 0.5902261 0.8852279
v -0.02547743 0.5590369 0.8968888
v -0.01518167 0.6174271 0.8968888
v -0.03163879 0.5902261 0.8852279
v -0.01472517 0.6167751 0.8852279
v -0.03242256 0.5903643 0.8968888
v 0.0161458 0.6243722 0.8968888
v -0.01472517 0.6167751 0.8852279
v 0.01600758 0.6235884 0.8852279
v -0.01518167 0.6174271 0.8968888
v 0.01012964 0.5902531 0.7802313
v 0.02576633 0.5949181 0.8616931
v 0.01244827 0.6034027 0.8616931
v 0.01482862 0.5872594 0.7802313
v 0.01482862 0.5872594 0.7802313
v 0.02918417 0.5795013 0.8616931
v 0.02576633 0.5949181 0.8616931
v 0.01603455 0.58182 0.7802313
v 0.01603455 0.58182 0.7802313
v 0.0206996 0.5661832 0.8616931
v 0.02918417 0.5795013 0.8616931
v 0.01304096 0.577121 0.7802313
v 0.01304096 0.577121 0.7802313
v 0.00528286 0.5627655 0.8616931
v 0.0206996 0.5661832 0.8616931
v 0.007601471 0.575915 0.7802313
v 0.007601471 0.575915 0.7802313
v -0.008035202 0.5712501 0.8616931
v 0.00528286 0.5627655 0.8616931
v 0.00290247 0.5789087 0.7802313
v 0.00290247 0.5789087 0.7802313
v -0.01145304 0.5866668 0.8616931
v -0.008035202 0.5712501 0.8616931
v 0.001696568 0.5843481 0.7802313
v 0.001696568 0.5843481 0.7802313
v -0.002968483 0.5999848 0.8616931
v -0.01145304 0.5866668 0.8616931
v 0.00469017 0.5890471 0.7802313
v 0.00469017 0.5890471 0.7802313
v 0.01244827 0.6034027 0.8616931
v -0.002968483 0.5999848 0.8616931
v 0.01012964 0.5902531 0.7802313
v 0.04255665 0.6066748 0.8852279
v 0.01244827 0.6034027 0.8616931
v 0.02576633 0.5949181 0.8616931
v 0.01600758 0.6235884 0.8852279
v 0.01600758 0.6235884 0.8852279
v -0.002968483 0.5999848 0.8616931
v 0.01244827 0.6034027 0.8616931
v -0.01472517 0.6167751 0.8852279
v -0.01472517 0.6167751 0.8852279
v -0.01145304 0.5866668 0.8616931
v -0.002968483 0.5999848 0.8616931
v -0.03163879 0.5902261 0.8852279
v -0.03163879 0.5902261 0.8852279
v -0.008035202 0.5712501 0.8616931
v -0.01145304 0.5866668 0.8616931
v -0.0248255 0.5594932 0.8852279
v -0.0248255 0.5594932 0.8852279
v 0.00528286 0.5627655 0.8616931
v -0.008035202 0.5712501 0.8616931
v 0.001723518 0.5425797 0.8852279
v 0.001723518 0.5425797 0.8852279
v 0.0206996 0.5661832 0.8616931
v 0.00528286 0.5627655 0.8616931
v 0.03245632 0.5493929 0.8852279
v 0.03245632 0.5493929 0.8852279
v 0.02918417 0.5795013 0.8616931
v 0.0206996 0.5661832 0.8616931
v 0.0493699 0.575942 0.8852279
v 0.0493699 0.575942 0.8852279
v 0.02576633 0.5949181 0.8616931
v 0.02918417 0.5795013 0.8616931
v 0.04255665 0.6066748 0.8852279
v 0.01482862 0.5872594 0.7802313
v 0.01304096 0.577121 0.7802313
v 0.01603455 0.58182 0.7802313
v 0.00290247 0.5789087 0.7802313
v 0.007601471 0.575915 0.7802313
v 0.00469017 0.5890471 0.7802313
v 0.01012964 0.5902531 0.7802313
v 0.001696568 0.5843481 0.7802313
v 0.0161458 0.6243722 0.8968888
v 0.03574203 0.6019031 0.9002783
v 0.01456297 0.6153957 0.9002783
v 0.04320855 0.6071312 0.8968888
v 0.04320855 0.6071312 0.8968888
v 0.04117718 0.5773866 0.9002783
v 0.03574203 0.6019031 0.9002783
v 0.05015367 0.5758038 0.8968888
v 0.05015367 0.5758038 0.8968888
v 0.02768467 0.5562076 0.9002783
v 0.04117718 0.5773866 0.9002783
v 0.03291279 0.548741 0.8968888
v 0.03291279 0.548741 0.8968888
v 0.003168125 0.5507724 0.9002783
v 0.02768467 0.5562076 0.9002783
v 0.00158535 0.541796 0.8968888
v 0.00158535 0.541796 0.8968888
v -0.01801088 0.5642651 0.9002783
v 0.003168125 0.5507724 0.9002783
v -0.02547743 0.5590369 0.8968888
v -0.02547743 0.5590369 0.8968888
v -0.02344606 0.5887815 0.9002783
v -0.01801088 0.5642651 0.9002783
v -0.03242256 0.5903643 0.8968888
v -0.03242256 0.5903643 0.8968888
v -0.009953537 0.6099606 0.9002783
v -0.02344606 0.5887815 0.9002783
v -0.01518167 0.6174271 0.8968888
v -0.01518167 0.6174271 0.8968888
v 0.01456297 0.6153957 0.9002783
v -0.009953537 0.6099606 0.9002783
v 0.0161458 0.6243722 0.8968888
v 0.03574203 0.6019031 0.9002783
v 0.01349318 0.6093284 0.9457638
v 0.01456297 0.6153957 0.9002783
v 0.0306953 0.5983694 0.9457638
v 0.04117718 0.5773866 0.9002783
v 0.0306953 0.5983694 0.9457638
v 0.03574203 0.6019031 0.9002783
v 0.03510994 0.5784564 0.9457638
v 0.02768467 0.5562076 0.9002783
v 0.03510994 0.5784564 0.9457638
v 0.04117718 0.5773866 0.9002783
v 0.02415094 0.5612543 0.9457638
v 0.003168125 0.5507724 0.9002783
v 0.02415094 0.5612543 0.9457638
v 0.02768467 0.5562076 0.9002783
v 0.004237957 0.5568398 0.9457638
v -0.01801088 0.5642651 0.9002783
v 0.004237957 0.5568398 0.9457638
v 0.003168125 0.5507724 0.9002783
v -0.01296421 0.5677987 0.9457638
v -0.02344606 0.5887815 0.9002783
v -0.01296421 0.5677987 0.9457638
v -0.01801088 0.5642651 0.9002783
v -0.01737879 0.5877116 0.9457638
v -0.009953537 0.6099606 0.9002783
v -0.01737879 0.5877116 0.9457638
v -0.02344606 0.5887815 0.9002783
v -0.006419792 0.6049138 0.9457638
v 0.01456297 0.6153957 0.9002783
v -0.006419792 0.6049138 0.9457638
v -0.009953537 0.6099606 0.9002783
v 0.01349318 0.6093284 0.9457638
v 0.0168548 0.5886781 0.9756718
v 0.01349318 0.6093284 0.9457638
v 0.0306953 0.5983694 0.9457638
v 0.01055914 0.592689 0.9756718
v 0.01847044 0.5813904 0.9756718
v 0.0306953 0.5983694 0.9457638
v 0.03510994 0.5784564 0.9457638
v 0.0168548 0.5886781 0.9756718
v 0.01445969 0.5750948 0.9756718
v 0.03510994 0.5784564 0.9457638
v 0.02415094 0.5612543 0.9457638
v 0.01847044 0.5813904 0.9756718
v 0.007171974 0.5734792 0.9756718
v 0.02415094 0.5612543 0.9457638
v 0.004237957 0.5568398 0.9457638
v 0.01445969 0.5750948 0.9756718
v -0.01296421 0.5677987 0.9457638
v 0.007171974 0.5734792 0.9756718
v 0.004237957 0.5568398 0.9457638
v 0.0008763123 0.5774899 0.9756718
v -0.0007392883 0.5847778 0.9756718
v -0.01296421 0.5677987 0.9457638
v -0.01737879 0.5877116 0.9457638
v 0.0008763123 0.5774899 0.9756718
v 0.003271465 0.5910733 0.9756718
v -0.01737879 0.5877116 0.9457638
v -0.006419792 0.6049138 0.9457638
v -0.0007392883 0.5847778 0.9756718
v 0.01055914 0.592689 0.9756718
v -0.006419792 0.6049138 0.9457638
v 0.01349318 0.6093284 0.9457638
v 0.003271465 0.5910733 0.9756718
v 0.01374857 0.610777 0.8590107
v 0.0268923 0.5957065 0.8612841
v 0.01268696 0.6047562 0.8612841
v 0.03190027 0.5992131 0.8590107
v 0.03190027 0.5992131 0.8590107
v 0.0305378 0.5792626 0.8612841
v 0.0268923 0.5957065 0.8612841
v 0.03655851 0.578201 0.8590107
v 0.03655851 0.578201 0.8590107
v 0.02148798 0.5650573 0.8612841
v 0.0305378 0.5792626 0.8612841
v 0.02499462 0.5600494 0.8590107
v 0.02499462 0.5600494 0.8590107
v 0.005044155 0.5614119 0.8612841
v 0.02148798 0.5650573 0.8612841
v 0.003982544 0.5553911 0.8590107
v 0.003982544 0.5553911 0.8590107
v -0.009161148 0.5704616 0.8612841
v 0.005044155 0.5614119 0.8612841
v -0.01416912 0.566955 0.8590107
v -0.01416912 0.566955 0.8590107
v -0.01280666 0.5869055 0.8612841
v -0.009161148 0.5704616 0.8612841
v -0.01882742 0.5879672 0.8590107
v -0.01882742 0.5879672 0.8590107
v -0.003756885 0.6011108 0.8612841
v -0.01280666 0.5869055 0.8612841
v -0.007263508 0.6061187 0.8590107
v -0.007263508 0.6061187 0.8590107
v 0.01268696 0.6047562 0.8612841
v -0.003756885 0.6011108 0.8612841
v 0.01374857 0.610777 0.8590107
v 0.03190027 0.5992131 0.8590107
v 0.01374857 0.610777 0.8527749
v 0.03190027 0.5992131 0.8527749
v 0.01374857 0.610777 0.8590107
v 0.03655851 0.578201 0.8590107
v 0.03190027 0.5992131 0.8527749
v 0.03655851 0.578201 0.8527749
v 0.03190027 0.5992131 0.8590107
v 0.02499462 0.5600494 0.8590107
v 0.03655851 0.578201 0.8527749
v 0.02499462 0.5600494 0.8527749
v 0.03655851 0.578201 0.8590107
v 0.003982544 0.5553911 0.8590107
v 0.02499462 0.5600494 0.8527749
v 0.003982544 0.5553911 0.8527749
v 0.02499462 0.5600494 0.8590107
v -0.01416912 0.566955 0.8590107
v 0.003982544 0.5553911 0.8527749
v -0.01416912 0.566955 0.8527749
v 0.003982544 0.5553911 0.8590107
v -0.01882742 0.5879672 0.8590107
v -0.01416912 0.566955 0.8527749
v -0.01882742 0.5879672 0.8527749
v -0.01416912 0.566955 0.8590107
v -0.007263508 0.6061187 0.8590107
v -0.01882742 0.5879672 0.8527749
v -0.007263508 0.6061187 0.8527749
v -0.01882742 0.5879672 0.8590107
v 0.01374857 0.610777 0.8590107
v -0.007263508 0.6061187 0.8527749
v 0.01374857 0.610777 0.8527749
v -0.007263508 0.6061187 0.8590107
v 0.01596903 0.6233698 0.7798076
v 0.03215965 0.5993947 0.7825637
v 0.01380358 0.6110889 0.7825637
v 0.04237469 0.6065474 0.7798076
v 0.04237469 0.6065474 0.7798076
v 0.03687038 0.578146 0.7825637
v 0.03215965 0.5993947 0.7825637
v 0.0491512 0.5759805 0.7798076
v 0.0491512 0.5759805 0.7798076
v 0.02517624 0.55979 0.7825637
v 0.03687038 0.578146 0.7825637
v 0.03232891 0.5495749 0.7798076
v 0.03232891 0.5495749 0.7798076
v 0.003927536 0.5550793 0.7825637
v 0.02517624 0.55979 0.7825637
v 0.001762104 0.5427984 0.7798076
v 0.001762104 0.5427984 0.7798076
v -0.01442852 0.5667734 0.7825637
v 0.003927536 0.5550793 0.7825637
v -0.02464359 0.5596207 0.7798076
v -0.02464359 0.5596207 0.7798076
v -0.01913927 0.5880221 0.7825637
v -0.01442852 0.5667734 0.7825637
v -0.03142012 0.5901875 0.7798076
v -0.03142012 0.5901875 0.7798076
v -0.007445144 0.6063783 0.7825637
v -0.01913927 0.5880221 0.7825637
v -0.01459782 0.6165932 0.7798076
v -0.01459782 0.6165932 0.7798076
v 0.01380358 0.6110889 0.7825637
v -0.007445144 0.6063783 0.7825637
v 0.01596903 0.6233698 0.7798076
v 0.04237469 0.6065474 0.7798076
v 0.01596903 0.6233698 0.7707362
v 0.04237469 0.6065474 0.7707362
v 0.01596903 0.6233698 0.7798076
v 0.0491512 0.5759805 0.7798076
v 0.04237469 0.6065474 0.7707362
v 0.0491512 0.5759805 0.7707362
v 0.04237469 0.6065474 0.7798076
v 0.03232891 0.5495749 0.7798076
v 0.0491512 0.5759805 0.7707362
v 0.03232891 0.5495749 0.7707362
v 0.0491512 0.5759805 0.7798076
v 0.001762104 0.5427984 0.7798076
v 0.03232891 0.5495749 0.7707362
v 0.001762104 0.5427984 0.7707362
v 0.03232891 0.5495749 0.7798076
v -0.02464359 0.5596207 0.7798076
v 0.001762104 0.5427984 0.7707362
v -0.02464359 0.5596207 0.7707362
v 0.001762104 0.5427984 0.7798076
v -0.03142012 0.5901875 0.7798076
v -0.02464359 0.5596207 0.7707362
v -0.03142012 0.5901875 0.7707362
v -0.02464359 0.5596207 0.7798076
v -0.01459782 0.6165932 0.7798076
v -0.03142012 0.5901875 0.7707362
v -0.01459782 0.6165932 0.7707362
v -0.03142012 0.5901875 0.7798076
v 0.01596903 0.6233698 0.7798076
v -0.01459782 0.6165932 0.7707362
v 0.01596903 0.6233698 0.7707362
v -0.01459782 0.6165932 0.7798076
v 0.01380358 0.6110889 0.7825637
v 0.03215967 0.5993947 0.7738018
v 0.01380358 0.6110889 0.7738018
v 0.03215965 0.5993947 0.7825637
v 0.03215965 0.5993947 0.7825637
v 0.03687038 0.578146 0.7738018
v 0.03215967 0.5993947 0.7738018
v 0.03687038 0.578146 0.7825637
v 0.03687038 0.578146 0.7825637
v 0.02517624 0.55979 0.7738018
v 0.03687038 0.578146 0.7738018
v 0.02517624 0.55979 0.7825637
v 0.02517624 0.55979 0.7825637
v 0.003927536 0.5550793 0.7738018
v 0.02517624 0.55979 0.7738018
v 0.003927536 0.5550793 0.7825637
v 0.003927536 0.5550793 0.7825637
v -0.01442852 0.5667734 0.7738018
v 0.003927536 0.5550793 0.7738018
v -0.01442852 0.5667734 0.7825637
v -0.01442852 0.5667734 0.7825637
v -0.01913927 0.5880221 0.7738018
v -0.01442852 0.5667734 0.7738018
v -0.01913927 0.5880221 0.7825637
v -0.01913927 0.5880221 0.7825637
v -0.007445144 0.6063783 0.7738018
v -0.01913927 0.5880221 0.7738018
v -0.007445144 0.6063783 0.7825637
v -0.007445144 0.6063783 0.7825637
v 0.01380358 0.6110889 0.7738018
v -0.007445144 0.6063783 0.7738018
v 0.01380358 0.6110889 0.7825637
v 0.004997311 0.5381089 0.827175
v 0.007382488 0.5516361 0.7763048
v 0.006421451 0.5461858 0.7763048
v 0.005958328 0.5435592 0.827175
v 0.006485844 0.546551 0.8514637
v 0.007318115 0.551271 0.8479918
v -0.0004910087 0.5530244 0.7763048
v -0.002876186 0.5394973 0.827175
v -0.001452026 0.5475742 0.7763048
v -0.001915169 0.5449476 0.827175
v -0.0005553627 0.5526593 0.8479918
v -0.001387653 0.5479392 0.8514637
v 0.005958328 0.5435592 0.827175
v -0.0004910087 0.5530244 0.7763048
v 0.007382488 0.5516361 0.7763048
v -0.001915169 0.5449476 0.827175
v 0.006485844 0.546551 0.8514637
v 0.001206512 0.5584643 0.8589813
v 0.007646885 0.5573289 0.8589813
v -0.001387653 0.5479392 0.8514637
v 0.007318115 0.551271 0.8479918
v -0.001915169 0.5449476 0.827175
v 0.005958328 0.5435592 0.827175
v -0.0005553627 0.5526593 0.8479918
v 0.006421451 0.5461858 0.7763048
v -0.002876186 0.5394973 0.827175
v 0.004997311 0.5381089 0.827175
v -0.001452026 0.5475742 0.7763048
v 0.004997311 0.5381089 0.827175
v -0.001387653 0.5479392 0.8514637
v 0.006485844 0.546551 0.8514637
v -0.002876186 0.5394973 0.827175
v 0.007646885 0.5573289 0.8589813
v 0.007318115 0.551271 0.8479918
v 0.006485844 0.546551 0.8514637
v 0.008152199 0.5601944 0.8546304
v 0.001711845 0.5613302 0.8546304
v -0.001387653 0.5479392 0.8514637
v -0.0005553627 0.5526593 0.8479918
v 0.001206512 0.5584643 0.8589813
v 0.008152199 0.5601944 0.8546304
v -0.0005553627 0.5526593 0.8479918
v 0.007318115 0.551271 0.8479918
v 0.001711845 0.5613302 0.8546304
v 0.1058438 0.5766295 0.9756718
v 0.1137551 0.5653311 0.9756718
v 0.1074594 0.5693418 0.9756718
v 0.1250535 0.5732423 0.9756718
v 0.1210428 0.5669468 0.9756718
v 0.1171422 0.5845408 0.9756718
v 0.1098545 0.5829252 0.9756718
v 0.1234379 0.58053 0.9756718
v 0.1497916 0.5989832 0.8968888
v 0.1225907 0.6154402 0.8852279
v 0.1491397 0.5985266 0.8852279
v 0.1227289 0.6162241 0.8968888
v 0.1567368 0.5676558 0.8968888
v 0.1491397 0.5985266 0.8852279
v 0.155953 0.567794 0.8852279
v 0.1497916 0.5989832 0.8968888
v 0.1394959 0.5405929 0.8968888
v 0.155953 0.567794 0.8852279
v 0.1390394 0.5412449 0.8852279
v 0.1567368 0.5676558 0.8968888
v 0.1081684 0.5336478 0.8968888
v 0.1390394 0.5412449 0.8852279
v 0.1083066 0.5344316 0.8852279
v 0.1394959 0.5405929 0.8968888
v 0.08110564 0.5508887 0.8968888
v 0.1083066 0.5344316 0.8852279
v 0.08175758 0.5513452 0.8852279
v 0.1081684 0.5336478 0.8968888
v 0.07416055 0.5822162 0.8968888
v 0.08175758 0.5513452 0.8852279
v 0.0749443 0.5820779 0.8852279
v 0.08110564 0.5508887 0.8968888
v 0.09140142 0.6092789 0.8968888
v 0.0749443 0.5820779 0.8852279
v 0.09185791 0.608627 0.8852279
v 0.07416055 0.5822162 0.8968888
v 0.1227289 0.6162241 0.8968888
v 0.09185791 0.608627 0.8852279
v 0.1225907 0.6154402 0.8852279
v 0.09140142 0.6092789 0.8968888
v 0.1167127 0.5821049 0.7802313
v 0.1323494 0.58677 0.8616931
v 0.1190314 0.5952544 0.8616931
v 0.1214117 0.5791113 0.7802313
v 0.1214117 0.5791113 0.7802313
v 0.1357673 0.5713531 0.8616931
v 0.1323494 0.58677 0.8616931
v 0.1226177 0.5736719 0.7802313
v 0.1226177 0.5736719 0.7802313
v 0.1272827 0.5580351 0.8616931
v 0.1357673 0.5713531 0.8616931
v 0.119624 0.5689728 0.7802313
v 0.119624 0.5689728 0.7802313
v 0.1118659 0.5546173 0.8616931
v 0.1272827 0.5580351 0.8616931
v 0.1141846 0.567767 0.7802313
v 0.1141846 0.567767 0.7802313
v 0.09854785 0.5631019 0.8616931
v 0.1118659 0.5546173 0.8616931
v 0.1094856 0.5707605 0.7802313
v 0.1094856 0.5707605 0.7802313
v 0.09513004 0.5785187 0.8616931
v 0.09854785 0.5631019 0.8616931
v 0.1082796 0.5762 0.7802313
v 0.1082796 0.5762 0.7802313
v 0.1036146 0.5918366 0.8616931
v 0.09513004 0.5785187 0.8616931
v 0.1112733 0.5808991 0.7802313
v 0.1112733 0.5808991 0.7802313
v 0.1190314 0.5952544 0.8616931
v 0.1036146 0.5918366 0.8616931
v 0.1167127 0.5821049 0.7802313
v 0.1491397 0.5985266 0.8852279
v 0.1190314 0.5952544 0.8616931
v 0.1323494 0.58677 0.8616931
v 0.1225907 0.6154402 0.8852279
v 0.1225907 0.6154402 0.8852279
v 0.1036146 0.5918366 0.8616931
v 0.1190314 0.5952544 0.8616931
v 0.09185791 0.608627 0.8852279
v 0.09185791 0.608627 0.8852279
v 0.09513004 0.5785187 0.8616931
v 0.1036146 0.5918366 0.8616931
v 0.0749443 0.5820779 0.8852279
v 0.0749443 0.5820779 0.8852279
v 0.09854785 0.5631019 0.8616931
v 0.09513004 0.5785187 0.8616931
v 0.08175758 0.5513452 0.8852279
v 0.08175758 0.5513452 0.8852279
v 0.1118659 0.5546173 0.8616931
v 0.09854785 0.5631019 0.8616931
v 0.1083066 0.5344316 0.8852279
v 0.1083066 0.5344316 0.8852279
v 0.1272827 0.5580351 0.8616931
v 0.1118659 0.5546173 0.8616931
v 0.1390394 0.5412449 0.8852279
v 0.1390394 0.5412449 0.8852279
v 0.1357673 0.5713531 0.8616931
v 0.1272827 0.5580351 0.8616931
v 0.155953 0.567794 0.8852279
v 0.155953 0.567794 0.8852279
v 0.1323494 0.58677 0.8616931
v 0.1357673 0.5713531 0.8616931
v 0.1491397 0.5985266 0.8852279
v 0.1214117 0.5791113 0.7802313
v 0.119624 0.5689728 0.7802313
v 0.1226177 0.5736719 0.7802313
v 0.1094856 0.5707605 0.7802313
v 0.1141846 0.567767 0.7802313
v 0.1112733 0.5808991 0.7802313
v 0.1167127 0.5821049 0.7802313
v 0.1082796 0.5762 0.7802313
v 0.1227289 0.6162241 0.8968888
v 0.1423251 0.593755 0.9002783
v 0.1211461 0.6072475 0.9002783
v 0.1497916 0.5989832 0.8968888
v 0.1497916 0.5989832 0.8968888
v 0.1477603 0.5692385 0.9002783
v 0.1423251 0.593755 0.9002783
v 0.1567368 0.5676558 0.8968888
v 0.1567368 0.5676558 0.8968888
v 0.1342677 0.5480595 0.9002783
v 0.1477603 0.5692385 0.9002783
v 0.1394959 0.5405929 0.8968888
v 0.1394959 0.5405929 0.8968888
v 0.1097512 0.5426243 0.9002783
v 0.1342677 0.5480595 0.9002783
v 0.1081684 0.5336478 0.8968888
v 0.1081684 0.5336478 0.8968888
v 0.0885722 0.5561168 0.9002783
v 0.1097512 0.5426243 0.9002783
v 0.08110564 0.5508887 0.8968888
v 0.08110564 0.5508887 0.8968888
v 0.08313701 0.5806333 0.9002783
v 0.0885722 0.5561168 0.9002783
v 0.07416055 0.5822162 0.8968888
v 0.07416055 0.5822162 0.8968888
v 0.09662957 0.6018124 0.9002783
v 0.08313701 0.5806333 0.9002783
v 0.09140142 0.6092789 0.8968888
v 0.09140142 0.6092789 0.8968888
v 0.1211461 0.6072475 0.9002783
v 0.09662957 0.6018124 0.9002783
v 0.1227289 0.6162241 0.8968888
v 0.1423251 0.593755 0.9002783
v 0.1200762 0.6011803 0.9457638
v 0.1211461 0.6072475 0.9002783
v 0.1372784 0.5902213 0.9457638
v 0.1477603 0.5692385 0.9002783
v 0.1372784 0.5902213 0.9457638
v 0.1423251 0.593755 0.9002783
v 0.141693 0.5703083 0.9457638
v 0.1342677 0.5480595 0.9002783
v 0.141693 0.5703083 0.9457638
v 0.1477603 0.5692385 0.9002783
v 0.130734 0.5531061 0.9457638
v 0.1097512 0.5426243 0.9002783
v 0.130734 0.5531061 0.9457638
v 0.1342677 0.5480595 0.9002783
v 0.1108211 0.5486916 0.9457638
v 0.0885722 0.5561168 0.9002783
v 0.1108211 0.5486916 0.9457638
v 0.1097512 0.5426243 0.9002783
v 0.09361888 0.5596505 0.9457638
v 0.08313701 0.5806333 0.9002783
v 0.09361888 0.5596505 0.9457638
v 0.0885722 0.5561168 0.9002783
v 0.08920431 0.5795635 0.9457638
v 0.09662957 0.6018124 0.9002783
v 0.08920431 0.5795635 0.9457638
v 0.08313701 0.5806333 0.9002783
v 0.1001633 0.5967658 0.9457638
v 0.1211461 0.6072475 0.9002783
v 0.1001633 0.5967658 0.9457638
v 0.09662957 0.6018124 0.9002783
v 0.1200762 0.6011803 0.9457638
v 0.1234379 0.58053 0.9756718
v 0.1200762 0.6011803 0.9457638
v 0.1372784 0.5902213 0.9457638
v 0.1171422 0.5845408 0.9756718
v 0.1250535 0.5732423 0.9756718
v 0.1372784 0.5902213 0.9457638
v 0.141693 0.5703083 0.9457638
v 0.1234379 0.58053 0.9756718
v 0.1210428 0.5669468 0.9756718
v 0.141693 0.5703083 0.9457638
v 0.130734 0.5531061 0.9457638
v 0.1250535 0.5732423 0.9756718
v 0.1137551 0.5653311 0.9756718
v 0.130734 0.5531061 0.9457638
v 0.1108211 0.5486916 0.9457638
v 0.1210428 0.5669468 0.9756718
v 0.09361888 0.5596505 0.9457638
v 0.1137551 0.5653311 0.9756718
v 0.1108211 0.5486916 0.9457638
v 0.1074594 0.5693418 0.9756718
v 0.1058438 0.5766295 0.9756718
v 0.09361888 0.5596505 0.9457638
v 0.08920431 0.5795635 0.9457638
v 0.1074594 0.5693418 0.9756718
v 0.1098545 0.5829252 0.9756718
v 0.08920431 0.5795635 0.9457638
v 0.1001633 0.5967658 0.9457638
v 0.1058438 0.5766295 0.9756718
v 0.1171422 0.5845408 0.9756718
v 0.1001633 0.5967658 0.9457638
v 0.1200762 0.6011803 0.9457638
v 0.1098545 0.5829252 0.9756718
v 0.1203317 0.6026289 0.8590107
v 0.1334754 0.5875583 0.8612841
v 0.1192701 0.5966082 0.8612841
v 0.1384834 0.5910649 0.8590107
v 0.1384834 0.5910649 0.8590107
v 0.1371209 0.5711145 0.8612841
v 0.1334754 0.5875583 0.8612841
v 0.1431416 0.5700529 0.8590107
v 0.1431416 0.5700529 0.8590107
v 0.1280711 0.5569093 0.8612841
v 0.1371209 0.5711145 0.8612841
v 0.1315777 0.5519013 0.8590107
v 0.1315777 0.5519013 0.8590107
v 0.1116272 0.5532637 0.8612841
v 0.1280711 0.5569093 0.8612841
v 0.1105656 0.547243 0.8590107
v 0.1105656 0.547243 0.8590107
v 0.09742193 0.5623135 0.8612841
v 0.1116272 0.5532637 0.8612841
v 0.09241395 0.5588068 0.8590107
v 0.09241395 0.5588068 0.8590107
v 0.09377643 0.5787573 0.8612841
v 0.09742193 0.5623135 0.8612841
v 0.08775569 0.579819 0.8590107
v 0.08775569 0.579819 0.8590107
v 0.1028262 0.5929626 0.8612841
v 0.09377643 0.5787573 0.8612841
v 0.0993196 0.5979707 0.8590107
v 0.0993196 0.5979707 0.8590107
v 0.1192701 0.5966082 0.8612841
v 0.1028262 0.5929626 0.8612841
v 0.1203317 0.6026289 0.8590107
v 0.1384834 0.5910649 0.8590107
v 0.1203317 0.6026289 0.8527749
v 0.1384834 0.5910649 0.8527749
v 0.1203317 0.6026289 0.8590107
v 0.1431416 0.5700529 0.8590107
v 0.1384834 0.5910649 0.8527749
v 0.1431416 0.5700529 0.8527749
v 0.1384834 0.5910649 0.8590107
v 0.1315777 0.5519013 0.8590107
v 0.1431416 0.5700529 0.8527749
v 0.1315777 0.5519013 0.8527749
v 0.1431416 0.5700529 0.8590107
v 0.1105656 0.547243 0.8590107
v 0.1315777 0.5519013 0.8527749
v 0.1105656 0.547243 0.8527749
v 0.1315777 0.5519013 0.8590107
v 0.09241395 0.5588068 0.8590107
v 0.1105656 0.547243 0.8527749
v 0.09241395 0.5588068 0.8527749
v 0.1105656 0.547243 0.8590107
v 0.08775569 0.579819 0.8590107
v 0.09241395 0.5588068 0.8527749
v 0.08775569 0.579819 0.8527749
v 0.09241395 0.5588068 0.8590107
v 0.0993196 0.5979707 0.8590107
v 0.08775569 0.579819 0.8527749
v 0.0993196 0.5979707 0.8527749
v 0.08775569 0.579819 0.8590107
v 0.1203317 0.6026289 0.8590107
v 0.0993196 0.5979707 0.8527749
v 0.1203317 0.6026289 0.8527749
v 0.0993196 0.5979707 0.8590107
v 0.1225521 0.6152216 0.7798076
v 0.1387427 0.5912466 0.7825637
v 0.1203867 0.6029407 0.7825637
v 0.1489578 0.5983993 0.7798076
v 0.1489578 0.5983993 0.7798076
v 0.1434535 0.569998 0.7825637
v 0.1387427 0.5912466 0.7825637
v 0.1557343 0.5678325 0.7798076
v 0.1557343 0.5678325 0.7798076
v 0.1317593 0.5516418 0.7825637
v 0.1434535 0.569998 0.7825637
v 0.138912 0.5414268 0.7798076
v 0.138912 0.5414268 0.7798076
v 0.1105106 0.5469311 0.7825637
v 0.1317593 0.5516418 0.7825637
v 0.1083452 0.5346503 0.7798076
v 0.1083452 0.5346503 0.7798076
v 0.09215455 0.5586252 0.7825637
v 0.1105106 0.5469311 0.7825637
v 0.0819395 0.5514726 0.7798076
v 0.0819395 0.5514726 0.7798076
v 0.08744384 0.579874 0.7825637
v 0.09215455 0.5586252 0.7825637
v 0.07516299 0.5820394 0.7798076
v 0.07516299 0.5820394 0.7798076
v 0.09913793 0.5982301 0.7825637
v 0.08744384 0.579874 0.7825637
v 0.0919853 0.6084451 0.7798076
v 0.0919853 0.6084451 0.7798076
v 0.1203867 0.6029407 0.7825637
v 0.09913793 0.5982301 0.7825637
v 0.1225521 0.6152216 0.7798076
v 0.1489578 0.5983993 0.7798076
v 0.1225521 0.6152216 0.7707362
v 0.1489578 0.5983993 0.7707362
v 0.1225521 0.6152216 0.7798076
v 0.1557343 0.5678325 0.7798076
v 0.1489578 0.5983993 0.7707362
v 0.1557343 0.5678325 0.7707362
v 0.1489578 0.5983993 0.7798076
v 0.138912 0.5414268 0.7798076
v 0.1557343 0.5678325 0.7707362
v 0.138912 0.5414268 0.7707362
v 0.1557343 0.5678325 0.7798076
v 0.1083452 0.5346503 0.7798076
v 0.138912 0.5414268 0.7707362
v 0.1083452 0.5346503 0.7707362
v 0.138912 0.5414268 0.7798076
v 0.0819395 0.5514726 0.7798076
v 0.1083452 0.5346503 0.7707362
v 0.0819395 0.5514726 0.7707362
v 0.1083452 0.5346503 0.7798076
v 0.07516299 0.5820394 0.7798076
v 0.0819395 0.5514726 0.7707362
v 0.07516299 0.5820394 0.7707362
v 0.0819395 0.5514726 0.7798076
v 0.0919853 0.6084451 0.7798076
v 0.07516299 0.5820394 0.7707362
v 0.0919853 0.6084451 0.7707362
v 0.07516299 0.5820394 0.7798076
v 0.1225521 0.6152216 0.7798076
v 0.0919853 0.6084451 0.7707362
v 0.1225521 0.6152216 0.7707362
v 0.0919853 0.6084451 0.7798076
v 0.1203867 0.6029407 0.7825637
v 0.1387427 0.5912466 0.7738018
v 0.1203867 0.6029407 0.7738018
v 0.1387427 0.5912466 0.7825637
v 0.1387427 0.5912466 0.7825637
v 0.1434535 0.569998 0.7738018
v 0.1387427 0.5912466 0.7738018
v 0.1434535 0.569998 0.7825637
v 0.1434535 0.569998 0.7825637
v 0.1317593 0.5516418 0.7738018
v 0.1434535 0.569998 0.7738018
v 0.1317593 0.5516418 0.7825637
v 0.1317593 0.5516418 0.7825637
v 0.1105106 0.5469311 0.7738018
v 0.1317593 0.5516418 0.7738018
v 0.1105106 0.5469311 0.7825637
v 0.1105106 0.5469311 0.7825637
v 0.09215457 0.5586252 0.7738018
v 0.1105106 0.5469311 0.7738018
v 0.09215455 0.5586252 0.7825637
v 0.09215455 0.5586252 0.7825637
v 0.08744384 0.579874 0.7738018
v 0.09215457 0.5586252 0.7738018
v 0.08744384 0.579874 0.7825637
v 0.08744384 0.579874 0.7825637
v 0.09913796 0.5982299 0.7738018
v 0.08744384 0.579874 0.7738018
v 0.09913793 0.5982301 0.7825637
v 0.09913793 0.5982301 0.7825637
v 0.1203867 0.6029407 0.7738018
v 0.09913796 0.5982299 0.7738018
v 0.1203867 0.6029407 0.7825637
v 0.1115804 0.5299609 0.827175
v 0.1139656 0.543488 0.7763048
v 0.1130046 0.5380377 0.7763048
v 0.1125414 0.535411 0.827175
v 0.1130689 0.5384027 0.8514637
v 0.1139012 0.5431228 0.8479918
v 0.1060921 0.5448762 0.7763048
v 0.1037069 0.5313491 0.827175
v 0.1051311 0.539426 0.7763048
v 0.1046679 0.5367994 0.827175
v 0.1060277 0.5445111 0.8479918
v 0.1051954 0.5397911 0.8514637
v 0.1125414 0.535411 0.827175
v 0.1060921 0.5448762 0.7763048
v 0.1139656 0.543488 0.7763048
v 0.1046679 0.5367994 0.827175
v 0.1130689 0.5384027 0.8514637
v 0.1077896 0.5503162 0.8589813
v 0.11423 0.5491806 0.8589813
v 0.1051954 0.5397911 0.8514637
v 0.1139012 0.5431228 0.8479918
v 0.1046679 0.5367994 0.827175
v 0.1125414 0.535411 0.827175
v 0.1060277 0.5445111 0.8479918
v 0.1130046 0.5380377 0.7763048
v 0.1037069 0.5313491 0.827175
v 0.1115804 0.5299609 0.827175
v 0.1051311 0.539426 0.7763048
v 0.1115804 0.5299609 0.827175
v 0.1051954 0.5397911 0.8514637
v 0.1130689 0.5384027 0.8514637
v 0.1037069 0.5313491 0.827175
v 0.11423 0.5491806 0.8589813
v 0.1139012 0.5431228 0.8479918
v 0.1130689 0.5384027 0.8514637
v 0.1147353 0.5520462 0.8546304
v 0.1082949 0.553182 0.8546304
v 0.1051954 0.5397911 0.8514637
v 0.1060277 0.5445111 0.8479918
v 0.1077896 0.5503162 0.8589813
v 0.1147353 0.5520462 0.8546304
v 0.1060277 0.5445111 0.8479918
v 0.1139012 0.5431228 0.8479918
v 0.1082949 0.553182 0.8546304
v 1.041932 0.4967998 1.199706
v 0.4647616 0.7872168 1.034561
v 1.041827 0.7872168 1.034561
v 0.4649711 0.4967996 1.199706
v 0.4647616 0.7751196 1.013608
v 1.041827 0.7872168 1.034561
v 0.4647616 0.7872168 1.034561
v 1.041827 0.7751196 1.013608
v 1.041827 0.7751196 1.013608
v 1.041932 0.4967998 1.199706
v 1.041827 0.7872168 1.034561
v 1.041932 0.4915957 1.177301
v 1.041932 0.4915957 1.177301
v 0.4649711 0.4967996 1.199706
v 1.041932 0.4967998 1.199706
v 0.4649711 0.4915956 1.177301
v 0.4649711 0.4915956 1.177301
v 0.4647616 0.7872168 1.034561
v 0.4649711 0.4967996 1.199706
v 0.4647616 0.7751196 1.013608
v 0.4991301 0.509416 0.7634366
v 0.4737321 0.7441229 1.039944
v 0.4991301 0.7570603 1.033041
v 0.473732 0.4964784 0.770339
v 0.473732 0.4964784 0.770339
v 0.4737321 0.7699978 1.026139
v 0.4737321 0.7441229 1.039944
v 0.473732 0.5223535 0.7565342
v 0.473732 0.5223535 0.7565342
v 0.4991301 0.7570603 1.033041
v 0.4737321 0.7699978 1.026139
v 0.4991301 0.509416 0.7634366
v 1.033761 0.509416 0.7634366
v 1.008363 0.7441229 1.039944
v 1.033761 0.7570603 1.033041
v 1.008363 0.4964784 0.770339
v 1.008363 0.4964784 0.770339
v 1.008363 0.7699978 1.026139
v 1.008363 0.7441229 1.039944
v 1.008363 0.5223535 0.7565342
v 1.008363 0.5223535 0.7565342
v 1.033761 0.7570603 1.033041
v 1.008363 0.7699978 1.026139
v 1.033761 0.509416 0.7634366
v 0.6958806 0.5006803 0.7718828
v 1.041932 0.7391146 0.7718828
v 1.041932 0.5006804 0.7718828
v 0.6958806 0.7391145 0.7718828
v -0.1615495 0.5006804 0.7718828
v -0.1617589 0.7391146 0.7718828
v 1.041932 0.5006803 0.7452596
v 0.6958806 0.5006803 0.7718828
v 1.041932 0.5006804 0.7718828
v 0.6958806 0.5006802 0.7452596
v -0.1615495 0.5006804 0.7718828
v -0.1615495 0.5006804 0.7452596
v -0.1617589 0.7391146 0.7718828
v -0.1615495 0.5006804 0.7452596
v -0.1617589 0.7391146 0.7452598
v -0.1615495 0.5006804 0.7718828
v 1.041932 0.5006804 0.7718828
v 1.041932 0.7391146 0.7452596
v 1.041932 0.5006803 0.7452596
v 1.041932 0.7391146 0.7718828
v 1.041932 0.7391146 0.7718828
v 0.6958806 0.7391145 0.7452598
v 1.041932 0.7391146 0.7452596
v 0.6958806 0.7391145 0.7718828
v -0.1617589 0.7391146 0.7452598
v -0.1617589 0.7391146 0.7718828
v 0.8233504 0.7682461 1.028507
v 0.8848729 0.7682461 0.9587867
v 0.8848729 0.7682461 1.028507
v 0.8233504 0.7682461 0.9587867
v 0.8808607 0.7682461 0.9049003
v 0.7618278 0.7682461 1.028507
v 0.8233504 0.7682461 0.8890668
v 0.7618278 0.7682461 0.9587867
v 0.76584 0.7682461 0.9049003
v 0.6867366 0.7682461 1.028507
v 0.7482591 0.7682461 0.9587867
v 0.7482591 0.7682461 1.028507
v 0.6867366 0.7682461 0.9587867
v 0.744247 0.7682461 0.9049003
v 0.6252141 0.7682461 1.028507
v 0.6867366 0.7682461 0.8890668
v 0.6252141 0.7682461 0.9587867
v 0.6292263 0.7682461 0.9049003
v 0.550123 0.7682461 1.028507
v 0.6116456 0.7682461 0.9587867
v 0.6116456 0.7682461 1.028507
v 0.550123 0.7682461 0.9587867
v 0.6076334 0.7682461 0.9049003
v 0.4886005 0.7682461 1.028507
v 0.550123 0.7682461 0.8890668
v 0.4886005 0.7682461 0.9587867
v 0.4926127 0.7682461 0.9049003
v 0.9599639 0.7682461 1.028507
v 1.021486 0.7682461 0.9587867
v 1.021486 0.7682461 1.028507
v 0.9599639 0.7682461 0.9587867
v 1.017474 0.7682461 0.9049003
v 0.8984414 0.7682461 1.028507
v 0.9599639 0.7682461 0.8890668
v 0.8984414 0.7682461 0.9587867
v 0.9024535 0.7682461 0.9049003
v 0.6218956 0.2763157 0.7796026
v 0.6529927 0.269699 0.7912601
v 0.6252584 0.26543 0.7769943
v 0.6501665 0.2806672 0.7941445
v 0.6111588 0.2793107 0.7495129
v 0.6252584 0.26543 0.7769943
v 0.6147255 0.2683682 0.7474758
v 0.6218956 0.2763157 0.7796026
v 0.6242455 0.2878978 0.7215014
v 0.6147255 0.2683682 0.7474758
v 0.6275639 0.2767923 0.7199961
v 0.6111588 0.2793107 0.7495129
v 0.6534898 0.2970468 0.711977
v 0.6275639 0.2767923 0.7199961
v 0.656253 0.2857677 0.7106525
v 0.6242455 0.2878978 0.7215014
v 0.6817606 0.3013983 0.7265189
v 0.656253 0.2857677 0.7106525
v 0.6839871 0.2900366 0.7249184
v 0.6534898 0.2970468 0.711977
v 0.6924974 0.2984032 0.7566085
v 0.6839871 0.2900366 0.7249184
v 0.69452 0.2870984 0.7544368
v 0.6817606 0.3013983 0.7265189
v 0.6794107 0.2898162 0.78462
v 0.69452 0.2870984 0.7544368
v 0.6816818 0.2786743 0.7819166
v 0.6924974 0.2984032 0.7566085
v 0.6501665 0.2806672 0.7941445
v 0.6816818 0.2786743 0.7819166
v 0.6529927 0.269699 0.7912601
v 0.6794107 0.2898162 0.78462
v 0.679498 0.1761512 0.7391412
v 0.6455328 0.2491108 0.7597707
v 0.6594453 0.2512522 0.766927
v 0.6745892 0.1753956 0.7366164
v 0.6745892 0.1753956 0.7366164
v 0.6402491 0.2505847 0.744963
v 0.6455328 0.2491108 0.7597707
v 0.6727249 0.1759156 0.7313917
v 0.6727249 0.1759156 0.7313917
v 0.6466893 0.2548105 0.7311781
v 0.6402491 0.2505847 0.744963
v 0.6749972 0.1774067 0.726528
v 0.6749972 0.1774067 0.726528
v 0.6610809 0.259313 0.726491
v 0.6466893 0.2548105 0.7311781
v 0.680075 0.1789952 0.7248743
v 0.680075 0.1789952 0.7248743
v 0.6749935 0.2614543 0.7336473
v 0.6610809 0.259313 0.726491
v 0.6849837 0.1797507 0.7273992
v 0.6849837 0.1797507 0.7273992
v 0.6802772 0.2599805 0.748455
v 0.6749935 0.2614543 0.7336473
v 0.6868481 0.1792307 0.7326238
v 0.6868481 0.1792307 0.7326238
v 0.6738371 0.2557546 0.7622398
v 0.6802772 0.2599805 0.748455
v 0.6845758 0.1777397 0.7374875
v 0.6845758 0.1777397 0.7374875
v 0.6594453 0.2512522 0.766927
v 0.6738371 0.2557546 0.7622398
v 0.679498 0.1761512 0.7391412
v 0.6252584 0.26543 0.7769943
v 0.6594453 0.2512522 0.766927
v 0.6455328 0.2491108 0.7597707
v 0.6529927 0.269699 0.7912601
v 0.6529927 0.269699 0.7912601
v 0.6738371 0.2557546 0.7622398
v 0.6594453 0.2512522 0.766927
v 0.6816818 0.2786743 0.7819166
v 0.6816818 0.2786743 0.7819166
v 0.6802772 0.2599805 0.748455
v 0.6738371 0.2557546 0.7622398
v 0.69452 0.2870984 0.7544368
v 0.69452 0.2870984 0.7544368
v 0.6749935 0.2614543 0.7336473
v 0.6802772 0.2599805 0.748455
v 0.6839871 0.2900366 0.7249184
v 0.6839871 0.2900366 0.7249184
v 0.6610809 0.259313 0.726491
v 0.6749935 0.2614543 0.7336473
v 0.656253 0.2857677 0.7106525
v 0.656253 0.2857677 0.7106525
v 0.6466893 0.2548105 0.7311781
v 0.6610809 0.259313 0.726491
v 0.6275639 0.2767923 0.7199961
v 0.6275639 0.2767923 0.7199961
v 0.6402491 0.2505847 0.744963
v 0.6466893 0.2548105 0.7311781
v 0.6147255 0.2683682 0.7474758
v 0.6147255 0.2683682 0.7474758
v 0.6455328 0.2491108 0.7597707
v 0.6402491 0.2505847 0.744963
v 0.6252584 0.26543 0.7769943
v 0.6745892 0.1753956 0.7366164
v 0.6749972 0.1774067 0.726528
v 0.6727249 0.1759156 0.7313917
v 0.6849837 0.1797507 0.7273992
v 0.680075 0.1789952 0.7248743
v 0.6845758 0.1777397 0.7374875
v 0.679498 0.1761512 0.7391412
v 0.6868481 0.1792307 0.7326238
v 0.6501665 0.2806672 0.7941445
v 0.6275909 0.2822757 0.7744437
v 0.6497152 0.2856812 0.7858241
v 0.6218956 0.2763157 0.7796026
v 0.6218956 0.2763157 0.7796026
v 0.6191884 0.2846196 0.7508958
v 0.6275909 0.2822757 0.7744437
v 0.6111588 0.2793107 0.7495129
v 0.6111588 0.2793107 0.7495129
v 0.6294299 0.2913398 0.7289745
v 0.6191884 0.2846196 0.7508958
v 0.6242455 0.2878978 0.7215014
v 0.6242455 0.2878978 0.7215014
v 0.6523162 0.2984997 0.7215207
v 0.6294299 0.2913398 0.7289745
v 0.6534898 0.2970468 0.711977
v 0.6534898 0.2970468 0.711977
v 0.6744406 0.3019051 0.7329012
v 0.6523162 0.2984997 0.7215207
v 0.6817606 0.3013983 0.7265189
v 0.6817606 0.3013983 0.7265189
v 0.6828431 0.2995612 0.7564489
v 0.6744406 0.3019051 0.7329012
v 0.6924974 0.2984032 0.7566085
v 0.6924974 0.2984032 0.7566085
v 0.6726015 0.292841 0.7783704
v 0.6828431 0.2995612 0.7564489
v 0.6794107 0.2898162 0.78462
v 0.6794107 0.2898162 0.78462
v 0.6497152 0.2856812 0.7858241
v 0.6726015 0.292841 0.7783704
v 0.6501665 0.2806672 0.7941445
v 0.5974562 0.3598442 0.7813783
v 0.6258036 0.3479282 0.7955604
v 0.5990996 0.3485402 0.7789038
v 0.624677 0.3592204 0.7983572
v 0.5900635 0.3646582 0.7505268
v 0.5990996 0.3485402 0.7789038
v 0.5918472 0.3532627 0.748638
v 0.5974562 0.3598442 0.7813783
v 0.6068292 0.3708424 0.7238751
v 0.5918472 0.3532627 0.748638
v 0.6082946 0.3593294 0.7224923
v 0.5900635 0.3646582 0.7505268
v 0.6379322 0.3747742 0.7170355
v 0.6082946 0.3593294 0.7224923
v 0.6388074 0.3631866 0.7157824
v 0.6068292 0.3708424 0.7238751
v 0.665153 0.3741502 0.7340145
v 0.6388074 0.3631866 0.7157824
v 0.6655114 0.3625746 0.7324391
v 0.6379322 0.3747742 0.7170355
v 0.6725459 0.3693363 0.7648659
v 0.6655114 0.3625746 0.7324391
v 0.6727638 0.3578521 0.7627048
v 0.665153 0.3741502 0.7340145
v 0.6557802 0.3631522 0.7915176
v 0.6727638 0.3578521 0.7627048
v 0.6563163 0.3517853 0.7888506
v 0.6725459 0.3693363 0.7648659
v 0.624677 0.3592204 0.7983572
v 0.6563163 0.3517853 0.7888506
v 0.6258036 0.3479282 0.7955604
v 0.6557802 0.3631522 0.7915176
v 0.6401669 0.251199 0.744499
v 0.6176682 0.3289481 0.7632389
v 0.6310639 0.3286411 0.7715945
v 0.6354405 0.2513073 0.741551
v 0.6354405 0.2513073 0.741551
v 0.61403 0.3313172 0.7480564
v 0.6176682 0.3289481 0.7632389
v 0.6341568 0.2521431 0.7361941
v 0.6341568 0.2521431 0.7361941
v 0.6222807 0.3343606 0.7349405
v 0.61403 0.3313172 0.7480564
v 0.6370679 0.253217 0.7315665
v 0.6370679 0.253217 0.7315665
v 0.6375871 0.3362954 0.7315748
v 0.6222807 0.3343606 0.7349405
v 0.6424684 0.2538996 0.7303789
v 0.6424684 0.2538996 0.7303789
v 0.650983 0.3359884 0.7399304
v 0.6375871 0.3362954 0.7315748
v 0.6471948 0.2537913 0.7333271
v 0.6471948 0.2537913 0.7333271
v 0.654621 0.3336194 0.7551129
v 0.650983 0.3359884 0.7399304
v 0.6484785 0.2529555 0.7386838
v 0.6484785 0.2529555 0.7386838
v 0.6463704 0.3305761 0.7682286
v 0.654621 0.3336194 0.7551129
v 0.6455675 0.2518817 0.7433113
v 0.6455675 0.2518817 0.7433113
v 0.6310639 0.3286411 0.7715945
v 0.6463704 0.3305761 0.7682286
v 0.6401669 0.251199 0.744499
v 0.5990996 0.3485402 0.7789038
v 0.6310639 0.3286411 0.7715945
v 0.6176682 0.3289481 0.7632389
v 0.6258036 0.3479282 0.7955604
v 0.6258036 0.3479282 0.7955604
v 0.6463704 0.3305761 0.7682286
v 0.6310639 0.3286411 0.7715945
v 0.6563163 0.3517853 0.7888506
v 0.6563163 0.3517853 0.7888506
v 0.654621 0.3336194 0.7551129
v 0.6463704 0.3305761 0.7682286
v 0.6727638 0.3578521 0.7627048
v 0.6727638 0.3578521 0.7627048
v 0.650983 0.3359884 0.7399304
v 0.654621 0.3336194 0.7551129
v 0.6655114 0.3625746 0.7324391
v 0.6655114 0.3625746 0.7324391
v 0.6375871 0.3362954 0.7315748
v 0.650983 0.3359884 0.7399304
v 0.6388074 0.3631866 0.7157824
v 0.6388074 0.3631866 0.7157824
v 0.6222807 0.3343606 0.7349405
v 0.6375871 0.3362954 0.7315748
v 0.6082946 0.3593294 0.7224923
v 0.6082946 0.3593294 0.7224923
v 0.61403 0.3313172 0.7480564
v 0.6222807 0.3343606 0.7349405
v 0.5918472 0.3532627 0.748638
v 0.5918472 0.3532627 0.748638
v 0.6176682 0.3289481 0.7632389
v 0.61403 0.3313172 0.7480564
v 0.5990996 0.3485402 0.7789038
v 0.6354405 0.2513073 0.741551
v 0.6370679 0.253217 0.7315665
v 0.6341568 0.2521431 0.7361941
v 0.6471948 0.2537913 0.7333271
v 0.6424684 0.2538996 0.7303789
v 0.6455675 0.2518817 0.7433113
v 0.6401669 0.251199 0.744499
v 0.6484785 0.2529555 0.7386838
v 0.624677 0.3592204 0.7983572
v 0.6045243 0.3647247 0.7768181
v 0.625827 0.3642365 0.7901056
v 0.5974562 0.3598442 0.7813783
v 0.5974562 0.3598442 0.7813783
v 0.5987388 0.3684921 0.7526741
v 0.6045243 0.3647247 0.7768181
v 0.5900635 0.3646582 0.7505268
v 0.5900635 0.3646582 0.7505268
v 0.6118594 0.3733318 0.7318168
v 0.5987388 0.3684921 0.7526741
v 0.6068292 0.3708424 0.7238751
v 0.6068292 0.3708424 0.7238751
v 0.6362004 0.3764087 0.7264642
v 0.6118594 0.3733318 0.7318168
v 0.6379322 0.3747742 0.7170355
v 0.6379322 0.3747742 0.7170355
v 0.657503 0.3759205 0.7397517
v 0.6362004 0.3764087 0.7264642
v 0.665153 0.3741502 0.7340145
v 0.665153 0.3741502 0.7340145
v 0.6632885 0.3721532 0.7638956
v 0.657503 0.3759205 0.7397517
v 0.6725459 0.3693363 0.7648659
v 0.6725459 0.3693363 0.7648659
v 0.650168 0.3673134 0.784753
v 0.6632885 0.3721532 0.7638956
v 0.6557802 0.3631522 0.7915176
v 0.6557802 0.3631522 0.7915176
v 0.625827 0.3642365 0.7901056
v 0.650168 0.3673134 0.784753
v 0.624677 0.3592204 0.7983572
v 0.5951841 0.3942506 0.7859752
v 0.6235314 0.3823345 0.8001574
v 0.5968274 0.3829465 0.7835007
v 0.6224048 0.3936269 0.8029541
v 0.5877913 0.3990646 0.7551237
v 0.5968274 0.3829465 0.7835007
v 0.589575 0.3876691 0.753235
v 0.5951841 0.3942506 0.7859752
v 0.604557 0.4052488 0.7284721
v 0.589575 0.3876691 0.753235
v 0.6060225 0.3937359 0.7270892
v 0.5877913 0.3990646 0.7551237
v 0.6356601 0.4091805 0.7216325
v 0.6060225 0.3937359 0.7270892
v 0.6365352 0.397593 0.7203795
v 0.604557 0.4052488 0.7284721
v 0.6628808 0.4085568 0.7386113
v 0.6365352 0.397593 0.7203795
v 0.6632391 0.396981 0.737036
v 0.6356601 0.4091805 0.7216325
v 0.6702737 0.4037428 0.7694628
v 0.6632391 0.396981 0.737036
v 0.6704916 0.3922585 0.7673018
v 0.6628808 0.4085568 0.7386113
v 0.653508 0.3975586 0.7961145
v 0.6704916 0.3922585 0.7673018
v 0.6540442 0.3861917 0.7934476
v 0.6702737 0.4037428 0.7694628
v 0.6224048 0.3936269 0.8029541
v 0.6540442 0.3861917 0.7934476
v 0.6235314 0.3823345 0.8001574
v 0.653508 0.3975586 0.7961145
v 0.6378946 0.2856055 0.7490958
v 0.6153959 0.3633546 0.7678359
v 0.6287917 0.3630477 0.7761915
v 0.6331681 0.2857138 0.7461478
v 0.6331681 0.2857138 0.7461478
v 0.6117578 0.3657237 0.7526532
v 0.6153959 0.3633546 0.7678359
v 0.6318844 0.2865497 0.7407911
v 0.6318844 0.2865497 0.7407911
v 0.6200085 0.368767 0.7395375
v 0.6117578 0.3657237 0.7526532
v 0.6347955 0.2876235 0.7361634
v 0.6347955 0.2876235 0.7361634
v 0.6353149 0.3707018 0.7361716
v 0.6200085 0.368767 0.7395375
v 0.6401961 0.2883061 0.7349758
v 0.6401961 0.2883061 0.7349758
v 0.6487108 0.3703949 0.7445273
v 0.6353149 0.3707018 0.7361716
v 0.6449225 0.2881978 0.7379239
v 0.6449225 0.2881978 0.7379239
v 0.6523488 0.3680259 0.7597099
v 0.6487108 0.3703949 0.7445273
v 0.6462062 0.287362 0.7432808
v 0.6462062 0.287362 0.7432808
v 0.6440982 0.3649825 0.7728255
v 0.6523488 0.3680259 0.7597099
v 0.6432951 0.2862882 0.7479084
v 0.6432951 0.2862882 0.7479084
v 0.6287917 0.3630477 0.7761915
v 0.6440982 0.3649825 0.7728255
v 0.6378946 0.2856055 0.7490958
v 0.5968274 0.3829465 0.7835007
v 0.6287917 0.3630477 0.7761915
v 0.6153959 0.3633546 0.7678359
v 0.6235314 0.3823345 0.8001574
v 0.6235314 0.3823345 0.8001574
v 0.6440982 0.3649825 0.7728255
v 0.6287917 0.3630477 0.7761915
v 0.6540442 0.3861917 0.7934476
v 0.6540442 0.3861917 0.7934476
v 0.6523488 0.3680259 0.7597099
v 0.6440982 0.3649825 0.7728255
v 0.6704916 0.3922585 0.7673018
v 0.6704916 0.3922585 0.7673018
v 0.6487108 0.3703949 0.7445273
v 0.6523488 0.3680259 0.7597099
v 0.6632391 0.396981 0.737036
v 0.6632391 0.396981 0.737036
v 0.6353149 0.3707018 0.7361716
v 0.6487108 0.3703949 0.7445273
v 0.6365352 0.397593 0.7203795
v 0.6365352 0.397593 0.7203795
v 0.6200085 0.368767 0.7395375
v 0.6353149 0.3707018 0.7361716
v 0.6060225 0.3937359 0.7270892
v 0.6060225 0.3937359 0.7270892
v 0.6117578 0.3657237 0.7526532
v 0.6200085 0.368767 0.7395375
v 0.589575 0.3876691 0.753235
v 0.589575 0.3876691 0.753235
v 0.6153959 0.3633546 0.7678359
v 0.6117578 0.3657237 0.7526532
v 0.5968274 0.3829465 0.7835007
v 0.6331681 0.2857138 0.7461478
v 0.6347955 0.2876235 0.7361634
v 0.6318844 0.2865497 0.7407911
v 0.6449225 0.2881978 0.7379239
v 0.6401961 0.2883061 0.7349758
v 0.6432951 0.2862882 0.7479084
v 0.6378946 0.2856055 0.7490958
v 0.6462062 0.287362 0.7432808
v 0.6224048 0.3936269 0.8029541
v 0.6022521 0.3991311 0.781415
v 0.6235548 0.398643 0.7947025
v 0.5951841 0.3942506 0.7859752
v 0.5951841 0.3942506 0.7859752
v 0.5964666 0.4028986 0.7572711
v 0.6022521 0.3991311 0.781415
v 0.5877913 0.3990646 0.7551237
v 0.5877913 0.3990646 0.7551237
v 0.6095873 0.4077382 0.7364137
v 0.5964666 0.4028986 0.7572711
v 0.604557 0.4052488 0.7284721
v 0.604557 0.4052488 0.7284721
v 0.6339282 0.4108152 0.7310611
v 0.6095873 0.4077382 0.7364137
v 0.6356601 0.4091805 0.7216325
v 0.6356601 0.4091805 0.7216325
v 0.6552309 0.4103271 0.7443488
v 0.6339282 0.4108152 0.7310611
v 0.6628808 0.4085568 0.7386113
v 0.6628808 0.4085568 0.7386113
v 0.6610163 0.4065597 0.7684926
v 0.6552309 0.4103271 0.7443488
v 0.6702737 0.4037428 0.7694628
v 0.6702737 0.4037428 0.7694628
v 0.6478958 0.40172 0.7893499
v 0.6610163 0.4065597 0.7684926
v 0.653508 0.3975586 0.7961145
v 0.653508 0.3975586 0.7961145
v 0.6235548 0.398643 0.7947025
v 0.6478958 0.40172 0.7893499
v 0.6224048 0.3936269 0.8029541
v 0.5913014 0.4242959 0.7908286
v 0.6200861 0.4135627 0.8050745
v 0.593641 0.4131986 0.7880026
v 0.6182581 0.4246669 0.8082308
v 0.5840955 0.4297372 0.7600373
v 0.593641 0.4131986 0.7880026
v 0.5865718 0.4185367 0.7577958
v 0.5913014 0.4242959 0.7908286
v 0.6008615 0.4378034 0.7338938
v 0.5865718 0.4185367 0.7577958
v 0.6030197 0.4264498 0.7321487
v 0.5840955 0.4297372 0.7600373
v 0.6317782 0.4437695 0.7277129
v 0.6030197 0.4264498 0.7321487
v 0.6333494 0.4323026 0.726085
v 0.6008615 0.4378034 0.7338938
v 0.658735 0.4441405 0.745115
v 0.6333494 0.4323026 0.726085
v 0.6597946 0.4326667 0.7431569
v 0.6317782 0.4437695 0.7277129
v 0.665941 0.4386993 0.7759063
v 0.6597946 0.4326667 0.7431569
v 0.6668637 0.4273287 0.7733636
v 0.658735 0.4441405 0.745115
v 0.6491749 0.430633 0.8020498
v 0.6668637 0.4273287 0.7733636
v 0.650416 0.4194155 0.7990107
v 0.665941 0.4386993 0.7759063
v 0.6182581 0.4246669 0.8082308
v 0.650416 0.4194155 0.7990107
v 0.6200861 0.4135627 0.8050745
v 0.6491749 0.430633 0.8020498
v 0.6408474 0.3196565 0.751031
v 0.6135554 0.3952722 0.772
v 0.6268213 0.3954548 0.7805638
v 0.6361668 0.3195921 0.7480096
v 0.6361668 0.3195921 0.7480096
v 0.6100092 0.3979499 0.7568471
v 0.6135554 0.3952722 0.772
v 0.6349156 0.3205369 0.7426631
v 0.6349156 0.3205369 0.7426631
v 0.61826 0.4019195 0.7439814
v 0.6100092 0.3979499 0.7568471
v 0.6378267 0.3219375 0.7381238
v 0.6378267 0.3219375 0.7381238
v 0.6334747 0.4048556 0.7409397
v 0.61826 0.4019195 0.7439814
v 0.6431949 0.3229734 0.7370505
v 0.6431949 0.3229734 0.7370505
v 0.6467406 0.4050382 0.7495037
v 0.6334747 0.4048556 0.7409397
v 0.6478755 0.3230377 0.7400721
v 0.6478755 0.3230377 0.7400721
v 0.6502868 0.4023604 0.7646566
v 0.6467406 0.4050382 0.7495037
v 0.6491267 0.322093 0.7454185
v 0.6491267 0.322093 0.7454185
v 0.642036 0.3983909 0.7775221
v 0.6502868 0.4023604 0.7646566
v 0.6462156 0.3206924 0.7499579
v 0.6462156 0.3206924 0.7499579
v 0.6268213 0.3954548 0.7805638
v 0.642036 0.3983909 0.7775221
v 0.6408474 0.3196565 0.751031
v 0.593641 0.4131986 0.7880026
v 0.6268213 0.3954548 0.7805638
v 0.6135554 0.3952722 0.772
v 0.6200861 0.4135627 0.8050745
v 0.6200861 0.4135627 0.8050745
v 0.642036 0.3983909 0.7775221
v 0.6268213 0.3954548 0.7805638
v 0.650416 0.4194155 0.7990107
v 0.650416 0.4194155 0.7990107
v 0.6502868 0.4023604 0.7646566
v 0.642036 0.3983909 0.7775221
v 0.6668637 0.4273287 0.7733636
v 0.6668637 0.4273287 0.7733636
v 0.6467406 0.4050382 0.7495037
v 0.6502868 0.4023604 0.7646566
v 0.6597946 0.4326667 0.7431569
v 0.6597946 0.4326667 0.7431569
v 0.6334747 0.4048556 0.7409397
v 0.6467406 0.4050382 0.7495037
v 0.6333494 0.4323026 0.726085
v 0.6333494 0.4323026 0.726085
v 0.61826 0.4019195 0.7439814
v 0.6334747 0.4048556 0.7409397
v 0.6030197 0.4264498 0.7321487
v 0.6030197 0.4264498 0.7321487
v 0.6100092 0.3979499 0.7568471
v 0.61826 0.4019195 0.7439814
v 0.5865718 0.4185367 0.7577958
v 0.5865718 0.4185367 0.7577958
v 0.6135554 0.3952722 0.772
v 0.6100092 0.3979499 0.7568471
v 0.593641 0.4131986 0.7880026
v 0.6361668 0.3195921 0.7480096
v 0.6378267 0.3219375 0.7381238
v 0.6349156 0.3205369 0.7426631
v 0.6478755 0.3230377 0.7400721
v 0.6431949 0.3229734 0.7370505
v 0.6462156 0.3206924 0.7499579
v 0.6408474 0.3196565 0.751031
v 0.6491267 0.322093 0.7454185
v 0.6182581 0.4246669 0.8082308
v 0.5981377 0.4297336 0.7865546
v 0.6192338 0.430024 0.8001733
v 0.5913014 0.4242959 0.7908286
v 0.5913014 0.4242959 0.7908286
v 0.5924984 0.4339919 0.7624577
v 0.5981377 0.4297336 0.7865546
v 0.5840955 0.4297372 0.7600373
v 0.5840955 0.4297372 0.7600373
v 0.6056193 0.4403044 0.7419981
v 0.5924984 0.4339919 0.7624577
v 0.6008615 0.4378034 0.7338938
v 0.6008615 0.4378034 0.7338938
v 0.6298144 0.4449734 0.7371609
v 0.6056193 0.4403044 0.7419981
v 0.6317782 0.4437695 0.7277129
v 0.6317782 0.4437695 0.7277129
v 0.6509106 0.4452639 0.7507797
v 0.6298144 0.4449734 0.7371609
v 0.658735 0.4441405 0.745115
v 0.658735 0.4441405 0.745115
v 0.65655 0.4410056 0.7748765
v 0.6509106 0.4452639 0.7507797
v 0.665941 0.4386993 0.7759063
v 0.665941 0.4386993 0.7759063
v 0.6434289 0.434693 0.7953361
v 0.65655 0.4410056 0.7748765
v 0.6491749 0.430633 0.8020498
v 0.6491749 0.430633 0.8020498
v 0.6192338 0.430024 0.8001733
v 0.6434289 0.434693 0.7953361
v 0.6182581 0.4246669 0.8082308
v 1.258025 -0.3377894 0.2566889
v 1.184018 -0.337715 0.2300657
v 1.184018 -0.337715 0.2566889
v 1.258025 -0.3377894 0.2300658
v 1.294502 -0.3044209 0.2566889
v 1.258025 -0.3377894 0.2300658
v 1.258025 -0.3377894 0.2566889
v 1.294502 -0.3044209 0.2300658
v 1.184018 -0.337715 0.2566889
v 1.294502 -0.3044209 0.2566889
v 1.258025 -0.3377894 0.2566889
v 1.294502 -0.08528335 0.2566889
v 1.184018 -0.08528332 0.2566889
v 1.184018 0.1671483 0.2566889
v 1.294502 0.1338543 0.2566889
v 1.258025 0.1672227 0.2566889
v 1.294502 -0.3044209 0.2566889
v 1.294502 -0.08528335 0.2300658
v 1.294502 -0.3044209 0.2300658
v 1.294502 -0.08528335 0.2566889
v 1.294502 0.1338543 0.2566889
v 1.294502 0.1338543 0.2300658
v -1.257724 -0.4543367 0.6618286
v -1.257573 -0.4200132 0.6967006
v -1.257591 -0.4543518 0.6967006
v -1.257707 -0.4200823 0.6618286
v -1.257573 -0.08528304 0.6967006
v -1.257707 -0.08528304 0.6618286
v -1.257707 0.2495162 0.6618286
v -1.257573 0.2494471 0.6967006
v -1.257724 0.2837707 0.6618286
v -1.257591 0.2837857 0.6967006
v -1.257591 -0.4543518 0.6967006
v -1.2391 -0.4200132 0.6967006
v -1.239411 -0.4543518 0.6967006
v -1.257573 -0.4200132 0.6967006
v -1.239099 -0.08528304 0.6967006
v -1.257573 -0.08528304 0.6967006
v -1.257573 0.2494471 0.6967006
v -1.2391 0.2494471 0.6967006
v -1.257591 0.2837857 0.6967006
v -1.239411 0.2837857 0.6967006
v -0.7092733 -0.678548 0.7938814
v -0.5870654 -0.678548 0.8291627
v -0.5870654 -0.678548 0.7938814
v -0.7092733 -0.678548 0.8291627
v -0.7092733 -0.6685777 0.7938814
v -0.5870654 -0.678548 0.7938814
v -0.5870654 -0.6685777 0.7938814
v -0.7092733 -0.678548 0.7938814
v -0.5870654 -0.6685777 0.7938814
v -0.5870654 -0.678548 0.8291627
v -0.5870654 -0.6685777 0.8291627
v -0.5870654 -0.678548 0.7938814
v -0.5870654 -0.6685777 0.8291627
v -0.7092733 -0.678548 0.8291627
v -0.7092733 -0.6685777 0.8291627
v -0.5870654 -0.678548 0.8291627
v -0.7092733 -0.6685777 0.8291627
v -0.7092733 -0.678548 0.7938814
v -0.7092733 -0.6685777 0.7938814
v -0.7092733 -0.678548 0.8291627
v 1.258025 0.1672227 0.2566889
v 1.184018 0.1671483 0.2300657
v 1.258025 0.1672227 0.2300658
v 1.184018 0.1671483 0.2566889
v 1.294502 0.1338543 0.2566889
v 1.258025 0.1672227 0.2300658
v 1.294502 0.1338543 0.2300658
v 1.258025 0.1672227 0.2566889
v -0.709273 0.5079818 0.7938814
v -0.5870652 0.5079818 0.8291627
v -0.709273 0.5079818 0.8291627
v -0.5870652 0.5079818 0.7938814
v -0.709273 0.4980115 0.7938814
v -0.5870652 0.5079818 0.7938814
v -0.709273 0.5079818 0.7938814
v -0.5870652 0.4980115 0.7938814
v -0.5870652 0.4980115 0.7938814
v -0.5870652 0.5079818 0.8291627
v -0.5870652 0.5079818 0.7938814
v -0.5870652 0.4980115 0.8291627
v -0.5870652 0.4980115 0.8291627
v -0.709273 0.5079818 0.8291627
v -0.5870652 0.5079818 0.8291627
v -0.709273 0.4980115 0.8291627
v -0.709273 0.4980115 0.8291627
v -0.709273 0.5079818 0.7938814
v -0.709273 0.5079818 0.8291627
v -0.709273 0.4980115 0.7938814
v -0.1509253 0.4945121 0.7311543
v 0.1446186 0.1023943 0.7311543
v -0.1509253 0.1023943 0.7311543
v 0.1446186 0.4945121 0.7311543
v 0.4401625 0.1023943 0.7311543
v 0.4401626 0.494512 0.7311543
v 0.7357063 0.1023943 0.7311543
v 0.7357064 0.494512 0.7311543
v 1.03125 0.1023942 0.7311543
v 1.03125 0.494512 0.7311543
v -0.1509253 0.1023943 0.7311543
v 0.1446186 0.1023943 0.4697595
v -0.1509253 0.1023943 0.4697595
v 0.1446186 0.1023943 0.7311543
v 0.4401625 0.1023943 0.4697595
v 0.4401625 0.1023943 0.7311543
v 0.7357063 0.1023943 0.4697595
v 0.7357063 0.1023943 0.7311543
v 1.03125 0.1023942 0.4697595
v 1.03125 0.1023942 0.7311543
v 1.03125 0.1023942 0.4697595
v 1.03125 0.494512 0.7311543
v 1.03125 0.494512 0.4697595
v 1.03125 0.1023942 0.7311543
v 0.7221267 0.1406719 0.7979876
v 0.8969194 0.4544307 0.7979876
v 0.8969194 0.1406719 0.7979876
v 0.7221267 0.4544308 0.7979876
v 0.69713 0.1406719 0.7683284
v 0.9219161 0.1406719 0.7292214
v 0.69713 0.1406719 0.7292214
v 0.9219161 0.1406719 0.7683284
v 0.8969194 0.1406719 0.7979876
v 0.7221267 0.1406719 0.7979876
v 0.9219161 0.4544308 0.7292214
v 0.9219161 0.1406719 0.7683284
v 0.9219161 0.4544308 0.7683284
v 0.9219161 0.1406719 0.7292214
v 0.9219161 0.4544308 0.7683284
v 0.6971299 0.4544308 0.7292214
v 0.9219161 0.4544308 0.7292214
v 0.6971299 0.4544308 0.7683284
v 0.7221267 0.4544308 0.7979876
v 0.8969194 0.4544307 0.7979876
v 0.69713 0.1406719 0.7292214
v 0.6971299 0.4544308 0.7683284
v 0.69713 0.1406719 0.7683284
v 0.6971299 0.4544308 0.7292214
v 0.8969194 0.4544307 0.7979876
v 0.9219161 0.1406719 0.7683284
v 0.8969194 0.1406719 0.7979876
v 0.9219161 0.4544308 0.7683284
v 0.7221267 0.1406719 0.7979876
v 0.6971299 0.4544308 0.7683284
v 0.7221267 0.4544308 0.7979876
v 0.69713 0.1406719 0.7683284
v 0.6054826 0.3039531 0.7290096
v 0.5569255 0.4211814 0.7553442
v 0.5569255 0.4211814 0.7290096
v 0.6054826 0.3039531 0.7553442
v 0.5569255 0.4211814 0.7290096
v 0.4396979 0.469738 0.7553442
v 0.4396979 0.469738 0.7290096
v 0.5569255 0.4211814 0.7553442
v 0.4396979 0.469738 0.7290096
v 0.3224703 0.4211813 0.7553442
v 0.3224703 0.4211813 0.7290096
v 0.4396979 0.469738 0.7553442
v 0.3224703 0.4211813 0.7290096
v 0.2739131 0.303953 0.7553442
v 0.2739131 0.303953 0.7290096
v 0.3224703 0.4211813 0.7553442
v 0.2739131 0.303953 0.7290096
v 0.3224703 0.1867256 0.7553442
v 0.3224703 0.1867256 0.7290096
v 0.2739131 0.303953 0.7553442
v 0.3224703 0.1867256 0.7290096
v 0.4396979 0.1381684 0.7553442
v 0.4396979 0.1381684 0.7290096
v 0.3224703 0.1867256 0.7553442
v 0.4396979 0.1381684 0.7290096
v 0.5569255 0.1867256 0.7553442
v 0.5569255 0.1867256 0.7290096
v 0.4396979 0.1381684 0.7553442
v 0.5569255 0.1867256 0.7290096
v 0.6054826 0.3039531 0.7553442
v 0.6054826 0.3039531 0.7290096
v 0.5569255 0.1867256 0.7553442
v 0.6054826 0.3039531 0.7553442
v 0.4396979 0.469738 0.7553442
v 0.5569255 0.4211814 0.7553442
v 0.4396979 0.1381684 0.7553442
v 0.5569255 0.1867256 0.7553442
v 0.2739131 0.303953 0.7553442
v 0.3224703 0.1867256 0.7553442
v 0.3224703 0.4211813 0.7553442
v 0.07023989 0.4691074 0.7290096
v -0.05077438 0.4309521 0.7553442
v -0.05077438 0.4309521 0.7290096
v 0.07023989 0.4691074 0.7553442
v -0.05077438 0.4309521 0.7290096
v -0.1093634 0.3184024 0.7553442
v -0.1093634 0.3184024 0.7290096
v -0.05077438 0.4309521 0.7553442
v -0.1093634 0.3184024 0.7290096
v -0.07120853 0.1973889 0.7553442
v -0.07120853 0.1973889 0.7290096
v -0.1093634 0.3184024 0.7553442
v -0.07120853 0.1973889 0.7290096
v 0.0413417 0.1387994 0.7553442
v 0.0413417 0.1387994 0.7290096
v -0.07120853 0.1973889 0.7553442
v 0.0413417 0.1387994 0.7290096
v 0.162355 0.1769549 0.7553442
v 0.162355 0.1769549 0.7290096
v 0.0413417 0.1387994 0.7553442
v 0.162355 0.1769549 0.7290096
v 0.2209445 0.2895043 0.7553442
v 0.2209445 0.2895043 0.7290096
v 0.162355 0.1769549 0.7553442
v 0.2209445 0.2895043 0.7290096
v 0.1827891 0.4105179 0.7553442
v 0.1827891 0.4105179 0.7290096
v 0.2209445 0.2895043 0.7553442
v 0.1827891 0.4105179 0.7290096
v 0.07023989 0.4691074 0.7553442
v 0.07023989 0.4691074 0.7290096
v 0.1827891 0.4105179 0.7553442
v 0.07023989 0.4691074 0.7553442
v -0.1093634 0.3184024 0.7553442
v -0.05077438 0.4309521 0.7553442
v 0.2209445 0.2895043 0.7553442
v 0.1827891 0.4105179 0.7553442
v 0.0413417 0.1387994 0.7553442
v 0.162355 0.1769549 0.7553442
v -0.07120853 0.1973889 0.7553442
v -1.26051 -0.6425757 0.7232959
v -1.192454 -0.6471831 0.5952048
v -1.26051 -0.6425757 0.5965499
v -1.193226 -0.6471541 0.7641016
v -1.221474 -0.6452305 0.7634022
v -1.26051 -0.4533058 0.5965499
v -1.25066 -0.451815 0.764078
v -1.26051 -0.4533058 0.7624344
v -1.25172 -0.4517324 0.5953707
v -1.277401 -0.4990884 0.6779711
v -1.258688 -0.511951 0.6265659
v -1.258688 -0.4906583 0.6779711
v -1.277401 -0.517912 0.632527
v -1.258688 -0.5633561 0.6052734
v -1.277401 -0.517912 0.632527
v -1.277401 -0.5633561 0.6137034
v -1.258688 -0.511951 0.6265659
v -1.277401 -0.6088002 0.632527
v -1.258688 -0.5633561 0.6052734
v -1.277401 -0.5633561 0.6137034
v -1.258688 -0.6147612 0.6265659
v -1.277401 -0.6276238 0.6779711
v -1.258688 -0.6147612 0.6265659
v -1.277401 -0.6088002 0.632527
v -1.258688 -0.6360539 0.6779711
v -1.258688 -0.6147611 0.7293761
v -1.277401 -0.6276238 0.6779711
v -1.277401 -0.6088002 0.7234152
v -1.258688 -0.6360539 0.6779711
v -1.258688 -0.5633561 0.7506688
v -1.277401 -0.6088002 0.7234152
v -1.277401 -0.5633561 0.7422388
v -1.258688 -0.6147611 0.7293761
v -1.277401 -0.5179119 0.7234152
v -1.258688 -0.5633561 0.7506688
v -1.277401 -0.5633561 0.7422388
v -1.258688 -0.511951 0.7293762
v -1.277401 -0.4990884 0.6779711
v -1.258688 -0.511951 0.7293762
v -1.277401 -0.5179119 0.7234152
v -1.258688 -0.4906583 0.6779711
v -1.258688 -0.5633561 0.6052734
v -1.26051 -0.6425757 0.5965499
v -1.26051 -0.6008869 0.5965499
v -1.26051 -0.4533058 0.5965499
v -1.26051 -0.6425757 0.5965499
v -1.258688 -0.6147612 0.6265659
v -1.258688 -0.6360539 0.6779711
v -1.258688 -0.5633561 0.6052734
v -1.26051 -0.4533058 0.5965499
v -1.258688 -0.511951 0.6265659
v -1.258688 -0.4906583 0.6779711
v -1.26051 -0.4533058 0.5965499
v -1.26051 -0.4533058 0.7624344
v -1.258688 -0.511951 0.7293762
v -1.258688 -0.5633561 0.7506688
v 1.195066 -0.5021623 0.442794
v 1.210775 -0.4878505 0.4531922
v 1.210775 -0.5021623 0.442794
v 1.195066 -0.4878505 0.4531922
v 1.195066 -0.4966957 0.4259694
v 1.210775 -0.5021623 0.442794
v 1.210775 -0.4966957 0.4259694
v 1.195066 -0.5021623 0.442794
v 1.195066 -0.4790052 0.4259694
v 1.210775 -0.4966957 0.4259694
v 1.210775 -0.4790052 0.4259694
v 1.195066 -0.4966957 0.4259694
v 1.195066 -0.4735386 0.442794
v 1.210775 -0.4790052 0.4259694
v 1.210775 -0.4735386 0.442794
v 1.195066 -0.4790052 0.4259694
v 1.195066 -0.4878505 0.4531922
v 1.210775 -0.4735386 0.442794
v 1.210775 -0.4878505 0.4531922
v 1.195066 -0.4735386 0.442794
v 1.224 -0.481885 0.4299331
v 1.224 -0.4878505 0.4482928
v 1.224 -0.4781982 0.44128
v 1.224 -0.4975027 0.44128
v 1.224 -0.4938159 0.4299331
v 1.224 -0.4975027 0.44128
v 1.210775 -0.4878505 0.4531922
v 1.224 -0.4878505 0.4482928
v 1.210775 -0.5021623 0.442794
v 1.224 -0.4938159 0.4299331
v 1.210775 -0.5021623 0.442794
v 1.224 -0.4975027 0.44128
v 1.210775 -0.4966957 0.4259694
v 1.224 -0.481885 0.4299331
v 1.210775 -0.4966957 0.4259694
v 1.224 -0.4938159 0.4299331
v 1.210775 -0.4790052 0.4259694
v 1.224 -0.4781982 0.44128
v 1.210775 -0.4790052 0.4259694
v 1.224 -0.481885 0.4299331
v 1.210775 -0.4735386 0.442794
v 1.224 -0.4878505 0.4482928
v 1.210775 -0.4735386 0.442794
v 1.224 -0.4781982 0.44128
v 1.210775 -0.4878505 0.4531922
v 1.195066 -0.5021623 0.3617604
v 1.210775 -0.4878505 0.3721586
v 1.210775 -0.5021623 0.3617604
v 1.195066 -0.4878505 0.3721586
v 1.195066 -0.4966957 0.3449358
v 1.210775 -0.5021623 0.3617604
v 1.210775 -0.4966957 0.3449358
v 1.195066 -0.5021623 0.3617604
v 1.195066 -0.4790052 0.3449358
v 1.210775 -0.4966957 0.3449358
v 1.210775 -0.4790052 0.3449358
v 1.195066 -0.4966957 0.3449358
v 1.195066 -0.4735386 0.3617604
v 1.210775 -0.4790052 0.3449358
v 1.210775 -0.4735386 0.3617604
v 1.195066 -0.4790052 0.3449358
v 1.195066 -0.4878505 0.3721586
v 1.210775 -0.4735386 0.3617604
v 1.210775 -0.4878505 0.3721586
v 1.195066 -0.4735386 0.3617604
v 1.224 -0.481885 0.3488995
v 1.224 -0.4878505 0.3672591
v 1.224 -0.4781982 0.3602464
v 1.224 -0.4975027 0.3602464
v 1.224 -0.4938159 0.3488995
v 1.224 -0.4975027 0.3602464
v 1.210775 -0.4878505 0.3721586
v 1.224 -0.4878505 0.3672591
v 1.210775 -0.5021623 0.3617604
v 1.224 -0.4938159 0.3488995
v 1.210775 -0.5021623 0.3617604
v 1.224 -0.4975027 0.3602464
v 1.210775 -0.4966957 0.3449358
v 1.224 -0.481885 0.3488995
v 1.210775 -0.4966957 0.3449358
v 1.224 -0.4938159 0.3488995
v 1.210775 -0.4790052 0.3449358
v 1.224 -0.4781982 0.3602464
v 1.210775 -0.4790052 0.3449358
v 1.224 -0.481885 0.3488995
v 1.210775 -0.4735386 0.3617604
v 1.224 -0.4878505 0.3672591
v 1.210775 -0.4735386 0.3617604
v 1.224 -0.4781982 0.3602464
v 1.210775 -0.4878505 0.3721586
v 1.194499 -0.6847416 0.1526903
v 1.21913 -0.6590117 0.2138594
v 1.21913 -0.6590117 0.1526904
v 1.194499 -0.6847416 0.2138594
v 1.194499 -0.6847416 0.2138594
v 1.113498 -0.6965911 0.1526903
v 1.113497 -0.6966256 0.2138594
v 1.194499 -0.6847416 0.1526903
v 1.21913 -0.6590117 0.2138594
v 1.220137 -0.3539503 0.1526904
v 1.21913 -0.6590117 0.1526904
v 1.220137 -0.3539504 0.2138594
v 1.22016 -0.08528333 0.1526903
v 1.22016 -0.08528333 0.2138594
v 1.220137 0.1833836 0.2138594
v 1.220137 0.1833836 0.1526904
v 1.21913 0.4884451 0.2138594
v 1.21913 0.4884451 0.1526904
v 1.200431 -0.6514699 0.2138594
v 1.186459 -0.6662521 0.1526903
v 1.200431 -0.6514699 0.1526904
v 1.186457 -0.6662528 0.2138624
v 1.113227 -0.6764306 0.1526996
v 1.186457 -0.6662528 0.2138624
v 1.113222 -0.6764652 0.2138742
v 1.186459 -0.6662521 0.1526903
v 1.199975 -0.3539172 0.1526904
v 1.200431 -0.6514699 0.2138594
v 1.200431 -0.6514699 0.1526904
v 1.199975 -0.3539173 0.2138594
v 1.199998 -0.08528333 0.1526903
v 1.199998 -0.08528333 0.2138594
v 1.199975 0.1833506 0.2138594
v 1.199975 0.1833505 0.1526904
v 1.200431 0.4809033 0.2138594
v 1.200431 0.4809033 0.1526904
v 1.194499 -0.6847416 0.1526903
v 1.113227 -0.6764306 0.1526996
v 1.113498 -0.6965911 0.1526903
v 1.186459 -0.6662521 0.1526903
v 1.21913 -0.6590117 0.1526904
v 1.200431 -0.6514699 0.1526904
v 1.220137 -0.3539503 0.1526904
v 1.199975 -0.3539172 0.1526904
v 1.22016 -0.08528333 0.1526903
v 1.199998 -0.08528333 0.1526903
v 1.199975 0.1833505 0.1526904
v 1.220137 0.1833836 0.1526904
v 1.200431 0.4809033 0.1526904
v 1.21913 0.4884451 0.1526904
v 1.186459 0.4956854 0.1526903
v 1.1945 0.5141749 0.1526903
v 1.113227 0.5058641 0.1526996
v 1.113499 0.5260245 0.1526903
v 1.186457 -0.6662528 0.2138624
v 1.113497 -0.6966256 0.2138594
v 1.113222 -0.6764652 0.2138742
v 1.194499 -0.6847416 0.2138594
v 1.200431 -0.6514699 0.2138594
v 1.21913 -0.6590117 0.2138594
v 1.199975 -0.3539173 0.2138594
v 1.220137 -0.3539504 0.2138594
v 1.199998 -0.08528333 0.2138594
v 1.22016 -0.08528333 0.2138594
v 1.220137 0.1833836 0.2138594
v 1.199975 0.1833506 0.2138594
v 1.21913 0.4884451 0.2138594
v 1.200431 0.4809033 0.2138594
v 1.1945 0.5141749 0.2138594
v 1.186457 0.4956861 0.2138624
v 1.113497 0.5260591 0.2138594
v 1.113223 0.5058987 0.2138742
v 1.113222 -0.6764652 0.2138742
v 1.113498 -0.6965911 0.1526903
v 1.113227 -0.6764306 0.1526996
v 1.113497 -0.6966256 0.2138594
v 1.133672 -0.6605891 0.1902075
v 1.169208 -0.6549506 0.245344
v 1.133672 -0.6605891 0.245344
v 1.169208 -0.6549506 0.1902075
v 1.135714 -0.6734566 0.1902075
v 1.171249 -0.6678182 0.245344
v 1.171249 -0.6678182 0.1902075
v 1.135714 -0.6734566 0.245344
v 1.169208 -0.6549506 0.1902075
v 1.171249 -0.6678182 0.245344
v 1.169208 -0.6549506 0.245344
v 1.171249 -0.6678182 0.1902075
v 1.133672 -0.6605891 0.245344
v 1.135714 -0.6734566 0.1902075
v 1.133672 -0.6605891 0.1902075
v 1.135714 -0.6734566 0.245344
v -1.26051 0.4720097 0.7232959
v -1.193226 0.4765893 0.7641016
v -1.221474 0.4746646 0.7634022
v -1.192454 0.4766184 0.5952048
v -1.26051 0.4720097 0.5965499
v -1.26051 0.2827398 0.5965499
v -1.25066 0.2812502 0.764078
v -1.25172 0.2811676 0.5953707
v -1.26051 0.2827398 0.7624344
v -1.2774 0.3285223 0.6779711
v -1.258688 0.3413849 0.6265659
v -1.2774 0.3473459 0.632527
v -1.258688 0.3200923 0.6779711
v -1.258688 0.3927901 0.6052734
v -1.2774 0.3473459 0.632527
v -1.258688 0.3413849 0.6265659
v -1.2774 0.3927901 0.6137034
v -1.2774 0.4382341 0.632527
v -1.258688 0.3927901 0.6052734
v -1.258688 0.4441952 0.6265659
v -1.2774 0.3927901 0.6137034
v -1.2774 0.4570578 0.6779711
v -1.258688 0.4441952 0.6265659
v -1.258688 0.4654878 0.6779711
v -1.2774 0.4382341 0.632527
v -1.258688 0.4441951 0.7293761
v -1.2774 0.4570578 0.6779711
v -1.258688 0.4654878 0.6779711
v -1.2774 0.4382341 0.7234152
v -1.258688 0.39279 0.7506688
v -1.2774 0.4382341 0.7234152
v -1.258688 0.4441951 0.7293761
v -1.2774 0.39279 0.7422388
v -1.2774 0.3473459 0.7234152
v -1.258688 0.39279 0.7506688
v -1.258688 0.3413849 0.7293762
v -1.2774 0.39279 0.7422388
v -1.2774 0.3285223 0.6779711
v -1.258688 0.3413849 0.7293762
v -1.258688 0.3200923 0.6779711
v -1.2774 0.3473459 0.7234152
v -1.26051 0.4720097 0.5965499
v -1.258688 0.3927901 0.6052734
v -1.26051 0.4303208 0.5965499
v -1.26051 0.2827398 0.5965499
v -1.26051 0.4720097 0.5965499
v -1.258688 0.4654878 0.6779711
v -1.258688 0.4441952 0.6265659
v -1.258688 0.3927901 0.6052734
v -1.26051 0.2827398 0.5965499
v -1.258688 0.3413849 0.6265659
v -1.258688 0.3200923 0.6779711
v -1.26051 0.2827398 0.5965499
v -1.26051 0.2827398 0.7624344
v -1.258688 0.3413849 0.7293762
v -1.258688 0.39279 0.7506688
v 1.195066 0.3315956 0.442794
v 1.210775 0.3172838 0.4531922
v 1.195066 0.3172838 0.4531922
v 1.210775 0.3315956 0.442794
v 1.195066 0.326129 0.4259694
v 1.210775 0.3315956 0.442794
v 1.195066 0.3315956 0.442794
v 1.210775 0.326129 0.4259694
v 1.195066 0.3084386 0.4259694
v 1.210775 0.326129 0.4259694
v 1.195066 0.326129 0.4259694
v 1.210775 0.3084386 0.4259694
v 1.195066 0.302972 0.442794
v 1.210775 0.3084386 0.4259694
v 1.195066 0.3084386 0.4259694
v 1.210775 0.3029719 0.442794
v 1.195066 0.3172838 0.4531922
v 1.210775 0.3029719 0.442794
v 1.195066 0.302972 0.442794
v 1.210775 0.3172838 0.4531922
v 1.224 0.3113183 0.4299331
v 1.224 0.326936 0.44128
v 1.224 0.3232492 0.4299331
v 1.224 0.3172838 0.4482928
v 1.224 0.3076315 0.44128
v 1.224 0.326936 0.44128
v 1.210775 0.3172838 0.4531922
v 1.210775 0.3315956 0.442794
v 1.224 0.3172838 0.4482928
v 1.224 0.3232492 0.4299331
v 1.210775 0.3315956 0.442794
v 1.210775 0.326129 0.4259694
v 1.224 0.326936 0.44128
v 1.224 0.3113183 0.4299331
v 1.210775 0.326129 0.4259694
v 1.210775 0.3084386 0.4259694
v 1.224 0.3232492 0.4299331
v 1.224 0.3076315 0.44128
v 1.210775 0.3084386 0.4259694
v 1.210775 0.3029719 0.442794
v 1.224 0.3113183 0.4299331
v 1.224 0.3172838 0.4482928
v 1.210775 0.3029719 0.442794
v 1.210775 0.3172838 0.4531922
v 1.224 0.3076315 0.44128
v 1.195066 0.3315956 0.3617604
v 1.210775 0.3172838 0.3721586
v 1.195066 0.3172838 0.3721586
v 1.210775 0.3315956 0.3617604
v 1.195066 0.326129 0.3449358
v 1.210775 0.3315956 0.3617604
v 1.195066 0.3315956 0.3617604
v 1.210775 0.326129 0.3449358
v 1.195066 0.3084386 0.3449358
v 1.210775 0.326129 0.3449358
v 1.195066 0.326129 0.3449358
v 1.210775 0.3084386 0.3449358
v 1.195066 0.302972 0.3617604
v 1.210775 0.3084386 0.3449358
v 1.195066 0.3084386 0.3449358
v 1.210775 0.3029719 0.3617604
v 1.195066 0.3172838 0.3721586
v 1.210775 0.3029719 0.3617604
v 1.195066 0.302972 0.3617604
v 1.210775 0.3172838 0.3721586
v 1.224 0.3113183 0.3488995
v 1.224 0.326936 0.3602464
v 1.224 0.3232492 0.3488995
v 1.224 0.3172838 0.3672591
v 1.224 0.3076315 0.3602464
v 1.224 0.326936 0.3602464
v 1.210775 0.3172838 0.3721586
v 1.210775 0.3315956 0.3617604
v 1.224 0.3172838 0.3672591
v 1.224 0.3232492 0.3488995
v 1.210775 0.3315956 0.3617604
v 1.210775 0.326129 0.3449358
v 1.224 0.326936 0.3602464
v 1.224 0.3113183 0.3488995
v 1.210775 0.326129 0.3449358
v 1.210775 0.3084386 0.3449358
v 1.224 0.3232492 0.3488995
v 1.224 0.3076315 0.3602464
v 1.210775 0.3084386 0.3449358
v 1.210775 0.3029719 0.3617604
v 1.224 0.3113183 0.3488995
v 1.224 0.3172838 0.3672591
v 1.210775 0.3029719 0.3617604
v 1.210775 0.3172838 0.3721586
v 1.224 0.3076315 0.3602464
v 1.1945 0.5141749 0.1526903
v 1.21913 0.4884451 0.2138594
v 1.1945 0.5141749 0.2138594
v 1.21913 0.4884451 0.1526904
v 1.1945 0.5141749 0.2138594
v 1.113499 0.5260245 0.1526903
v 1.1945 0.5141749 0.1526903
v 1.113497 0.5260591 0.2138594
v 1.200431 0.4809033 0.2138594
v 1.186459 0.4956854 0.1526903
v 1.186457 0.4956861 0.2138624
v 1.200431 0.4809033 0.1526904
v 1.113227 0.5058641 0.1526996
v 1.186457 0.4956861 0.2138624
v 1.186459 0.4956854 0.1526903
v 1.113223 0.5058987 0.2138742
v 1.113223 0.5058987 0.2138742
v 1.113499 0.5260245 0.1526903
v 1.113497 0.5260591 0.2138594
v 1.113227 0.5058641 0.1526996
v 1.133673 0.4900227 0.1902075
v 1.169208 0.4843839 0.245344
v 1.169208 0.4843839 0.1902075
v 1.133673 0.4900227 0.245344
v 1.135714 0.5028902 0.1902075
v 1.17125 0.4972516 0.245344
v 1.135714 0.5028902 0.245344
v 1.17125 0.4972516 0.1902075
v 1.169208 0.4843839 0.1902075
v 1.17125 0.4972516 0.245344
v 1.17125 0.4972516 0.1902075
v 1.169208 0.4843839 0.245344
v 1.133673 0.4900227 0.245344
v 1.135714 0.5028902 0.1902075
v 1.135714 0.5028902 0.245344
v 1.133673 0.4900227 0.1902075
v 1.041995 -0.6536125 1.174491
v 1.041995 -0.3694417 0.7479184
v 1.041995 -0.3694417 1.174492
v 1.041995 -0.6536125 0.7479183
v 1.041995 -0.6536125 0.4775669
v 1.041995 -0.3694417 0.4775669
v 1.041995 -0.6536125 0.7479183
v -0.1620331 -0.6536124 0.4775669
v 1.041995 -0.6536125 0.4775669
v -0.1619691 -0.6536124 0.7479184
v -0.1620331 -0.6536124 0.4775669
v 1.041995 -0.3694417 0.4775669
v 1.041995 -0.6536125 0.4775669
v 1.041995 -0.08528307 0.4775666
v -0.1620328 -0.08528292 0.4775667
v -0.1620325 0.4830466 0.4775665
v 1.041996 0.1988755 0.4775665
v 1.041996 0.4830465 0.4775665
v 1.041995 -0.3694417 0.7479184
v 1.195867 -0.3684222 1.163268
v 1.041995 -0.3694417 1.174492
v 1.195869 -0.3694449 0.6640677
v 1.041995 -0.3694417 0.4775669
v 1.120939 -0.3694395 0.4775678
v 1.20008 -0.3694434 0.3648658
v 1.120938 -0.3694417 0.3648652
v 1.120938 -0.08528308 0.3648649
v 1.20008 -0.3694434 0.3648658
v 1.120938 -0.3694417 0.3648652
v 1.200079 -0.08528309 0.3648649
v 1.20008 0.1988772 0.3648655
v 1.120939 0.1988755 0.3648647
v 1.20008 -0.3694434 0.3648658
v 1.195868 -0.08528309 0.2763437
v 1.195868 -0.3694449 0.2763954
v 1.200079 -0.08528309 0.3648649
v 1.20008 0.1988772 0.3648655
v 1.195869 0.1988787 0.2763949
v -0.161486 -0.08528292 1.174504
v -0.1619691 -0.6536124 0.7479184
v -0.1614864 -0.6536124 1.174504
v -0.161905 -0.08528292 0.7479182
v -0.1620328 -0.08528292 0.4775667
v -0.1620331 -0.6536124 0.4775669
v -0.1619685 0.4830466 0.747918
v -0.1614857 0.4830466 1.174504
v -0.1620325 0.4830466 0.4775665
v 1.041995 -0.3694417 0.4775669
v 1.120938 -0.08528308 0.4775666
v 1.120939 -0.3694395 0.4775678
v 1.041995 -0.08528307 0.4775666
v 1.041996 0.1988755 0.4775665
v 1.12094 0.1988733 0.4775674
v 1.041996 0.1988755 0.747918
v 1.041996 0.4830465 1.174491
v 1.041996 0.1988755 1.174491
v 1.041996 0.4830465 0.747918
v 1.041996 0.4830465 0.4775665
v 1.041996 0.1988755 0.4775665
v 1.041996 0.4830465 0.747918
v -0.1620325 0.4830466 0.4775665
v -0.1619685 0.4830466 0.747918
v 1.041996 0.4830465 0.4775665
v 1.195868 0.197856 1.163268
v 1.041996 0.1988755 0.747918
v 1.041996 0.1988755 1.174491
v 1.195869 0.1988787 0.6640674
v 1.041996 0.1988755 0.4775665
v 1.12094 0.1988733 0.4775674
v 1.20008 0.1988772 0.3648655
v 1.120939 0.1988755 0.3648647
v -0.9816169 -0.6207325 0.9764515
v -1.011322 -0.6300923 0.9080344
v -1.010982 -0.6223843 0.9188931
v -0.9916405 -0.66019 0.9089087
v -0.9619351 -0.6508302 0.9773263
v -0.9622746 -0.658538 0.9664672
v -0.9220819 -0.7442669 1.051248
v -0.8938234 -0.7296554 1.045085
v -0.8929513 -0.7411575 1.056121
v -0.9169921 -0.7319345 1.041219
v -0.9206005 -0.7551093 1.039417
v -0.8929513 -0.7411575 1.056121
v -0.8884643 -0.7514854 1.044804
v -0.9220819 -0.7442669 1.051248
v -0.9155105 -0.7427769 1.029389
v -0.8884643 -0.7514854 1.044804
v -0.8893366 -0.7399832 1.033768
v -0.9206005 -0.7551093 1.039417
v -0.9169921 -0.7319345 1.041219
v -0.8893366 -0.7399832 1.033768
v -0.8938234 -0.7296554 1.045085
v -0.9155105 -0.7427769 1.029389
v -0.9935066 -0.6288265 0.9276006
v -0.9848279 -0.6507901 0.9779382
v -1.000852 -0.651744 0.9767635
v -0.9776861 -0.6282159 0.9301329
v -0.9923066 -0.6443695 0.9238527
v -1.000852 -0.651744 0.9767635
v -0.9991854 -0.6665021 0.9699103
v -0.9935066 -0.6288265 0.9276006
v -0.9764862 -0.6437586 0.9263852
v -0.9991854 -0.6665021 0.9699103
v -0.9831609 -0.6655484 0.9710849
v -0.9923066 -0.6443695 0.9238527
v -0.9776861 -0.6282159 0.9301329
v -0.9831609 -0.6655484 0.9710849
v -0.9848279 -0.6507901 0.9779382
v -0.9764862 -0.6437586 0.9263852
v -0.9093059 -0.7025545 0.9651939
v -0.8934389 -0.7872184 0.9752684
v -0.8964095 -0.775973 0.9640657
v -0.8824692 -0.775973 1.123404
v -0.8814892 -0.7872184 1.111855
v -0.8983362 -0.6913089 1.113329
v -0.910286 -0.6913089 0.9767423
v -0.8953656 -0.7025545 1.124532
v -0.8872138 -0.6986431 0.9632612
v -0.8964095 -0.775973 0.9640657
v -0.8743173 -0.7720618 0.9621329
v -0.9093059 -0.7025545 0.9651939
v -0.871347 -0.7833071 0.9733356
v -0.8814892 -0.7872184 1.111855
v -0.8593972 -0.7833071 1.109923
v -0.8934389 -0.7872184 0.9752684
v -0.860377 -0.7720618 1.121471
v -0.8953656 -0.7025545 1.124532
v -0.8732736 -0.6986431 1.122599
v -0.8824692 -0.775973 1.123404
v -0.8762442 -0.6873976 1.111397
v -0.910286 -0.6913089 0.9767423
v -0.888194 -0.6873976 0.9748095
v -0.8983362 -0.6913089 1.113329
v -0.8743173 -0.7720618 0.9621329
v -0.8934389 -0.7872184 0.9752684
v -0.871347 -0.7833071 0.9733356
v -0.8964095 -0.775973 0.9640657
v -0.9093059 -0.7025545 0.9651939
v -0.888194 -0.6873976 0.9748095
v -0.910286 -0.6913089 0.9767423
v -0.8872138 -0.6986431 0.9632612
v -0.8593972 -0.7833071 1.109923
v -0.8824692 -0.775973 1.123404
v -0.860377 -0.7720618 1.121471
v -0.8814892 -0.7872184 1.111855
v -0.8732736 -0.6986431 1.122599
v -0.8983362 -0.6913089 1.113329
v -0.8762442 -0.6873976 1.111397
v -0.8953656 -0.7025545 1.124532
v -1.010982 -0.6223843 0.9188931
v -0.9622765 -0.6073744 0.9760193
v -0.9816169 -0.6207325 0.9764515
v -0.9956195 -0.6092498 0.9106647
v -1.011322 -0.6300923 0.9080344
v -0.9956195 -0.6092498 0.9106647
v -1.010982 -0.6223843 0.9188931
v -0.9960052 -0.6180021 0.8983351
v -0.9993452 -0.6529343 0.904
v -0.9960052 -0.6180021 0.8983351
v -1.011322 -0.6300923 0.9080344
v -0.9824058 -0.6439378 0.8937541
v -0.9916405 -0.66019 0.9089087
v -0.9824058 -0.6439378 0.8937541
v -0.9993452 -0.6529343 0.904
v -0.9736576 -0.6521762 0.8993278
v -0.9622746 -0.658538 0.9664672
v -0.9736576 -0.6521762 0.8993278
v -0.9916405 -0.66019 0.9089087
v -0.9403139 -0.6503006 0.9646826
v -0.9619351 -0.6508302 0.9773263
v -0.9403139 -0.6503006 0.9646826
v -0.9622746 -0.658538 0.9664672
v -0.9399287 -0.6415488 0.9770126
v -0.9739119 -0.6279877 0.9813604
v -0.9399287 -0.6415488 0.9770126
v -0.9619351 -0.6508302 0.9773263
v -0.9535279 -0.6156123 0.981593
v -0.9816169 -0.6207325 0.9764515
v -0.9535279 -0.6156123 0.981593
v -0.9739119 -0.6279877 0.9813604
v -0.9622765 -0.6073744 0.9760193
v -0.961935 0.4802665 0.9773263
v -0.9916403 0.4896262 0.9089087
v -0.9622743 0.4879742 0.9664672
v -0.9816167 0.4501689 0.9764515
v -1.011322 0.4595286 0.9080344
v -1.010982 0.4518206 0.9188931
v -0.9220817 0.5737032 1.051248
v -0.8938231 0.5590917 1.045085
v -0.9169919 0.5613709 1.041219
v -0.892951 0.5705938 1.056121
v -0.9206004 0.5845456 1.039417
v -0.892951 0.5705938 1.056121
v -0.9220817 0.5737032 1.051248
v -0.8884641 0.5809218 1.044804
v -0.9155101 0.5722131 1.029389
v -0.8884641 0.5809218 1.044804
v -0.9206004 0.5845456 1.039417
v -0.8893363 0.5694196 1.033768
v -0.9169919 0.5613709 1.041219
v -0.8893363 0.5694196 1.033768
v -0.9155101 0.5722131 1.029389
v -0.8938231 0.5590917 1.045085
v -0.9935063 0.4582627 0.9276006
v -0.9848277 0.4802263 0.9779382
v -0.977686 0.4576522 0.9301329
v -1.000852 0.4811803 0.9767636
v -0.9923063 0.4738058 0.9238527
v -1.000852 0.4811803 0.9767636
v -0.9935063 0.4582627 0.9276006
v -0.9991851 0.4959385 0.9699103
v -0.9764858 0.473195 0.9263852
v -0.9991851 0.4959385 0.9699103
v -0.9923063 0.4738058 0.9238527
v -0.9831606 0.4949848 0.9710849
v -0.977686 0.4576522 0.9301329
v -0.9831606 0.4949848 0.9710849
v -0.9764858 0.473195 0.9263852
v -0.9848277 0.4802263 0.9779382
v -0.9093056 0.5319907 0.9651939
v -0.898336 0.5207452 1.113329
v -0.9102858 0.5207452 0.9767423
v -0.8824689 0.6054094 1.123404
v -0.8953654 0.5319907 1.124532
v -0.8934387 0.6166546 0.9752684
v -0.8964093 0.6054094 0.9640657
v -0.8814889 0.6166546 1.111855
v -0.8872136 0.5280795 0.9632612
v -0.8964093 0.6054094 0.9640657
v -0.9093056 0.5319907 0.9651939
v -0.874317 0.601498 0.9621329
v -0.8713467 0.6127434 0.9733356
v -0.8814889 0.6166546 1.111855
v -0.8934387 0.6166546 0.9752684
v -0.8593969 0.6127434 1.109923
v -0.8603768 0.601498 1.121471
v -0.8953654 0.5319907 1.124532
v -0.8824689 0.6054094 1.123404
v -0.8732733 0.5280795 1.122599
v -0.8762439 0.5168339 1.111397
v -0.9102858 0.5207452 0.9767423
v -0.898336 0.5207452 1.113329
v -0.8881937 0.5168339 0.9748095
v -0.874317 0.601498 0.9621329
v -0.8934387 0.6166546 0.9752684
v -0.8964093 0.6054094 0.9640657
v -0.8713467 0.6127434 0.9733356
v -0.9093056 0.5319907 0.9651939
v -0.8881937 0.5168339 0.9748095
v -0.8872136 0.5280795 0.9632612
v -0.9102858 0.5207452 0.9767423
v -0.8593969 0.6127434 1.109923
v -0.8824689 0.6054094 1.123404
v -0.8814889 0.6166546 1.111855
v -0.8603768 0.601498 1.121471
v -0.8732733 0.5280795 1.122599
v -0.898336 0.5207452 1.113329
v -0.8953654 0.5319907 1.124532
v -0.8762439 0.5168339 1.111397
v -1.011322 0.4595286 0.9080344
v -0.9927559 0.4386861 0.9106647
v -0.9931415 0.4474384 0.8983351
v -1.010982 0.4518206 0.9188931
v -0.9916403 0.4896262 0.9089087
v -0.9824058 0.4733741 0.8937541
v -0.9736575 0.4816125 0.8993278
v -0.9993451 0.4823706 0.904
v -0.9622743 0.4879742 0.9664672
v -0.9736575 0.4816125 0.8993278
v -0.9403136 0.4797368 0.9646826
v -0.9916403 0.4896262 0.9089087
v -0.961935 0.4802665 0.9773263
v -0.9403136 0.4797368 0.9646826
v -0.9399285 0.470985 0.9770126
v -0.9622743 0.4879742 0.9664672
v -0.9739119 0.457424 0.9813604
v -0.9399285 0.470985 0.9770126
v -0.9535276 0.4450485 0.981593
v -0.961935 0.4802665 0.9773263
v -0.9816167 0.4501689 0.9764515
v -0.9535276 0.4450485 0.981593
v -0.9622762 0.4368106 0.9760193
v -0.9739119 0.457424 0.9813604
v -1.003937 -0.2041644 0.9615914
v -1.029051 -0.1115556 0.9157795
v -1.02042 -0.09688484 0.924899
v -1.013278 -0.2136272 0.9507548
v -0.9978856 -0.3106621 0.9783286
v -1.003937 -0.2041644 0.9615914
v -0.9914811 -0.309913 0.9752756
v -0.9978856 -0.3106621 0.9783286
v -0.9975263 -0.2033125 0.9585919
v -0.9984968 -0.3105083 0.9639657
v -1.013278 -0.2136272 0.9507548
v -1.004901 -0.3112572 0.9670185
v -1.006869 -0.2127756 0.9477517
v -0.9970405 -0.3882859 0.9785961
v -1.016053 -0.4466132 0.93669
v -1.001796 -0.3800133 0.9667944
v -0.9978856 -0.3106621 0.9783286
v -1.014291 -0.09550435 0.9213581
v -1.029051 -0.1115556 0.9157795
v -1.022923 -0.1101751 0.9122385
v -1.02042 -0.09688484 0.924899
v -1.016053 -0.4466132 0.93669
v -1.007074 -0.4684746 0.9381894
v -1.009356 -0.4449932 0.9345853
v -1.01377 -0.4700948 0.9402943
v -1.023896 -0.4057748 0.9192417
v -1.002378 -0.5862631 0.9662815
v -1.008308 -0.5882668 0.9553882
v -1.018721 -0.4038297 0.9298669
v -0.997826 -0.586472 0.9648106
v -1.018721 -0.4038297 0.9298669
v -1.014148 -0.4040192 0.9284385
v -1.002378 -0.5862631 0.9662815
v -1.014148 -0.4040192 0.9284385
v -1.023896 -0.4057748 0.9192417
v -1.019325 -0.4059655 0.9178097
v -1.018721 -0.4038297 0.9298669
v -1.019325 -0.4059655 0.9178097
v -1.008308 -0.5882668 0.9553882
v -1.003758 -0.5884772 0.9539136
v -1.023896 -0.4057748 0.9192417
v -1.003758 -0.5884772 0.9539136
v -1.002378 -0.5862631 0.9662815
v -0.997826 -0.586472 0.9648106
v -1.008308 -0.5882668 0.9553882
v -1.003937 0.298628 0.9615914
v -1.018885 0.3912368 0.9157795
v -1.010253 0.4059076 0.924899
v -1.013278 0.2891652 0.9507548
v -1.003937 0.298628 0.9615914
v -0.9914811 0.1928794 0.9752756
v -0.9978855 0.1921304 0.9783286
v -0.9975263 0.2994799 0.9585921
v -0.9984968 0.1922842 0.9639657
v -1.013278 0.2891652 0.9507548
v -1.004901 0.1915352 0.9670185
v -1.006869 0.2900168 0.9477517
v -0.9970405 0.1145066 0.9785961
v -1.016053 0.05617945 0.93669
v -1.001796 0.1227793 0.9667944
v -0.9978855 0.1921304 0.9783286
v -1.004124 0.4072881 0.9213581
v -1.018885 0.3912368 0.9157795
v -1.012756 0.3926173 0.9122385
v -1.010253 0.4059076 0.924899
v -1.016053 0.05617945 0.93669
v -1.007073 0.0343179 0.9381894
v -1.009356 0.05779941 0.9345853
v -1.01377 0.03269769 0.9402943
v -1.023896 0.09701768 0.9192417
v -1.002378 -0.08347062 0.9662815
v -1.008308 -0.08547429 0.9553882
v -1.018721 0.09896278 0.9298669
v -0.9978258 -0.08367959 0.9648106
v -1.018721 0.09896278 0.9298669
v -1.014148 0.09877327 0.9284385
v -1.002378 -0.08347062 0.9662815
v -1.014148 0.09877327 0.9284385
v -1.023896 0.09701768 0.9192417
v -1.019325 0.09682693 0.9178097
v -1.018721 0.09896278 0.9298669
v -1.019325 0.09682693 0.9178097
v -1.008308 -0.08547429 0.9553882
v -1.003758 -0.08568474 0.9539136
v -1.023896 0.09701768 0.9192417
v -1.003758 -0.08568474 0.9539136
v -1.002378 -0.08347062 0.9662815
v -0.9978258 -0.08367959 0.9648106
v -1.008308 -0.08547429 0.9553882
v -0.9978856 -0.3106621 0.9783286
v -0.9906929 -0.3876396 0.975393
v -0.9970405 -0.3882859 0.9785961
v -0.9914811 -0.309913 0.9752756
v -0.9954486 -0.379367 0.9635913
v -1.004901 -0.3112572 0.9670185
v -1.001796 -0.3800133 0.9667944
v -0.9984968 -0.3105083 0.9639657
v -0.9978855 0.1921304 0.9783286
v -0.9906927 0.1151529 0.975393
v -0.9970405 0.1145066 0.9785961
v -0.9914811 0.1928794 0.9752756
v -0.9954485 0.1234256 0.9635913
v -1.004901 0.1915352 0.9670185
v -1.001796 0.1227793 0.9667944
v -0.9984968 0.1922842 0.9639657
v 0.4401925 -0.6712428 1.19889
v 1.041934 -0.6510836 1.193483
v 1.041934 -0.6712349 1.198883
v 0.4401925 -0.6510915 1.193491
v -0.1615494 -0.6712505 1.198898
v -0.1615494 -0.6510994 1.193499
v -0.1615495 -0.7673386 0.827877
v -0.1615494 -0.6510994 1.193499
v -0.1615494 -0.6712505 1.198898
v -0.1615489 -0.7435288 0.8432642
v -0.1615494 -0.6712505 1.198898
v 0.4401924 -0.7673295 0.827875
v -0.1615495 -0.7673386 0.827877
v 0.4401925 -0.6712428 1.19889
v 1.041934 -0.6712349 1.198883
v 1.041934 -0.7673205 0.8278731
v 1.041934 -0.6712349 1.198883
v 1.041934 -0.7435028 0.8432719
v 1.041934 -0.7673205 0.8278731
v 1.041934 -0.6510836 1.193483
v -0.1615494 -0.6694688 0.7467942
v -0.1615489 -0.7435288 0.8432642
v -0.1615495 -0.7673386 0.827877
v -0.1615494 -0.656059 0.7685555
v 1.041934 -0.7673205 0.8278731
v 1.041934 -0.6560383 0.7685632
v 1.041934 -0.6694481 0.7468019
v 1.041934 -0.7435028 0.8432719
v 0.4401925 -0.6694586 0.746798
v -0.1615494 -0.656059 0.7685555
v -0.1615494 -0.6694688 0.7467942
v 0.4401925 -0.6560487 0.7685593
v 1.041934 -0.6694481 0.7468019
v 1.041934 -0.6560383 0.7685632
v 0.4401924 -0.7673295 0.827875
v -0.1483482 -0.7539765 0.8167611
v -0.1615495 -0.7673386 0.827877
v 0.4401924 -0.7539665 0.8167649
v 1.028733 -0.7539563 0.8167685
v 1.041934 -0.7673205 0.8278731
v 1.041934 -0.7673205 0.8278731
v 1.028733 -0.6795006 0.7553582
v 1.028733 -0.7539563 0.8167685
v 1.041934 -0.6694481 0.7468019
v 0.4401925 -0.6694586 0.746798
v 1.028733 -0.6795006 0.7553582
v 1.041934 -0.6694481 0.7468019
v 0.4401925 -0.679511 0.7553543
v -0.1483482 -0.679521 0.7553507
v -0.1615494 -0.6694688 0.7467942
v -0.1615494 -0.6694688 0.7467942
v -0.1483482 -0.7539765 0.8167611
v -0.1483482 -0.679521 0.7553507
v -0.1615495 -0.7673386 0.827877
v 0.4401929 -0.7435197 0.8432621
v 1.028733 -0.7344034 0.8347155
v 1.041934 -0.7435028 0.8432719
v 0.4401924 -0.7344134 0.8347116
v -0.1483482 -0.7344236 0.8347079
v -0.1615489 -0.7435288 0.8432642
v 0.4401925 -0.6560487 0.7685593
v -0.1483482 -0.666111 0.7771119
v -0.1615494 -0.656059 0.7685555
v 0.4401925 -0.666101 0.7771156
v 1.028733 -0.6660907 0.7771195
v 1.041934 -0.6560383 0.7685632
v 1.028733 -0.7539563 0.8167685
v 1.028733 -0.6660907 0.7771195
v 1.028733 -0.7344034 0.8347155
v 1.028733 -0.6795006 0.7553582
v 0.4401925 -0.679511 0.7553543
v 1.028733 -0.6660907 0.7771195
v 1.028733 -0.6795006 0.7553582
v 0.4401925 -0.666101 0.7771156
v -0.1483482 -0.679521 0.7553507
v -0.1483482 -0.666111 0.7771119
v -0.1483482 -0.679521 0.7553507
v -0.1483482 -0.7344236 0.8347079
v -0.1483482 -0.666111 0.7771119
v -0.1483482 -0.7539765 0.8167611
v 0.4401924 -0.7539665 0.8167649
v -0.1483482 -0.7344236 0.8347079
v -0.1483482 -0.7539765 0.8167611
v 0.4401924 -0.7344134 0.8347116
v 1.028733 -0.7539563 0.8167685
v 1.028733 -0.7344034 0.8347155
v -0.1970263 0.5071585 0.707091
v -0.6357708 0.5070776 0.3566678
v -0.1964454 0.5070779 0.3570392
v -0.6350687 0.5071596 0.7063969
v -0.6357708 0.4990126 0.3566697
v -0.6350687 0.5071596 0.7063969
v -0.6350687 0.4990947 0.7063988
v -0.6357708 0.5070776 0.3566678
v -0.6350687 0.4990947 0.7063988
v -0.1970263 0.5071585 0.707091
v -0.1970263 0.4990937 0.7070929
v -0.6350687 0.5071596 0.7063969
v -0.1970263 0.4990937 0.7070929
v -0.1964454 0.5070779 0.3570392
v -0.1964454 0.4990131 0.3570411
v -0.1970263 0.5071585 0.707091
v -0.1964454 0.4990131 0.3570411
v -0.6357708 0.5070776 0.3566678
v -0.6357708 0.4990126 0.3566697
v -0.1964454 0.5070779 0.3570392
v -0.6357708 0.4990126 0.3566697
v -0.1970263 0.4990937 0.7070929
v -0.1964454 0.4990131 0.3570411
v -0.6350687 0.4990947 0.7063988
v -0.6762173 0.5070184 0.3568302
v -0.1497457 0.6021699 0.001374615
v -0.1497458 0.5070183 0.356833
v -0.6762173 0.6021697 0.001374862
v -0.1497457 0.5943792 -0.0007108742
v -0.6762173 0.6021697 0.001374862
v -0.6762173 0.594379 -0.0007105207
v -0.1497457 0.6021699 0.001374615
v -0.6762173 0.594379 -0.0007105207
v -0.6762173 0.5070184 0.3568302
v -0.6762173 0.4992279 0.3547448
v -0.6762173 0.6021697 0.001374862
v -0.6762173 0.4992279 0.3547448
v -0.1497458 0.5070183 0.356833
v -0.1497458 0.4992277 0.3547474
v -0.6762173 0.5070184 0.3568302
v -0.1497458 0.4992277 0.3547474
v -0.1497457 0.6021699 0.001374615
v -0.1497457 0.5943792 -0.0007108742
v -0.1497458 0.5070183 0.356833
v -0.1497457 0.5943792 -0.0007108742
v -0.6762173 0.4992279 0.3547448
v -0.1497458 0.4992277 0.3547474
v -0.6762173 0.594379 -0.0007105207
v -0.751021 -0.630412 -0.001219606
v -0.8402792 -0.4401025 -0.00121653
v -0.8402795 -0.630412 -0.001216591
v -0.751021 -0.4401025 -0.001219606
v -0.8402795 -0.630412 -0.001216591
v -0.9227422 -0.4401025 0.03294393
v -0.9227424 -0.630412 0.03294393
v -0.8402792 -0.4401025 -0.00121653
v -0.9227424 -0.630412 0.03294393
v -0.9858554 -0.4401025 0.09606133
v -0.9858556 -0.630412 0.09606133
v -0.9227422 -0.4401025 0.03294393
v -0.9858556 -0.630412 0.09606133
v -1.02001 -0.4401025 0.1785265
v -1.02001 -0.630412 0.1785265
v -0.9858554 -0.4401025 0.09606133
v -1.02001 -0.630412 0.1785265
v -1.020007 -0.4401025 0.267785
v -1.020008 -0.630412 0.267785
v -1.02001 -0.4401025 0.1785265
v -1.020008 -0.630412 0.267785
v -0.9858468 -0.4401025 0.3502479
v -0.9858468 -0.630412 0.3502479
v -1.020007 -0.4401025 0.267785
v -0.9858468 -0.630412 0.3502479
v -0.9227293 -0.4401025 0.4133611
v -0.9227296 -0.630412 0.4133611
v -0.9858468 -0.4401025 0.3502479
v -0.9227296 -0.630412 0.4133611
v -0.8402642 -0.4401025 0.4475161
v -0.8402644 -0.630412 0.4475161
v -0.9227293 -0.4401025 0.4133611
v -0.8402644 -0.630412 0.4475161
v -0.7510058 -0.4401025 0.4475132
v -0.751006 -0.630412 0.4475132
v -0.8402642 -0.4401025 0.4475161
v -0.751006 -0.630412 0.4475132
v -0.6685429 -0.4401025 0.4133526
v -0.6685429 -0.6304121 0.4133526
v -0.7510058 -0.4401025 0.4475132
v -0.6685429 -0.6304121 0.4133526
v -0.6054298 -0.4401025 0.3502352
v -0.6054298 -0.6304121 0.3502353
v -0.6685429 -0.4401025 0.4133526
v -0.6054298 -0.6304121 0.3502353
v -0.5712747 -0.4401025 0.26777
v -0.5712747 -0.6304121 0.26777
v -0.6054298 -0.4401025 0.3502352
v -0.5712747 -0.6304121 0.26777
v -0.5712779 -0.4401025 0.1785114
v -0.5712779 -0.6304121 0.1785114
v -0.5712747 -0.4401025 0.26777
v -0.5712779 -0.6304121 0.1785114
v -0.6054383 -0.4401025 0.09604853
v -0.6054383 -0.6304121 0.09604847
v -0.5712779 -0.4401025 0.1785114
v -0.6054383 -0.6304121 0.09604847
v -0.6685557 -0.4401025 0.03293533
v -0.6685557 -0.6304121 0.03293533
v -0.6054383 -0.4401025 0.09604853
v -0.6685557 -0.6304121 0.03293533
v -0.751021 -0.4401025 -0.001219606
v -0.751021 -0.630412 -0.001219606
v -0.6685557 -0.4401025 0.03293533
v -0.8238422 -0.6273982 0.08140425
v -0.7712177 -0.6104762 0.1003342
v -0.7674525 -0.6273982 0.08140231
v -0.8200758 -0.6104762 0.1003358
v -0.7674525 -0.6273982 0.08140231
v -0.7260781 -0.6104762 0.1190298
v -0.7153546 -0.6273982 0.10298
v -0.7712177 -0.6104762 0.1003342
v -0.7153546 -0.6273982 0.10298
v -0.691529 -0.6104762 0.1535766
v -0.6754797 -0.6273982 0.142852
v -0.7260781 -0.6104762 0.1190298
v -0.6754797 -0.6273982 0.142852
v -0.6728302 -0.6104762 0.198715
v -0.6538986 -0.6273982 0.1949486
v -0.691529 -0.6104762 0.1535766
v -0.6538986 -0.6273982 0.1949486
v -0.6728286 -0.6104762 0.2475732
v -0.6538967 -0.6273982 0.2513383
v -0.6728302 -0.6104762 0.198715
v -0.6538967 -0.6273982 0.2513383
v -0.6915243 -0.6104762 0.2927129
v -0.6754745 -0.6273982 0.3034363
v -0.6728286 -0.6104762 0.2475732
v -0.6754745 -0.6273982 0.3034363
v -0.7260711 -0.6104762 0.327262
v -0.7153466 -0.6273982 0.3433112
v -0.6915243 -0.6104762 0.2927129
v -0.7153466 -0.6273982 0.3433112
v -0.7712095 -0.6104762 0.3459608
v -0.7674431 -0.6273982 0.3648924
v -0.7260711 -0.6104762 0.327262
v -0.7674431 -0.6273982 0.3648924
v -0.8200677 -0.6104762 0.3459624
v -0.8238329 -0.6273982 0.3648942
v -0.7712095 -0.6104762 0.3459608
v -0.8238329 -0.6273982 0.3648942
v -0.8652074 -0.6104762 0.3272667
v -0.8759309 -0.6273982 0.3433166
v -0.8200677 -0.6104762 0.3459624
v -0.8759309 -0.6273982 0.3433166
v -0.8997562 -0.6104762 0.2927199
v -0.9158056 -0.6273982 0.3034444
v -0.8652074 -0.6104762 0.3272667
v -0.9158056 -0.6273982 0.3034444
v -0.9184552 -0.6104762 0.2475815
v -0.9373867 -0.6273982 0.2513479
v -0.8997562 -0.6104762 0.2927199
v -0.9373867 -0.6273982 0.2513479
v -0.9184565 -0.6104762 0.1987233
v -0.9373885 -0.6273982 0.1949582
v -0.9184552 -0.6104762 0.2475815
v -0.9373885 -0.6273982 0.1949582
v -0.899761 -0.6104762 0.1535837
v -0.915811 -0.6273982 0.1428602
v -0.9184565 -0.6104762 0.1987233
v -0.915811 -0.6273982 0.1428602
v -0.8652141 -0.6104762 0.1190345
v -0.8759388 -0.6273982 0.1029854
v -0.899761 -0.6104762 0.1535837
v -0.8759388 -0.6273982 0.1029854
v -0.8200758 -0.6104762 0.1003358
v -0.8238422 -0.6273982 0.08140425
v -0.8652141 -0.6104762 0.1190345
v 0.8714767 -0.6304124 -0.001219606
v 0.7822183 -0.4401028 -0.00121653
v 0.7822183 -0.6304124 -0.001216591
v 0.871477 -0.4401028 -0.001219606
v 0.7822183 -0.6304124 -0.001216591
v 0.6997555 -0.4401028 0.03294393
v 0.6997555 -0.6304123 0.03294393
v 0.7822183 -0.4401028 -0.00121653
v 0.6997555 -0.6304123 0.03294393
v 0.6366423 -0.4401028 0.09606133
v 0.6366422 -0.6304123 0.09606133
v 0.6997555 -0.4401028 0.03294393
v 0.6366422 -0.6304123 0.09606133
v 0.6024873 -0.4401028 0.1785265
v 0.6024873 -0.6304123 0.1785265
v 0.6366423 -0.4401028 0.09606133
v 0.6024873 -0.6304123 0.1785265
v 0.6024904 -0.4401028 0.267785
v 0.6024902 -0.6304123 0.267785
v 0.6024873 -0.4401028 0.1785265
v 0.6024902 -0.6304123 0.267785
v 0.6366509 -0.4401028 0.3502479
v 0.6366508 -0.6304123 0.3502479
v 0.6024904 -0.4401028 0.267785
v 0.6366508 -0.6304123 0.3502479
v 0.6997683 -0.4401028 0.4133611
v 0.6997681 -0.6304123 0.4133611
v 0.6366509 -0.4401028 0.3502479
v 0.6997681 -0.6304123 0.4133611
v 0.7822335 -0.4401028 0.4475161
v 0.7822332 -0.6304124 0.4475161
v 0.6997683 -0.4401028 0.4133611
v 0.7822332 -0.6304124 0.4475161
v 0.871492 -0.4401028 0.4475132
v 0.8714917 -0.6304124 0.4475132
v 0.7822335 -0.4401028 0.4475161
v 0.8714917 -0.6304124 0.4475132
v 0.9539546 -0.4401028 0.4133526
v 0.9539546 -0.6304123 0.4133526
v 0.871492 -0.4401028 0.4475132
v 0.9539546 -0.6304123 0.4133526
v 1.017068 -0.4401028 0.3502352
v 1.017068 -0.6304123 0.3502353
v 0.9539546 -0.4401028 0.4133526
v 1.017068 -0.6304123 0.3502353
v 1.051223 -0.4401028 0.26777
v 1.051223 -0.6304123 0.26777
v 1.017068 -0.4401028 0.3502352
v 1.051223 -0.6304123 0.26777
v 1.05122 -0.4401028 0.1785114
v 1.05122 -0.6304123 0.1785114
v 1.051223 -0.4401028 0.26777
v 1.05122 -0.6304123 0.1785114
v 1.017059 -0.4401028 0.09604853
v 1.017059 -0.6304123 0.09604847
v 1.05122 -0.4401028 0.1785114
v 1.017059 -0.6304123 0.09604847
v 0.9539419 -0.4401028 0.03293533
v 0.9539419 -0.6304123 0.03293533
v 1.017059 -0.4401028 0.09604853
v 0.9539419 -0.6304123 0.03293533
v 0.871477 -0.4401028 -0.001219606
v 0.8714767 -0.6304124 -0.001219606
v 0.9539419 -0.4401028 0.03293533
v 0.7986553 -0.6273985 0.08140425
v 0.85128 -0.6104765 0.1003342
v 0.8550451 -0.6273985 0.08140231
v 0.8024217 -0.6104765 0.1003358
v 0.8550451 -0.6273985 0.08140231
v 0.8964194 -0.6104765 0.1190298
v 0.9071429 -0.6273985 0.10298
v 0.85128 -0.6104765 0.1003342
v 0.9071429 -0.6273985 0.10298
v 0.9309688 -0.6104765 0.1535766
v 0.9470181 -0.6273985 0.142852
v 0.8964194 -0.6104765 0.1190298
v 0.9470181 -0.6273985 0.142852
v 0.9496676 -0.6104765 0.198715
v 0.9685991 -0.6273985 0.1949486
v 0.9309688 -0.6104765 0.1535766
v 0.9685991 -0.6273985 0.1949486
v 0.949669 -0.6104765 0.2475732
v 0.968601 -0.6273985 0.2513383
v 0.9496676 -0.6104765 0.198715
v 0.968601 -0.6273985 0.2513383
v 0.9309735 -0.6104765 0.2927129
v 0.9470233 -0.6273985 0.3034363
v 0.949669 -0.6104765 0.2475732
v 0.9470233 -0.6273985 0.3034363
v 0.8964267 -0.6104765 0.327262
v 0.9071511 -0.6273985 0.3433112
v 0.9309735 -0.6104765 0.2927129
v 0.9071511 -0.6273985 0.3433112
v 0.8512883 -0.6104765 0.3459608
v 0.8550546 -0.6273985 0.3648924
v 0.8964267 -0.6104765 0.327262
v 0.8550546 -0.6273985 0.3648924
v 0.8024298 -0.6104765 0.3459624
v 0.7986649 -0.6273985 0.3648942
v 0.8512883 -0.6104765 0.3459608
v 0.7986649 -0.6273985 0.3648942
v 0.7572904 -0.6104765 0.3272667
v 0.7465668 -0.6273985 0.3433166
v 0.8024298 -0.6104765 0.3459624
v 0.7465668 -0.6273985 0.3433166
v 0.7227414 -0.6104765 0.2927199
v 0.7066921 -0.6273985 0.3034444
v 0.7572904 -0.6104765 0.3272667
v 0.7066921 -0.6273985 0.3034444
v 0.7040427 -0.6104765 0.2475815
v 0.685111 -0.6273985 0.2513479
v 0.7227414 -0.6104765 0.2927199
v 0.685111 -0.6273985 0.2513479
v 0.7040411 -0.6104765 0.1987233
v 0.6851091 -0.6273985 0.1949582
v 0.7040427 -0.6104765 0.2475815
v 0.6851091 -0.6273985 0.1949582
v 0.7227367 -0.6104765 0.1535837
v 0.7066867 -0.6273985 0.1428602
v 0.7040411 -0.6104765 0.1987233
v 0.7066867 -0.6273985 0.1428602
v 0.7572834 -0.6104765 0.1190345
v 0.7465587 -0.6273985 0.1029854
v 0.7227367 -0.6104765 0.1535837
v 0.7465587 -0.6273985 0.1029854
v 0.8024217 -0.6104765 0.1003358
v 0.7986553 -0.6273985 0.08140425
v 0.7572834 -0.6104765 0.1190345
v -0.7510208 0.4598483 -0.001219606
v -0.8402792 0.2695388 -0.00121653
v -0.7510207 0.2695388 -0.001219606
v -0.8402792 0.4598483 -0.001216591
v -0.8402792 0.4598483 -0.001216591
v -0.9227422 0.2695388 0.03294393
v -0.8402792 0.2695388 -0.00121653
v -0.922742 0.4598483 0.03294393
v -0.922742 0.4598483 0.03294393
v -0.9858554 0.2695388 0.09606133
v -0.9227422 0.2695388 0.03294393
v -0.9858554 0.4598483 0.09606133
v -0.9858554 0.4598483 0.09606133
v -1.02001 0.2695388 0.1785265
v -0.9858554 0.2695388 0.09606133
v -1.02001 0.4598483 0.1785265
v -1.02001 0.4598483 0.1785265
v -1.020007 0.2695388 0.267785
v -1.02001 0.2695388 0.1785265
v -1.020007 0.4598483 0.267785
v -1.020007 0.4598483 0.267785
v -0.9858468 0.2695388 0.3502479
v -1.020007 0.2695388 0.267785
v -0.9858468 0.4598483 0.3502479
v -0.9858468 0.4598483 0.3502479
v -0.9227293 0.2695388 0.4133611
v -0.9858468 0.2695388 0.3502479
v -0.9227293 0.4598483 0.4133611
v -0.9227293 0.4598483 0.4133611
v -0.8402642 0.2695388 0.4475161
v -0.9227293 0.2695388 0.4133611
v -0.8402642 0.4598483 0.4475161
v -0.8402642 0.4598483 0.4475161
v -0.7510057 0.2695388 0.4475132
v -0.8402642 0.2695388 0.4475161
v -0.7510058 0.4598483 0.4475132
v -0.7510058 0.4598483 0.4475132
v -0.6685427 0.2695388 0.4133526
v -0.7510057 0.2695388 0.4475132
v -0.6685427 0.4598483 0.4133526
v -0.6685427 0.4598483 0.4133526
v -0.6054298 0.2695387 0.3502352
v -0.6685427 0.2695388 0.4133526
v -0.6054298 0.4598483 0.3502353
v -0.6054298 0.4598483 0.3502353
v -0.5712746 0.2695387 0.26777
v -0.6054298 0.2695387 0.3502352
v -0.5712746 0.4598483 0.26777
v -0.5712746 0.4598483 0.26777
v -0.5712776 0.2695387 0.1785114
v -0.5712746 0.2695387 0.26777
v -0.5712776 0.4598483 0.1785114
v -0.5712776 0.4598483 0.1785114
v -0.6054383 0.2695387 0.09604853
v -0.5712776 0.2695387 0.1785114
v -0.6054383 0.4598483 0.09604847
v -0.6054383 0.4598483 0.09604847
v -0.6685556 0.2695388 0.03293533
v -0.6054383 0.2695387 0.09604853
v -0.6685557 0.4598483 0.03293533
v -0.6685557 0.4598483 0.03293533
v -0.7510207 0.2695388 -0.001219606
v -0.6685556 0.2695388 0.03293533
v -0.7510208 0.4598483 -0.001219606
v -0.8238422 0.4568345 0.08140425
v -0.7712176 0.4399124 0.1003342
v -0.8200758 0.4399124 0.1003358
v -0.7674525 0.4568345 0.08140231
v -0.7674525 0.4568345 0.08140231
v -0.7260779 0.4399123 0.1190298
v -0.7712176 0.4399124 0.1003342
v -0.7153545 0.4568344 0.10298
v -0.7153545 0.4568344 0.10298
v -0.6915289 0.4399123 0.1535766
v -0.7260779 0.4399123 0.1190298
v -0.6754796 0.4568344 0.142852
v -0.6754796 0.4568344 0.142852
v -0.6728301 0.4399123 0.198715
v -0.6915289 0.4399123 0.1535766
v -0.6538985 0.4568344 0.1949486
v -0.6538985 0.4568344 0.1949486
v -0.6728285 0.4399123 0.2475732
v -0.6728301 0.4399123 0.198715
v -0.6538966 0.4568344 0.2513383
v -0.6538966 0.4568344 0.2513383
v -0.6915242 0.4399123 0.2927129
v -0.6728285 0.4399123 0.2475732
v -0.6754742 0.4568344 0.3034363
v -0.6754742 0.4568344 0.3034363
v -0.726071 0.4399123 0.327262
v -0.6915242 0.4399123 0.2927129
v -0.7153465 0.4568344 0.3433112
v -0.7153465 0.4568344 0.3433112
v -0.7712093 0.4399124 0.3459608
v -0.726071 0.4399123 0.327262
v -0.767443 0.4568345 0.3648924
v -0.767443 0.4568345 0.3648924
v -0.8200676 0.4399124 0.3459624
v -0.7712093 0.4399124 0.3459608
v -0.8238327 0.4568345 0.3648942
v -0.8238327 0.4568345 0.3648942
v -0.865207 0.4399124 0.3272667
v -0.8200676 0.4399124 0.3459624
v -0.8759305 0.4568345 0.3433166
v -0.8759305 0.4568345 0.3433166
v -0.8997561 0.4399124 0.2927199
v -0.865207 0.4399124 0.3272667
v -0.9158053 0.4568345 0.3034444
v -0.9158053 0.4568345 0.3034444
v -0.9184548 0.4399124 0.2475815
v -0.8997561 0.4399124 0.2927199
v -0.9373864 0.4568345 0.2513479
v -0.9373864 0.4568345 0.2513479
v -0.9184564 0.4399124 0.1987233
v -0.9184548 0.4399124 0.2475815
v -0.9373883 0.4568345 0.1949582
v -0.9373883 0.4568345 0.1949582
v -0.8997607 0.4399124 0.1535837
v -0.9184564 0.4399124 0.1987233
v -0.9158107 0.4568345 0.1428602
v -0.9158107 0.4568345 0.1428602
v -0.865214 0.4399124 0.1190345
v -0.8997607 0.4399124 0.1535837
v -0.8759388 0.4568345 0.1029854
v -0.8759388 0.4568345 0.1029854
v -0.8200758 0.4399124 0.1003358
v -0.865214 0.4399124 0.1190345
v -0.8238422 0.4568345 0.08140425
v 0.8714769 0.4598482 -0.001219606
v 0.7822185 0.2695386 -0.00121653
v 0.871477 0.2695386 -0.001219606
v 0.7822183 0.4598482 -0.001216591
v 0.7822183 0.4598482 -0.001216591
v 0.6997555 0.2695386 0.03294393
v 0.7822185 0.2695386 -0.00121653
v 0.6997555 0.4598483 0.03294393
v 0.6997555 0.4598483 0.03294393
v 0.6366424 0.2695387 0.09606133
v 0.6997555 0.2695386 0.03294393
v 0.6366423 0.4598483 0.09606133
v 0.6366423 0.4598483 0.09606133
v 0.6024874 0.2695387 0.1785265
v 0.6366424 0.2695387 0.09606133
v 0.6024874 0.4598483 0.1785265
v 0.6024874 0.4598483 0.1785265
v 0.6024904 0.2695387 0.267785
v 0.6024874 0.2695387 0.1785265
v 0.6024903 0.4598483 0.267785
v 0.6024903 0.4598483 0.267785
v 0.6366509 0.2695387 0.3502479
v 0.6024904 0.2695387 0.267785
v 0.6366509 0.4598483 0.3502479
v 0.6366509 0.4598483 0.3502479
v 0.6997684 0.2695386 0.4133611
v 0.6366509 0.2695387 0.3502479
v 0.6997682 0.4598483 0.4133611
v 0.6997682 0.4598483 0.4133611
v 0.7822335 0.2695386 0.4475161
v 0.6997684 0.2695386 0.4133611
v 0.7822334 0.4598482 0.4475161
v 0.7822334 0.4598482 0.4475161
v 0.8714921 0.2695386 0.4475132
v 0.7822335 0.2695386 0.4475161
v 0.871492 0.4598482 0.4475132
v 0.871492 0.4598482 0.4475132
v 0.9539548 0.2695386 0.4133526
v 0.8714921 0.2695386 0.4475132
v 0.9539548 0.4598483 0.4133526
v 0.9539548 0.4598483 0.4133526
v 1.017068 0.2695386 0.3502352
v 0.9539548 0.2695386 0.4133526
v 1.017068 0.4598483 0.3502353
v 1.017068 0.4598483 0.3502353
v 1.051223 0.2695386 0.26777
v 1.017068 0.2695386 0.3502352
v 1.051223 0.4598483 0.26777
v 1.051223 0.4598483 0.26777
v 1.05122 0.2695386 0.1785114
v 1.051223 0.2695386 0.26777
v 1.05122 0.4598483 0.1785114
v 1.05122 0.4598483 0.1785114
v 1.01706 0.2695386 0.09604853
v 1.05122 0.2695386 0.1785114
v 1.01706 0.4598483 0.09604847
v 1.01706 0.4598483 0.09604847
v 0.9539419 0.2695386 0.03293533
v 1.01706 0.2695386 0.09604853
v 0.9539421 0.4598483 0.03293533
v 0.9539421 0.4598483 0.03293533
v 0.871477 0.2695386 -0.001219606
v 0.9539419 0.2695386 0.03293533
v 0.8714769 0.4598482 -0.001219606
v 0.7986554 0.4568344 0.08140425
v 0.85128 0.4399123 0.1003342
v 0.8024219 0.4399123 0.1003358
v 0.8550452 0.4568344 0.08140231
v 0.8550452 0.4568344 0.08140231
v 0.8964196 0.4399123 0.1190298
v 0.85128 0.4399123 0.1003342
v 0.9071431 0.4568344 0.10298
v 0.9071431 0.4568344 0.10298
v 0.930969 0.4399123 0.1535766
v 0.8964196 0.4399123 0.1190298
v 0.9470182 0.4568344 0.142852
v 0.9470182 0.4568344 0.142852
v 0.9496677 0.4399123 0.198715
v 0.930969 0.4399123 0.1535766
v 0.9685993 0.4568344 0.1949486
v 0.9685993 0.4568344 0.1949486
v 0.949669 0.4399123 0.2475732
v 0.9496677 0.4399123 0.198715
v 0.968601 0.4568344 0.2513383
v 0.968601 0.4568344 0.2513383
v 0.9309736 0.4399123 0.2927129
v 0.949669 0.4399123 0.2475732
v 0.9470235 0.4568344 0.3034363
v 0.9470235 0.4568344 0.3034363
v 0.8964269 0.4399123 0.327262
v 0.9309736 0.4399123 0.2927129
v 0.9071513 0.4568344 0.3433112
v 0.9071513 0.4568344 0.3433112
v 0.8512883 0.4399123 0.3459608
v 0.8964269 0.4399123 0.327262
v 0.8550547 0.4568344 0.3648924
v 0.8550547 0.4568344 0.3648924
v 0.80243 0.4399123 0.3459624
v 0.8512883 0.4399123 0.3459608
v 0.798665 0.4568344 0.3648942
v 0.798665 0.4568344 0.3648942
v 0.7572905 0.4399123 0.3272667
v 0.80243 0.4399123 0.3459624
v 0.7465669 0.4568344 0.3433166
v 0.7465669 0.4568344 0.3433166
v 0.7227415 0.4399123 0.2927199
v 0.7572905 0.4399123 0.3272667
v 0.7066922 0.4568344 0.3034444
v 0.7066922 0.4568344 0.3034444
v 0.7040428 0.4399123 0.2475815
v 0.7227415 0.4399123 0.2927199
v 0.6851112 0.4568344 0.2513479
v 0.6851112 0.4568344 0.2513479
v 0.7040413 0.4399123 0.1987233
v 0.7040428 0.4399123 0.2475815
v 0.6851093 0.4568344 0.1949582
v 0.6851093 0.4568344 0.1949582
v 0.7227369 0.4399123 0.1535837
v 0.7040413 0.4399123 0.1987233
v 0.7066869 0.4568344 0.1428602
v 0.7066869 0.4568344 0.1428602
v 0.7572836 0.4399123 0.1190345
v 0.7227369 0.4399123 0.1535837
v 0.7465588 0.4568344 0.1029854
v 0.7465588 0.4568344 0.1029854
v 0.8024219 0.4399123 0.1003358
v 0.7572836 0.4399123 0.1190345
v 0.7986554 0.4568344 0.08140425
v 1.217191 -0.3845283 0.6640679
v 1.217192 -0.08528333 0.272058
v 1.217191 -0.3845283 0.272058
v 1.217192 -0.08528333 0.6640679
v 1.217192 0.2139616 0.6640679
v 1.217192 0.2139616 0.272058
v 1.217192 -0.185817 0.8362267
v 1.217191 -0.3845283 0.7917914
v 1.217192 -0.08528333 0.8362315
v 1.217192 -0.2084426 0.8773845
v 1.217192 -0.2084426 1.085164
v 1.217191 -0.3845283 1.176239
v 1.217192 -0.185817 1.126325
v 1.217192 0.01525029 0.8362267
v 1.217192 -0.08528333 1.176252
v 1.217192 -0.08528333 1.126335
v 1.217192 0.01525029 1.126325
v 1.217192 0.2139616 1.176239
v 1.217192 0.03787595 1.085164
v 1.217192 0.2139616 0.7917914
v 1.217192 0.03787595 0.8773845
v 1.201016 -0.08528333 1.122243
v 1.201016 -0.2049688 1.082234
v 1.201016 -0.1829813 1.122234
v 1.201016 -0.1829813 0.840318
v 1.201016 -0.2049688 0.8803151
v 1.201016 -0.08528333 0.8403227
v 1.201016 0.01241462 0.840318
v 1.201016 0.03440209 1.082234
v 1.201016 0.01241462 1.122234
v 1.201016 0.03440209 0.8803151
v 1.217192 -0.2084426 1.085164
v 1.201016 -0.2049688 0.8803151
v 1.217192 -0.2084426 0.8773845
v 1.201016 -0.2049688 1.082234
v 1.217192 -0.2084426 0.8773845
v 1.201016 -0.1829813 0.840318
v 1.217192 -0.185817 0.8362267
v 1.201016 -0.2049688 0.8803151
v 1.201016 -0.08528333 0.8403227
v 1.217192 -0.185817 0.8362267
v 1.201016 -0.1829813 0.840318
v 1.217192 -0.08528333 0.8362315
v 1.217192 0.01525029 0.8362267
v 1.201016 0.01241462 0.840318
v 1.217192 -0.08528333 1.126335
v 1.201016 -0.1829813 1.122234
v 1.217192 -0.185817 1.126325
v 1.201016 -0.08528333 1.122243
v 1.201016 0.01241462 1.122234
v 1.217192 0.01525029 1.126325
v 1.217192 -0.185817 1.126325
v 1.201016 -0.2049688 1.082234
v 1.217192 -0.2084426 1.085164
v 1.201016 -0.1829813 1.122234
v 1.217192 -0.08528333 0.272058
v 1.188442 -0.3845283 0.2720581
v 1.217191 -0.3845283 0.272058
v 1.188442 -0.08528332 0.272058
v 1.188442 0.2139616 0.2720581
v 1.217192 0.2139616 0.272058
v 1.188442 -0.3845283 0.6640679
v 1.217191 -0.3845283 0.272058
v 1.188442 -0.3845283 0.2720581
v 1.217191 -0.3845283 0.6640679
v 1.188442 -0.3845283 0.7917914
v 1.217191 -0.3845283 0.7917914
v 1.188442 -0.3845283 1.176239
v 1.217191 -0.3845283 1.176239
v 1.188442 -0.08528332 1.176252
v 1.217191 -0.3845283 1.176239
v 1.188442 -0.3845283 1.176239
v 1.217192 -0.08528333 1.176252
v 1.217192 0.2139616 1.176239
v 1.188442 0.2139616 1.176239
v 1.188442 -0.3845283 0.2720581
v 1.188442 -0.08528332 1.176252
v 1.188442 -0.3845283 1.176239
v 1.188442 -0.08528332 0.272058
v 1.188442 0.2139616 0.2720581
v 1.188442 0.2139616 1.176239
v 1.217192 0.03787595 1.085164
v 1.201016 0.03440209 0.8803151
v 1.201016 0.03440209 1.082234
v 1.217192 0.03787595 0.8773845
v 1.217192 0.03787595 0.8773845
v 1.201016 0.01241462 0.840318
v 1.201016 0.03440209 0.8803151
v 1.217192 0.01525029 0.8362267
v 1.217192 0.01525029 1.126325
v 1.201016 0.03440209 1.082234
v 1.201016 0.01241462 1.122234
v 1.217192 0.03787595 1.085164
v 1.217192 0.2139616 0.272058
v 1.188442 0.2139616 0.6640679
v 1.188442 0.2139616 0.2720581
v 1.217192 0.2139616 0.6640679
v 1.188442 0.2139616 0.7917914
v 1.217192 0.2139616 0.7917914
v 1.188442 0.2139616 1.176239
v 1.217192 0.2139616 1.176239
v 1.242083 -0.3766442 0.6737738
v 1.242083 -0.3526948 0.6359762
v 1.242083 -0.3766442 0.6547632
v 1.242083 -0.3526948 0.6925607
v 1.242083 -0.3287453 0.6542134
v 1.242083 -0.3287453 0.6743235
v 1.242083 -0.2426126 0.6578211
v 1.242083 -0.2426126 0.6707159
v 1.231147 -0.3526948 0.6359762
v 1.242083 -0.3766442 0.6547632
v 1.242083 -0.3526948 0.6359762
v 1.231147 -0.3766441 0.6547632
v 1.231147 -0.2426126 0.6578211
v 1.242083 -0.2426126 0.6707159
v 1.231147 -0.2426126 0.6707159
v 1.242083 -0.2426126 0.6578211
v 1.231147 -0.3287453 0.6743235
v 1.242083 -0.2426126 0.6707159
v 1.242083 -0.3287453 0.6743235
v 1.231147 -0.2426126 0.6707159
v 1.231147 -0.3766441 0.6737738
v 1.242083 -0.3766442 0.6547632
v 1.231147 -0.3766441 0.6547632
v 1.242083 -0.3766442 0.6737738
v 1.231147 -0.2426126 0.6578211
v 1.242083 -0.3287453 0.6542134
v 1.242083 -0.2426126 0.6578211
v 1.231147 -0.3287453 0.6542134
v 1.231147 -0.3526948 0.6925607
v 1.242083 -0.3287453 0.6743235
v 1.242083 -0.3526948 0.6925607
v 1.231147 -0.3287453 0.6743235
v 1.231147 -0.3287453 0.6542134
v 1.242083 -0.3526948 0.6359762
v 1.242083 -0.3287453 0.6542134
v 1.231147 -0.3526948 0.6359762
v 1.231147 -0.3766441 0.6737738
v 1.242083 -0.3526948 0.6925607
v 1.242083 -0.3766442 0.6737738
v 1.231147 -0.3526948 0.6925607
v 1.231147 -0.2426126 0.6707159
v 1.231147 -0.3287453 0.6542134
v 1.231147 -0.2426126 0.6578211
v 1.231147 -0.3287453 0.6743235
v 1.231147 -0.3406197 0.6642685
v 1.231147 -0.3526948 0.6925607
v 1.231147 -0.3525906 0.6515186
v 1.231147 -0.3525906 0.6770183
v 1.231147 -0.3526948 0.6359762
v 1.231147 -0.3766441 0.6737738
v 1.231147 -0.3647698 0.6642685
v 1.231147 -0.3766441 0.6547632
v 1.231147 -0.3647698 0.6642685
v 1.217122 -0.3525906 0.6770183
v 1.231147 -0.3525906 0.6770183
v 1.217122 -0.3647698 0.6642685
v 1.231147 -0.3525906 0.6770183
v 1.217122 -0.3406197 0.6642685
v 1.231147 -0.3406197 0.6642685
v 1.217122 -0.3525906 0.6770183
v 1.231147 -0.3406197 0.6642685
v 1.217122 -0.3525906 0.6515186
v 1.231147 -0.3525906 0.6515186
v 1.217122 -0.3406197 0.6642685
v 1.231147 -0.3525906 0.6515186
v 1.217122 -0.3647698 0.6642685
v 1.231147 -0.3647698 0.6642685
v 1.217122 -0.3525906 0.6515186
v 1.01706 0.2695386 0.09604853
v 0.9539419 0.2695386 0.03293533
v 0.8268551 0.2695386 0.2231482
v 1.05122 0.2695386 0.1785114
v 0.871477 0.2695386 -0.001219606
v 1.051223 0.2695386 0.26777
v 0.7822185 0.2695386 -0.00121653
v 1.017068 0.2695386 0.3502352
v 0.6997555 0.2695386 0.03294393
v 0.9539548 0.2695386 0.4133526
v 0.6366424 0.2695387 0.09606133
v 0.8714921 0.2695386 0.4475132
v 0.6024874 0.2695387 0.1785265
v 0.7822335 0.2695386 0.4475161
v 0.6024904 0.2695387 0.267785
v 0.6997684 0.2695386 0.4133611
v 0.6366509 0.2695387 0.3502479
v -0.6054383 0.2695387 0.09604853
v -0.6685556 0.2695388 0.03293533
v -0.7956424 0.2695388 0.2231482
v -0.5712776 0.2695387 0.1785114
v -0.7510207 0.2695388 -0.001219606
v -0.5712746 0.2695387 0.26777
v -0.8402792 0.2695388 -0.00121653
v -0.6054298 0.2695387 0.3502352
v -0.9227422 0.2695388 0.03294393
v -0.6685427 0.2695388 0.4133526
v -0.9858554 0.2695388 0.09606133
v -0.7510057 0.2695388 0.4475132
v -1.02001 0.2695388 0.1785265
v -0.8402642 0.2695388 0.4475161
v -1.020007 0.2695388 0.267785
v -0.9227293 0.2695388 0.4133611
v -0.9858468 0.2695388 0.3502479
v 1.017059 -0.4401028 0.09604853
v 0.826855 -0.4401028 0.2231482
v 0.9539419 -0.4401028 0.03293533
v 1.05122 -0.4401028 0.1785114
v 0.871477 -0.4401028 -0.001219606
v 1.051223 -0.4401028 0.26777
v 0.7822183 -0.4401028 -0.00121653
v 1.017068 -0.4401028 0.3502352
v 0.6997555 -0.4401028 0.03294393
v 0.9539546 -0.4401028 0.4133526
v 0.6366423 -0.4401028 0.09606133
v 0.871492 -0.4401028 0.4475132
v 0.6024873 -0.4401028 0.1785265
v 0.7822335 -0.4401028 0.4475161
v 0.6024904 -0.4401028 0.267785
v 0.6997683 -0.4401028 0.4133611
v 0.6366509 -0.4401028 0.3502479
v -0.6054383 -0.4401025 0.09604853
v -0.7956426 -0.4401025 0.2231482
v -0.6685557 -0.4401025 0.03293533
v -0.5712779 -0.4401025 0.1785114
v -0.751021 -0.4401025 -0.001219606
v -0.5712747 -0.4401025 0.26777
v -0.8402792 -0.4401025 -0.00121653
v -0.6054298 -0.4401025 0.3502352
v -0.9227422 -0.4401025 0.03294393
v -0.6685429 -0.4401025 0.4133526
v -0.9858554 -0.4401025 0.09606133
v -0.7510058 -0.4401025 0.4475132
v -1.02001 -0.4401025 0.1785265
v -0.8402642 -0.4401025 0.4475161
v -1.020007 -0.4401025 0.267785
v -0.9227293 -0.4401025 0.4133611
v -0.9858468 -0.4401025 0.3502479
v 1.120938 -0.08528308 0.3883119
v 1.12094 0.1988733 0.4775674
v 1.120939 0.1988755 0.3648647
v 1.120938 -0.08528308 0.3648649
v 1.120938 -0.08528308 0.4775666
v 1.120938 -0.3694417 0.3648652
v 1.120939 -0.3694395 0.4775678
v 0.7465588 0.4568344 0.1029854
v 0.6366423 0.4598483 0.09606133
v 0.6997555 0.4598483 0.03294393
v 0.7066869 0.4568344 0.1428602
v 0.7986554 0.4568344 0.08140425
v 0.6024874 0.4598483 0.1785265
v 0.7822183 0.4598482 -0.001216591
v 0.6851093 0.4568344 0.1949582
v 0.8550452 0.4568344 0.08140231
v 0.6024903 0.4598483 0.267785
v 0.8714769 0.4598482 -0.001219606
v 0.6851112 0.4568344 0.2513479
v 0.9071431 0.4568344 0.10298
v 0.6366509 0.4598483 0.3502479
v 0.9539421 0.4598483 0.03293533
v 0.7066922 0.4568344 0.3034444
v 0.9470182 0.4568344 0.142852
v 0.6997682 0.4598483 0.4133611
v 1.01706 0.4598483 0.09604847
v 0.7465669 0.4568344 0.3433166
v 0.9685993 0.4568344 0.1949486
v 0.7822334 0.4598482 0.4475161
v 1.05122 0.4598483 0.1785114
v 0.798665 0.4568344 0.3648942
v 0.968601 0.4568344 0.2513383
v 0.871492 0.4598482 0.4475132
v 1.051223 0.4598483 0.26777
v 0.8550547 0.4568344 0.3648924
v 0.9470235 0.4568344 0.3034363
v 0.9539548 0.4598483 0.4133526
v 1.017068 0.4598483 0.3502353
v 0.9071513 0.4568344 0.3433112
v -0.8759388 0.4568345 0.1029854
v -0.9858554 0.4598483 0.09606133
v -0.922742 0.4598483 0.03294393
v -0.9158107 0.4568345 0.1428602
v -0.8238422 0.4568345 0.08140425
v -1.02001 0.4598483 0.1785265
v -0.8402792 0.4598483 -0.001216591
v -0.9373883 0.4568345 0.1949582
v -0.7674525 0.4568345 0.08140231
v -1.020007 0.4598483 0.267785
v -0.7510208 0.4598483 -0.001219606
v -0.9373864 0.4568345 0.2513479
v -0.7153545 0.4568344 0.10298
v -0.9858468 0.4598483 0.3502479
v -0.6685557 0.4598483 0.03293533
v -0.9158053 0.4568345 0.3034444
v -0.6754796 0.4568344 0.142852
v -0.9227293 0.4598483 0.4133611
v -0.6054383 0.4598483 0.09604847
v -0.8759305 0.4568345 0.3433166
v -0.6538985 0.4568344 0.1949486
v -0.8402642 0.4598483 0.4475161
v -0.5712776 0.4598483 0.1785114
v -0.8238327 0.4568345 0.3648942
v -0.6538966 0.4568344 0.2513383
v -0.7510058 0.4598483 0.4475132
v -0.5712746 0.4598483 0.26777
v -0.767443 0.4568345 0.3648924
v -0.6754742 0.4568344 0.3034363
v -0.6685427 0.4598483 0.4133526
v -0.6054298 0.4598483 0.3502353
v -0.7153465 0.4568344 0.3433112
v 0.6366422 -0.6304123 0.09606133
v 0.7465587 -0.6273985 0.1029854
v 0.6997555 -0.6304123 0.03294393
v 0.7066867 -0.6273985 0.1428602
v 0.7986553 -0.6273985 0.08140425
v 0.6024873 -0.6304123 0.1785265
v 0.7822183 -0.6304124 -0.001216591
v 0.6851091 -0.6273985 0.1949582
v 0.8550451 -0.6273985 0.08140231
v 0.6024902 -0.6304123 0.267785
v 0.8714767 -0.6304124 -0.001219606
v 0.685111 -0.6273985 0.2513479
v 0.9071429 -0.6273985 0.10298
v 0.6366508 -0.6304123 0.3502479
v 0.9539419 -0.6304123 0.03293533
v 0.7066921 -0.6273985 0.3034444
v 0.9470181 -0.6273985 0.142852
v 0.6997681 -0.6304123 0.4133611
v 1.017059 -0.6304123 0.09604847
v 0.7465668 -0.6273985 0.3433166
v 0.9685991 -0.6273985 0.1949486
v 0.7822332 -0.6304124 0.4475161
v 1.05122 -0.6304123 0.1785114
v 0.7986649 -0.6273985 0.3648942
v 0.968601 -0.6273985 0.2513383
v 0.8714917 -0.6304124 0.4475132
v 1.051223 -0.6304123 0.26777
v 0.8550546 -0.6273985 0.3648924
v 0.9470233 -0.6273985 0.3034363
v 0.9539546 -0.6304123 0.4133526
v 1.017068 -0.6304123 0.3502353
v 0.9071511 -0.6273985 0.3433112
v -0.9858556 -0.630412 0.09606133
v -0.8759388 -0.6273982 0.1029854
v -0.9227424 -0.630412 0.03294393
v -0.915811 -0.6273982 0.1428602
v -0.8238422 -0.6273982 0.08140425
v -1.02001 -0.630412 0.1785265
v -0.8402795 -0.630412 -0.001216591
v -0.9373885 -0.6273982 0.1949582
v -0.7674525 -0.6273982 0.08140231
v -1.020008 -0.630412 0.267785
v -0.751021 -0.630412 -0.001219606
v -0.9373867 -0.6273982 0.2513479
v -0.7153546 -0.6273982 0.10298
v -0.9858468 -0.630412 0.3502479
v -0.6685557 -0.6304121 0.03293533
v -0.9158056 -0.6273982 0.3034444
v -0.6754797 -0.6273982 0.142852
v -0.9227296 -0.630412 0.4133611
v -0.6054383 -0.6304121 0.09604847
v -0.8759309 -0.6273982 0.3433166
v -0.6538986 -0.6273982 0.1949486
v -0.8402644 -0.630412 0.4475161
v -0.5712779 -0.6304121 0.1785114
v -0.8238329 -0.6273982 0.3648942
v -0.6538967 -0.6273982 0.2513383
v -0.751006 -0.630412 0.4475132
v -0.5712747 -0.6304121 0.26777
v -0.7674431 -0.6273982 0.3648924
v -0.6754745 -0.6273982 0.3034363
v -0.6685429 -0.6304121 0.4133526
v -0.6054298 -0.6304121 0.3502353
v -0.7153466 -0.6273982 0.3433112
v -0.8855269 0.5324118 0.9737752
v -0.874317 0.601498 0.9621329
v -0.8872136 0.5280795 0.9632612
v -0.8741525 0.5971653 0.9727801
v -0.8713467 0.6127434 0.9733356
v -0.885973 0.5272936 0.9790313
v -0.8881937 0.5168339 0.9748095
v -0.8728005 0.6022836 0.9778789
v -0.8593969 0.6127434 1.109923
v -0.8616176 0.6022836 1.105701
v -0.8603768 0.601498 1.121471
v -0.8747901 0.5272936 1.106853
v -0.8762439 0.5168339 1.111397
v -0.873438 0.5324118 1.111952
v -0.8732733 0.5280795 1.122599
v -0.8620637 0.5971653 1.110957
v -0.8743173 -0.7720618 0.9621329
v -0.8855272 -0.7029755 0.9737752
v -0.8872138 -0.6986431 0.9632612
v -0.8741528 -0.767729 0.9727801
v -0.871347 -0.7833071 0.9733356
v -0.8859733 -0.6978573 0.9790313
v -0.888194 -0.6873976 0.9748095
v -0.8728007 -0.7728474 0.9778789
v -0.8593972 -0.7833071 1.109923
v -0.8616179 -0.7728474 1.105701
v -0.860377 -0.7720618 1.121471
v -0.8747903 -0.6978573 1.106853
v -0.8762442 -0.6873976 1.111397
v -0.8734383 -0.7029755 1.111952
v -0.8732736 -0.6986431 1.122599
v -0.8620639 -0.767729 1.110957
vt 0.1799316 0.263916
vt 0.1279297 0.2247314
vt 0.1196289 0.263916
vt 0.1279297 0.2247314
vt 0.1799316 0.263916
vt 0.1799316 0.2247314
vt 0.1799316 0.2949219
vt 0.1734619 0.3144531
vt 0.1778564 0.3208008
vt 0.03173828 0.8369141
vt 0.05172729 0.8374023
vt 0.03173828 0.8115234
vt 0.1719971 0.4094238
vt 0.09277344 0.4169922
vt 0.173584 0.4169922
vt 0.1799316 0.263916
vt 0.1196289 0.263916
vt 0.1799316 0.2949219
vt 0.1799316 0.263916
vt 0.2111816 0.2247314
vt 0.1799316 0.2247314
vt 0.1196289 0.263916
vt 0.1279297 0.2247314
vt 0.112793 0.2247314
vt 0.1723633 0.3278809
vt 0.1669922 0.3227539
vt 0.09283447 0.3227539
vt 0.1734619 0.3144531
vt 0.1723633 0.3278809
vt 0.1778564 0.3208008
vt 0.1723633 0.3278809
vt 0.1734619 0.3144531
vt 0.1669922 0.3227539
vt 0.1778564 0.4023438
vt 0.1669922 0.4038086
vt 0.1719971 0.4094238
vt 0.1669922 0.4038086
vt 0.1778564 0.4023438
vt 0.1724854 0.3972168
vt 0.03173828 0.8369141
vt 0.03173828 0.8115234
vt 0.003734589 0.8349609
vt 0.2111816 0.3012695
vt 0.1778564 0.3208008
vt 0.2111816 0.3483887
vt 0.003734589 0.987793
vt 0.03173828 0.9174805
vt 0.003734589 0.9165039
vt 0.03173828 0.9174805
vt 0.003734589 0.9165039
vt 0.03173828 0.9174805
vt 0.003734589 0.987793
vt 0.03173828 0.987793
vt 0.1799316 0.2949219
vt 0.1778564 0.3208008
vt 0.2111816 0.3012695
vt 0.2005615 0.1625977
vt 0.1795654 0.05682373
vt 0.1795654 0.1625977
vt 0.8359375 0.6699219
vt 0.9052734 0.7104492
vt 0.9052734 0.6811523
vt 0.1809082 0.194458
vt 0.1809082 0.194458
vt 0.1777344 0.194458
vt 0.1959229 0.194458
vt 0.1956787 0.194458
vt 0.1953125 0.194458
vt 0.1279297 0.2169189
vt 0.112793 0.2247314
vt 0.1279297 0.2247314
vt 0.1279297 0.1625977
vt 0.112793 0.2247314
vt 0.1279297 0.2169189
vt 0.1799316 0.2247314
vt 0.2005615 0.2169189
vt 0.1799316 0.2169189
vt 0.2005615 0.2169189
vt 0.1799316 0.2247314
vt 0.2111816 0.2247314
vt 0.1155396 0.8374023
vt 0.07171631 0.9179688
vt 0.1155396 0.9189453
vt 0.07171631 0.9179688
vt 0.1155396 0.8374023
vt 0.07171631 0.8374023
vt 0.003734589 0.9165039
vt 0.03173828 0.8369141
vt 0.003734589 0.8349609
vt 0.03173828 0.8369141
vt 0.003734589 0.9165039
vt 0.03173828 0.9174805
vt 0.173584 0.4169922
vt 0.1778564 0.4023438
vt 0.1719971 0.4094238
vt 0.1778564 0.4023438
vt 0.173584 0.4169922
vt 0.2111816 0.4169922
vt 0.07171631 0.8374023
vt 0.05172729 0.9174805
vt 0.07171631 0.9179688
vt 0.05172729 0.9174805
vt 0.07171631 0.8374023
vt 0.05172729 0.8374023
vt 0.1799316 0.263916
vt 0.1279297 0.2247314
vt 0.1799316 0.2247314
vt 0.1279297 0.2247314
vt 0.1799316 0.263916
vt 0.1196289 0.263916
vt 0.1799316 0.2949219
vt 0.1778564 0.3208008
vt 0.1734619 0.3144531
vt 0.03173828 0.8369141
vt 0.03173828 0.8115234
vt 0.05172729 0.8374023
vt 0.09277344 0.4169922
vt 0.1719971 0.4094238
vt 0.173584 0.4169922
vt 0.1799316 0.263916
vt 0.1799316 0.2949219
vt 0.1196289 0.263916
vt 0.1799316 0.263916
vt 0.2111816 0.2247314
vt 0.2111816 0.263916
vt 0.2111816 0.263916
vt 0.1799316 0.2949219
vt 0.2111816 0.3012695
vt 0.2111816 0.2247314
vt 0.1799316 0.263916
vt 0.1799316 0.2247314
vt 0.1196289 0.263916
vt 0.112793 0.2247314
vt 0.1279297 0.2247314
vt 0.1723633 0.3278809
vt 0.09283447 0.3227539
vt 0.1669922 0.3227539
vt 0.1734619 0.3144531
vt 0.1723633 0.3278809
vt 0.1669922 0.3227539
vt 0.1723633 0.3278809
vt 0.1734619 0.3144531
vt 0.1778564 0.3208008
vt 0.1778564 0.4023438
vt 0.1669922 0.4038086
vt 0.1724854 0.3972168
vt 0.1669922 0.4038086
vt 0.1778564 0.4023438
vt 0.1719971 0.4094238
vt 0.03173828 0.8369141
vt 0.003734589 0.8349609
vt 0.03173828 0.8115234
vt 0.2111816 0.3012695
vt 0.2111816 0.3483887
vt 0.1778564 0.3208008
vt 0.003734589 0.987793
vt 0.03173828 0.9174805
vt 0.03173828 0.987793
vt 0.1799316 0.2949219
vt 0.2111816 0.3012695
vt 0.1778564 0.3208008
vt 0.1795654 0.05682373
vt 0.2005615 0.1625977
vt 0.1795654 0.1625977
vt 0.8359375 0.6699219
vt 0.9052734 0.6811523
vt 0.9052734 0.7104492
vt 0.1809082 0.194458
vt 0.1777344 0.194458
vt 0.1809082 0.194458
vt 0.1809082 0.194458
vt 0.1777344 0.2091064
vt 0.1777344 0.194458
vt 0.1809082 0.2091064
vt 0.1777344 0.2091064
vt 0.1809082 0.194458
vt 0.1959229 0.194458
vt 0.1953125 0.194458
vt 0.1956787 0.194458
vt 0.1959229 0.194458
vt 0.1953125 0.2091064
vt 0.1953125 0.194458
vt 0.1279297 0.2169189
vt 0.1279297 0.2247314
vt 0.112793 0.2247314
vt 0.1279297 0.1625977
vt 0.1279297 0.2169189
vt 0.112793 0.2247314
vt 0.1799316 0.2949219
vt 0.09729004 0.2949219
vt 0.1196289 0.263916
vt 0.09729004 0.2949219
vt 0.006259918 0.263916
vt 0.006259918 0.2949219
vt 0.09375 0.3144531
vt 0.1734619 0.3144531
vt 0.1799316 0.2949219
vt 0.006259918 0.3144531
vt 0.09375 0.3144531
vt 0.09729004 0.2949219
vt 0.1734619 0.3144531
vt 0.1799316 0.2949219
vt 0.006259918 0.263916
vt 0.09729004 0.2949219
vt 0.1196289 0.263916
vt 0.1799316 0.2949219
vt 0.112793 0.2247314
vt 0.1196289 0.263916
vt 0.006259918 0.2247314
vt 0.112793 0.2247314
vt 0.1196289 0.263916
vt 0.1799316 0.2247314
vt 0.2005615 0.2169189
vt 0.2111816 0.2247314
vt 0.2005615 0.2169189
vt 0.1799316 0.2247314
vt 0.1799316 0.2169189
vt 0.1155396 0.8374023
vt 0.07171631 0.9179688
vt 0.07171631 0.8374023
vt 0.07171631 0.9179688
vt 0.1155396 0.8374023
vt 0.1155396 0.9189453
vt 0.003734589 0.9165039
vt 0.03173828 0.8369141
vt 0.03173828 0.9174805
vt 0.03173828 0.8369141
vt 0.003734589 0.9165039
vt 0.003734589 0.8349609
vt 0.173584 0.4169922
vt 0.1778564 0.4023438
vt 0.2111816 0.4169922
vt 0.1778564 0.4023438
vt 0.173584 0.4169922
vt 0.1719971 0.4094238
vt 0.07171631 0.8374023
vt 0.05172729 0.9174805
vt 0.05172729 0.8374023
vt 0.05172729 0.9174805
vt 0.07171631 0.8374023
vt 0.07171631 0.9179688
vt 0.03173828 0.8115234
vt 0.05172729 0.8374023
vt 0.07171631 0.8374023
vt 0.05172729 0.8374023
vt 0.03173828 0.8115234
vt 0.07171631 0.8374023
vt 0.8481445 0.04489136
vt 0.8598633 0.04489136
vt 0.8481445 0.04489136
vt 0.8598633 0.04489136
vt 0.871582 0.04489136
vt 0.8481445 0.04489136
vt 0.871582 0.04489136
vt 0.8833008 0.04489136
vt 0.8481445 0.04489136
vt 0.8833008 0.04489136
vt 0.8950195 0.04489136
vt 0.8481445 0.04489136
vt 0.8012695 0.04489136
vt 0.8129883 0.04489136
vt 0.8481445 0.04489136
vt 0.8129883 0.04489136
vt 0.8251953 0.04489136
vt 0.8481445 0.04489136
vt 0.8251953 0.04489136
vt 0.8369141 0.04489136
vt 0.8481445 0.04489136
vt 0.8369141 0.04489136
vt 0.8481445 0.04489136
vt 0.8481445 0.04489136
vt 0.8481445 0.04489136
vt 0.8598633 0.04489136
vt 0.8481445 0.04489136
vt 0.8598633 0.04489136
vt 0.871582 0.04489136
vt 0.8481445 0.04489136
vt 0.871582 0.04489136
vt 0.8833008 0.04489136
vt 0.8481445 0.04489136
vt 0.8833008 0.04489136
vt 0.8950195 0.04489136
vt 0.8481445 0.04489136
vt 0.8012695 0.04489136
vt 0.8129883 0.04489136
vt 0.8481445 0.04489136
vt 0.8129883 0.04489136
vt 0.8251953 0.04489136
vt 0.8481445 0.04489136
vt 0.8251953 0.04489136
vt 0.8369141 0.04489136
vt 0.8481445 0.04489136
vt 0.8369141 0.04489136
vt 0.8481445 0.04489136
vt 0.8481445 0.04489136
vt 0.8481445 0.04489136
vt 0.8598633 0.04489136
vt 0.8481445 0.04489136
vt 0.8598633 0.04489136
vt 0.871582 0.04489136
vt 0.8481445 0.04489136
vt 0.871582 0.04489136
vt 0.8833008 0.04489136
vt 0.8481445 0.04489136
vt 0.8833008 0.04489136
vt 0.8950195 0.04489136
vt 0.8481445 0.04489136
vt 0.8012695 0.04489136
vt 0.8129883 0.04489136
vt 0.8481445 0.04489136
vt 0.8129883 0.04489136
vt 0.8251953 0.04489136
vt 0.8481445 0.04489136
vt 0.8251953 0.04489136
vt 0.8369141 0.04489136
vt 0.8481445 0.04489136
vt 0.8369141 0.04489136
vt 0.8481445 0.04489136
vt 0.8481445 0.04489136
vt 0.8481445 0.04489136
vt 0.8598633 0.04489136
vt 0.8481445 0.04489136
vt 0.8598633 0.04489136
vt 0.871582 0.04489136
vt 0.8481445 0.04489136
vt 0.871582 0.04489136
vt 0.8833008 0.04489136
vt 0.8481445 0.04489136
vt 0.8833008 0.04489136
vt 0.8950195 0.04489136
vt 0.8481445 0.04489136
vt 0.8012695 0.04489136
vt 0.8129883 0.04489136
vt 0.8481445 0.04489136
vt 0.8129883 0.04489136
vt 0.8251953 0.04489136
vt 0.8481445 0.04489136
vt 0.8251953 0.04489136
vt 0.8369141 0.04489136
vt 0.8481445 0.04489136
vt 0.8369141 0.04489136
vt 0.8481445 0.04489136
vt 0.8481445 0.04489136
vt 0.05023193 0.5327148
vt 0.007106781 0.5351563
vt 0.04983521 0.5375977
vt 0.007106781 0.5351563
vt 0.05023193 0.5327148
vt 0.007106781 0.5327148
vt 0.04983521 0.484375
vt 0.06268311 0.4648438
vt 0.04983521 0.4794922
vt 0.06268311 0.4648438
vt 0.04983521 0.484375
vt 0.06268311 0.484375
vt 0.1012573 0.6357422
vt 0.1066284 0.6494141
vt 0.1201172 0.6362305
vt 0.1066284 0.6494141
vt 0.1199341 0.6547852
vt 0.1201172 0.6362305
vt 0.1199341 0.6547852
vt 0.1333008 0.6494141
vt 0.1201172 0.6362305
vt 0.1333008 0.6494141
vt 0.1390381 0.6362305
vt 0.1201172 0.6362305
vt 0.1390381 0.6362305
vt 0.133667 0.6230469
vt 0.1201172 0.6362305
vt 0.133667 0.6230469
vt 0.1203613 0.6171875
vt 0.1201172 0.6362305
vt 0.1203613 0.6171875
vt 0.1069336 0.6225586
vt 0.1201172 0.6362305
vt 0.1069336 0.6225586
vt 0.1012573 0.6357422
vt 0.1201172 0.6362305
vt 0.06268311 0.484375
vt 0.05731201 0.5083008
vt 0.06268311 0.5209961
vt 0.06268311 0.5439453
vt 0.04983521 0.5375977
vt 0.06268311 0.5522461
vt 0.04983521 0.5375977
vt 0.06268311 0.5439453
vt 0.05023193 0.5327148
vt 0.007106781 0.484375
vt 0.04983521 0.4794922
vt 0.007106781 0.4814453
vt 0.04983521 0.4794922
vt 0.007106781 0.484375
vt 0.04983521 0.484375
vt 0.03869629 0.5258789
vt 0.007106781 0.5327148
vt 0.05023193 0.5327148
vt 0.06268311 0.5209961
vt 0.05023193 0.5327148
vt 0.06268311 0.5439453
vt 0.06268311 0.5209961
vt 0.05151367 0.5205078
vt 0.05023193 0.5327148
vt 0.05023193 0.5327148
vt 0.05151367 0.5205078
vt 0.03869629 0.5258789
vt 0.06268311 0.5209961
vt 0.05731201 0.5083008
vt 0.05151367 0.5205078
vt 0.05023193 0.5327148
vt 0.007106781 0.5351563
vt 0.007106781 0.5327148
vt 0.007106781 0.5351563
vt 0.05023193 0.5327148
vt 0.04983521 0.5375977
vt 0.04983521 0.484375
vt 0.06268311 0.4648438
vt 0.06268311 0.484375
vt 0.06268311 0.4648438
vt 0.04983521 0.484375
vt 0.04983521 0.4794922
vt 0.1390381 0.6362305
vt 0.1201172 0.6362305
vt 0.1333008 0.6494141
vt 0.1333008 0.6494141
vt 0.1201172 0.6362305
vt 0.1199341 0.6547852
vt 0.1199341 0.6547852
vt 0.1201172 0.6362305
vt 0.1066284 0.6494141
vt 0.1066284 0.6494141
vt 0.1201172 0.6362305
vt 0.1012573 0.6357422
vt 0.1012573 0.6357422
vt 0.1201172 0.6362305
vt 0.1069336 0.6225586
vt 0.1069336 0.6225586
vt 0.1201172 0.6362305
vt 0.1203613 0.6171875
vt 0.1203613 0.6171875
vt 0.1201172 0.6362305
vt 0.133667 0.6230469
vt 0.133667 0.6230469
vt 0.1201172 0.6362305
vt 0.1390381 0.6362305
vt 0.06268311 0.484375
vt 0.06268311 0.5209961
vt 0.05731201 0.5083008
vt 0.06268311 0.5439453
vt 0.04983521 0.5375977
vt 0.05023193 0.5327148
vt 0.04983521 0.5375977
vt 0.06268311 0.5439453
vt 0.06268311 0.5522461
vt 0.007106781 0.484375
vt 0.04983521 0.4794922
vt 0.04983521 0.484375
vt 0.04983521 0.4794922
vt 0.007106781 0.484375
vt 0.007106781 0.4814453
vt 0.007106781 0.5327148
vt 0.03869629 0.5258789
vt 0.05023193 0.5327148
vt 0.06268311 0.5209961
vt 0.06268311 0.5439453
vt 0.05023193 0.5327148
vt 0.06268311 0.5209961
vt 0.05023193 0.5327148
vt 0.05151367 0.5205078
vt 0.05023193 0.5327148
vt 0.03869629 0.5258789
vt 0.05151367 0.5205078
vt 0.06268311 0.5209961
vt 0.05151367 0.5205078
vt 0.05731201 0.5083008
vt 0.01477051 0.5517578
vt 0.02999878 0.5546875
vt 0.02548218 0.5517578
vt 0.01013184 0.5795898
vt 0.01477051 0.5825195
vt 0.02548218 0.5825195
vt 0.1104126 0.5615234
vt 0.1031494 0.5878906
vt 0.1104126 0.5878906
vt 0.1031494 0.5878906
vt 0.1104126 0.5615234
vt 0.1031494 0.5615234
vt 0.1174927 0.5615234
vt 0.1104126 0.5878906
vt 0.1174927 0.5878906
vt 0.1104126 0.5878906
vt 0.1174927 0.5615234
vt 0.1104126 0.5615234
vt 0.1241455 0.5615234
vt 0.1174927 0.5878906
vt 0.1241455 0.5878906
vt 0.1174927 0.5878906
vt 0.1241455 0.5615234
vt 0.1174927 0.5615234
vt 0.1031494 0.5615234
vt 0.09692383 0.5878906
vt 0.1031494 0.5878906
vt 0.09692383 0.5878906
vt 0.1031494 0.5615234
vt 0.09692383 0.5615234
vt 0.1104126 0.5219727
vt 0.1031494 0.5615234
vt 0.1104126 0.5615234
vt 0.1031494 0.5615234
vt 0.1104126 0.5219727
vt 0.1031494 0.5219727
vt 0.1174927 0.5219727
vt 0.1104126 0.5615234
vt 0.1174927 0.5615234
vt 0.1104126 0.5615234
vt 0.1174927 0.5219727
vt 0.1104126 0.5219727
vt 0.1241455 0.5219727
vt 0.1174927 0.5615234
vt 0.1241455 0.5615234
vt 0.1174927 0.5615234
vt 0.1241455 0.5219727
vt 0.1174927 0.5219727
vt 0.1031494 0.5219727
vt 0.09692383 0.5615234
vt 0.1031494 0.5615234
vt 0.09692383 0.5615234
vt 0.1031494 0.5219727
vt 0.09692383 0.5219727
vt 0.01013184 0.5795898
vt 0.02548218 0.5825195
vt 0.01477051 0.5825195
vt 0.02999878 0.5546875
vt 0.01477051 0.5517578
vt 0.02548218 0.5517578
vt 0.1104126 0.5615234
vt 0.1031494 0.5878906
vt 0.1031494 0.5615234
vt 0.1031494 0.5878906
vt 0.1104126 0.5615234
vt 0.1104126 0.5878906
vt 0.1174927 0.5615234
vt 0.1104126 0.5878906
vt 0.1104126 0.5615234
vt 0.1104126 0.5878906
vt 0.1174927 0.5615234
vt 0.1174927 0.5878906
vt 0.1241455 0.5615234
vt 0.1174927 0.5878906
vt 0.1174927 0.5615234
vt 0.1174927 0.5878906
vt 0.1241455 0.5615234
vt 0.1241455 0.5878906
vt 0.1031494 0.5615234
vt 0.09692383 0.5878906
vt 0.09692383 0.5615234
vt 0.09692383 0.5878906
vt 0.1031494 0.5615234
vt 0.1031494 0.5878906
vt 0.1104126 0.5219727
vt 0.1031494 0.5615234
vt 0.1031494 0.5219727
vt 0.1031494 0.5615234
vt 0.1104126 0.5219727
vt 0.1104126 0.5615234
vt 0.1174927 0.5219727
vt 0.1104126 0.5615234
vt 0.1104126 0.5219727
vt 0.1104126 0.5615234
vt 0.1174927 0.5219727
vt 0.1174927 0.5615234
vt 0.1241455 0.5219727
vt 0.1174927 0.5615234
vt 0.1174927 0.5219727
vt 0.1174927 0.5615234
vt 0.1241455 0.5219727
vt 0.1241455 0.5615234
vt 0.1031494 0.5219727
vt 0.09692383 0.5615234
vt 0.09692383 0.5219727
vt 0.09692383 0.5615234
vt 0.1031494 0.5219727
vt 0.1031494 0.5615234
vt 0.01013184 0.5546875
vt 0.003347397 0.5795898
vt 0.003347397 0.5546875
vt 0.003347397 0.5795898
vt 0.01013184 0.5546875
vt 0.01013184 0.5795898
vt 0.02548218 0.5517578
vt 0.01477051 0.543457
vt 0.02548218 0.543457
vt 0.01477051 0.543457
vt 0.02548218 0.5517578
vt 0.01477051 0.5517578
vt 0.7929688 0.4475098
vt 0.8510742 0.4631348
vt 0.8520508 0.4604492
vt 0.8510742 0.4631348
vt 0.7929688 0.4475098
vt 0.7924805 0.4501953
vt 0.7890625 0.4560547
vt 0.8457031 0.472168
vt 0.8457031 0.4692383
vt 0.8457031 0.472168
vt 0.7890625 0.4560547
vt 0.7890625 0.4589844
vt 0.7890625 0.4560547
vt 0.7602539 0.4509277
vt 0.7602539 0.456543
vt 0.7026367 0.4667969
vt 0.7285156 0.451416
vt 0.6933594 0.4638672
vt 0.7285156 0.451416
vt 0.6928711 0.4609375
vt 0.6933594 0.4638672
vt 0.6928711 0.4609375
vt 0.7285156 0.451416
vt 0.7285156 0.4482422
vt 0.7041016 0.4692383
vt 0.7319336 0.4570313
vt 0.7026367 0.4667969
vt 0.7319336 0.4570313
vt 0.7041016 0.4692383
vt 0.7324219 0.4599609
vt 0.7929688 0.4475098
vt 0.8510742 0.4631348
vt 0.8520508 0.4604492
vt 0.8510742 0.4631348
vt 0.7929688 0.4475098
vt 0.7924805 0.4501953
vt 0.7890625 0.4560547
vt 0.8457031 0.472168
vt 0.8457031 0.4692383
vt 0.8457031 0.472168
vt 0.7890625 0.4560547
vt 0.7890625 0.4589844
vt 0.7890625 0.4560547
vt 0.7602539 0.4509277
vt 0.7602539 0.456543
vt 0.7602539 0.4509277
vt 0.7890625 0.4560547
vt 0.7924805 0.4501953
vt 0.7026367 0.4667969
vt 0.7285156 0.451416
vt 0.6933594 0.4638672
vt 0.7285156 0.451416
vt 0.6928711 0.4609375
vt 0.6933594 0.4638672
vt 0.6928711 0.4609375
vt 0.7285156 0.451416
vt 0.7285156 0.4482422
vt 0.7041016 0.4692383
vt 0.7319336 0.4570313
vt 0.7026367 0.4667969
vt 0.7319336 0.4570313
vt 0.7041016 0.4692383
vt 0.7324219 0.4599609
vt 0.7602539 0.4509277
vt 0.7319336 0.4570313
vt 0.7602539 0.456543
vt 0.7602539 0.4509277
vt 0.7319336 0.4570313
vt 0.7602539 0.456543
vt 0.9487305 0.7011719
vt 0.9438477 0.7392578
vt 0.9438477 0.7055664
vt 0.9438477 0.7392578
vt 0.9487305 0.7011719
vt 0.9487305 0.7426758
vt 0.9487305 0.7426758
vt 0.9438477 0.7055664
vt 0.9438477 0.7392578
vt 0.9438477 0.7055664
vt 0.9487305 0.7426758
vt 0.9487305 0.7011719
vt 0.2114258 0.5180664
vt 0.1917725 0.5180664
vt 0.2016602 0.5678711
vt 0.2296143 0.5258789
vt 0.2114258 0.5180664
vt 0.2016602 0.5678711
vt 0.2436523 0.5395508
vt 0.2296143 0.5258789
vt 0.2016602 0.5678711
vt 0.2509766 0.5581055
vt 0.2436523 0.5395508
vt 0.2016602 0.5678711
vt 0.2509766 0.5776367
vt 0.2509766 0.5581055
vt 0.2016602 0.5678711
vt 0.2436523 0.5957031
vt 0.2509766 0.5776367
vt 0.2016602 0.5678711
vt 0.2296143 0.609375
vt 0.2436523 0.5957031
vt 0.2016602 0.5678711
vt 0.2115479 0.6171875
vt 0.2296143 0.609375
vt 0.2016602 0.5678711
vt 0.1917725 0.6171875
vt 0.2115479 0.6171875
vt 0.2016602 0.5678711
vt 0.173584 0.609375
vt 0.1917725 0.6171875
vt 0.2016602 0.5678711
vt 0.159668 0.5957031
vt 0.173584 0.609375
vt 0.2016602 0.5678711
vt 0.1522217 0.5776367
vt 0.159668 0.5957031
vt 0.2016602 0.5678711
vt 0.1522217 0.5581055
vt 0.1522217 0.5776367
vt 0.2016602 0.5678711
vt 0.159668 0.5395508
vt 0.1522217 0.5581055
vt 0.2016602 0.5678711
vt 0.173584 0.5258789
vt 0.159668 0.5395508
vt 0.2016602 0.5678711
vt 0.173584 0.5258789
vt 0.2016602 0.5678711
vt 0.1917725 0.5180664
vt 0.2114258 0.5180664
vt 0.1917725 0.5180664
vt 0.2016602 0.5678711
vt 0.2296143 0.5258789
vt 0.2114258 0.5180664
vt 0.2016602 0.5678711
vt 0.2436523 0.5395508
vt 0.2296143 0.5258789
vt 0.2016602 0.5678711
vt 0.2509766 0.5581055
vt 0.2436523 0.5395508
vt 0.2016602 0.5678711
vt 0.2509766 0.5776367
vt 0.2509766 0.5581055
vt 0.2016602 0.5678711
vt 0.2436523 0.5957031
vt 0.2509766 0.5776367
vt 0.2016602 0.5678711
vt 0.2296143 0.609375
vt 0.2436523 0.5957031
vt 0.2016602 0.5678711
vt 0.2115479 0.6171875
vt 0.2296143 0.609375
vt 0.2016602 0.5678711
vt 0.1917725 0.6171875
vt 0.2115479 0.6171875
vt 0.2016602 0.5678711
vt 0.173584 0.609375
vt 0.1917725 0.6171875
vt 0.2016602 0.5678711
vt 0.159668 0.5957031
vt 0.173584 0.609375
vt 0.2016602 0.5678711
vt 0.1522217 0.5776367
vt 0.159668 0.5957031
vt 0.2016602 0.5678711
vt 0.1522217 0.5581055
vt 0.1522217 0.5776367
vt 0.2016602 0.5678711
vt 0.159668 0.5395508
vt 0.1522217 0.5581055
vt 0.2016602 0.5678711
vt 0.173584 0.5258789
vt 0.159668 0.5395508
vt 0.2016602 0.5678711
vt 0.173584 0.5258789
vt 0.2016602 0.5678711
vt 0.1917725 0.5180664
vt 0.2114258 0.5180664
vt 0.2016602 0.5678711
vt 0.1917725 0.5180664
vt 0.2296143 0.5258789
vt 0.2016602 0.5678711
vt 0.2114258 0.5180664
vt 0.2436523 0.5395508
vt 0.2016602 0.5678711
vt 0.2296143 0.5258789
vt 0.2509766 0.5581055
vt 0.2016602 0.5678711
vt 0.2436523 0.5395508
vt 0.2509766 0.5776367
vt 0.2016602 0.5678711
vt 0.2509766 0.5581055
vt 0.2436523 0.5957031
vt 0.2016602 0.5678711
vt 0.2509766 0.5776367
vt 0.2296143 0.609375
vt 0.2016602 0.5678711
vt 0.2436523 0.5957031
vt 0.2115479 0.6171875
vt 0.2016602 0.5678711
vt 0.2296143 0.609375
vt 0.1917725 0.6171875
vt 0.2016602 0.5678711
vt 0.2115479 0.6171875
vt 0.173584 0.609375
vt 0.2016602 0.5678711
vt 0.1917725 0.6171875
vt 0.159668 0.5957031
vt 0.2016602 0.5678711
vt 0.173584 0.609375
vt 0.1522217 0.5776367
vt 0.2016602 0.5678711
vt 0.159668 0.5957031
vt 0.1522217 0.5581055
vt 0.2016602 0.5678711
vt 0.1522217 0.5776367
vt 0.159668 0.5395508
vt 0.2016602 0.5678711
vt 0.1522217 0.5581055
vt 0.173584 0.5258789
vt 0.2016602 0.5678711
vt 0.159668 0.5395508
vt 0.173584 0.5258789
vt 0.1917725 0.5180664
vt 0.2016602 0.5678711
vt 0.2114258 0.5180664
vt 0.2016602 0.5678711
vt 0.1917725 0.5180664
vt 0.2296143 0.5258789
vt 0.2016602 0.5678711
vt 0.2114258 0.5180664
vt 0.2436523 0.5395508
vt 0.2016602 0.5678711
vt 0.2296143 0.5258789
vt 0.2509766 0.5581055
vt 0.2016602 0.5678711
vt 0.2436523 0.5395508
vt 0.2509766 0.5776367
vt 0.2016602 0.5678711
vt 0.2509766 0.5581055
vt 0.2436523 0.5957031
vt 0.2016602 0.5678711
vt 0.2509766 0.5776367
vt 0.2296143 0.609375
vt 0.2016602 0.5678711
vt 0.2436523 0.5957031
vt 0.2115479 0.6171875
vt 0.2016602 0.5678711
vt 0.2296143 0.609375
vt 0.1917725 0.6171875
vt 0.2016602 0.5678711
vt 0.2115479 0.6171875
vt 0.173584 0.609375
vt 0.2016602 0.5678711
vt 0.1917725 0.6171875
vt 0.159668 0.5957031
vt 0.2016602 0.5678711
vt 0.173584 0.609375
vt 0.1522217 0.5776367
vt 0.2016602 0.5678711
vt 0.159668 0.5957031
vt 0.1522217 0.5581055
vt 0.2016602 0.5678711
vt 0.1522217 0.5776367
vt 0.159668 0.5395508
vt 0.2016602 0.5678711
vt 0.1522217 0.5581055
vt 0.173584 0.5258789
vt 0.2016602 0.5678711
vt 0.159668 0.5395508
vt 0.173584 0.5258789
vt 0.1917725 0.5180664
vt 0.2016602 0.5678711
vt 0.05172729 0.8374023
vt 0.03173828 0.9174805
vt 0.05172729 0.9174805
vt 0.03173828 0.8369141
vt 0.2111816 0.263916
vt 0.1799316 0.2949219
vt 0.2111816 0.3012695
vt 0.1799316 0.263916
vt 0.2111816 0.2247314
vt 0.8359375 0.9951172
vt 0.8129883 0.8110352
vt 0.8129883 0.9960938
vt 0.8359375 0.8110352
vt 0.8129883 0.762207
vt 0.8129883 0.6699219
vt 0.8359375 0.6699219
vt 0.9052734 0.7104492
vt 0.9052734 0.8110352
vt 0.9052734 0.9790039
vt 0.9106445 0.9951172
vt 0.996582 0.9790039
vt 0.996582 0.9951172
vt 0.9106445 0.9951172
vt 0.9052734 0.9790039
vt 0.8359375 0.9951172
vt 0.8359375 0.8110352
vt 0.9052734 0.8110352
vt 0.9052734 0.7104492
vt 0.8359375 0.6699219
vt 0.8129883 0.6699219
vt 0.8129883 0.762207
vt 0.8129883 0.8110352
vt 0.8129883 0.9960938
vt 0.9960938 0.6699219
vt 0.9052734 0.6811523
vt 0.996582 0.6806641
vt 0.9052734 0.6811523
vt 0.09277344 0.4169922
vt 0.1719971 0.4094238
vt 0.09283447 0.4094238
vt 0.006259918 0.4094238
vt 0.09277344 0.4169922
vt 0.09283447 0.4094238
vt 0.1719971 0.4094238
vt 0.1799316 0.2247314
vt 0.1279297 0.2169189
vt 0.1279297 0.2247314
vt 0.1799316 0.2169189
vt 0.1801758 0.00730896
vt 0.2183838 0.03735352
vt 0.2183838 0.00730896
vt 0.1801758 0.03735352
vt 0.2683105 0.03735352
vt 0.2183838 0.04577637
vt 0.2683105 0.04577637
vt 0.2183838 0.03735352
vt 0.1801758 0.03735352
vt 0.1801758 0.04577637
vt 0.09436035 0.03735352
vt 0.09436035 0.04577637
vt 0.003614426 0.04577637
vt 0.003614426 0.03735352
vt 0.09436035 0.03735352
vt 0.09436035 0.04577637
vt 0.1801758 0.04577637
vt 0.1801758 0.03735352
vt 0.2183838 0.04577637
vt 0.2183838 0.03735352
vt 0.2683105 0.03735352
vt 0.2683105 0.04577637
vt 0.2683105 0.03735352
vt 0.2183838 0.00730896
vt 0.2183838 0.03735352
vt 0.2683105 0.00730896
vt 0.7480469 0.253418
vt 0.7749023 0.2457275
vt 0.7480469 0.2456055
vt 0.7749023 0.3364258
vt 0.7480469 0.3361816
vt 0.7299805 0.2734375
vt 0.6088867 0.3361816
vt 0.6088867 0.2734375
vt 0.5654297 0.2736816
vt 0.5654297 0.315918
vt 0.5834961 0.3361816
vt 0.9555664 0.1474609
vt 0.9829102 0.1907959
vt 0.9829102 0.1495361
vt 0.9555664 0.1907959
vt 0.9824219 0.3762207
vt 0.9555664 0.3723145
vt 0.8320313 0.1907959
vt 0.8320313 0.1409912
vt 0.7900391 0.1907959
vt 0.8081055 0.1395264
vt 0.7900391 0.1173706
vt 0.9326172 0.3586426
vt 0.9326172 0.2167969
vt 0.8110352 0.3586426
vt 0.8320313 0.2167969
vt 0.8110352 0.3723145
vt 0.5405273 0.3586426
vt 0.7900391 0.2167969
vt 0.5200195 0.3723145
vt 0.5200195 0.1907959
vt 0.4216309 0.3723145
vt 0.5405273 0.2167969
vt 0.4216309 0.1907959
vt 0.6591797 0.1907959
vt 0.6591797 0.02781677
vt 0.7900391 0.07244873
vt 0.7900391 0.02781677
vt 0.5200195 0.02781677
vt 0.4545898 0.1586914
vt 0.4216309 0.1594238
vt 0.4216309 0.05664063
vt 0.482666 0.1019287
vt 0.4865723 0.02781677
vt 0.4248047 0.02781677
vt 0.4707031 0.1455078
vt 0.7832031 0.2457275
vt 0.7749023 0.3364258
vt 0.7832031 0.3364258
vt 0.7749023 0.2457275
vt 0.7480469 0.3361816
vt 0.7749023 0.3449707
vt 0.7749023 0.3364258
vt 0.7480469 0.3449707
vt 0.6088867 0.3361816
vt 0.609375 0.3449707
vt 0.5834961 0.3361816
vt 0.5834961 0.3449707
vt 0.5566406 0.3427734
vt 0.5654297 0.315918
vt 0.5566406 0.315918
vt 0.5654297 0.3427734
vt 0.5566406 0.315918
vt 0.5654297 0.2736816
vt 0.5566406 0.2736816
vt 0.5654297 0.315918
vt 0.1842041 0.2097168
vt 0.1809082 0.2091064
vt 0.1809082 0.2097168
vt 0.1842041 0.2091064
vt 0.1933594 0.2097168
vt 0.1933594 0.2091064
vt 0.1809082 0.194458
vt 0.1933594 0.194458
vt 0.1810303 0.194458
vt 0.1842041 0.2091064
vt 0.1933594 0.2091064
vt 0.1933594 0.2097168
vt 0.1809082 0.2091064
vt 0.1842041 0.2097168
vt 0.1809082 0.2097168
vt 0.1953125 0.2097168
vt 0.1933594 0.2091064
vt 0.1933594 0.2097168
vt 0.1953125 0.2091064
vt 0.1953125 0.194458
vt 0.1933594 0.194458
vt 0.1933594 0.2091064
vt 0.1953125 0.2091064
vt 0.1953125 0.2097168
vt 0.1933594 0.2097168
vt 0.1959229 0.2097168
vt 0.1953125 0.2091064
vt 0.1953125 0.2097168
vt 0.1959229 0.2091064
vt 0.1959229 0.194458
vt 0.1953125 0.194458
vt 0.1959229 0.2091064
vt 0.1953125 0.2091064
vt 0.1959229 0.2097168
vt 0.1953125 0.2097168
vt 0.197876 0.2093506
vt 0.1959229 0.2091064
vt 0.1959229 0.2097168
vt 0.197876 0.2087402
vt 0.197876 0.2069092
vt 0.1959229 0.194458
vt 0.197876 0.194458
vt 0.197876 0.2069092
vt 0.1959229 0.2091064
vt 0.197876 0.2087402
vt 0.197876 0.2093506
vt 0.1959229 0.2097168
vt 0.4023438 0.2526855
vt 0.3210449 0.3723145
vt 0.4023438 0.3723145
vt 0.416748 0.1907959
vt 0.416748 0.3723145
vt 0.4216309 0.1907959
vt 0.4216309 0.3723145
vt 0.4216309 0.1594238
vt 0.3273926 0.1907959
vt 0.3273926 0.2491455
vt 0.3210449 0.3723145
vt 0.3051758 0.2484131
vt 0.2890625 0.2727051
vt 0.2734375 0.2271729
vt 0.2753906 0.1907959
vt 0.2391357 0.2064209
vt 0.2194824 0.1907959
vt 0.2680664 0.1045532
vt 0.2194824 0.09503174
vt 0.2578125 0.09643555
vt 0.2194824 0.06182861
vt 0.2675781 0.06182861
vt 0.2780762 0.08654785
vt 0.2768555 0.1291504
vt 0.2849121 0.151001
vt 0.3010254 0.1104126
vt 0.295166 0.1590576
vt 0.3273926 0.1235962
vt 0.3273926 0.1601563
vt 0.3581543 0.1236572
vt 0.3884277 0.1119385
vt 0.416748 0.1604004
vt 0.402832 0.09295654
vt 0.4172363 0.07397461
vt 0.4216309 0.05664063
vt 0.07171631 0.987793
vt 0.1155396 0.9189453
vt 0.07171631 0.9179688
vt 0.1155396 0.987793
vt 0.1199341 0.8374023
vt 0.1155396 0.9189453
vt 0.1199341 0.9189453
vt 0.1155396 0.8374023
vt 0.1107788 0.7949219
vt 0.1199341 0.8374023
vt 0.1199341 0.7944336
vt 0.1155396 0.8374023
vt 0.1795654 0.05682373
vt 0.2111816 0.09594727
vt 0.2111816 0.05682373
vt 0.2005615 0.1625977
vt 0.8320313 0.2167969
vt 0.9272461 0.2207031
vt 0.9326172 0.2167969
vt 0.8320313 0.2207031
vt 0.7900391 0.2167969
vt 0.7900391 0.2207031
vt 0.5405273 0.2167969
vt 0.546875 0.2207031
vt 0.9326172 0.2167969
vt 0.9272461 0.3547363
vt 0.9326172 0.3586426
vt 0.9272461 0.2207031
vt 0.8110352 0.3547363
vt 0.9326172 0.3586426
vt 0.9272461 0.3547363
vt 0.8110352 0.3586426
vt 0.546875 0.3547363
vt 0.5405273 0.3586426
vt 0.5405273 0.3586426
vt 0.546875 0.2207031
vt 0.5405273 0.2167969
vt 0.546875 0.3547363
vt 0.1777344 0.2091064
vt 0.1777344 0.194458
vt 0.1677246 0.2091064
vt 0.154541 0.194458
vt 0.1578369 0.2091064
vt 0.154541 0.2091064
vt 0.1499023 0.2091064
vt 0.1499023 0.2017822
vt 0.1677246 0.2091064
vt 0.1777344 0.2091064
vt 0.1578369 0.2091064
vt 0.154541 0.2091064
vt 0.1499023 0.2091064
vt 0.1499023 0.2017822
vt 0.1499023 0.194458
vt 0.1379395 0.1945801
vt 0.1379395 0.2017822
vt 0.1379395 0.2017822
vt 0.1341553 0.1945801
vt 0.1379395 0.2091064
vt 0.1379395 0.2091064
vt 0.1341553 0.2097168
vt 0.1379395 0.2097168
vt 0.1318359 0.2011719
vt 0.1320801 0.2076416
vt 0.1318359 0.194458
vt 0.1318359 0.2011719
vt 0.1341553 0.2097168
vt 0.1379395 0.2097168
vt 0.1320801 0.2076416
vt 0.1155396 0.987793
vt 0.1199341 0.9189453
vt 0.1155396 0.9189453
vt 0.1199341 0.987793
vt 0.1723633 0.3278809
vt 0.1669922 0.4038086
vt 0.1724854 0.3972168
vt 0.09289551 0.4038086
vt 0.09283447 0.3227539
vt 0.006259918 0.4038086
vt 0.006259918 0.3227539
vt 0.09283447 0.3227539
vt 0.09289551 0.4038086
vt 0.1723633 0.3278809
vt 0.1669922 0.4038086
vt 0.1724854 0.3972168
vt 0.1778564 0.3208008
vt 0.1724854 0.3972168
vt 0.1778564 0.4023438
vt 0.1723633 0.3278809
vt 0.1669922 0.4038086
vt 0.09283447 0.4094238
vt 0.1719971 0.4094238
vt 0.09289551 0.4038086
vt 0.006259918 0.4094238
vt 0.006259918 0.4038086
vt 0.09289551 0.4038086
vt 0.09283447 0.4094238
vt 0.1669922 0.4038086
vt 0.1719971 0.4094238
vt 0.09375 0.3144531
vt 0.1669922 0.3227539
vt 0.1734619 0.3144531
vt 0.09283447 0.3227539
vt 0.006259918 0.3144531
vt 0.006259918 0.3227539
vt 0.09283447 0.3227539
vt 0.09375 0.3144531
vt 0.1669922 0.3227539
vt 0.1734619 0.3144531
vt 0.1795654 0.05682373
vt 0.1279297 0.1625977
vt 0.1795654 0.1625977
vt 0.0958252 0.05682373
vt 0.0958252 0.1625977
vt 0.006191254 0.05682373
vt 0.006191254 0.1625977
vt 0.0958252 0.1625977
vt 0.0958252 0.05682373
vt 0.1279297 0.1625977
vt 0.1795654 0.05682373
vt 0.1795654 0.1625977
vt 0.0958252 0.1625977
vt 0.112793 0.2247314
vt 0.1279297 0.1625977
vt 0.006259918 0.2247314
vt 0.006259918 0.1625977
vt 0.0958252 0.1625977
vt 0.112793 0.2247314
vt 0.1279297 0.1625977
vt 0.2683105 0.03735352
vt 0.2773438 0.00730896
vt 0.2683105 0.00730896
vt 0.2773438 0.03735352
vt 0.1801758 0.00730896
vt 0.09436035 0.03735352
vt 0.1801758 0.03735352
vt 0.09436035 0.00730896
vt 0.003614426 0.03735352
vt 0.003614426 0.00730896
vt 0.09436035 0.00730896
vt 0.09436035 0.03735352
vt 0.1801758 0.00730896
vt 0.1801758 0.03735352
vt 0.1809082 0.194458
vt 0.1777344 0.2091064
vt 0.1809082 0.2091064
vt 0.1777344 0.194458
vt 0.1505127 0.1699219
vt 0.145874 0.1832275
vt 0.1517334 0.1726074
vt 0.1428223 0.1806641
vt 0.1763916 0.1834717
vt 0.1726074 0.170166
vt 0.1715088 0.1722412
vt 0.1790771 0.1816406
vt 0.1715088 0.1862793
vt 0.1707764 0.1730957
vt 0.1687012 0.1745605
vt 0.1745605 0.1850586
vt 0.1634521 0.1887207
vt 0.166626 0.1759033
vt 0.1629639 0.1766357
vt 0.168457 0.1876221
vt 0.1586914 0.1887207
vt 0.1629639 0.1766357
vt 0.1595459 0.1767578
vt 0.1634521 0.1887207
vt 0.1536865 0.1877441
vt 0.1595459 0.1767578
vt 0.1561279 0.1759033
vt 0.1586914 0.1887207
vt 0.1489258 0.1856689
vt 0.1561279 0.1759033
vt 0.1531982 0.1743164
vt 0.1536865 0.1877441
vt 0.145874 0.1832275
vt 0.1531982 0.1743164
vt 0.1517334 0.1726074
vt 0.1489258 0.1856689
vt 0.1745605 0.1850586
vt 0.1715088 0.1722412
vt 0.1707764 0.1730957
vt 0.1763916 0.1834717
vt 0.1505127 0.1699219
vt 0.1715088 0.1722412
vt 0.1726074 0.170166
vt 0.1517334 0.1726074
vt 0.1531982 0.1743164
vt 0.1707764 0.1730957
vt 0.1687012 0.1745605
vt 0.166626 0.1759033
vt 0.1561279 0.1759033
vt 0.1629639 0.1766357
vt 0.1595459 0.1767578
vt 0.2111816 0.2247314
vt 0.2005615 0.1625977
vt 0.2005615 0.2169189
vt 0.2111816 0.09594727
vt 0.2111816 0.3483887
vt 0.1778564 0.4023438
vt 0.2111816 0.4169922
vt 0.1778564 0.3208008
vt 0.05172729 0.987793
vt 0.07171631 0.9179688
vt 0.05172729 0.9174805
vt 0.07171631 0.987793
vt 0.03173828 0.8115234
vt 0.07171631 0.8374023
vt 0.1026001 0.7954102
vt 0.1155396 0.8374023
vt 0.1107788 0.7949219
vt 0.09277344 0.4169922
vt 0.006259918 0.4094238
vt 0.006160736 0.4169922
vt 0.09277344 0.4169922
vt 0.168457 0.1876221
vt 0.1687012 0.1745605
vt 0.166626 0.1759033
vt 0.1715088 0.1862793
vt 0.7988281 0.2072754
vt 0.8212891 0.1906738
vt 0.7924805 0.1955566
vt 0.8242188 0.2084961
vt 0.03173828 0.987793
vt 0.05172729 0.9174805
vt 0.03173828 0.9174805
vt 0.05172729 0.987793
vt 0.05172729 0.8374023
vt 0.03173828 0.9174805
vt 0.03173828 0.8369141
vt 0.05172729 0.9174805
vt 0.1799316 0.2247314
vt 0.1279297 0.2169189
vt 0.1799316 0.2169189
vt 0.1279297 0.2247314
vt 0.1801758 0.00730896
vt 0.2183838 0.03735352
vt 0.1801758 0.03735352
vt 0.2183838 0.00730896
vt 0.2683105 0.03735352
vt 0.2183838 0.00730896
vt 0.2683105 0.00730896
vt 0.2183838 0.03735352
vt 0.7749023 0.2457275
vt 0.7480469 0.253418
vt 0.7480469 0.2456055
vt 0.7749023 0.3364258
vt 0.7480469 0.3361816
vt 0.7299805 0.2734375
vt 0.6088867 0.3361816
vt 0.6088867 0.2734375
vt 0.5654297 0.2736816
vt 0.5654297 0.315918
vt 0.5834961 0.3361816
vt 0.9829102 0.1907959
vt 0.9555664 0.1474609
vt 0.9829102 0.1495361
vt 0.9555664 0.1907959
vt 0.9824219 0.3762207
vt 0.9555664 0.3723145
vt 0.8320313 0.1907959
vt 0.8320313 0.1409912
vt 0.7900391 0.1907959
vt 0.8081055 0.1395264
vt 0.7900391 0.1173706
vt 0.9326172 0.3586426
vt 0.9326172 0.2167969
vt 0.8110352 0.3586426
vt 0.8320313 0.2167969
vt 0.8110352 0.3723145
vt 0.5405273 0.3586426
vt 0.7900391 0.2167969
vt 0.5200195 0.3723145
vt 0.5200195 0.1907959
vt 0.4216309 0.3723145
vt 0.5405273 0.2167969
vt 0.4216309 0.1907959
vt 0.6591797 0.1907959
vt 0.6591797 0.02781677
vt 0.7900391 0.07244873
vt 0.7900391 0.02781677
vt 0.5200195 0.02781677
vt 0.4545898 0.1586914
vt 0.4216309 0.1594238
vt 0.4216309 0.05664063
vt 0.482666 0.1019287
vt 0.4865723 0.02781677
vt 0.4248047 0.02781677
vt 0.4707031 0.1455078
vt 0.7832031 0.2457275
vt 0.7749023 0.3364258
vt 0.7749023 0.2457275
vt 0.7832031 0.3364258
vt 0.7749023 0.3449707
vt 0.7480469 0.3361816
vt 0.7749023 0.3364258
vt 0.7480469 0.3449707
vt 0.6088867 0.3361816
vt 0.609375 0.3449707
vt 0.5834961 0.3361816
vt 0.5834961 0.3449707
vt 0.5566406 0.3427734
vt 0.5654297 0.315918
vt 0.5654297 0.3427734
vt 0.5566406 0.315918
vt 0.5566406 0.315918
vt 0.5654297 0.2736816
vt 0.5654297 0.315918
vt 0.5566406 0.2736816
vt 0.07171631 0.987793
vt 0.1155396 0.9189453
vt 0.1155396 0.987793
vt 0.07171631 0.9179688
vt 0.1199341 0.8374023
vt 0.1155396 0.9189453
vt 0.1155396 0.8374023
vt 0.1199341 0.9189453
vt 0.1107788 0.7949219
vt 0.1199341 0.8374023
vt 0.1155396 0.8374023
vt 0.1199341 0.7944336
vt 0.1795654 0.05682373
vt 0.2111816 0.05682373
vt 0.2111816 0.09594727
vt 0.2005615 0.1625977
vt 0.9272461 0.2207031
vt 0.8320313 0.2167969
vt 0.9326172 0.2167969
vt 0.8320313 0.2207031
vt 0.7900391 0.2167969
vt 0.7900391 0.2207031
vt 0.5405273 0.2167969
vt 0.546875 0.2207031
vt 0.9326172 0.2167969
vt 0.9272461 0.3547363
vt 0.9272461 0.2207031
vt 0.9326172 0.3586426
vt 0.9326172 0.3586426
vt 0.8110352 0.3547363
vt 0.9272461 0.3547363
vt 0.8110352 0.3586426
vt 0.546875 0.3547363
vt 0.5405273 0.3586426
vt 0.5405273 0.3586426
vt 0.546875 0.2207031
vt 0.546875 0.3547363
vt 0.5405273 0.2167969
vt 0.416748 0.3723145
vt 0.4216309 0.1907959
vt 0.4216309 0.3723145
vt 0.416748 0.1907959
vt 0.4023438 0.3723145
vt 0.4216309 0.1594238
vt 0.4023438 0.2526855
vt 0.3210449 0.3723145
vt 0.3273926 0.2491455
vt 0.3273926 0.1907959
vt 0.3051758 0.2484131
vt 0.2890625 0.2727051
vt 0.2734375 0.2271729
vt 0.2753906 0.1907959
vt 0.2391357 0.2064209
vt 0.2194824 0.1907959
vt 0.2680664 0.1045532
vt 0.2194824 0.09503174
vt 0.2578125 0.09643555
vt 0.2194824 0.06182861
vt 0.2675781 0.06182861
vt 0.2780762 0.08654785
vt 0.2768555 0.1291504
vt 0.2849121 0.151001
vt 0.3010254 0.1104126
vt 0.295166 0.1590576
vt 0.3273926 0.1235962
vt 0.3273926 0.1601563
vt 0.3581543 0.1236572
vt 0.3884277 0.1119385
vt 0.416748 0.1604004
vt 0.402832 0.09295654
vt 0.4172363 0.07397461
vt 0.4216309 0.05664063
vt 0.1155396 0.987793
vt 0.1199341 0.9189453
vt 0.1199341 0.987793
vt 0.1155396 0.9189453
vt 0.1778564 0.3208008
vt 0.1724854 0.3972168
vt 0.1723633 0.3278809
vt 0.1778564 0.4023438
vt 0.2683105 0.03735352
vt 0.2773438 0.00730896
vt 0.2773438 0.03735352
vt 0.2683105 0.00730896
vt 0.1505127 0.1699219
vt 0.145874 0.1832275
vt 0.1428223 0.1806641
vt 0.1517334 0.1726074
vt 0.1763916 0.1834717
vt 0.1726074 0.170166
vt 0.1790771 0.1816406
vt 0.1715088 0.1722412
vt 0.1715088 0.1862793
vt 0.1707764 0.1730957
vt 0.1745605 0.1850586
vt 0.1687012 0.1745605
vt 0.1634521 0.1887207
vt 0.166626 0.1759033
vt 0.168457 0.1876221
vt 0.1629639 0.1766357
vt 0.1586914 0.1887207
vt 0.1629639 0.1766357
vt 0.1634521 0.1887207
vt 0.1595459 0.1767578
vt 0.1536865 0.1877441
vt 0.1595459 0.1767578
vt 0.1586914 0.1887207
vt 0.1561279 0.1759033
vt 0.1489258 0.1856689
vt 0.1561279 0.1759033
vt 0.1536865 0.1877441
vt 0.1531982 0.1743164
vt 0.145874 0.1832275
vt 0.1531982 0.1743164
vt 0.1489258 0.1856689
vt 0.1517334 0.1726074
vt 0.1745605 0.1850586
vt 0.1715088 0.1722412
vt 0.1763916 0.1834717
vt 0.1707764 0.1730957
vt 0.1715088 0.1722412
vt 0.1505127 0.1699219
vt 0.1726074 0.170166
vt 0.1517334 0.1726074
vt 0.1531982 0.1743164
vt 0.1707764 0.1730957
vt 0.1687012 0.1745605
vt 0.166626 0.1759033
vt 0.1561279 0.1759033
vt 0.1629639 0.1766357
vt 0.1595459 0.1767578
vt 0.2111816 0.2247314
vt 0.2005615 0.1625977
vt 0.2111816 0.09594727
vt 0.2005615 0.2169189
vt 0.2111816 0.3483887
vt 0.1778564 0.4023438
vt 0.1778564 0.3208008
vt 0.2111816 0.4169922
vt 0.05172729 0.987793
vt 0.07171631 0.9179688
vt 0.07171631 0.987793
vt 0.05172729 0.9174805
vt 0.03173828 0.8115234
vt 0.1026001 0.7954102
vt 0.07171631 0.8374023
vt 0.1155396 0.8374023
vt 0.1107788 0.7949219
vt 0.168457 0.1876221
vt 0.1687012 0.1745605
vt 0.1715088 0.1862793
vt 0.166626 0.1759033
vt 0.7988281 0.2072754
vt 0.8212891 0.1906738
vt 0.8242188 0.2084961
vt 0.7924805 0.1955566
vt 0.03173828 0.987793
vt 0.05172729 0.9174805
vt 0.05172729 0.987793
vt 0.03173828 0.9174805
vt 0.6220703 0.9194336
vt 0.6533203 0.987793
vt 0.6533203 0.9169922
vt 0.6220703 0.987793
vt 0.4970703 0.987793
vt 0.496582 0.9189453
vt 0.2172852 0.987793
vt 0.2172852 0.9189453
vt 0.12854 0.987793
vt 0.12854 0.9189453
vt 0.6533203 0.8427734
vt 0.6220703 0.9194336
vt 0.6533203 0.9169922
vt 0.6220703 0.8427734
vt 0.496582 0.9189453
vt 0.496582 0.8374023
vt 0.2172852 0.9189453
vt 0.2171631 0.8374023
vt 0.12854 0.9189453
vt 0.1286621 0.8374023
vt 0.6298828 0.7978516
vt 0.6645508 0.8212891
vt 0.6762695 0.800293
vt 0.6259766 0.8203125
vt 0.4970703 0.8144531
vt 0.4978027 0.7915039
vt 0.2169189 0.8154297
vt 0.2165527 0.7929688
vt 0.1274414 0.815918
vt 0.1260986 0.7944336
vt 0.6645508 0.8212891
vt 0.6948242 0.8251953
vt 0.6762695 0.800293
vt 0.6533203 0.8427734
vt 0.7172852 0.8984375
vt 0.6899414 0.9091797
vt 0.6533203 0.9169922
vt 0.6533203 0.987793
vt 0.6904297 0.9873047
vt 0.7192383 0.987793
vt 0.7172852 0.8984375
vt 0.6899414 0.9091797
vt 0.6533203 0.9169922
vt 0.6533203 0.8427734
vt 0.6948242 0.8251953
vt 0.6645508 0.8212891
vt 0.6762695 0.800293
vt 0.6259766 0.8203125
vt 0.6533203 0.8427734
vt 0.6645508 0.8212891
vt 0.6220703 0.8427734
vt 0.4970703 0.8144531
vt 0.496582 0.8374023
vt 0.2169189 0.8154297
vt 0.2171631 0.8374023
vt 0.1274414 0.815918
vt 0.1286621 0.8374023
vt 0.1813965 0.6704102
vt 0.1904297 0.6704102
vt 0.1813965 0.6704102
vt 0.1904297 0.6704102
vt 0.1967773 0.6845703
vt 0.1967773 0.762207
vt 0.1967773 0.6845703
vt 0.1967773 0.762207
vt 0.1967773 0.6845703
vt 0.1967773 0.6845703
vt 0.1828613 0.6816406
vt 0.1918945 0.6757813
vt 0.1918945 0.6816406
vt 0.1828613 0.6757813
vt 0.1738281 0.6757813
vt 0.1738281 0.6816406
vt 0.1556396 0.6816406
vt 0.1556396 0.6757813
vt 0.1193237 0.6757813
vt 0.1193237 0.6816406
vt 0.1916504 0.7143555
vt 0.1888428 0.6816406
vt 0.1888428 0.7172852
vt 0.1916504 0.753418
vt 0.1888428 0.753418
vt 0.1888428 0.7172852
vt 0.1916504 0.7143555
vt 0.1888428 0.6816406
vt 0.1918945 0.6757813
vt 0.1828613 0.6816406
vt 0.1918945 0.6816406
vt 0.1828613 0.6757813
vt 0.1738281 0.6816406
vt 0.1738281 0.6757813
vt 0.1556396 0.6816406
vt 0.1556396 0.6757813
vt 0.1193237 0.6816406
vt 0.1193237 0.6757813
vt 0.1765137 0.6704102
vt 0.1038818 0.6704102
vt 0.1765137 0.6704102
vt 0.1038818 0.6704102
vt 0.1779785 0.6757813
vt 0.1054077 0.6816406
vt 0.1779785 0.6816406
vt 0.1054077 0.6757813
vt 0.1767578 0.6704102
vt 0.104187 0.6704102
vt 0.1767578 0.6704102
vt 0.104187 0.6704102
vt 0.1782227 0.6757813
vt 0.1056519 0.6816406
vt 0.1782227 0.6816406
vt 0.1056519 0.6757813
vt 0.1901855 0.6704102
vt 0.1158447 0.6704102
vt 0.1901855 0.6704102
vt 0.1158447 0.6704102
vt 0.1173096 0.6816406
vt 0.1916504 0.6757813
vt 0.1173096 0.6757813
vt 0.1888428 0.6816406
vt 0.1888428 0.753418
vt 0.1916504 0.753418
vt 0.1916504 0.6757813
vt 0.1888428 0.6816406
vt 0.1173096 0.6816406
vt 0.1173096 0.6757813
vt 0.78125 0.8129883
vt 0.7509766 0.8095703
vt 0.7626953 0.7880859
vt 0.7397461 0.8305664
vt 0.6533203 0.987793
vt 0.6220703 0.9194336
vt 0.6533203 0.9169922
vt 0.6220703 0.987793
vt 0.4970703 0.987793
vt 0.496582 0.9189453
vt 0.2172852 0.987793
vt 0.2172852 0.9189453
vt 0.12854 0.987793
vt 0.12854 0.9189453
vt 0.6220703 0.9194336
vt 0.6533203 0.8427734
vt 0.6533203 0.9169922
vt 0.6220703 0.8427734
vt 0.496582 0.9189453
vt 0.496582 0.8374023
vt 0.2172852 0.9189453
vt 0.2171631 0.8374023
vt 0.12854 0.9189453
vt 0.1286621 0.8374023
vt 0.6645508 0.8212891
vt 0.6298828 0.7978516
vt 0.6762695 0.800293
vt 0.6259766 0.8203125
vt 0.4970703 0.8144531
vt 0.4978027 0.7915039
vt 0.2169189 0.8154297
vt 0.2165527 0.7929688
vt 0.1274414 0.815918
vt 0.1260986 0.7944336
vt 0.6533203 0.8427734
vt 0.6259766 0.8203125
vt 0.6645508 0.8212891
vt 0.6220703 0.8427734
vt 0.4970703 0.8144531
vt 0.496582 0.8374023
vt 0.2169189 0.8154297
vt 0.2171631 0.8374023
vt 0.1274414 0.815918
vt 0.1286621 0.8374023
vt 0.1904297 0.6704102
vt 0.1813965 0.6704102
vt 0.1813965 0.6704102
vt 0.1904297 0.6704102
vt 0.1765137 0.6704102
vt 0.1038818 0.6704102
vt 0.1038818 0.6704102
vt 0.1765137 0.6704102
vt 0.1779785 0.6757813
vt 0.1054077 0.6816406
vt 0.1054077 0.6757813
vt 0.1779785 0.6816406
vt 0.1767578 0.6704102
vt 0.104187 0.6704102
vt 0.104187 0.6704102
vt 0.1767578 0.6704102
vt 0.1782227 0.6757813
vt 0.1056519 0.6816406
vt 0.1056519 0.6757813
vt 0.1782227 0.6816406
vt 0.1901855 0.6704102
vt 0.1158447 0.6704102
vt 0.1158447 0.6704102
vt 0.1901855 0.6704102
vt 0.78125 0.8129883
vt 0.7509766 0.8095703
vt 0.7397461 0.8305664
vt 0.7626953 0.7880859
vt 0.1178589 0.6704102
vt 0.1541748 0.6704102
vt 0.1178589 0.6704102
vt 0.1541748 0.6704102
vt 0.1723633 0.6704102
vt 0.1723633 0.6704102
vt 0.1178589 0.6704102
vt 0.1541748 0.6704102
vt 0.1178589 0.6704102
vt 0.1541748 0.6704102
vt 0.1723633 0.6704102
vt 0.1723633 0.6704102
vt 0.1723633 0.6704102
vt 0.1813965 0.6704102
vt 0.1723633 0.6704102
vt 0.1813965 0.6704102
vt 0.1723633 0.6704102
vt 0.1813965 0.6704102
vt 0.1723633 0.6704102
vt 0.1813965 0.6704102
vt 0.1967773 0.6845703
vt 0.1967773 0.7231445
vt 0.1967773 0.6845703
vt 0.1967773 0.7231445
vt 0.1967773 0.762207
vt 0.1967773 0.762207
vt 0.1967773 0.7231445
vt 0.1967773 0.7231445
vt 0.1967773 0.6845703
vt 0.1967773 0.6845703
vt 0.8476563 0.09729004
vt 0.8540039 0.09985352
vt 0.8500977 0.09979248
vt 0.8564453 0.09387207
vt 0.8564453 0.09735107
vt 0.8491211 0.0927124
vt 0.8476563 0.09381104
vt 0.8554688 0.0927124
vt 0.8598633 0.05712891
vt 0.8481445 0.05084229
vt 0.8598633 0.05084229
vt 0.8481445 0.05712891
vt 0.8720703 0.05712891
vt 0.8598633 0.05084229
vt 0.871582 0.05084229
vt 0.8598633 0.05712891
vt 0.8847656 0.05712891
vt 0.871582 0.05084229
vt 0.8837891 0.05084229
vt 0.8720703 0.05712891
vt 0.8984375 0.05712891
vt 0.8837891 0.05084229
vt 0.8964844 0.05084229
vt 0.8847656 0.05712891
vt 0.8120117 0.05712891
vt 0.800293 0.05084229
vt 0.8129883 0.05084229
vt 0.7983398 0.05712891
vt 0.824707 0.05712891
vt 0.8129883 0.05084229
vt 0.8251953 0.05084229
vt 0.8120117 0.05712891
vt 0.8364258 0.05712891
vt 0.8251953 0.05084229
vt 0.8369141 0.05084229
vt 0.824707 0.05712891
vt 0.8481445 0.05712891
vt 0.8369141 0.05084229
vt 0.8481445 0.05084229
vt 0.8364258 0.05712891
vt 0.8481445 0.01058197
vt 0.8588867 0.03918457
vt 0.8486328 0.03918457
vt 0.8535156 0.01058197
vt 0.8535156 0.01058197
vt 0.8686523 0.03918457
vt 0.8588867 0.03918457
vt 0.8579102 0.01058197
vt 0.8579102 0.01058197
vt 0.8779297 0.03918457
vt 0.8686523 0.03918457
vt 0.8618164 0.01058197
vt 0.8618164 0.01058197
vt 0.8847656 0.03918457
vt 0.8779297 0.03918457
vt 0.8647461 0.01058197
vt 0.8330078 0.01058197
vt 0.8193359 0.03918457
vt 0.8120117 0.03918457
vt 0.8359375 0.01058197
vt 0.8359375 0.01058197
vt 0.828125 0.03918457
vt 0.8193359 0.03918457
vt 0.8393555 0.01058197
vt 0.8393555 0.01058197
vt 0.8383789 0.03918457
vt 0.828125 0.03918457
vt 0.8442383 0.01058197
vt 0.8442383 0.01058197
vt 0.8486328 0.03918457
vt 0.8383789 0.03918457
vt 0.8481445 0.01058197
vt 0.8598633 0.05084229
vt 0.8486328 0.03918457
vt 0.8588867 0.03918457
vt 0.8481445 0.05084229
vt 0.8481445 0.05084229
vt 0.8383789 0.03918457
vt 0.8486328 0.03918457
vt 0.8369141 0.05084229
vt 0.8369141 0.05084229
vt 0.828125 0.03918457
vt 0.8383789 0.03918457
vt 0.8251953 0.05084229
vt 0.8251953 0.05084229
vt 0.8193359 0.03918457
vt 0.828125 0.03918457
vt 0.8129883 0.05084229
vt 0.8129883 0.05084229
vt 0.8120117 0.03918457
vt 0.8193359 0.03918457
vt 0.800293 0.05084229
vt 0.8964844 0.05084229
vt 0.8779297 0.03918457
vt 0.8847656 0.03918457
vt 0.8837891 0.05084229
vt 0.8837891 0.05084229
vt 0.8686523 0.03918457
vt 0.8779297 0.03918457
vt 0.871582 0.05084229
vt 0.871582 0.05084229
vt 0.8588867 0.03918457
vt 0.8686523 0.03918457
vt 0.8598633 0.05084229
vt 0.8491211 0.008712769
vt 0.847168 0.004295349
vt 0.8491211 0.006092072
vt 0.8427734 0.006278992
vt 0.8447266 0.004371643
vt 0.8442383 0.01058197
vt 0.8481445 0.01058197
vt 0.8432617 0.008903503
vt 0.8481445 0.05712891
vt 0.8598633 0.06304932
vt 0.8481445 0.06304932
vt 0.8598633 0.05712891
vt 0.8598633 0.05712891
vt 0.871582 0.06304932
vt 0.8598633 0.06304932
vt 0.8720703 0.05712891
vt 0.8720703 0.05712891
vt 0.8833008 0.06304932
vt 0.871582 0.06304932
vt 0.8847656 0.05712891
vt 0.8847656 0.05712891
vt 0.8950195 0.06304932
vt 0.8833008 0.06304932
vt 0.8984375 0.05712891
vt 0.7983398 0.05712891
vt 0.8129883 0.06304932
vt 0.8012695 0.06304932
vt 0.8120117 0.05712891
vt 0.8120117 0.05712891
vt 0.8251953 0.06304932
vt 0.8129883 0.06304932
vt 0.824707 0.05712891
vt 0.824707 0.05712891
vt 0.8369141 0.06304932
vt 0.8251953 0.06304932
vt 0.8364258 0.05712891
vt 0.8364258 0.05712891
vt 0.8481445 0.06304932
vt 0.8369141 0.06304932
vt 0.8481445 0.05712891
vt 0.8598633 0.06304932
vt 0.8481445 0.08087158
vt 0.8481445 0.06304932
vt 0.8579102 0.08087158
vt 0.871582 0.06304932
vt 0.8579102 0.08087158
vt 0.8598633 0.06304932
vt 0.8671875 0.08087158
vt 0.8833008 0.06304932
vt 0.8671875 0.08087158
vt 0.871582 0.06304932
vt 0.8764648 0.08087158
vt 0.8950195 0.06304932
vt 0.8764648 0.08087158
vt 0.8833008 0.06304932
vt 0.8847656 0.08087158
vt 0.8129883 0.06304932
vt 0.8110352 0.08087158
vt 0.8012695 0.06304932
vt 0.8193359 0.08087158
vt 0.8251953 0.06304932
vt 0.8193359 0.08087158
vt 0.8129883 0.06304932
vt 0.8291016 0.08087158
vt 0.8369141 0.06304932
vt 0.8291016 0.08087158
vt 0.8251953 0.06304932
vt 0.8383789 0.08087158
vt 0.8481445 0.06304932
vt 0.8383789 0.08087158
vt 0.8369141 0.06304932
vt 0.8481445 0.08087158
vt 0.8554688 0.0927124
vt 0.8481445 0.08087158
vt 0.8579102 0.08087158
vt 0.8491211 0.0927124
vt 0.8632813 0.0927124
vt 0.8579102 0.08087158
vt 0.8671875 0.08087158
vt 0.8554688 0.0927124
vt 0.8696289 0.0927124
vt 0.8671875 0.08087158
vt 0.8764648 0.08087158
vt 0.8632813 0.0927124
vt 0.8730469 0.0927124
vt 0.8764648 0.08087158
vt 0.8847656 0.08087158
vt 0.8696289 0.0927124
vt 0.8193359 0.08087158
vt 0.8222656 0.0927124
vt 0.8110352 0.08087158
vt 0.8261719 0.0927124
vt 0.8325195 0.0927124
vt 0.8193359 0.08087158
vt 0.8291016 0.08087158
vt 0.8261719 0.0927124
vt 0.840332 0.0927124
vt 0.8291016 0.08087158
vt 0.8383789 0.08087158
vt 0.8325195 0.0927124
vt 0.8491211 0.0927124
vt 0.8383789 0.08087158
vt 0.8481445 0.08087158
vt 0.840332 0.0927124
vt 0.7148438 0.01378632
vt 0.7275391 0.01882935
vt 0.7148438 0.01882935
vt 0.7275391 0.01378632
vt 0.7275391 0.01378632
vt 0.7397461 0.01882935
vt 0.7275391 0.01882935
vt 0.7397461 0.01378632
vt 0.7397461 0.01378632
vt 0.7519531 0.01882935
vt 0.7397461 0.01882935
vt 0.7519531 0.01378632
vt 0.7519531 0.01378632
vt 0.7646484 0.01882935
vt 0.7519531 0.01882935
vt 0.7646484 0.01378632
vt 0.6645508 0.01378632
vt 0.6777344 0.01882935
vt 0.6645508 0.01882935
vt 0.6777344 0.01378632
vt 0.6777344 0.01378632
vt 0.6904297 0.01882935
vt 0.6777344 0.01882935
vt 0.6904297 0.01378632
vt 0.6904297 0.01378632
vt 0.7026367 0.01882935
vt 0.6904297 0.01882935
vt 0.7026367 0.01378632
vt 0.7026367 0.01378632
vt 0.7148438 0.01882935
vt 0.7026367 0.01882935
vt 0.7148438 0.01378632
vt 0.7275391 0.01378632
vt 0.7148438 0.009368896
vt 0.7275391 0.009368896
vt 0.7148438 0.01378632
vt 0.7397461 0.01378632
vt 0.7275391 0.009368896
vt 0.7397461 0.009368896
vt 0.7275391 0.01378632
vt 0.7519531 0.01378632
vt 0.7397461 0.009368896
vt 0.7519531 0.009368896
vt 0.7397461 0.01378632
vt 0.7646484 0.01378632
vt 0.7519531 0.009368896
vt 0.7646484 0.009368896
vt 0.7519531 0.01378632
vt 0.6777344 0.01378632
vt 0.6645508 0.009368896
vt 0.6777344 0.009368896
vt 0.6645508 0.01378632
vt 0.6904297 0.01378632
vt 0.6777344 0.009368896
vt 0.6904297 0.009368896
vt 0.6777344 0.01378632
vt 0.7026367 0.01378632
vt 0.6904297 0.009368896
vt 0.7026367 0.009368896
vt 0.6904297 0.01378632
vt 0.7148438 0.01378632
vt 0.7026367 0.009368896
vt 0.7148438 0.009368896
vt 0.7026367 0.01378632
vt 0.6103516 0.0163269
vt 0.5976563 0.0116272
vt 0.6103516 0.0116272
vt 0.5976563 0.0163269
vt 0.5976563 0.0163269
vt 0.5854492 0.0116272
vt 0.5976563 0.0116272
vt 0.5854492 0.0163269
vt 0.5854492 0.0163269
vt 0.5732422 0.0116272
vt 0.5854492 0.0116272
vt 0.5732422 0.0163269
vt 0.5732422 0.0163269
vt 0.5595703 0.0116272
vt 0.5732422 0.0116272
vt 0.5595703 0.0163269
vt 0.659668 0.0163269
vt 0.6474609 0.0116272
vt 0.659668 0.0116272
vt 0.6474609 0.0163269
vt 0.6474609 0.0163269
vt 0.6347656 0.0116272
vt 0.6474609 0.0116272
vt 0.6347656 0.0163269
vt 0.6347656 0.0163269
vt 0.6225586 0.0116272
vt 0.6347656 0.0116272
vt 0.6225586 0.0163269
vt 0.6225586 0.0163269
vt 0.6103516 0.0116272
vt 0.6225586 0.0116272
vt 0.6103516 0.0163269
vt 0.5976563 0.0163269
vt 0.6103516 0.0198822
vt 0.5976563 0.0198822
vt 0.6103516 0.0163269
vt 0.5854492 0.0163269
vt 0.5976563 0.0198822
vt 0.5854492 0.0198822
vt 0.5976563 0.0163269
vt 0.5732422 0.0163269
vt 0.5854492 0.0198822
vt 0.5732422 0.0198822
vt 0.5854492 0.0163269
vt 0.5595703 0.0163269
vt 0.5732422 0.0198822
vt 0.5595703 0.0198822
vt 0.5732422 0.0163269
vt 0.6474609 0.0163269
vt 0.659668 0.0198822
vt 0.6474609 0.0198822
vt 0.659668 0.0163269
vt 0.6347656 0.0163269
vt 0.6474609 0.0198822
vt 0.6347656 0.0198822
vt 0.6474609 0.0163269
vt 0.6225586 0.0163269
vt 0.6347656 0.0198822
vt 0.6225586 0.0198822
vt 0.6347656 0.0163269
vt 0.6103516 0.0163269
vt 0.6225586 0.0198822
vt 0.6103516 0.0198822
vt 0.6225586 0.0163269
vt 0.6103516 0.0116272
vt 0.5976563 0.007522583
vt 0.6103516 0.007522583
vt 0.5976563 0.0116272
vt 0.5976563 0.0116272
vt 0.5854492 0.007522583
vt 0.5976563 0.007522583
vt 0.5854492 0.0116272
vt 0.5854492 0.0116272
vt 0.5732422 0.007522583
vt 0.5854492 0.007522583
vt 0.5732422 0.0116272
vt 0.5732422 0.0116272
vt 0.5595703 0.007522583
vt 0.5732422 0.007522583
vt 0.5595703 0.0116272
vt 0.659668 0.0116272
vt 0.6474609 0.007522583
vt 0.659668 0.007522583
vt 0.6474609 0.0116272
vt 0.6474609 0.0116272
vt 0.6347656 0.007522583
vt 0.6474609 0.007522583
vt 0.6347656 0.0116272
vt 0.6347656 0.0116272
vt 0.6225586 0.007522583
vt 0.6347656 0.007522583
vt 0.6225586 0.0116272
vt 0.6225586 0.0116272
vt 0.6103516 0.007522583
vt 0.6225586 0.007522583
vt 0.6103516 0.0116272
vt 0.7949219 0.008621216
vt 0.8193359 0.004558563
vt 0.8193359 0.008621216
vt 0.7949219 0.004558563
vt 0.784668 0.008621216
vt 0.784668 0.004558563
vt 0.8193359 0.01712036
vt 0.7949219 0.0131073
vt 0.8193359 0.0131073
vt 0.7949219 0.01712036
vt 0.784668 0.01712036
vt 0.784668 0.0131073
vt 0.7949219 0.02238464
vt 0.8193359 0.01712036
vt 0.8193359 0.02238464
vt 0.7949219 0.01712036
vt 0.784668 0.008621216
vt 0.777832 0.0131073
vt 0.777832 0.008621216
vt 0.784668 0.0131073
vt 0.784668 0.02238464
vt 0.7949219 0.01712036
vt 0.7949219 0.02238464
vt 0.784668 0.01712036
vt 0.8193359 0.008621216
vt 0.7949219 0.0131073
vt 0.7949219 0.008621216
vt 0.8193359 0.0131073
vt 0.7949219 0.008621216
vt 0.784668 0.0131073
vt 0.784668 0.008621216
vt 0.7949219 0.0131073
vt 0.777832 0.008621216
vt 0.784668 0.004558563
vt 0.784668 0.008621216
vt 0.777832 0.004558563
vt 0.777832 0.01712036
vt 0.784668 0.0131073
vt 0.784668 0.01712036
vt 0.777832 0.0131073
vt 0.777832 0.02238464
vt 0.784668 0.01712036
vt 0.784668 0.02238464
vt 0.777832 0.01712036
vt 0.8476563 0.138916
vt 0.8540039 0.1414795
vt 0.8500977 0.1414795
vt 0.8564453 0.135498
vt 0.8564453 0.1390381
vt 0.8491211 0.1343994
vt 0.8476563 0.135376
vt 0.8554688 0.1343994
vt 0.8598633 0.05712891
vt 0.8481445 0.05084229
vt 0.8598633 0.05084229
vt 0.8481445 0.05712891
vt 0.8720703 0.05712891
vt 0.8598633 0.05084229
vt 0.871582 0.05084229
vt 0.8598633 0.05712891
vt 0.8847656 0.05712891
vt 0.871582 0.05084229
vt 0.8837891 0.05084229
vt 0.8720703 0.05712891
vt 0.8984375 0.05712891
vt 0.8837891 0.05084229
vt 0.8964844 0.05084229
vt 0.8847656 0.05712891
vt 0.8120117 0.05712891
vt 0.800293 0.05084229
vt 0.8129883 0.05084229
vt 0.7983398 0.05712891
vt 0.824707 0.05712891
vt 0.8129883 0.05084229
vt 0.8251953 0.05084229
vt 0.8120117 0.05712891
vt 0.8364258 0.05712891
vt 0.8251953 0.05084229
vt 0.8369141 0.05084229
vt 0.824707 0.05712891
vt 0.8481445 0.05712891
vt 0.8369141 0.05084229
vt 0.8481445 0.05084229
vt 0.8364258 0.05712891
vt 0.8481445 0.01058197
vt 0.8588867 0.03918457
vt 0.8486328 0.03918457
vt 0.8535156 0.01058197
vt 0.8535156 0.01058197
vt 0.8686523 0.03918457
vt 0.8588867 0.03918457
vt 0.8579102 0.01058197
vt 0.8579102 0.01058197
vt 0.8779297 0.03918457
vt 0.8686523 0.03918457
vt 0.8618164 0.01058197
vt 0.8618164 0.01058197
vt 0.8847656 0.03918457
vt 0.8779297 0.03918457
vt 0.8647461 0.01058197
vt 0.8330078 0.01058197
vt 0.8193359 0.03918457
vt 0.8120117 0.03918457
vt 0.8359375 0.01058197
vt 0.8359375 0.01058197
vt 0.828125 0.03918457
vt 0.8193359 0.03918457
vt 0.8393555 0.01058197
vt 0.8393555 0.01058197
vt 0.8383789 0.03918457
vt 0.828125 0.03918457
vt 0.8442383 0.01058197
vt 0.8442383 0.01058197
vt 0.8486328 0.03918457
vt 0.8383789 0.03918457
vt 0.8481445 0.01058197
vt 0.8598633 0.05084229
vt 0.8486328 0.03918457
vt 0.8588867 0.03918457
vt 0.8481445 0.05084229
vt 0.8481445 0.05084229
vt 0.8383789 0.03918457
vt 0.8486328 0.03918457
vt 0.8369141 0.05084229
vt 0.8369141 0.05084229
vt 0.828125 0.03918457
vt 0.8383789 0.03918457
vt 0.8251953 0.05084229
vt 0.8251953 0.05084229
vt 0.8193359 0.03918457
vt 0.828125 0.03918457
vt 0.8129883 0.05084229
vt 0.8129883 0.05084229
vt 0.8120117 0.03918457
vt 0.8193359 0.03918457
vt 0.800293 0.05084229
vt 0.8964844 0.05084229
vt 0.8779297 0.03918457
vt 0.8847656 0.03918457
vt 0.8837891 0.05084229
vt 0.8837891 0.05084229
vt 0.8686523 0.03918457
vt 0.8779297 0.03918457
vt 0.871582 0.05084229
vt 0.871582 0.05084229
vt 0.8588867 0.03918457
vt 0.8686523 0.03918457
vt 0.8598633 0.05084229
vt 0.8491211 0.008712769
vt 0.847168 0.004295349
vt 0.8491211 0.006092072
vt 0.8427734 0.006278992
vt 0.8447266 0.004371643
vt 0.8442383 0.01058197
vt 0.8481445 0.01058197
vt 0.8432617 0.008903503
vt 0.8481445 0.05712891
vt 0.8598633 0.06304932
vt 0.8481445 0.06304932
vt 0.8598633 0.05712891
vt 0.8598633 0.05712891
vt 0.871582 0.06304932
vt 0.8598633 0.06304932
vt 0.8720703 0.05712891
vt 0.8720703 0.05712891
vt 0.8833008 0.06304932
vt 0.871582 0.06304932
vt 0.8847656 0.05712891
vt 0.8847656 0.05712891
vt 0.8950195 0.06304932
vt 0.8833008 0.06304932
vt 0.8984375 0.05712891
vt 0.7983398 0.05712891
vt 0.8129883 0.06304932
vt 0.8012695 0.06304932
vt 0.8120117 0.05712891
vt 0.8120117 0.05712891
vt 0.8251953 0.06304932
vt 0.8129883 0.06304932
vt 0.824707 0.05712891
vt 0.824707 0.05712891
vt 0.8369141 0.06304932
vt 0.8251953 0.06304932
vt 0.8364258 0.05712891
vt 0.8364258 0.05712891
vt 0.8481445 0.06304932
vt 0.8369141 0.06304932
vt 0.8481445 0.05712891
vt 0.8598633 0.1046753
vt 0.8481445 0.1224976
vt 0.8481445 0.1046753
vt 0.8579102 0.1224976
vt 0.871582 0.1046753
vt 0.8579102 0.1224976
vt 0.8598633 0.1046753
vt 0.8671875 0.1224976
vt 0.8833008 0.1046753
vt 0.8671875 0.1224976
vt 0.871582 0.1046753
vt 0.8764648 0.1224976
vt 0.8950195 0.1046753
vt 0.8764648 0.1224976
vt 0.8833008 0.1046753
vt 0.8847656 0.1224976
vt 0.8129883 0.1046753
vt 0.8110352 0.1224976
vt 0.8012695 0.1046753
vt 0.8193359 0.1224976
vt 0.8251953 0.1046753
vt 0.8193359 0.1224976
vt 0.8129883 0.1046753
vt 0.8291016 0.1224976
vt 0.8369141 0.1046753
vt 0.8291016 0.1224976
vt 0.8251953 0.1046753
vt 0.8383789 0.1224976
vt 0.8481445 0.1046753
vt 0.8383789 0.1224976
vt 0.8369141 0.1046753
vt 0.8481445 0.1224976
vt 0.8554688 0.1343994
vt 0.8481445 0.1224976
vt 0.8579102 0.1224976
vt 0.8491211 0.1343994
vt 0.8632813 0.1343994
vt 0.8579102 0.1224976
vt 0.8671875 0.1224976
vt 0.8554688 0.1343994
vt 0.8696289 0.1343994
vt 0.8671875 0.1224976
vt 0.8764648 0.1224976
vt 0.8632813 0.1343994
vt 0.8730469 0.1343994
vt 0.8764648 0.1224976
vt 0.8847656 0.1224976
vt 0.8696289 0.1343994
vt 0.8193359 0.1224976
vt 0.8222656 0.1343994
vt 0.8110352 0.1224976
vt 0.8261719 0.1343994
vt 0.8325195 0.1343994
vt 0.8193359 0.1224976
vt 0.8291016 0.1224976
vt 0.8261719 0.1343994
vt 0.840332 0.1343994
vt 0.8291016 0.1224976
vt 0.8383789 0.1224976
vt 0.8325195 0.1343994
vt 0.8491211 0.1343994
vt 0.8383789 0.1224976
vt 0.8481445 0.1224976
vt 0.840332 0.1343994
vt 0.7148438 0.01378632
vt 0.7275391 0.01882935
vt 0.7148438 0.01882935
vt 0.7275391 0.01378632
vt 0.7275391 0.01378632
vt 0.7397461 0.01882935
vt 0.7275391 0.01882935
vt 0.7397461 0.01378632
vt 0.7397461 0.01378632
vt 0.7519531 0.01882935
vt 0.7397461 0.01882935
vt 0.7519531 0.01378632
vt 0.7519531 0.01378632
vt 0.7646484 0.01882935
vt 0.7519531 0.01882935
vt 0.7646484 0.01378632
vt 0.6645508 0.01378632
vt 0.6777344 0.01882935
vt 0.6645508 0.01882935
vt 0.6777344 0.01378632
vt 0.6777344 0.01378632
vt 0.6904297 0.01882935
vt 0.6777344 0.01882935
vt 0.6904297 0.01378632
vt 0.6904297 0.01378632
vt 0.7026367 0.01882935
vt 0.6904297 0.01882935
vt 0.7026367 0.01378632
vt 0.7026367 0.01378632
vt 0.7148438 0.01882935
vt 0.7026367 0.01882935
vt 0.7148438 0.01378632
vt 0.7275391 0.01378632
vt 0.7148438 0.009368896
vt 0.7275391 0.009368896
vt 0.7148438 0.01378632
vt 0.7397461 0.01378632
vt 0.7275391 0.009368896
vt 0.7397461 0.009368896
vt 0.7275391 0.01378632
vt 0.7519531 0.01378632
vt 0.7397461 0.009368896
vt 0.7519531 0.009368896
vt 0.7397461 0.01378632
vt 0.7646484 0.01378632
vt 0.7519531 0.009368896
vt 0.7646484 0.009368896
vt 0.7519531 0.01378632
vt 0.6777344 0.01378632
vt 0.6645508 0.009368896
vt 0.6777344 0.009368896
vt 0.6645508 0.01378632
vt 0.6904297 0.01378632
vt 0.6777344 0.009368896
vt 0.6904297 0.009368896
vt 0.6777344 0.01378632
vt 0.7026367 0.01378632
vt 0.6904297 0.009368896
vt 0.7026367 0.009368896
vt 0.6904297 0.01378632
vt 0.7148438 0.01378632
vt 0.7026367 0.009368896
vt 0.7148438 0.009368896
vt 0.7026367 0.01378632
vt 0.6103516 0.0163269
vt 0.5976563 0.0116272
vt 0.6103516 0.0116272
vt 0.5976563 0.0163269
vt 0.5976563 0.0163269
vt 0.5854492 0.0116272
vt 0.5976563 0.0116272
vt 0.5854492 0.0163269
vt 0.5854492 0.0163269
vt 0.5732422 0.0116272
vt 0.5854492 0.0116272
vt 0.5732422 0.0163269
vt 0.5732422 0.0163269
vt 0.5595703 0.0116272
vt 0.5732422 0.0116272
vt 0.5595703 0.0163269
vt 0.659668 0.0163269
vt 0.6474609 0.0116272
vt 0.659668 0.0116272
vt 0.6474609 0.0163269
vt 0.6474609 0.0163269
vt 0.6347656 0.0116272
vt 0.6474609 0.0116272
vt 0.6347656 0.0163269
vt 0.6347656 0.0163269
vt 0.6225586 0.0116272
vt 0.6347656 0.0116272
vt 0.6225586 0.0163269
vt 0.6225586 0.0163269
vt 0.6103516 0.0116272
vt 0.6225586 0.0116272
vt 0.6103516 0.0163269
vt 0.5976563 0.0163269
vt 0.6103516 0.0198822
vt 0.5976563 0.0198822
vt 0.6103516 0.0163269
vt 0.5854492 0.0163269
vt 0.5976563 0.0198822
vt 0.5854492 0.0198822
vt 0.5976563 0.0163269
vt 0.5732422 0.0163269
vt 0.5854492 0.0198822
vt 0.5732422 0.0198822
vt 0.5854492 0.0163269
vt 0.5595703 0.0163269
vt 0.5732422 0.0198822
vt 0.5595703 0.0198822
vt 0.5732422 0.0163269
vt 0.6474609 0.0163269
vt 0.659668 0.0198822
vt 0.6474609 0.0198822
vt 0.659668 0.0163269
vt 0.6347656 0.0163269
vt 0.6474609 0.0198822
vt 0.6347656 0.0198822
vt 0.6474609 0.0163269
vt 0.6225586 0.0163269
vt 0.6347656 0.0198822
vt 0.6225586 0.0198822
vt 0.6347656 0.0163269
vt 0.6103516 0.0163269
vt 0.6225586 0.0198822
vt 0.6103516 0.0198822
vt 0.6225586 0.0163269
vt 0.6103516 0.0116272
vt 0.5976563 0.007522583
vt 0.6103516 0.007522583
vt 0.5976563 0.0116272
vt 0.5976563 0.0116272
vt 0.5854492 0.007522583
vt 0.5976563 0.007522583
vt 0.5854492 0.0116272
vt 0.5854492 0.0116272
vt 0.5732422 0.007522583
vt 0.5854492 0.007522583
vt 0.5732422 0.0116272
vt 0.5732422 0.0116272
vt 0.5595703 0.007522583
vt 0.5732422 0.007522583
vt 0.5595703 0.0116272
vt 0.659668 0.0116272
vt 0.6474609 0.007522583
vt 0.659668 0.007522583
vt 0.6474609 0.0116272
vt 0.6474609 0.0116272
vt 0.6347656 0.007522583
vt 0.6474609 0.007522583
vt 0.6347656 0.0116272
vt 0.6347656 0.0116272
vt 0.6225586 0.007522583
vt 0.6347656 0.007522583
vt 0.6225586 0.0116272
vt 0.6225586 0.0116272
vt 0.6103516 0.007522583
vt 0.6225586 0.007522583
vt 0.6103516 0.0116272
vt 0.7949219 0.008621216
vt 0.8193359 0.004558563
vt 0.8193359 0.008621216
vt 0.7949219 0.004558563
vt 0.784668 0.008621216
vt 0.784668 0.004558563
vt 0.8193359 0.01712036
vt 0.7949219 0.0131073
vt 0.8193359 0.0131073
vt 0.7949219 0.01712036
vt 0.784668 0.01712036
vt 0.784668 0.0131073
vt 0.7949219 0.02238464
vt 0.8193359 0.01712036
vt 0.8193359 0.02238464
vt 0.7949219 0.01712036
vt 0.784668 0.008621216
vt 0.777832 0.0131073
vt 0.777832 0.008621216
vt 0.784668 0.0131073
vt 0.784668 0.02238464
vt 0.7949219 0.01712036
vt 0.7949219 0.02238464
vt 0.784668 0.01712036
vt 0.8193359 0.008621216
vt 0.7949219 0.0131073
vt 0.7949219 0.008621216
vt 0.8193359 0.0131073
vt 0.7949219 0.008621216
vt 0.784668 0.0131073
vt 0.784668 0.008621216
vt 0.7949219 0.0131073
vt 0.777832 0.008621216
vt 0.784668 0.004558563
vt 0.784668 0.008621216
vt 0.777832 0.004558563
vt 0.777832 0.01712036
vt 0.784668 0.0131073
vt 0.784668 0.01712036
vt 0.777832 0.0131073
vt 0.777832 0.02238464
vt 0.784668 0.01712036
vt 0.784668 0.02238464
vt 0.777832 0.01712036
vt 0.9448242 0.1345215
vt 0.9506836 0.137085
vt 0.9472656 0.137085
vt 0.953125 0.1311035
vt 0.953125 0.1346436
vt 0.9458008 0.1300049
vt 0.9448242 0.1311035
vt 0.9521484 0.1300049
vt 0.8598633 0.05712891
vt 0.8481445 0.05084229
vt 0.8598633 0.05084229
vt 0.8481445 0.05712891
vt 0.8720703 0.05712891
vt 0.8598633 0.05084229
vt 0.871582 0.05084229
vt 0.8598633 0.05712891
vt 0.8847656 0.05712891
vt 0.871582 0.05084229
vt 0.8837891 0.05084229
vt 0.8720703 0.05712891
vt 0.8984375 0.05712891
vt 0.8837891 0.05084229
vt 0.8964844 0.05084229
vt 0.8847656 0.05712891
vt 0.8120117 0.05712891
vt 0.800293 0.05084229
vt 0.8129883 0.05084229
vt 0.7983398 0.05712891
vt 0.824707 0.05712891
vt 0.8129883 0.05084229
vt 0.8251953 0.05084229
vt 0.8120117 0.05712891
vt 0.8364258 0.05712891
vt 0.8251953 0.05084229
vt 0.8369141 0.05084229
vt 0.824707 0.05712891
vt 0.8481445 0.05712891
vt 0.8369141 0.05084229
vt 0.8481445 0.05084229
vt 0.8364258 0.05712891
vt 0.8481445 0.01058197
vt 0.8588867 0.03918457
vt 0.8486328 0.03918457
vt 0.8535156 0.01058197
vt 0.8535156 0.01058197
vt 0.8686523 0.03918457
vt 0.8588867 0.03918457
vt 0.8579102 0.01058197
vt 0.8579102 0.01058197
vt 0.8779297 0.03918457
vt 0.8686523 0.03918457
vt 0.8618164 0.01058197
vt 0.8618164 0.01058197
vt 0.8847656 0.03918457
vt 0.8779297 0.03918457
vt 0.8647461 0.01058197
vt 0.8330078 0.01058197
vt 0.8193359 0.03918457
vt 0.8120117 0.03918457
vt 0.8359375 0.01058197
vt 0.8359375 0.01058197
vt 0.828125 0.03918457
vt 0.8193359 0.03918457
vt 0.8393555 0.01058197
vt 0.8393555 0.01058197
vt 0.8383789 0.03918457
vt 0.828125 0.03918457
vt 0.8442383 0.01058197
vt 0.8442383 0.01058197
vt 0.8486328 0.03918457
vt 0.8383789 0.03918457
vt 0.8481445 0.01058197
vt 0.8598633 0.05084229
vt 0.8486328 0.03918457
vt 0.8588867 0.03918457
vt 0.8481445 0.05084229
vt 0.8481445 0.05084229
vt 0.8383789 0.03918457
vt 0.8486328 0.03918457
vt 0.8369141 0.05084229
vt 0.8369141 0.05084229
vt 0.828125 0.03918457
vt 0.8383789 0.03918457
vt 0.8251953 0.05084229
vt 0.8251953 0.05084229
vt 0.8193359 0.03918457
vt 0.828125 0.03918457
vt 0.8129883 0.05084229
vt 0.8129883 0.05084229
vt 0.8120117 0.03918457
vt 0.8193359 0.03918457
vt 0.800293 0.05084229
vt 0.8964844 0.05084229
vt 0.8779297 0.03918457
vt 0.8847656 0.03918457
vt 0.8837891 0.05084229
vt 0.8837891 0.05084229
vt 0.8686523 0.03918457
vt 0.8779297 0.03918457
vt 0.871582 0.05084229
vt 0.871582 0.05084229
vt 0.8588867 0.03918457
vt 0.8686523 0.03918457
vt 0.8598633 0.05084229
vt 0.8491211 0.008712769
vt 0.847168 0.004295349
vt 0.8491211 0.006092072
vt 0.8427734 0.006278992
vt 0.8447266 0.004371643
vt 0.8442383 0.01058197
vt 0.8481445 0.01058197
vt 0.8432617 0.008903503
vt 0.8481445 0.05712891
vt 0.8598633 0.06304932
vt 0.8481445 0.06304932
vt 0.8598633 0.05712891
vt 0.8598633 0.05712891
vt 0.871582 0.06304932
vt 0.8598633 0.06304932
vt 0.8720703 0.05712891
vt 0.8720703 0.05712891
vt 0.8833008 0.06304932
vt 0.871582 0.06304932
vt 0.8847656 0.05712891
vt 0.8847656 0.05712891
vt 0.8950195 0.06304932
vt 0.8833008 0.06304932
vt 0.8984375 0.05712891
vt 0.7983398 0.05712891
vt 0.8129883 0.06304932
vt 0.8012695 0.06304932
vt 0.8120117 0.05712891
vt 0.8120117 0.05712891
vt 0.8251953 0.06304932
vt 0.8129883 0.06304932
vt 0.824707 0.05712891
vt 0.824707 0.05712891
vt 0.8369141 0.06304932
vt 0.8251953 0.06304932
vt 0.8364258 0.05712891
vt 0.8364258 0.05712891
vt 0.8481445 0.06304932
vt 0.8369141 0.06304932
vt 0.8481445 0.05712891
vt 0.9570313 0.1002808
vt 0.9453125 0.118103
vt 0.9453125 0.1002808
vt 0.9545898 0.118103
vt 0.96875 0.1002808
vt 0.9545898 0.118103
vt 0.9570313 0.1002808
vt 0.9643555 0.118103
vt 0.9804688 0.1002808
vt 0.9643555 0.118103
vt 0.96875 0.1002808
vt 0.9736328 0.118103
vt 0.9921875 0.1002808
vt 0.9736328 0.118103
vt 0.9804688 0.1002808
vt 0.9819336 0.118103
vt 0.9101563 0.1002808
vt 0.9082031 0.118103
vt 0.8984375 0.1002808
vt 0.9165039 0.118103
vt 0.921875 0.1002808
vt 0.9165039 0.118103
vt 0.9101563 0.1002808
vt 0.9257813 0.118103
vt 0.9335938 0.1002808
vt 0.9257813 0.118103
vt 0.921875 0.1002808
vt 0.9355469 0.118103
vt 0.9453125 0.1002808
vt 0.9355469 0.118103
vt 0.9335938 0.1002808
vt 0.9453125 0.118103
vt 0.9521484 0.1300049
vt 0.9453125 0.118103
vt 0.9545898 0.118103
vt 0.9458008 0.1300049
vt 0.9604492 0.1300049
vt 0.9545898 0.118103
vt 0.9643555 0.118103
vt 0.9521484 0.1300049
vt 0.9663086 0.1300049
vt 0.9643555 0.118103
vt 0.9736328 0.118103
vt 0.9604492 0.1300049
vt 0.9702148 0.1300049
vt 0.9736328 0.118103
vt 0.9819336 0.118103
vt 0.9663086 0.1300049
vt 0.9165039 0.118103
vt 0.9194336 0.1300049
vt 0.9082031 0.118103
vt 0.9233398 0.1300049
vt 0.9291992 0.1300049
vt 0.9165039 0.118103
vt 0.9257813 0.118103
vt 0.9233398 0.1300049
vt 0.9370117 0.1300049
vt 0.9257813 0.118103
vt 0.9355469 0.118103
vt 0.9291992 0.1300049
vt 0.9458008 0.1300049
vt 0.9355469 0.118103
vt 0.9453125 0.118103
vt 0.9370117 0.1300049
vt 0.7148438 0.01378632
vt 0.7275391 0.01882935
vt 0.7148438 0.01882935
vt 0.7275391 0.01378632
vt 0.7275391 0.01378632
vt 0.7397461 0.01882935
vt 0.7275391 0.01882935
vt 0.7397461 0.01378632
vt 0.7397461 0.01378632
vt 0.7519531 0.01882935
vt 0.7397461 0.01882935
vt 0.7519531 0.01378632
vt 0.7519531 0.01378632
vt 0.7646484 0.01882935
vt 0.7519531 0.01882935
vt 0.7646484 0.01378632
vt 0.6645508 0.01378632
vt 0.6777344 0.01882935
vt 0.6645508 0.01882935
vt 0.6777344 0.01378632
vt 0.6777344 0.01378632
vt 0.6904297 0.01882935
vt 0.6777344 0.01882935
vt 0.6904297 0.01378632
vt 0.6904297 0.01378632
vt 0.7026367 0.01882935
vt 0.6904297 0.01882935
vt 0.7026367 0.01378632
vt 0.7026367 0.01378632
vt 0.7148438 0.01882935
vt 0.7026367 0.01882935
vt 0.7148438 0.01378632
vt 0.7275391 0.01378632
vt 0.7148438 0.009368896
vt 0.7275391 0.009368896
vt 0.7148438 0.01378632
vt 0.7397461 0.01378632
vt 0.7275391 0.009368896
vt 0.7397461 0.009368896
vt 0.7275391 0.01378632
vt 0.7519531 0.01378632
vt 0.7397461 0.009368896
vt 0.7519531 0.009368896
vt 0.7397461 0.01378632
vt 0.7646484 0.01378632
vt 0.7519531 0.009368896
vt 0.7646484 0.009368896
vt 0.7519531 0.01378632
vt 0.6777344 0.01378632
vt 0.6645508 0.009368896
vt 0.6777344 0.009368896
vt 0.6645508 0.01378632
vt 0.6904297 0.01378632
vt 0.6777344 0.009368896
vt 0.6904297 0.009368896
vt 0.6777344 0.01378632
vt 0.7026367 0.01378632
vt 0.6904297 0.009368896
vt 0.7026367 0.009368896
vt 0.6904297 0.01378632
vt 0.7148438 0.01378632
vt 0.7026367 0.009368896
vt 0.7148438 0.009368896
vt 0.7026367 0.01378632
vt 0.6103516 0.0163269
vt 0.5976563 0.0116272
vt 0.6103516 0.0116272
vt 0.5976563 0.0163269
vt 0.5976563 0.0163269
vt 0.5854492 0.0116272
vt 0.5976563 0.0116272
vt 0.5854492 0.0163269
vt 0.5854492 0.0163269
vt 0.5732422 0.0116272
vt 0.5854492 0.0116272
vt 0.5732422 0.0163269
vt 0.5732422 0.0163269
vt 0.5595703 0.0116272
vt 0.5732422 0.0116272
vt 0.5595703 0.0163269
vt 0.659668 0.0163269
vt 0.6474609 0.0116272
vt 0.659668 0.0116272
vt 0.6474609 0.0163269
vt 0.6474609 0.0163269
vt 0.6347656 0.0116272
vt 0.6474609 0.0116272
vt 0.6347656 0.0163269
vt 0.6347656 0.0163269
vt 0.6225586 0.0116272
vt 0.6347656 0.0116272
vt 0.6225586 0.0163269
vt 0.6225586 0.0163269
vt 0.6103516 0.0116272
vt 0.6225586 0.0116272
vt 0.6103516 0.0163269
vt 0.5976563 0.0163269
vt 0.6103516 0.0198822
vt 0.5976563 0.0198822
vt 0.6103516 0.0163269
vt 0.5854492 0.0163269
vt 0.5976563 0.0198822
vt 0.5854492 0.0198822
vt 0.5976563 0.0163269
vt 0.5732422 0.0163269
vt 0.5854492 0.0198822
vt 0.5732422 0.0198822
vt 0.5854492 0.0163269
vt 0.5595703 0.0163269
vt 0.5732422 0.0198822
vt 0.5595703 0.0198822
vt 0.5732422 0.0163269
vt 0.6474609 0.0163269
vt 0.659668 0.0198822
vt 0.6474609 0.0198822
vt 0.659668 0.0163269
vt 0.6347656 0.0163269
vt 0.6474609 0.0198822
vt 0.6347656 0.0198822
vt 0.6474609 0.0163269
vt 0.6225586 0.0163269
vt 0.6347656 0.0198822
vt 0.6225586 0.0198822
vt 0.6347656 0.0163269
vt 0.6103516 0.0163269
vt 0.6225586 0.0198822
vt 0.6103516 0.0198822
vt 0.6225586 0.0163269
vt 0.6103516 0.0116272
vt 0.5976563 0.007522583
vt 0.6103516 0.007522583
vt 0.5976563 0.0116272
vt 0.5976563 0.0116272
vt 0.5854492 0.007522583
vt 0.5976563 0.007522583
vt 0.5854492 0.0116272
vt 0.5854492 0.0116272
vt 0.5732422 0.007522583
vt 0.5854492 0.007522583
vt 0.5732422 0.0116272
vt 0.5732422 0.0116272
vt 0.5595703 0.007522583
vt 0.5732422 0.007522583
vt 0.5595703 0.0116272
vt 0.659668 0.0116272
vt 0.6474609 0.007522583
vt 0.659668 0.007522583
vt 0.6474609 0.0116272
vt 0.6474609 0.0116272
vt 0.6347656 0.007522583
vt 0.6474609 0.007522583
vt 0.6347656 0.0116272
vt 0.6347656 0.0116272
vt 0.6225586 0.007522583
vt 0.6347656 0.007522583
vt 0.6225586 0.0116272
vt 0.6225586 0.0116272
vt 0.6103516 0.007522583
vt 0.6225586 0.007522583
vt 0.6103516 0.0116272
vt 0.7949219 0.008621216
vt 0.8193359 0.004558563
vt 0.8193359 0.008621216
vt 0.7949219 0.004558563
vt 0.784668 0.008621216
vt 0.784668 0.004558563
vt 0.8193359 0.01712036
vt 0.7949219 0.0131073
vt 0.8193359 0.0131073
vt 0.7949219 0.01712036
vt 0.784668 0.01712036
vt 0.784668 0.0131073
vt 0.7949219 0.02238464
vt 0.8193359 0.01712036
vt 0.8193359 0.02238464
vt 0.7949219 0.01712036
vt 0.784668 0.008621216
vt 0.777832 0.0131073
vt 0.777832 0.008621216
vt 0.784668 0.0131073
vt 0.784668 0.02238464
vt 0.7949219 0.01712036
vt 0.7949219 0.02238464
vt 0.784668 0.01712036
vt 0.8193359 0.008621216
vt 0.7949219 0.0131073
vt 0.7949219 0.008621216
vt 0.8193359 0.0131073
vt 0.7949219 0.008621216
vt 0.784668 0.0131073
vt 0.784668 0.008621216
vt 0.7949219 0.0131073
vt 0.777832 0.008621216
vt 0.784668 0.004558563
vt 0.784668 0.008621216
vt 0.777832 0.004558563
vt 0.777832 0.01712036
vt 0.784668 0.0131073
vt 0.784668 0.01712036
vt 0.777832 0.0131073
vt 0.777832 0.02238464
vt 0.784668 0.01712036
vt 0.784668 0.02238464
vt 0.777832 0.01712036
vt 0.1914063 0.7758789
vt 0.01524353 0.675293
vt 0.1914063 0.675293
vt 0.01524353 0.7758789
vt 0.01546478 0.6679688
vt 0.1914063 0.675293
vt 0.01524353 0.675293
vt 0.1916504 0.6679688
vt 0.1983643 0.675293
vt 0.1914063 0.7758789
vt 0.1914063 0.675293
vt 0.1983643 0.7758789
vt 0.1911621 0.7841797
vt 0.01524353 0.7758789
vt 0.1914063 0.7758789
vt 0.01501465 0.7841797
vt 0.00818634 0.7758789
vt 0.01524353 0.675293
vt 0.01524353 0.7758789
vt 0.00818634 0.675293
vt 0.3706055 0.5068359
vt 0.2773438 0.5146484
vt 0.2773438 0.5068359
vt 0.3706055 0.5146484
vt 0.3706055 0.5146484
vt 0.2773438 0.5214844
vt 0.2773438 0.5146484
vt 0.3706055 0.5214844
vt 0.3706055 0.5214844
vt 0.2773438 0.5292969
vt 0.2773438 0.5214844
vt 0.3706055 0.5292969
vt 0.3706055 0.5068359
vt 0.2773438 0.5146484
vt 0.2773438 0.5068359
vt 0.3706055 0.5146484
vt 0.3706055 0.5146484
vt 0.2773438 0.5214844
vt 0.2773438 0.5146484
vt 0.3706055 0.5214844
vt 0.3706055 0.5214844
vt 0.2773438 0.5292969
vt 0.2773438 0.5214844
vt 0.3706055 0.5292969
vt 0.5527344 0.6186523
vt 0.6582031 0.5458984
vt 0.6582031 0.6186523
vt 0.5527344 0.5458984
vt 0.2907715 0.6186523
vt 0.2907715 0.5458984
vt 0.6582031 0.6269531
vt 0.5527344 0.6186523
vt 0.6582031 0.6186523
vt 0.5527344 0.6269531
vt 0.2907715 0.6186523
vt 0.2907715 0.6269531
vt 0.2907715 0.5458984
vt 0.2827148 0.6186523
vt 0.2827148 0.5458984
vt 0.2907715 0.6186523
vt 0.6582031 0.6186523
vt 0.6665039 0.5458984
vt 0.6665039 0.6186523
vt 0.6582031 0.5458984
vt 0.6582031 0.5458984
vt 0.5527344 0.5375977
vt 0.6582031 0.5375977
vt 0.5527344 0.5458984
vt 0.2907715 0.5375977
vt 0.2907715 0.5458984
vt 0.9379883 0.08428955
vt 0.9672852 0.05102539
vt 0.9672852 0.08428955
vt 0.9379883 0.05102539
vt 0.965332 0.02655029
vt 0.9086914 0.08428955
vt 0.9379883 0.01934814
vt 0.9086914 0.05102539
vt 0.9106445 0.02655029
vt 0.8369141 0.6625977
vt 0.8662109 0.6293945
vt 0.8662109 0.6625977
vt 0.8369141 0.6293945
vt 0.8642578 0.6040039
vt 0.8076172 0.6625977
vt 0.8369141 0.5961914
vt 0.8076172 0.6293945
vt 0.8095703 0.6040039
vt 0.9379883 0.08428955
vt 0.9672852 0.05102539
vt 0.9672852 0.08428955
vt 0.9379883 0.05102539
vt 0.965332 0.02655029
vt 0.9086914 0.08428955
vt 0.9379883 0.01934814
vt 0.9086914 0.05102539
vt 0.9106445 0.02655029
vt 0.8369141 0.6625977
vt 0.8662109 0.6293945
vt 0.8662109 0.6625977
vt 0.8369141 0.6293945
vt 0.8642578 0.6040039
vt 0.8076172 0.6625977
vt 0.8369141 0.5961914
vt 0.8076172 0.6293945
vt 0.8095703 0.6040039
vt 0.8598633 0.05712891
vt 0.8481445 0.05084229
vt 0.8598633 0.05084229
vt 0.8481445 0.05712891
vt 0.8720703 0.05712891
vt 0.8598633 0.05084229
vt 0.871582 0.05084229
vt 0.8598633 0.05712891
vt 0.8847656 0.05712891
vt 0.871582 0.05084229
vt 0.8837891 0.05084229
vt 0.8720703 0.05712891
vt 0.8984375 0.05712891
vt 0.8837891 0.05084229
vt 0.8964844 0.05084229
vt 0.8847656 0.05712891
vt 0.8120117 0.05712891
vt 0.800293 0.05084229
vt 0.8129883 0.05084229
vt 0.7983398 0.05712891
vt 0.824707 0.05712891
vt 0.8129883 0.05084229
vt 0.8251953 0.05084229
vt 0.8120117 0.05712891
vt 0.8364258 0.05712891
vt 0.8251953 0.05084229
vt 0.8369141 0.05084229
vt 0.824707 0.05712891
vt 0.8481445 0.05712891
vt 0.8369141 0.05084229
vt 0.8481445 0.05084229
vt 0.8364258 0.05712891
vt 0.8481445 0.01058197
vt 0.8588867 0.03918457
vt 0.8486328 0.03918457
vt 0.8535156 0.01058197
vt 0.8535156 0.01058197
vt 0.8686523 0.03918457
vt 0.8588867 0.03918457
vt 0.8579102 0.01058197
vt 0.8579102 0.01058197
vt 0.8779297 0.03918457
vt 0.8686523 0.03918457
vt 0.8618164 0.01058197
vt 0.8618164 0.01058197
vt 0.8847656 0.03918457
vt 0.8779297 0.03918457
vt 0.8647461 0.01058197
vt 0.8330078 0.01058197
vt 0.8193359 0.03918457
vt 0.8120117 0.03918457
vt 0.8359375 0.01058197
vt 0.8359375 0.01058197
vt 0.828125 0.03918457
vt 0.8193359 0.03918457
vt 0.8393555 0.01058197
vt 0.8393555 0.01058197
vt 0.8383789 0.03918457
vt 0.828125 0.03918457
vt 0.8442383 0.01058197
vt 0.8442383 0.01058197
vt 0.8486328 0.03918457
vt 0.8383789 0.03918457
vt 0.8481445 0.01058197
vt 0.8598633 0.05084229
vt 0.8486328 0.03918457
vt 0.8588867 0.03918457
vt 0.8481445 0.05084229
vt 0.8481445 0.05084229
vt 0.8383789 0.03918457
vt 0.8486328 0.03918457
vt 0.8369141 0.05084229
vt 0.8369141 0.05084229
vt 0.828125 0.03918457
vt 0.8383789 0.03918457
vt 0.8251953 0.05084229
vt 0.8251953 0.05084229
vt 0.8193359 0.03918457
vt 0.828125 0.03918457
vt 0.8129883 0.05084229
vt 0.8129883 0.05084229
vt 0.8120117 0.03918457
vt 0.8193359 0.03918457
vt 0.800293 0.05084229
vt 0.8964844 0.05084229
vt 0.8779297 0.03918457
vt 0.8847656 0.03918457
vt 0.8837891 0.05084229
vt 0.8837891 0.05084229
vt 0.8686523 0.03918457
vt 0.8779297 0.03918457
vt 0.871582 0.05084229
vt 0.871582 0.05084229
vt 0.8588867 0.03918457
vt 0.8686523 0.03918457
vt 0.8598633 0.05084229
vt 0.8491211 0.008712769
vt 0.847168 0.004295349
vt 0.8491211 0.006092072
vt 0.8427734 0.006278992
vt 0.8447266 0.004371643
vt 0.8442383 0.01058197
vt 0.8481445 0.01058197
vt 0.8432617 0.008903503
vt 0.8481445 0.05712891
vt 0.8598633 0.06304932
vt 0.8481445 0.06304932
vt 0.8598633 0.05712891
vt 0.8598633 0.05712891
vt 0.871582 0.06304932
vt 0.8598633 0.06304932
vt 0.8720703 0.05712891
vt 0.8720703 0.05712891
vt 0.8833008 0.06304932
vt 0.871582 0.06304932
vt 0.8847656 0.05712891
vt 0.8847656 0.05712891
vt 0.8950195 0.06304932
vt 0.8833008 0.06304932
vt 0.8984375 0.05712891
vt 0.7983398 0.05712891
vt 0.8129883 0.06304932
vt 0.8012695 0.06304932
vt 0.8120117 0.05712891
vt 0.8120117 0.05712891
vt 0.8251953 0.06304932
vt 0.8129883 0.06304932
vt 0.824707 0.05712891
vt 0.824707 0.05712891
vt 0.8369141 0.06304932
vt 0.8251953 0.06304932
vt 0.8364258 0.05712891
vt 0.8364258 0.05712891
vt 0.8481445 0.06304932
vt 0.8369141 0.06304932
vt 0.8481445 0.05712891
vt 0.8598633 0.05712891
vt 0.8481445 0.05084229
vt 0.8598633 0.05084229
vt 0.8481445 0.05712891
vt 0.8720703 0.05712891
vt 0.8598633 0.05084229
vt 0.871582 0.05084229
vt 0.8598633 0.05712891
vt 0.8847656 0.05712891
vt 0.871582 0.05084229
vt 0.8837891 0.05084229
vt 0.8720703 0.05712891
vt 0.8984375 0.05712891
vt 0.8837891 0.05084229
vt 0.8964844 0.05084229
vt 0.8847656 0.05712891
vt 0.8120117 0.05712891
vt 0.800293 0.05084229
vt 0.8129883 0.05084229
vt 0.7983398 0.05712891
vt 0.824707 0.05712891
vt 0.8129883 0.05084229
vt 0.8251953 0.05084229
vt 0.8120117 0.05712891
vt 0.8364258 0.05712891
vt 0.8251953 0.05084229
vt 0.8369141 0.05084229
vt 0.824707 0.05712891
vt 0.8481445 0.05712891
vt 0.8369141 0.05084229
vt 0.8481445 0.05084229
vt 0.8364258 0.05712891
vt 0.8481445 0.01058197
vt 0.8588867 0.03918457
vt 0.8486328 0.03918457
vt 0.8535156 0.01058197
vt 0.8535156 0.01058197
vt 0.8686523 0.03918457
vt 0.8588867 0.03918457
vt 0.8579102 0.01058197
vt 0.8579102 0.01058197
vt 0.8779297 0.03918457
vt 0.8686523 0.03918457
vt 0.8618164 0.01058197
vt 0.8618164 0.01058197
vt 0.8847656 0.03918457
vt 0.8779297 0.03918457
vt 0.8647461 0.01058197
vt 0.8330078 0.01058197
vt 0.8193359 0.03918457
vt 0.8120117 0.03918457
vt 0.8359375 0.01058197
vt 0.8359375 0.01058197
vt 0.828125 0.03918457
vt 0.8193359 0.03918457
vt 0.8393555 0.01058197
vt 0.8393555 0.01058197
vt 0.8383789 0.03918457
vt 0.828125 0.03918457
vt 0.8442383 0.01058197
vt 0.8442383 0.01058197
vt 0.8486328 0.03918457
vt 0.8383789 0.03918457
vt 0.8481445 0.01058197
vt 0.8598633 0.05084229
vt 0.8486328 0.03918457
vt 0.8588867 0.03918457
vt 0.8481445 0.05084229
vt 0.8481445 0.05084229
vt 0.8383789 0.03918457
vt 0.8486328 0.03918457
vt 0.8369141 0.05084229
vt 0.8369141 0.05084229
vt 0.828125 0.03918457
vt 0.8383789 0.03918457
vt 0.8251953 0.05084229
vt 0.8251953 0.05084229
vt 0.8193359 0.03918457
vt 0.828125 0.03918457
vt 0.8129883 0.05084229
vt 0.8129883 0.05084229
vt 0.8120117 0.03918457
vt 0.8193359 0.03918457
vt 0.800293 0.05084229
vt 0.8964844 0.05084229
vt 0.8779297 0.03918457
vt 0.8847656 0.03918457
vt 0.8837891 0.05084229
vt 0.8837891 0.05084229
vt 0.8686523 0.03918457
vt 0.8779297 0.03918457
vt 0.871582 0.05084229
vt 0.871582 0.05084229
vt 0.8588867 0.03918457
vt 0.8686523 0.03918457
vt 0.8598633 0.05084229
vt 0.8491211 0.008712769
vt 0.847168 0.004295349
vt 0.8491211 0.006092072
vt 0.8427734 0.006278992
vt 0.8447266 0.004371643
vt 0.8442383 0.01058197
vt 0.8481445 0.01058197
vt 0.8432617 0.008903503
vt 0.8481445 0.05712891
vt 0.8598633 0.06304932
vt 0.8481445 0.06304932
vt 0.8598633 0.05712891
vt 0.8598633 0.05712891
vt 0.871582 0.06304932
vt 0.8598633 0.06304932
vt 0.8720703 0.05712891
vt 0.8720703 0.05712891
vt 0.8833008 0.06304932
vt 0.871582 0.06304932
vt 0.8847656 0.05712891
vt 0.8847656 0.05712891
vt 0.8950195 0.06304932
vt 0.8833008 0.06304932
vt 0.8984375 0.05712891
vt 0.7983398 0.05712891
vt 0.8129883 0.06304932
vt 0.8012695 0.06304932
vt 0.8120117 0.05712891
vt 0.8120117 0.05712891
vt 0.8251953 0.06304932
vt 0.8129883 0.06304932
vt 0.824707 0.05712891
vt 0.824707 0.05712891
vt 0.8369141 0.06304932
vt 0.8251953 0.06304932
vt 0.8364258 0.05712891
vt 0.8364258 0.05712891
vt 0.8481445 0.06304932
vt 0.8369141 0.06304932
vt 0.8481445 0.05712891
vt 0.8598633 0.05712891
vt 0.8481445 0.05084229
vt 0.8598633 0.05084229
vt 0.8481445 0.05712891
vt 0.8720703 0.05712891
vt 0.8598633 0.05084229
vt 0.871582 0.05084229
vt 0.8598633 0.05712891
vt 0.8847656 0.05712891
vt 0.871582 0.05084229
vt 0.8837891 0.05084229
vt 0.8720703 0.05712891
vt 0.8984375 0.05712891
vt 0.8837891 0.05084229
vt 0.8964844 0.05084229
vt 0.8847656 0.05712891
vt 0.8120117 0.05712891
vt 0.800293 0.05084229
vt 0.8129883 0.05084229
vt 0.7983398 0.05712891
vt 0.824707 0.05712891
vt 0.8129883 0.05084229
vt 0.8251953 0.05084229
vt 0.8120117 0.05712891
vt 0.8364258 0.05712891
vt 0.8251953 0.05084229
vt 0.8369141 0.05084229
vt 0.824707 0.05712891
vt 0.8481445 0.05712891
vt 0.8369141 0.05084229
vt 0.8481445 0.05084229
vt 0.8364258 0.05712891
vt 0.8481445 0.01058197
vt 0.8588867 0.03918457
vt 0.8486328 0.03918457
vt 0.8535156 0.01058197
vt 0.8535156 0.01058197
vt 0.8686523 0.03918457
vt 0.8588867 0.03918457
vt 0.8579102 0.01058197
vt 0.8579102 0.01058197
vt 0.8779297 0.03918457
vt 0.8686523 0.03918457
vt 0.8618164 0.01058197
vt 0.8618164 0.01058197
vt 0.8847656 0.03918457
vt 0.8779297 0.03918457
vt 0.8647461 0.01058197
vt 0.8330078 0.01058197
vt 0.8193359 0.03918457
vt 0.8120117 0.03918457
vt 0.8359375 0.01058197
vt 0.8359375 0.01058197
vt 0.828125 0.03918457
vt 0.8193359 0.03918457
vt 0.8393555 0.01058197
vt 0.8393555 0.01058197
vt 0.8383789 0.03918457
vt 0.828125 0.03918457
vt 0.8442383 0.01058197
vt 0.8442383 0.01058197
vt 0.8486328 0.03918457
vt 0.8383789 0.03918457
vt 0.8481445 0.01058197
vt 0.8598633 0.05084229
vt 0.8486328 0.03918457
vt 0.8588867 0.03918457
vt 0.8481445 0.05084229
vt 0.8481445 0.05084229
vt 0.8383789 0.03918457
vt 0.8486328 0.03918457
vt 0.8369141 0.05084229
vt 0.8369141 0.05084229
vt 0.828125 0.03918457
vt 0.8383789 0.03918457
vt 0.8251953 0.05084229
vt 0.8251953 0.05084229
vt 0.8193359 0.03918457
vt 0.828125 0.03918457
vt 0.8129883 0.05084229
vt 0.8129883 0.05084229
vt 0.8120117 0.03918457
vt 0.8193359 0.03918457
vt 0.800293 0.05084229
vt 0.8964844 0.05084229
vt 0.8779297 0.03918457
vt 0.8847656 0.03918457
vt 0.8837891 0.05084229
vt 0.8837891 0.05084229
vt 0.8686523 0.03918457
vt 0.8779297 0.03918457
vt 0.871582 0.05084229
vt 0.871582 0.05084229
vt 0.8588867 0.03918457
vt 0.8686523 0.03918457
vt 0.8598633 0.05084229
vt 0.8491211 0.008712769
vt 0.847168 0.004295349
vt 0.8491211 0.006092072
vt 0.8427734 0.006278992
vt 0.8447266 0.004371643
vt 0.8442383 0.01058197
vt 0.8481445 0.01058197
vt 0.8432617 0.008903503
vt 0.8481445 0.05712891
vt 0.8598633 0.06304932
vt 0.8481445 0.06304932
vt 0.8598633 0.05712891
vt 0.8598633 0.05712891
vt 0.871582 0.06304932
vt 0.8598633 0.06304932
vt 0.8720703 0.05712891
vt 0.8720703 0.05712891
vt 0.8833008 0.06304932
vt 0.871582 0.06304932
vt 0.8847656 0.05712891
vt 0.8847656 0.05712891
vt 0.8950195 0.06304932
vt 0.8833008 0.06304932
vt 0.8984375 0.05712891
vt 0.7983398 0.05712891
vt 0.8129883 0.06304932
vt 0.8012695 0.06304932
vt 0.8120117 0.05712891
vt 0.8120117 0.05712891
vt 0.8251953 0.06304932
vt 0.8129883 0.06304932
vt 0.824707 0.05712891
vt 0.824707 0.05712891
vt 0.8369141 0.06304932
vt 0.8251953 0.06304932
vt 0.8364258 0.05712891
vt 0.8364258 0.05712891
vt 0.8481445 0.06304932
vt 0.8369141 0.06304932
vt 0.8481445 0.05712891
vt 0.8598633 0.05712891
vt 0.8481445 0.05084229
vt 0.8598633 0.05084229
vt 0.8481445 0.05712891
vt 0.8720703 0.05712891
vt 0.8598633 0.05084229
vt 0.871582 0.05084229
vt 0.8598633 0.05712891
vt 0.8847656 0.05712891
vt 0.871582 0.05084229
vt 0.8837891 0.05084229
vt 0.8720703 0.05712891
vt 0.8984375 0.05712891
vt 0.8837891 0.05084229
vt 0.8964844 0.05084229
vt 0.8847656 0.05712891
vt 0.8120117 0.05712891
vt 0.800293 0.05084229
vt 0.8129883 0.05084229
vt 0.7983398 0.05712891
vt 0.824707 0.05712891
vt 0.8129883 0.05084229
vt 0.8251953 0.05084229
vt 0.8120117 0.05712891
vt 0.8364258 0.05712891
vt 0.8251953 0.05084229
vt 0.8369141 0.05084229
vt 0.824707 0.05712891
vt 0.8481445 0.05712891
vt 0.8369141 0.05084229
vt 0.8481445 0.05084229
vt 0.8364258 0.05712891
vt 0.8481445 0.01058197
vt 0.8588867 0.03918457
vt 0.8486328 0.03918457
vt 0.8535156 0.01058197
vt 0.8535156 0.01058197
vt 0.8686523 0.03918457
vt 0.8588867 0.03918457
vt 0.8579102 0.01058197
vt 0.8579102 0.01058197
vt 0.8779297 0.03918457
vt 0.8686523 0.03918457
vt 0.8618164 0.01058197
vt 0.8618164 0.01058197
vt 0.8847656 0.03918457
vt 0.8779297 0.03918457
vt 0.8647461 0.01058197
vt 0.8330078 0.01058197
vt 0.8193359 0.03918457
vt 0.8120117 0.03918457
vt 0.8359375 0.01058197
vt 0.8359375 0.01058197
vt 0.828125 0.03918457
vt 0.8193359 0.03918457
vt 0.8393555 0.01058197
vt 0.8393555 0.01058197
vt 0.8383789 0.03918457
vt 0.828125 0.03918457
vt 0.8442383 0.01058197
vt 0.8442383 0.01058197
vt 0.8486328 0.03918457
vt 0.8383789 0.03918457
vt 0.8481445 0.01058197
vt 0.8598633 0.05084229
vt 0.8486328 0.03918457
vt 0.8588867 0.03918457
vt 0.8481445 0.05084229
vt 0.8481445 0.05084229
vt 0.8383789 0.03918457
vt 0.8486328 0.03918457
vt 0.8369141 0.05084229
vt 0.8369141 0.05084229
vt 0.828125 0.03918457
vt 0.8383789 0.03918457
vt 0.8251953 0.05084229
vt 0.8251953 0.05084229
vt 0.8193359 0.03918457
vt 0.828125 0.03918457
vt 0.8129883 0.05084229
vt 0.8129883 0.05084229
vt 0.8120117 0.03918457
vt 0.8193359 0.03918457
vt 0.800293 0.05084229
vt 0.8964844 0.05084229
vt 0.8779297 0.03918457
vt 0.8847656 0.03918457
vt 0.8837891 0.05084229
vt 0.8837891 0.05084229
vt 0.8686523 0.03918457
vt 0.8779297 0.03918457
vt 0.871582 0.05084229
vt 0.871582 0.05084229
vt 0.8588867 0.03918457
vt 0.8686523 0.03918457
vt 0.8598633 0.05084229
vt 0.8491211 0.008712769
vt 0.847168 0.004295349
vt 0.8491211 0.006092072
vt 0.8427734 0.006278992
vt 0.8447266 0.004371643
vt 0.8442383 0.01058197
vt 0.8481445 0.01058197
vt 0.8432617 0.008903503
vt 0.8481445 0.05712891
vt 0.8598633 0.06304932
vt 0.8481445 0.06304932
vt 0.8598633 0.05712891
vt 0.8598633 0.05712891
vt 0.871582 0.06304932
vt 0.8598633 0.06304932
vt 0.8720703 0.05712891
vt 0.8720703 0.05712891
vt 0.8833008 0.06304932
vt 0.871582 0.06304932
vt 0.8847656 0.05712891
vt 0.8847656 0.05712891
vt 0.8950195 0.06304932
vt 0.8833008 0.06304932
vt 0.8984375 0.05712891
vt 0.7983398 0.05712891
vt 0.8129883 0.06304932
vt 0.8012695 0.06304932
vt 0.8120117 0.05712891
vt 0.8120117 0.05712891
vt 0.8251953 0.06304932
vt 0.8129883 0.06304932
vt 0.824707 0.05712891
vt 0.824707 0.05712891
vt 0.8369141 0.06304932
vt 0.8251953 0.06304932
vt 0.8364258 0.05712891
vt 0.8364258 0.05712891
vt 0.8481445 0.06304932
vt 0.8369141 0.06304932
vt 0.8481445 0.05712891
vt 0.8193359 0.3325195
vt 0.8486328 0.3430176
vt 0.8486328 0.3325195
vt 0.8193359 0.3430176
vt 0.7998047 0.3325195
vt 0.8193359 0.3430176
vt 0.8193359 0.3325195
vt 0.7998047 0.3430176
vt 0.8486328 0.3325195
vt 0.8046875 0.3193359
vt 0.8193359 0.3325195
vt 0.8046875 0.2324219
vt 0.8486328 0.2324219
vt 0.8486328 0.3325195
vt 0.8046875 0.3193359
vt 0.8193359 0.3325195
vt 0.8046875 0.3193359
vt 0.7944336 0.2324219
vt 0.7944336 0.3193359
vt 0.8046875 0.2324219
vt 0.8046875 0.3193359
vt 0.7944336 0.3193359
vt 0.7246094 0.2288818
vt 0.7089844 0.2457275
vt 0.7260742 0.2445068
vt 0.7089844 0.2298584
vt 0.5566406 0.2457275
vt 0.5566406 0.2298584
vt 0.7089844 0.2298584
vt 0.7089844 0.2457275
vt 0.7246094 0.2288818
vt 0.7260742 0.2445068
vt 0.7260742 0.2445068
vt 0.7084961 0.25
vt 0.7246094 0.25
vt 0.7089844 0.2457275
vt 0.5566406 0.25
vt 0.5566406 0.2457275
vt 0.7089844 0.2457275
vt 0.7084961 0.25
vt 0.7260742 0.2445068
vt 0.7246094 0.25
vt 0.296875 0.06768799
vt 0.3688965 0.08850098
vt 0.3688965 0.06768799
vt 0.296875 0.08850098
vt 0.296875 0.06182861
vt 0.3688965 0.06768799
vt 0.3688965 0.06182861
vt 0.296875 0.06768799
vt 0.3747559 0.06768799
vt 0.3688965 0.08850098
vt 0.3747559 0.08850098
vt 0.3688965 0.06768799
vt 0.3688965 0.09436035
vt 0.296875 0.08850098
vt 0.296875 0.09436035
vt 0.3688965 0.08850098
vt 0.2910156 0.08850098
vt 0.296875 0.06768799
vt 0.2910156 0.06768799
vt 0.296875 0.08850098
vt 0.8193359 0.3325195
vt 0.8486328 0.3430176
vt 0.8193359 0.3430176
vt 0.8486328 0.3325195
vt 0.7998047 0.3325195
vt 0.8193359 0.3430176
vt 0.7998047 0.3430176
vt 0.8193359 0.3325195
vt 0.296875 0.06768799
vt 0.3688965 0.08850098
vt 0.296875 0.08850098
vt 0.3688965 0.06768799
vt 0.296875 0.06182861
vt 0.3688965 0.06768799
vt 0.296875 0.06768799
vt 0.3688965 0.06182861
vt 0.3747559 0.06768799
vt 0.3688965 0.08850098
vt 0.3688965 0.06768799
vt 0.3747559 0.08850098
vt 0.3688965 0.09436035
vt 0.296875 0.08850098
vt 0.3688965 0.08850098
vt 0.296875 0.09436035
vt 0.2910156 0.08850098
vt 0.296875 0.06768799
vt 0.296875 0.08850098
vt 0.2910156 0.06768799
vt 0.3806152 0.5200195
vt 0.4423828 0.4377441
vt 0.3806152 0.4377441
vt 0.4423828 0.5200195
vt 0.5043945 0.4377441
vt 0.5043945 0.5200195
vt 0.565918 0.4377441
vt 0.565918 0.5195313
vt 0.6279297 0.4377441
vt 0.6279297 0.5195313
vt 0.3806152 0.4377441
vt 0.4423828 0.3830566
vt 0.3806152 0.3833008
vt 0.4423828 0.4377441
vt 0.5039063 0.3830566
vt 0.5043945 0.4377441
vt 0.565918 0.3830566
vt 0.565918 0.4377441
vt 0.6279297 0.3830566
vt 0.6279297 0.4377441
vt 0.6826172 0.4377441
vt 0.6279297 0.5195313
vt 0.6826172 0.5195313
vt 0.6279297 0.4377441
vt 0.7451172 0.8984375
vt 0.7885742 0.9765625
vt 0.7885742 0.8984375
vt 0.7451172 0.9765625
vt 0.7387695 0.8911133
vt 0.7949219 0.8813477
vt 0.7387695 0.8813477
vt 0.7949219 0.8911133
vt 0.7885742 0.8984375
vt 0.7451172 0.8984375
vt 0.8081055 0.9765625
vt 0.7983398 0.8984375
vt 0.7983398 0.9765625
vt 0.8081055 0.8984375
vt 0.7949219 0.9838867
vt 0.7387695 0.9936523
vt 0.7949219 0.9936523
vt 0.7387695 0.9838867
vt 0.7451172 0.9765625
vt 0.7885742 0.9765625
vt 0.7255859 0.8984375
vt 0.7353516 0.9765625
vt 0.7353516 0.8984375
vt 0.7255859 0.9765625
vt 0.7885742 0.9765625
vt 0.7983398 0.8984375
vt 0.7885742 0.8984375
vt 0.7983398 0.9765625
vt 0.7451172 0.8984375
vt 0.7353516 0.9765625
vt 0.7451172 0.9765625
vt 0.7353516 0.8984375
vt 0.7636719 0.5415039
vt 0.7832031 0.5092773
vt 0.7788086 0.5048828
vt 0.7700195 0.5415039
vt 0.7788086 0.5048828
vt 0.8149414 0.4956055
vt 0.8149414 0.4892578
vt 0.7832031 0.5092773
vt 0.8149414 0.4892578
vt 0.8461914 0.5097656
vt 0.8505859 0.5053711
vt 0.8149414 0.4956055
vt 0.8505859 0.5053711
vt 0.8588867 0.5419922
vt 0.8652344 0.5419922
vt 0.8461914 0.5097656
vt 0.8652344 0.5419922
vt 0.8457031 0.5737305
vt 0.8505859 0.578125
vt 0.8588867 0.5419922
vt 0.8505859 0.578125
vt 0.8144531 0.5878906
vt 0.8144531 0.5942383
vt 0.8457031 0.5737305
vt 0.8144531 0.5942383
vt 0.7832031 0.5737305
vt 0.7783203 0.578125
vt 0.8144531 0.5878906
vt 0.7783203 0.578125
vt 0.7700195 0.5415039
vt 0.7636719 0.5415039
vt 0.7832031 0.5737305
vt 0.7700195 0.5415039
vt 0.8149414 0.4956055
vt 0.7832031 0.5092773
vt 0.8144531 0.5878906
vt 0.7832031 0.5737305
vt 0.8588867 0.5419922
vt 0.8457031 0.5737305
vt 0.8461914 0.5097656
vt 0.7636719 0.5415039
vt 0.7832031 0.5092773
vt 0.7788086 0.5048828
vt 0.7700195 0.5415039
vt 0.7788086 0.5048828
vt 0.8149414 0.4956055
vt 0.8149414 0.4892578
vt 0.7832031 0.5092773
vt 0.8149414 0.4892578
vt 0.8461914 0.5097656
vt 0.8505859 0.5053711
vt 0.8149414 0.4956055
vt 0.8505859 0.5053711
vt 0.859375 0.5419922
vt 0.8652344 0.5419922
vt 0.8461914 0.5097656
vt 0.8652344 0.5419922
vt 0.8457031 0.5742188
vt 0.8505859 0.5786133
vt 0.859375 0.5419922
vt 0.8505859 0.5786133
vt 0.8144531 0.5878906
vt 0.8144531 0.5942383
vt 0.8457031 0.5742188
vt 0.8144531 0.5942383
vt 0.7832031 0.5737305
vt 0.7783203 0.578125
vt 0.8144531 0.5878906
vt 0.7783203 0.578125
vt 0.7700195 0.5415039
vt 0.7636719 0.5415039
vt 0.7832031 0.5737305
vt 0.7700195 0.5415039
vt 0.8149414 0.4956055
vt 0.7832031 0.5092773
vt 0.8144531 0.5878906
vt 0.7832031 0.5737305
vt 0.859375 0.5419922
vt 0.8457031 0.5742188
vt 0.8461914 0.5097656
vt 0.06268311 0.5209961
vt 0.081604 0.484375
vt 0.06268311 0.484375
vt 0.081604 0.5327148
vt 0.06268311 0.5439453
vt 0.007106781 0.484375
vt 0.004341125 0.5327148
vt 0.007106781 0.5327148
vt 0.004337311 0.484375
vt 0.1012573 0.6357422
vt 0.1030273 0.6186523
vt 0.09564209 0.6357422
vt 0.1069336 0.6225586
vt 0.1204224 0.6113281
vt 0.1069336 0.6225586
vt 0.1203613 0.6171875
vt 0.1030273 0.6186523
vt 0.133667 0.6230469
vt 0.1204224 0.6113281
vt 0.1203613 0.6171875
vt 0.1376953 0.6191406
vt 0.1390381 0.6362305
vt 0.1376953 0.6191406
vt 0.133667 0.6230469
vt 0.1446533 0.6362305
vt 0.137207 0.6533203
vt 0.1390381 0.6362305
vt 0.1333008 0.6494141
vt 0.1446533 0.6362305
vt 0.119812 0.6606445
vt 0.1333008 0.6494141
vt 0.1199341 0.6547852
vt 0.137207 0.6533203
vt 0.1066284 0.6494141
vt 0.119812 0.6606445
vt 0.1199341 0.6547852
vt 0.1026001 0.6533203
vt 0.1012573 0.6357422
vt 0.1026001 0.6533203
vt 0.1066284 0.6494141
vt 0.09564209 0.6357422
vt 0.03964233 0.4904785
vt 0.06268311 0.484375
vt 0.04983521 0.484375
vt 0.007106781 0.484375
vt 0.06268311 0.484375
vt 0.05245972 0.4953613
vt 0.05731201 0.5083008
vt 0.03964233 0.4904785
vt 0.007106781 0.484375
vt 0.02661133 0.4953613
vt 0.02096558 0.5078125
vt 0.007106781 0.484375
vt 0.007106781 0.5327148
vt 0.0259552 0.5205078
vt 0.03869629 0.5258789
vt 0.1656494 0.425293
vt 0.1467285 0.4438477
vt 0.1656494 0.4438477
vt 0.1467285 0.425293
vt 0.1850586 0.425293
vt 0.1656494 0.4438477
vt 0.1850586 0.4438477
vt 0.1656494 0.425293
vt 0.1091309 0.425293
vt 0.09448242 0.4438477
vt 0.1091309 0.4438477
vt 0.09448242 0.425293
vt 0.1276855 0.425293
vt 0.1091309 0.4438477
vt 0.1276855 0.4438477
vt 0.1091309 0.425293
vt 0.1467285 0.425293
vt 0.1276855 0.4438477
vt 0.1467285 0.4438477
vt 0.1276855 0.425293
vt 0.04556274 0.4987793
vt 0.03851318 0.5205078
vt 0.04992676 0.512207
vt 0.02711487 0.512207
vt 0.03146362 0.4987793
vt 0.1656494 0.4609375
vt 0.1467285 0.4438477
vt 0.1467285 0.4609375
vt 0.1656494 0.4438477
vt 0.1850586 0.4609375
vt 0.1656494 0.4438477
vt 0.1656494 0.4609375
vt 0.1850586 0.4438477
vt 0.1091309 0.4609375
vt 0.09448242 0.4438477
vt 0.09448242 0.4609375
vt 0.1091309 0.4438477
vt 0.1276855 0.4609375
vt 0.1091309 0.4438477
vt 0.1091309 0.4609375
vt 0.1276855 0.4438477
vt 0.1467285 0.4609375
vt 0.1276855 0.4438477
vt 0.1276855 0.4609375
vt 0.1467285 0.4438477
vt 0.1656494 0.425293
vt 0.1467285 0.4438477
vt 0.1656494 0.4438477
vt 0.1467285 0.425293
vt 0.1850586 0.425293
vt 0.1656494 0.4438477
vt 0.1850586 0.4438477
vt 0.1656494 0.425293
vt 0.1091309 0.425293
vt 0.09448242 0.4438477
vt 0.1091309 0.4438477
vt 0.09448242 0.425293
vt 0.1276855 0.425293
vt 0.1091309 0.4438477
vt 0.1276855 0.4438477
vt 0.1091309 0.425293
vt 0.1467285 0.425293
vt 0.1276855 0.4438477
vt 0.1467285 0.4438477
vt 0.1276855 0.425293
vt 0.04556274 0.4987793
vt 0.03851318 0.5205078
vt 0.04992676 0.512207
vt 0.02711487 0.512207
vt 0.03146362 0.4987793
vt 0.1656494 0.4609375
vt 0.1467285 0.4438477
vt 0.1467285 0.4609375
vt 0.1656494 0.4438477
vt 0.1850586 0.4609375
vt 0.1656494 0.4438477
vt 0.1656494 0.4609375
vt 0.1850586 0.4438477
vt 0.1091309 0.4609375
vt 0.09448242 0.4438477
vt 0.09448242 0.4609375
vt 0.1091309 0.4438477
vt 0.1276855 0.4609375
vt 0.1091309 0.4438477
vt 0.1091309 0.4609375
vt 0.1276855 0.4438477
vt 0.1467285 0.4609375
vt 0.1276855 0.4438477
vt 0.1276855 0.4609375
vt 0.1467285 0.4438477
vt 0.6679688 0.3862305
vt 0.6767578 0.40625
vt 0.6767578 0.3862305
vt 0.6679688 0.40625
vt 0.6679688 0.40625
vt 0.6430664 0.3862305
vt 0.6430664 0.40625
vt 0.6679688 0.3862305
vt 0.6767578 0.40625
vt 0.7739258 0.3862305
vt 0.6767578 0.3862305
vt 0.7739258 0.40625
vt 0.8608398 0.3862305
vt 0.8608398 0.40625
vt 0.7739258 0.40625
vt 0.7739258 0.3862305
vt 0.6767578 0.40625
vt 0.6767578 0.3862305
vt 0.6767578 0.4125977
vt 0.6679688 0.4326172
vt 0.6767578 0.4326172
vt 0.6679688 0.4125977
vt 0.6430664 0.4326172
vt 0.6679688 0.4125977
vt 0.6430664 0.4125977
vt 0.6679688 0.4326172
vt 0.7739258 0.4326172
vt 0.6767578 0.4125977
vt 0.6767578 0.4326172
vt 0.7739258 0.4125977
vt 0.8608398 0.4326172
vt 0.8608398 0.4125977
vt 0.7739258 0.4125977
vt 0.7739258 0.4326172
vt 0.6767578 0.4125977
vt 0.6767578 0.4326172
vt 0.6679688 0.3862305
vt 0.6430664 0.3793945
vt 0.6430664 0.3862305
vt 0.6679688 0.3793945
vt 0.6767578 0.3862305
vt 0.6767578 0.3793945
vt 0.7739258 0.3862305
vt 0.7739258 0.3793945
vt 0.8608398 0.3862305
vt 0.8608398 0.3793945
vt 0.7739258 0.3793945
vt 0.7739258 0.3862305
vt 0.6767578 0.3793945
vt 0.6767578 0.3862305
vt 0.6679688 0.3793945
vt 0.6679688 0.3862305
vt 0.6430664 0.3793945
vt 0.6430664 0.3862305
vt 0.6679688 0.4125977
vt 0.6430664 0.40625
vt 0.6430664 0.4125977
vt 0.6679688 0.40625
vt 0.6767578 0.4125977
vt 0.6767578 0.40625
vt 0.7739258 0.4125977
vt 0.7739258 0.40625
vt 0.8608398 0.4125977
vt 0.8608398 0.40625
vt 0.7739258 0.40625
vt 0.7739258 0.4125977
vt 0.6767578 0.40625
vt 0.6767578 0.4125977
vt 0.6679688 0.40625
vt 0.6679688 0.4125977
vt 0.6430664 0.40625
vt 0.6430664 0.4125977
vt 0.6342773 0.40625
vt 0.6430664 0.3862305
vt 0.6342773 0.3862305
vt 0.6430664 0.40625
vt 0.08551025 0.5498047
vt 0.06945801 0.5820313
vt 0.08551025 0.5820313
vt 0.06945801 0.5498047
vt 0.06945801 0.5498047
vt 0.08557129 0.5820313
vt 0.08557129 0.5498047
vt 0.06945801 0.5820313
vt 0.09136963 0.5498047
vt 0.08557129 0.5820313
vt 0.09136963 0.5820313
vt 0.08557129 0.5498047
vt 0.08551025 0.5820313
vt 0.09136963 0.5498047
vt 0.08551025 0.5498047
vt 0.09136963 0.5820313
vt 0.06268311 0.5209961
vt 0.081604 0.5327148
vt 0.06268311 0.5439453
vt 0.081604 0.484375
vt 0.06268311 0.484375
vt 0.007106781 0.484375
vt 0.004341125 0.5327148
vt 0.004337311 0.484375
vt 0.007106781 0.5327148
vt 0.1390381 0.6362305
vt 0.1376953 0.6191406
vt 0.133667 0.6230469
vt 0.1446533 0.6362305
vt 0.1204224 0.6113281
vt 0.133667 0.6230469
vt 0.1376953 0.6191406
vt 0.1203613 0.6171875
vt 0.1069336 0.6225586
vt 0.1204224 0.6113281
vt 0.1030273 0.6186523
vt 0.1203613 0.6171875
vt 0.1012573 0.6357422
vt 0.1030273 0.6186523
vt 0.09564209 0.6357422
vt 0.1069336 0.6225586
vt 0.1026001 0.6533203
vt 0.1012573 0.6357422
vt 0.09564209 0.6357422
vt 0.1066284 0.6494141
vt 0.119873 0.6606445
vt 0.1066284 0.6494141
vt 0.1026001 0.6533203
vt 0.1199341 0.6547852
vt 0.1333008 0.6494141
vt 0.119873 0.6606445
vt 0.1373291 0.6533203
vt 0.1199341 0.6547852
vt 0.1390381 0.6362305
vt 0.1373291 0.6533203
vt 0.1446533 0.6362305
vt 0.1333008 0.6494141
vt 0.06268311 0.484375
vt 0.03964233 0.4904785
vt 0.04983521 0.484375
vt 0.007106781 0.484375
vt 0.06268311 0.484375
vt 0.05731201 0.5083008
vt 0.05245972 0.4953613
vt 0.03964233 0.4904785
vt 0.007106781 0.484375
vt 0.02661133 0.4953613
vt 0.02096558 0.5078125
vt 0.007106781 0.484375
vt 0.007106781 0.5327148
vt 0.0259552 0.5205078
vt 0.03869629 0.5258789
vt 0.1656494 0.425293
vt 0.1467285 0.4438477
vt 0.1467285 0.425293
vt 0.1656494 0.4438477
vt 0.1850586 0.425293
vt 0.1656494 0.4438477
vt 0.1656494 0.425293
vt 0.1850586 0.4438477
vt 0.1091309 0.425293
vt 0.09448242 0.4438477
vt 0.09448242 0.425293
vt 0.1091309 0.4438477
vt 0.1276855 0.425293
vt 0.1091309 0.4438477
vt 0.1091309 0.425293
vt 0.1276855 0.4438477
vt 0.1467285 0.425293
vt 0.1276855 0.4438477
vt 0.1276855 0.425293
vt 0.1467285 0.4438477
vt 0.04556274 0.4987793
vt 0.02711487 0.512207
vt 0.03146362 0.4987793
vt 0.03851318 0.5205078
vt 0.04992676 0.512207
vt 0.1656494 0.4609375
vt 0.1467285 0.4438477
vt 0.1656494 0.4438477
vt 0.1467285 0.4609375
vt 0.1850586 0.4609375
vt 0.1656494 0.4438477
vt 0.1850586 0.4438477
vt 0.1656494 0.4609375
vt 0.1091309 0.4609375
vt 0.09448242 0.4438477
vt 0.1091309 0.4438477
vt 0.09448242 0.4609375
vt 0.1276855 0.4609375
vt 0.1091309 0.4438477
vt 0.1276855 0.4438477
vt 0.1091309 0.4609375
vt 0.1467285 0.4609375
vt 0.1276855 0.4438477
vt 0.1467285 0.4438477
vt 0.1276855 0.4609375
vt 0.1656494 0.425293
vt 0.1467285 0.4438477
vt 0.1467285 0.425293
vt 0.1656494 0.4438477
vt 0.1850586 0.425293
vt 0.1656494 0.4438477
vt 0.1656494 0.425293
vt 0.1850586 0.4438477
vt 0.1091309 0.425293
vt 0.09448242 0.4438477
vt 0.09448242 0.425293
vt 0.1091309 0.4438477
vt 0.1276855 0.425293
vt 0.1091309 0.4438477
vt 0.1091309 0.425293
vt 0.1276855 0.4438477
vt 0.1467285 0.425293
vt 0.1276855 0.4438477
vt 0.1276855 0.425293
vt 0.1467285 0.4438477
vt 0.04556274 0.4987793
vt 0.02711487 0.512207
vt 0.03146362 0.4987793
vt 0.03851318 0.5205078
vt 0.04992676 0.512207
vt 0.1656494 0.4609375
vt 0.1467285 0.4438477
vt 0.1656494 0.4438477
vt 0.1467285 0.4609375
vt 0.1850586 0.4609375
vt 0.1656494 0.4438477
vt 0.1850586 0.4438477
vt 0.1656494 0.4609375
vt 0.1091309 0.4609375
vt 0.09448242 0.4438477
vt 0.1091309 0.4438477
vt 0.09448242 0.4609375
vt 0.1276855 0.4609375
vt 0.1091309 0.4438477
vt 0.1276855 0.4438477
vt 0.1091309 0.4609375
vt 0.1467285 0.4609375
vt 0.1276855 0.4438477
vt 0.1467285 0.4438477
vt 0.1276855 0.4609375
vt 0.6679688 0.3862305
vt 0.6767578 0.40625
vt 0.6679688 0.40625
vt 0.6767578 0.3862305
vt 0.6679688 0.40625
vt 0.6430664 0.3862305
vt 0.6679688 0.3862305
vt 0.6430664 0.40625
vt 0.6767578 0.4125977
vt 0.6679688 0.4326172
vt 0.6679688 0.4125977
vt 0.6767578 0.4326172
vt 0.6430664 0.4326172
vt 0.6679688 0.4125977
vt 0.6679688 0.4326172
vt 0.6430664 0.4125977
vt 0.6342773 0.40625
vt 0.6430664 0.3862305
vt 0.6430664 0.40625
vt 0.6342773 0.3862305
vt 0.08551025 0.5498047
vt 0.06945801 0.5820313
vt 0.06945801 0.5498047
vt 0.08551025 0.5820313
vt 0.06945801 0.5498047
vt 0.08557129 0.5820313
vt 0.06945801 0.5820313
vt 0.08557129 0.5498047
vt 0.09136963 0.5498047
vt 0.08557129 0.5820313
vt 0.08557129 0.5498047
vt 0.09136963 0.5820313
vt 0.08551025 0.5820313
vt 0.09136963 0.5498047
vt 0.09136963 0.5820313
vt 0.08551025 0.5498047
vt 0.7158203 0.4987793
vt 0.7568359 0.5600586
vt 0.7568359 0.4987793
vt 0.7158203 0.5600586
vt 0.7158203 0.5991211
vt 0.7568359 0.5991211
vt 0.6772461 0.5991211
vt 0.7158203 0.7719727
vt 0.7158203 0.5991211
vt 0.6772461 0.7719727
vt 0.7158203 0.7719727
vt 0.7568359 0.5991211
vt 0.7158203 0.5991211
vt 0.7973633 0.5991211
vt 0.7973633 0.7719727
vt 0.7158203 0.7719727
vt 0.7568359 0.5991211
vt 0.7158203 0.5991211
vt 0.2692871 0.3459473
vt 0.2186279 0.4831543
vt 0.2692871 0.4831543
vt 0.2186279 0.3178711
vt 0.2692871 0.2575684
vt 0.2451172 0.2570801
vt 0.2186279 0.2199707
vt 0.2451172 0.2203369
vt 0.307373 0.4443359
vt 0.3703613 0.4702148
vt 0.3703613 0.4443359
vt 0.307373 0.4702148
vt 0.3703613 0.4702148
vt 0.3703613 0.4443359
vt 0.3703613 0.4702148
vt 0.307373 0.4990234
vt 0.3703613 0.4990234
vt 0.307373 0.4702148
vt 0.3703613 0.4702148
vt 0.3703613 0.4990234
vt 0.7973633 0.871582
vt 0.7158203 0.8105469
vt 0.7158203 0.871582
vt 0.7973633 0.8105469
vt 0.7973633 0.7719727
vt 0.7158203 0.7719727
vt 0.7158203 0.8105469
vt 0.7158203 0.871582
vt 0.7158203 0.7719727
vt 0.3703613 0.3815918
vt 0.307373 0.4074707
vt 0.3703613 0.4074707
vt 0.307373 0.3815918
vt 0.3703613 0.3815918
vt 0.3703613 0.4074707
vt 0.7568359 0.5600586
vt 0.7158203 0.4987793
vt 0.7568359 0.4987793
vt 0.7158203 0.5600586
vt 0.7158203 0.5991211
vt 0.7568359 0.5991211
vt 0.6772461 0.5991211
vt 0.7158203 0.7719727
vt 0.6772461 0.7719727
vt 0.7158203 0.5991211
vt 0.2186279 0.4831543
vt 0.2692871 0.3459473
vt 0.2692871 0.4831543
vt 0.2186279 0.3178711
vt 0.2692871 0.2575684
vt 0.2451172 0.2570801
vt 0.2186279 0.2199707
vt 0.2451172 0.2203369
vt 0.01013184 0.5795898
vt 0.01477051 0.5517578
vt 0.01013184 0.5546875
vt 0.02999878 0.5546875
vt 0.02548218 0.5825195
vt 0.02999878 0.5795898
vt 0.1104126 0.5878906
vt 0.1031494 0.605957
vt 0.1104126 0.605957
vt 0.1031494 0.5878906
vt 0.1174927 0.5878906
vt 0.1104126 0.605957
vt 0.1174927 0.605957
vt 0.1104126 0.5878906
vt 0.1241455 0.5878906
vt 0.1174927 0.605957
vt 0.1241455 0.605957
vt 0.1174927 0.5878906
vt 0.1031494 0.5878906
vt 0.09692383 0.605957
vt 0.1031494 0.605957
vt 0.09692383 0.5878906
vt 0.1104126 0.486084
vt 0.1031494 0.5219727
vt 0.1104126 0.5219727
vt 0.1031494 0.486084
vt 0.1174927 0.486084
vt 0.1104126 0.5219727
vt 0.1174927 0.5219727
vt 0.1104126 0.486084
vt 0.1241455 0.486084
vt 0.1174927 0.5219727
vt 0.1241455 0.5219727
vt 0.1174927 0.486084
vt 0.1031494 0.486084
vt 0.09692383 0.5219727
vt 0.1031494 0.5219727
vt 0.09692383 0.486084
vt 0.078125 0.6533203
vt 0.04733276 0.6489258
vt 0.05142212 0.6533203
vt 0.05142212 0.5957031
vt 0.04733276 0.6000977
vt 0.08221436 0.6000977
vt 0.08221436 0.6489258
vt 0.078125 0.5957031
vt 0.078125 0.6611328
vt 0.05142212 0.6533203
vt 0.05142212 0.6611328
vt 0.078125 0.6533203
vt 0.03927612 0.6489258
vt 0.04733276 0.6000977
vt 0.03927612 0.6000977
vt 0.04733276 0.6489258
vt 0.05142212 0.5878906
vt 0.078125 0.5957031
vt 0.078125 0.5878906
vt 0.05142212 0.5957031
vt 0.09033203 0.6000977
vt 0.08221436 0.6489258
vt 0.09033203 0.6489258
vt 0.08221436 0.6000977
vt 0.05142212 0.6611328
vt 0.04733276 0.6533203
vt 0.04733276 0.6611328
vt 0.05142212 0.6533203
vt 0.078125 0.6533203
vt 0.08221436 0.6611328
vt 0.08221436 0.6533203
vt 0.078125 0.6611328
vt 0.04733276 0.5878906
vt 0.05142212 0.5957031
vt 0.05142212 0.5878906
vt 0.04733276 0.5957031
vt 0.078125 0.5878906
vt 0.08221436 0.5957031
vt 0.08221436 0.5878906
vt 0.078125 0.5957031
vt 0.01013184 0.5546875
vt 0.003347397 0.5795898
vt 0.01013184 0.5795898
vt 0.003347397 0.5546875
vt 0.01477051 0.5517578
vt 0.01013184 0.543457
vt 0.01013184 0.5517578
vt 0.01477051 0.543457
vt 0.02548218 0.5517578
vt 0.01477051 0.543457
vt 0.01477051 0.5517578
vt 0.02548218 0.543457
vt 0.02999878 0.5517578
vt 0.02548218 0.543457
vt 0.02548218 0.5517578
vt 0.02999878 0.543457
vt 0.02999878 0.5795898
vt 0.03704834 0.5546875
vt 0.02999878 0.5546875
vt 0.03704834 0.5795898
vt 0.02548218 0.5825195
vt 0.02999878 0.5917969
vt 0.02999878 0.5825195
vt 0.02548218 0.5917969
vt 0.01477051 0.5825195
vt 0.02548218 0.5917969
vt 0.02548218 0.5825195
vt 0.01477051 0.5917969
vt 0.01013184 0.5825195
vt 0.01477051 0.5917969
vt 0.01477051 0.5825195
vt 0.01013184 0.5917969
vt 0.02548218 0.5825195
vt 0.02999878 0.5546875
vt 0.02999878 0.5795898
vt 0.01013184 0.5795898
vt 0.01477051 0.5517578
vt 0.01013184 0.5546875
vt 0.1104126 0.5878906
vt 0.1031494 0.605957
vt 0.1031494 0.5878906
vt 0.1104126 0.605957
vt 0.1174927 0.5878906
vt 0.1104126 0.605957
vt 0.1104126 0.5878906
vt 0.1174927 0.605957
vt 0.1241455 0.5878906
vt 0.1174927 0.605957
vt 0.1174927 0.5878906
vt 0.1241455 0.605957
vt 0.1031494 0.5878906
vt 0.09692383 0.605957
vt 0.09692383 0.5878906
vt 0.1031494 0.605957
vt 0.1104126 0.486084
vt 0.1031494 0.5219727
vt 0.1031494 0.486084
vt 0.1104126 0.5219727
vt 0.1174927 0.486084
vt 0.1104126 0.5219727
vt 0.1104126 0.486084
vt 0.1174927 0.5219727
vt 0.1241455 0.486084
vt 0.1174927 0.5219727
vt 0.1174927 0.486084
vt 0.1241455 0.5219727
vt 0.1031494 0.486084
vt 0.09692383 0.5219727
vt 0.09692383 0.486084
vt 0.1031494 0.5219727
vt 0.078125 0.6533203
vt 0.08221436 0.6000977
vt 0.08221436 0.6489258
vt 0.05142212 0.5957031
vt 0.078125 0.5957031
vt 0.04733276 0.6489258
vt 0.05142212 0.6533203
vt 0.04733276 0.6000977
vt 0.078125 0.6611328
vt 0.05142212 0.6533203
vt 0.078125 0.6533203
vt 0.05142212 0.6611328
vt 0.03927612 0.6489258
vt 0.04733276 0.6000977
vt 0.04733276 0.6489258
vt 0.03927612 0.6000977
vt 0.05142212 0.5878906
vt 0.078125 0.5957031
vt 0.05142212 0.5957031
vt 0.078125 0.5878906
vt 0.09033203 0.6000977
vt 0.08221436 0.6489258
vt 0.08221436 0.6000977
vt 0.09033203 0.6489258
vt 0.05142212 0.6611328
vt 0.04733276 0.6533203
vt 0.05142212 0.6533203
vt 0.04733276 0.6611328
vt 0.078125 0.6533203
vt 0.08221436 0.6611328
vt 0.078125 0.6611328
vt 0.08221436 0.6533203
vt 0.04733276 0.5878906
vt 0.05142212 0.5957031
vt 0.04733276 0.5957031
vt 0.05142212 0.5878906
vt 0.078125 0.5878906
vt 0.08221436 0.5957031
vt 0.078125 0.5957031
vt 0.08221436 0.5878906
vt 0.01477051 0.5517578
vt 0.01013184 0.543457
vt 0.01477051 0.543457
vt 0.01013184 0.5517578
vt 0.02999878 0.5517578
vt 0.02548218 0.543457
vt 0.02999878 0.543457
vt 0.02548218 0.5517578
vt 0.02999878 0.5795898
vt 0.03704834 0.5546875
vt 0.03704834 0.5795898
vt 0.02999878 0.5546875
vt 0.02548218 0.5825195
vt 0.02999878 0.5917969
vt 0.02548218 0.5917969
vt 0.02999878 0.5825195
vt 0.01477051 0.5825195
vt 0.02548218 0.5917969
vt 0.01477051 0.5917969
vt 0.02548218 0.5825195
vt 0.01013184 0.5825195
vt 0.01477051 0.5917969
vt 0.01013184 0.5917969
vt 0.01477051 0.5825195
vt 0.7924805 0.4501953
vt 0.8457031 0.4692383
vt 0.8510742 0.4631348
vt 0.7890625 0.4560547
vt 0.7602539 0.4509277
vt 0.7924805 0.4501953
vt 0.7607422 0.447998
vt 0.7602539 0.4509277
vt 0.7929688 0.4475098
vt 0.7607422 0.4594727
vt 0.7890625 0.4560547
vt 0.7602539 0.456543
vt 0.7890625 0.4589844
vt 0.7285156 0.451416
vt 0.7026367 0.4667969
vt 0.7319336 0.4570313
vt 0.7602539 0.4509277
vt 0.8535156 0.4643555
vt 0.8457031 0.4692383
vt 0.8481445 0.470459
vt 0.8510742 0.4631348
vt 0.7026367 0.4667969
vt 0.6928711 0.4667969
vt 0.7021484 0.4697266
vt 0.6933594 0.4638672
vt 0.7998047 0.4768066
vt 0.7226563 0.4719238
vt 0.7231445 0.4770508
vt 0.7998047 0.4719238
vt 0.7226563 0.4697266
vt 0.7998047 0.4719238
vt 0.7998047 0.4699707
vt 0.7226563 0.4719238
vt 0.8017578 0.4716797
vt 0.7998047 0.4768066
vt 0.8017578 0.4765625
vt 0.7998047 0.4719238
vt 0.7998047 0.4787598
vt 0.7231445 0.4770508
vt 0.7226563 0.4790039
vt 0.7998047 0.4768066
vt 0.7211914 0.4768066
vt 0.7226563 0.4719238
vt 0.7207031 0.4716797
vt 0.7231445 0.4770508
vt 0.7924805 0.4501953
vt 0.8457031 0.4692383
vt 0.8510742 0.4631348
vt 0.7890625 0.4560547
vt 0.7924805 0.4501953
vt 0.7607422 0.447998
vt 0.7602539 0.4509277
vt 0.7929688 0.4475098
vt 0.7607422 0.4594727
vt 0.7890625 0.4560547
vt 0.7602539 0.456543
vt 0.7890625 0.4589844
vt 0.7285156 0.451416
vt 0.7026367 0.4667969
vt 0.7319336 0.4570313
vt 0.7602539 0.4509277
vt 0.8535156 0.4643555
vt 0.8457031 0.4692383
vt 0.8481445 0.470459
vt 0.8510742 0.4631348
vt 0.7026367 0.4667969
vt 0.6928711 0.4667969
vt 0.7021484 0.4697266
vt 0.6933594 0.4638672
vt 0.7998047 0.4768066
vt 0.7226563 0.4719238
vt 0.7231445 0.4770508
vt 0.7998047 0.4719238
vt 0.7226563 0.4697266
vt 0.7998047 0.4719238
vt 0.7998047 0.4699707
vt 0.7226563 0.4719238
vt 0.8017578 0.4716797
vt 0.7998047 0.4768066
vt 0.8017578 0.4765625
vt 0.7998047 0.4719238
vt 0.7998047 0.4787598
vt 0.7231445 0.4770508
vt 0.7226563 0.4790039
vt 0.7998047 0.4768066
vt 0.7211914 0.4768066
vt 0.7226563 0.4719238
vt 0.7207031 0.4716797
vt 0.7231445 0.4770508
vt 0.7602539 0.4509277
vt 0.7285156 0.4482422
vt 0.7285156 0.451416
vt 0.7607422 0.447998
vt 0.7324219 0.4599609
vt 0.7602539 0.456543
vt 0.7319336 0.4570313
vt 0.7607422 0.4594727
vt 0.7602539 0.4509277
vt 0.7285156 0.4482422
vt 0.7285156 0.451416
vt 0.7607422 0.447998
vt 0.7324219 0.4599609
vt 0.7602539 0.456543
vt 0.7319336 0.4570313
vt 0.7607422 0.4594727
vt 0.4306641 0.6484375
vt 0.6489258 0.640625
vt 0.6489258 0.6484375
vt 0.4306641 0.640625
vt 0.6489258 0.6484375
vt 0.6489258 0.640625
vt 0.6489258 0.7788086
vt 0.65625 0.6484375
vt 0.6489258 0.6484375
vt 0.65625 0.7709961
vt 0.6489258 0.6484375
vt 0.4306641 0.7788086
vt 0.6489258 0.7788086
vt 0.4306641 0.6484375
vt 0.2124023 0.6484375
vt 0.2124023 0.7788086
vt 0.6489258 0.6484375
vt 0.65625 0.7709961
vt 0.6489258 0.7788086
vt 0.65625 0.6484375
vt 0.9296875 0.7436523
vt 0.9199219 0.699707
vt 0.9296875 0.699707
vt 0.9199219 0.7436523
vt 0.9296875 0.699707
vt 0.9199219 0.7436523
vt 0.9296875 0.7436523
vt 0.9199219 0.699707
vt 0.9433594 0.9682617
vt 0.934082 0.75
vt 0.9433594 0.7495117
vt 0.934082 0.9682617
vt 0.9433594 0.7495117
vt 0.934082 0.75
vt 0.8920898 0.6513672
vt 0.8862305 0.4377441
vt 0.8920898 0.4328613
vt 0.8862305 0.6513672
vt 0.8862305 0.4377441
vt 0.8920898 0.4328613
vt 0.9296875 0.699707
vt 0.9345703 0.7392578
vt 0.9345703 0.7055664
vt 0.9296875 0.7436523
vt 0.9433594 0.9682617
vt 0.9482422 0.7543945
vt 0.9433594 0.7495117
vt 0.9482422 0.9682617
vt 0.9482422 0.7543945
vt 0.9433594 0.7495117
vt 0.9296875 0.7436523
vt 0.9345703 0.7055664
vt 0.9345703 0.7392578
vt 0.9296875 0.699707
vt 0.8720703 0.6513672
vt 0.8764648 0.4377441
vt 0.8720703 0.4328613
vt 0.8764648 0.6513672
vt 0.8764648 0.4377441
vt 0.8720703 0.4328613
vt 0.934082 0.9682617
vt 0.9291992 0.7543945
vt 0.934082 0.75
vt 0.9291992 0.9682617
vt 0.9291992 0.7543945
vt 0.934082 0.75
vt 0.9345703 0.7055664
vt 0.9438477 0.7392578
vt 0.9438477 0.7055664
vt 0.9345703 0.7392578
vt 0.9199219 0.9682617
vt 0.9291992 0.7543945
vt 0.9199219 0.7543945
vt 0.9291992 0.9682617
vt 0.9199219 0.7543945
vt 0.9291992 0.7543945
vt 0.9345703 0.7392578
vt 0.9438477 0.7055664
vt 0.9438477 0.7392578
vt 0.9345703 0.7055664
vt 0.8862305 0.6513672
vt 0.8764648 0.4377441
vt 0.8862305 0.4377441
vt 0.8764648 0.6513672
vt 0.8862305 0.4377441
vt 0.8764648 0.4377441
vt 0.6245117 0.6523438
vt 0.4655762 0.7714844
vt 0.625 0.7714844
vt 0.4658203 0.6523438
vt 0.4655762 0.7714844
vt 0.4658203 0.6523438
vt 0.4658203 0.6523438
vt 0.4655762 0.7714844
vt 0.4658203 0.6523438
vt 0.6245117 0.6523438
vt 0.6245117 0.6523438
vt 0.4658203 0.6523438
vt 0.6245117 0.6523438
vt 0.625 0.7714844
vt 0.625 0.7714844
vt 0.6245117 0.6523438
vt 0.625 0.7714844
vt 0.4655762 0.7714844
vt 0.4655762 0.7714844
vt 0.625 0.7714844
vt 0.7958984 0.5517578
vt 0.8354492 0.5273438
vt 0.8330078 0.5551758
vt 0.7983398 0.5244141
vt 0.4511719 0.6503906
vt 0.2602539 0.7753906
vt 0.2602539 0.6503906
vt 0.4511719 0.7753906
vt 0.2602539 0.7753906
vt 0.4511719 0.7753906
vt 0.4511719 0.7753906
vt 0.2602539 0.7753906
vt 0.4511719 0.7753906
vt 0.4511719 0.6503906
vt 0.4511719 0.6503906
vt 0.4511719 0.7753906
vt 0.4511719 0.6503906
vt 0.2602539 0.6503906
vt 0.2602539 0.6503906
vt 0.4511719 0.6503906
vt 0.2602539 0.6503906
vt 0.2602539 0.7753906
vt 0.2602539 0.7753906
vt 0.2602539 0.6503906
vt 0.8354492 0.5551758
vt 0.793457 0.5219727
vt 0.8378906 0.5258789
vt 0.7910156 0.5512695
vt 0.9580078 0.7265625
vt 0.9921875 0.7568359
vt 0.9580078 0.7568359
vt 0.9921875 0.7265625
vt 0.9580078 0.7568359
vt 0.9921875 0.7871094
vt 0.9580078 0.7871094
vt 0.9921875 0.7568359
vt 0.9580078 0.7871094
vt 0.9921875 0.8173828
vt 0.9580078 0.8173828
vt 0.9921875 0.7871094
vt 0.9580078 0.8173828
vt 0.9921875 0.847168
vt 0.9580078 0.847168
vt 0.9921875 0.8173828
vt 0.9580078 0.847168
vt 0.9921875 0.8774414
vt 0.9580078 0.8774414
vt 0.9921875 0.847168
vt 0.9580078 0.8774414
vt 0.9921875 0.9077148
vt 0.9580078 0.9077148
vt 0.9921875 0.8774414
vt 0.9580078 0.9077148
vt 0.9921875 0.9379883
vt 0.9580078 0.9379883
vt 0.9921875 0.9077148
vt 0.9580078 0.9379883
vt 0.9921875 0.9677734
vt 0.9580078 0.9677734
vt 0.9921875 0.9379883
vt 0.9580078 0.9682617
vt 0.9921875 0.9379883
vt 0.9580078 0.9379883
vt 0.9921875 0.9682617
vt 0.9580078 0.9379883
vt 0.9921875 0.9077148
vt 0.9580078 0.9077148
vt 0.9921875 0.9379883
vt 0.9580078 0.9077148
vt 0.9921875 0.8779297
vt 0.9580078 0.8779297
vt 0.9921875 0.9077148
vt 0.9580078 0.8779297
vt 0.9921875 0.8476563
vt 0.9580078 0.8476563
vt 0.9921875 0.8779297
vt 0.9580078 0.8476563
vt 0.9921875 0.8173828
vt 0.9580078 0.8173828
vt 0.9921875 0.8476563
vt 0.9580078 0.8173828
vt 0.9921875 0.7871094
vt 0.9580078 0.7871094
vt 0.9921875 0.8173828
vt 0.9580078 0.7871094
vt 0.9921875 0.7573242
vt 0.9580078 0.7573242
vt 0.9921875 0.7871094
vt 0.9580078 0.7573242
vt 0.9921875 0.7270508
vt 0.9580078 0.7270508
vt 0.9921875 0.7573242
vt 0.1895752 0.5068359
vt 0.2114258 0.5180664
vt 0.2137451 0.5068359
vt 0.1917725 0.5180664
vt 0.2137451 0.5068359
vt 0.2296143 0.5258789
vt 0.236084 0.5161133
vt 0.2114258 0.5180664
vt 0.236084 0.5161133
vt 0.2436523 0.5395508
vt 0.2531738 0.5332031
vt 0.2296143 0.5258789
vt 0.2531738 0.5332031
vt 0.2509766 0.5581055
vt 0.2624512 0.5556641
vt 0.2436523 0.5395508
vt 0.2624512 0.5556641
vt 0.2509766 0.5776367
vt 0.2624512 0.5795898
vt 0.2509766 0.5581055
vt 0.2624512 0.5795898
vt 0.2436523 0.5957031
vt 0.2531738 0.6020508
vt 0.2509766 0.5776367
vt 0.2531738 0.6020508
vt 0.2296143 0.609375
vt 0.236084 0.6191406
vt 0.2436523 0.5957031
vt 0.236084 0.6191406
vt 0.2115479 0.6171875
vt 0.2137451 0.628418
vt 0.2296143 0.609375
vt 0.2137451 0.628418
vt 0.1917725 0.6171875
vt 0.1895752 0.628418
vt 0.2115479 0.6171875
vt 0.1895752 0.628418
vt 0.173584 0.609375
vt 0.1672363 0.6191406
vt 0.1917725 0.6171875
vt 0.1672363 0.6191406
vt 0.159668 0.5957031
vt 0.1501465 0.6020508
vt 0.173584 0.609375
vt 0.1501465 0.6020508
vt 0.1522217 0.5776367
vt 0.1408691 0.5795898
vt 0.159668 0.5957031
vt 0.1408691 0.5795898
vt 0.1522217 0.5581055
vt 0.1408691 0.5556641
vt 0.1522217 0.5776367
vt 0.1408691 0.5556641
vt 0.159668 0.5395508
vt 0.1501465 0.5332031
vt 0.1522217 0.5581055
vt 0.1501465 0.5332031
vt 0.173584 0.5258789
vt 0.1672363 0.5161133
vt 0.159668 0.5395508
vt 0.1672363 0.5161133
vt 0.1917725 0.5180664
vt 0.1895752 0.5068359
vt 0.173584 0.5258789
vt 0.9580078 0.7265625
vt 0.9921875 0.7568359
vt 0.9580078 0.7568359
vt 0.9921875 0.7265625
vt 0.9580078 0.7568359
vt 0.9921875 0.7871094
vt 0.9580078 0.7871094
vt 0.9921875 0.7568359
vt 0.9580078 0.7871094
vt 0.9921875 0.8173828
vt 0.9580078 0.8173828
vt 0.9921875 0.7871094
vt 0.9580078 0.8173828
vt 0.9921875 0.847168
vt 0.9580078 0.847168
vt 0.9921875 0.8173828
vt 0.9580078 0.847168
vt 0.9921875 0.8774414
vt 0.9580078 0.8774414
vt 0.9921875 0.847168
vt 0.9580078 0.8774414
vt 0.9921875 0.9077148
vt 0.9580078 0.9077148
vt 0.9921875 0.8774414
vt 0.9580078 0.9077148
vt 0.9921875 0.9379883
vt 0.9580078 0.9379883
vt 0.9921875 0.9077148
vt 0.9580078 0.9379883
vt 0.9921875 0.9677734
vt 0.9580078 0.9677734
vt 0.9921875 0.9379883
vt 0.9580078 0.9682617
vt 0.9921875 0.9379883
vt 0.9580078 0.9379883
vt 0.9921875 0.9682617
vt 0.9580078 0.9379883
vt 0.9921875 0.9077148
vt 0.9580078 0.9077148
vt 0.9921875 0.9379883
vt 0.9580078 0.9077148
vt 0.9921875 0.8779297
vt 0.9580078 0.8779297
vt 0.9921875 0.9077148
vt 0.9580078 0.8779297
vt 0.9921875 0.8476563
vt 0.9580078 0.8476563
vt 0.9921875 0.8779297
vt 0.9580078 0.8476563
vt 0.9921875 0.8173828
vt 0.9580078 0.8173828
vt 0.9921875 0.8476563
vt 0.9580078 0.8173828
vt 0.9921875 0.7871094
vt 0.9580078 0.7871094
vt 0.9921875 0.8173828
vt 0.9580078 0.7871094
vt 0.9921875 0.7573242
vt 0.9580078 0.7573242
vt 0.9921875 0.7871094
vt 0.9580078 0.7573242
vt 0.9921875 0.7270508
vt 0.9580078 0.7270508
vt 0.9921875 0.7573242
vt 0.1895752 0.5068359
vt 0.2114258 0.5180664
vt 0.2137451 0.5068359
vt 0.1917725 0.5180664
vt 0.2137451 0.5068359
vt 0.2296143 0.5258789
vt 0.236084 0.5161133
vt 0.2114258 0.5180664
vt 0.236084 0.5161133
vt 0.2436523 0.5395508
vt 0.2531738 0.5332031
vt 0.2296143 0.5258789
vt 0.2531738 0.5332031
vt 0.2509766 0.5581055
vt 0.2624512 0.5556641
vt 0.2436523 0.5395508
vt 0.2624512 0.5556641
vt 0.2509766 0.5776367
vt 0.2624512 0.5795898
vt 0.2509766 0.5581055
vt 0.2624512 0.5795898
vt 0.2436523 0.5957031
vt 0.2531738 0.6020508
vt 0.2509766 0.5776367
vt 0.2531738 0.6020508
vt 0.2296143 0.609375
vt 0.236084 0.6191406
vt 0.2436523 0.5957031
vt 0.236084 0.6191406
vt 0.2115479 0.6171875
vt 0.2137451 0.628418
vt 0.2296143 0.609375
vt 0.2137451 0.628418
vt 0.1917725 0.6171875
vt 0.1895752 0.628418
vt 0.2115479 0.6171875
vt 0.1895752 0.628418
vt 0.173584 0.609375
vt 0.1672363 0.6191406
vt 0.1917725 0.6171875
vt 0.1672363 0.6191406
vt 0.159668 0.5957031
vt 0.1501465 0.6020508
vt 0.173584 0.609375
vt 0.1501465 0.6020508
vt 0.1522217 0.5776367
vt 0.1408691 0.5795898
vt 0.159668 0.5957031
vt 0.1408691 0.5795898
vt 0.1522217 0.5581055
vt 0.1408691 0.5556641
vt 0.1522217 0.5776367
vt 0.1408691 0.5556641
vt 0.159668 0.5395508
vt 0.1501465 0.5332031
vt 0.1522217 0.5581055
vt 0.1501465 0.5332031
vt 0.173584 0.5258789
vt 0.1672363 0.5161133
vt 0.159668 0.5395508
vt 0.1672363 0.5161133
vt 0.1917725 0.5180664
vt 0.1895752 0.5068359
vt 0.173584 0.5258789
vt 0.9580078 0.7265625
vt 0.9921875 0.7568359
vt 0.9921875 0.7265625
vt 0.9580078 0.7568359
vt 0.9580078 0.7568359
vt 0.9921875 0.7871094
vt 0.9921875 0.7568359
vt 0.9580078 0.7871094
vt 0.9580078 0.7871094
vt 0.9921875 0.8173828
vt 0.9921875 0.7871094
vt 0.9580078 0.8173828
vt 0.9580078 0.8173828
vt 0.9921875 0.847168
vt 0.9921875 0.8173828
vt 0.9580078 0.847168
vt 0.9580078 0.847168
vt 0.9921875 0.8774414
vt 0.9921875 0.847168
vt 0.9580078 0.8774414
vt 0.9580078 0.8774414
vt 0.9921875 0.9077148
vt 0.9921875 0.8774414
vt 0.9580078 0.9077148
vt 0.9580078 0.9077148
vt 0.9921875 0.9379883
vt 0.9921875 0.9077148
vt 0.9580078 0.9379883
vt 0.9580078 0.9379883
vt 0.9921875 0.9677734
vt 0.9921875 0.9379883
vt 0.9580078 0.9677734
vt 0.9580078 0.9682617
vt 0.9921875 0.9379883
vt 0.9921875 0.9682617
vt 0.9580078 0.9379883
vt 0.9580078 0.9379883
vt 0.9921875 0.9077148
vt 0.9921875 0.9379883
vt 0.9580078 0.9077148
vt 0.9580078 0.9077148
vt 0.9921875 0.8779297
vt 0.9921875 0.9077148
vt 0.9580078 0.8779297
vt 0.9580078 0.8779297
vt 0.9921875 0.8476563
vt 0.9921875 0.8779297
vt 0.9580078 0.8476563
vt 0.9580078 0.8476563
vt 0.9921875 0.8173828
vt 0.9921875 0.8476563
vt 0.9580078 0.8173828
vt 0.9580078 0.8173828
vt 0.9921875 0.7871094
vt 0.9921875 0.8173828
vt 0.9580078 0.7871094
vt 0.9580078 0.7871094
vt 0.9921875 0.7573242
vt 0.9921875 0.7871094
vt 0.9580078 0.7573242
vt 0.9580078 0.7573242
vt 0.9921875 0.7270508
vt 0.9921875 0.7573242
vt 0.9580078 0.7270508
vt 0.1895752 0.5068359
vt 0.2114258 0.5180664
vt 0.1917725 0.5180664
vt 0.2137451 0.5068359
vt 0.2137451 0.5068359
vt 0.2296143 0.5258789
vt 0.2114258 0.5180664
vt 0.236084 0.5161133
vt 0.236084 0.5161133
vt 0.2436523 0.5395508
vt 0.2296143 0.5258789
vt 0.2531738 0.5332031
vt 0.2531738 0.5332031
vt 0.2509766 0.5581055
vt 0.2436523 0.5395508
vt 0.2624512 0.5556641
vt 0.2624512 0.5556641
vt 0.2509766 0.5776367
vt 0.2509766 0.5581055
vt 0.2624512 0.5795898
vt 0.2624512 0.5795898
vt 0.2436523 0.5957031
vt 0.2509766 0.5776367
vt 0.2531738 0.6020508
vt 0.2531738 0.6020508
vt 0.2296143 0.609375
vt 0.2436523 0.5957031
vt 0.236084 0.6191406
vt 0.236084 0.6191406
vt 0.2115479 0.6171875
vt 0.2296143 0.609375
vt 0.2137451 0.628418
vt 0.2137451 0.628418
vt 0.1917725 0.6171875
vt 0.2115479 0.6171875
vt 0.1895752 0.628418
vt 0.1895752 0.628418
vt 0.173584 0.609375
vt 0.1917725 0.6171875
vt 0.1672363 0.6191406
vt 0.1672363 0.6191406
vt 0.159668 0.5957031
vt 0.173584 0.609375
vt 0.1501465 0.6020508
vt 0.1501465 0.6020508
vt 0.1522217 0.5776367
vt 0.159668 0.5957031
vt 0.1408691 0.5795898
vt 0.1408691 0.5795898
vt 0.1522217 0.5581055
vt 0.1522217 0.5776367
vt 0.1408691 0.5556641
vt 0.1408691 0.5556641
vt 0.159668 0.5395508
vt 0.1522217 0.5581055
vt 0.1501465 0.5332031
vt 0.1501465 0.5332031
vt 0.173584 0.5258789
vt 0.159668 0.5395508
vt 0.1672363 0.5161133
vt 0.1672363 0.5161133
vt 0.1917725 0.5180664
vt 0.173584 0.5258789
vt 0.1895752 0.5068359
vt 0.9580078 0.7265625
vt 0.9921875 0.7568359
vt 0.9921875 0.7265625
vt 0.9580078 0.7568359
vt 0.9580078 0.7568359
vt 0.9921875 0.7871094
vt 0.9921875 0.7568359
vt 0.9580078 0.7871094
vt 0.9580078 0.7871094
vt 0.9921875 0.8173828
vt 0.9921875 0.7871094
vt 0.9580078 0.8173828
vt 0.9580078 0.8173828
vt 0.9921875 0.847168
vt 0.9921875 0.8173828
vt 0.9580078 0.847168
vt 0.9580078 0.847168
vt 0.9921875 0.8774414
vt 0.9921875 0.847168
vt 0.9580078 0.8774414
vt 0.9580078 0.8774414
vt 0.9921875 0.9077148
vt 0.9921875 0.8774414
vt 0.9580078 0.9077148
vt 0.9580078 0.9077148
vt 0.9921875 0.9379883
vt 0.9921875 0.9077148
vt 0.9580078 0.9379883
vt 0.9580078 0.9379883
vt 0.9921875 0.9677734
vt 0.9921875 0.9379883
vt 0.9580078 0.9677734
vt 0.9580078 0.9682617
vt 0.9921875 0.9379883
vt 0.9921875 0.9682617
vt 0.9580078 0.9379883
vt 0.9580078 0.9379883
vt 0.9921875 0.9077148
vt 0.9921875 0.9379883
vt 0.9580078 0.9077148
vt 0.9580078 0.9077148
vt 0.9921875 0.8779297
vt 0.9921875 0.9077148
vt 0.9580078 0.8779297
vt 0.9580078 0.8779297
vt 0.9921875 0.8476563
vt 0.9921875 0.8779297
vt 0.9580078 0.8476563
vt 0.9580078 0.8476563
vt 0.9921875 0.8173828
vt 0.9921875 0.8476563
vt 0.9580078 0.8173828
vt 0.9580078 0.8173828
vt 0.9921875 0.7871094
vt 0.9921875 0.8173828
vt 0.9580078 0.7871094
vt 0.9580078 0.7871094
vt 0.9921875 0.7573242
vt 0.9921875 0.7871094
vt 0.9580078 0.7573242
vt 0.9580078 0.7573242
vt 0.9921875 0.7270508
vt 0.9921875 0.7573242
vt 0.9580078 0.7270508
vt 0.1895752 0.5068359
vt 0.2114258 0.5180664
vt 0.1917725 0.5180664
vt 0.2137451 0.5068359
vt 0.2137451 0.5068359
vt 0.2296143 0.5258789
vt 0.2114258 0.5180664
vt 0.236084 0.5161133
vt 0.236084 0.5161133
vt 0.2436523 0.5395508
vt 0.2296143 0.5258789
vt 0.2531738 0.5332031
vt 0.2531738 0.5332031
vt 0.2509766 0.5581055
vt 0.2436523 0.5395508
vt 0.2624512 0.5556641
vt 0.2624512 0.5556641
vt 0.2509766 0.5776367
vt 0.2509766 0.5581055
vt 0.2624512 0.5795898
vt 0.2624512 0.5795898
vt 0.2436523 0.5957031
vt 0.2509766 0.5776367
vt 0.2531738 0.6020508
vt 0.2531738 0.6020508
vt 0.2296143 0.609375
vt 0.2436523 0.5957031
vt 0.236084 0.6191406
vt 0.236084 0.6191406
vt 0.2115479 0.6171875
vt 0.2296143 0.609375
vt 0.2137451 0.628418
vt 0.2137451 0.628418
vt 0.1917725 0.6171875
vt 0.2115479 0.6171875
vt 0.1895752 0.628418
vt 0.1895752 0.628418
vt 0.173584 0.609375
vt 0.1917725 0.6171875
vt 0.1672363 0.6191406
vt 0.1672363 0.6191406
vt 0.159668 0.5957031
vt 0.173584 0.609375
vt 0.1501465 0.6020508
vt 0.1501465 0.6020508
vt 0.1522217 0.5776367
vt 0.159668 0.5957031
vt 0.1408691 0.5795898
vt 0.1408691 0.5795898
vt 0.1522217 0.5581055
vt 0.1522217 0.5776367
vt 0.1408691 0.5556641
vt 0.1408691 0.5556641
vt 0.159668 0.5395508
vt 0.1522217 0.5581055
vt 0.1501465 0.5332031
vt 0.1501465 0.5332031
vt 0.173584 0.5258789
vt 0.159668 0.5395508
vt 0.1672363 0.5161133
vt 0.1672363 0.5161133
vt 0.1917725 0.5180664
vt 0.173584 0.5258789
vt 0.1895752 0.5068359
vt 0.9082031 0.5058594
vt 0.9941406 0.3937988
vt 0.9082031 0.3937988
vt 0.9941406 0.5058594
vt 0.9082031 0.5058594
vt 0.9082031 0.3937988
vt 0.965332 0.5546875
vt 0.9082031 0.5424805
vt 0.9941406 0.5537109
vt 0.9584961 0.5673828
vt 0.9584961 0.6274414
vt 0.9082031 0.6542969
vt 0.965332 0.6401367
vt 0.965332 0.5546875
vt 0.9941406 0.6542969
vt 0.9941406 0.6420898
vt 0.965332 0.6401367
vt 0.9082031 0.6542969
vt 0.9584961 0.6274414
vt 0.9082031 0.5424805
vt 0.9584961 0.5673828
vt 0.9941406 0.6376953
vt 0.9624023 0.6259766
vt 0.9677734 0.637207
vt 0.9677734 0.5581055
vt 0.9624023 0.5688477
vt 0.9941406 0.5576172
vt 0.9677734 0.5581055
vt 0.9624023 0.6259766
vt 0.9677734 0.637207
vt 0.9624023 0.5688477
vt 0.9584961 0.6274414
vt 0.9624023 0.5688477
vt 0.9584961 0.5673828
vt 0.9624023 0.6259766
vt 0.9584961 0.5673828
vt 0.9677734 0.5581055
vt 0.965332 0.5546875
vt 0.9624023 0.5688477
vt 0.9941406 0.5576172
vt 0.965332 0.5546875
vt 0.9677734 0.5581055
vt 0.9941406 0.5537109
vt 0.965332 0.5546875
vt 0.9677734 0.5581055
vt 0.9941406 0.6420898
vt 0.9677734 0.637207
vt 0.965332 0.6401367
vt 0.9941406 0.6376953
vt 0.9677734 0.637207
vt 0.965332 0.6401367
vt 0.965332 0.6401367
vt 0.9624023 0.6259766
vt 0.9584961 0.6274414
vt 0.9677734 0.637207
vt 0.9941406 0.3937988
vt 0.9082031 0.385498
vt 0.9082031 0.3937988
vt 0.9941406 0.385498
vt 0.9082031 0.385498
vt 0.9082031 0.3937988
vt 0.8999023 0.5058594
vt 0.9082031 0.3937988
vt 0.8999023 0.3937988
vt 0.9082031 0.5058594
vt 0.8999023 0.5424805
vt 0.9082031 0.5424805
vt 0.8999023 0.6542969
vt 0.9082031 0.6542969
vt 0.9941406 0.6625977
vt 0.9082031 0.6542969
vt 0.9082031 0.6625977
vt 0.9941406 0.6542969
vt 0.9082031 0.6542969
vt 0.9082031 0.6625977
vt 0.07946777 0.4560547
vt 0.008399963 0.4260254
vt 0.008399963 0.4560547
vt 0.07946777 0.4260254
vt 0.07946777 0.4560547
vt 0.008399963 0.4560547
vt 0.9584961 0.6274414
vt 0.9624023 0.5688477
vt 0.9624023 0.6259766
vt 0.9584961 0.5673828
vt 0.9584961 0.5673828
vt 0.9677734 0.5581055
vt 0.9624023 0.5688477
vt 0.965332 0.5546875
vt 0.965332 0.6401367
vt 0.9624023 0.6259766
vt 0.9677734 0.637207
vt 0.9584961 0.6274414
vt 0.9082031 0.3937988
vt 0.8999023 0.5058594
vt 0.8999023 0.3937988
vt 0.9082031 0.5058594
vt 0.8999023 0.5424805
vt 0.9082031 0.5424805
vt 0.8999023 0.6542969
vt 0.9082031 0.6542969
vt 0.8876953 0.3366699
vt 0.8598633 0.3198242
vt 0.8745117 0.3366699
vt 0.9023438 0.3198242
vt 0.8730469 0.3007813
vt 0.8886719 0.3007813
vt 0.8764648 0.2344971
vt 0.8857422 0.2344971
vt 0.8540039 0.3266602
vt 0.8745117 0.3366699
vt 0.8598633 0.3198242
vt 0.8720703 0.3435059
vt 0.8759766 0.2261963
vt 0.8857422 0.2344971
vt 0.8857422 0.2261963
vt 0.8764648 0.2344971
vt 0.8964844 0.2980957
vt 0.8857422 0.2344971
vt 0.8886719 0.3007813
vt 0.894043 0.2338867
vt 0.8901367 0.3435059
vt 0.8745117 0.3366699
vt 0.8720703 0.3435059
vt 0.8876953 0.3366699
vt 0.8681641 0.2338867
vt 0.8730469 0.3007813
vt 0.8764648 0.2344971
vt 0.8652344 0.2980957
vt 0.9091797 0.3156738
vt 0.8886719 0.3007813
vt 0.9023438 0.3198242
vt 0.8964844 0.2980957
vt 0.8652344 0.2980957
vt 0.8598633 0.3198242
vt 0.8730469 0.3007813
vt 0.8530273 0.3156738
vt 0.8901367 0.3435059
vt 0.9023438 0.3198242
vt 0.8876953 0.3366699
vt 0.9082031 0.3266602
vt 0.9145508 0.307373
vt 0.9179688 0.3322754
vt 0.9179688 0.3076172
vt 0.9121094 0.3320313
vt 0.9150391 0.3354492
vt 0.9067383 0.338623
vt 0.918457 0.3391113
vt 0.9111328 0.338623
vt 0.9228516 0.3393555
vt 0.9116211 0.3457031
vt 0.9145508 0.3422852
vt 0.9169922 0.3459473
vt 0.7695313 0.2366943
vt 0.7592773 0.2283936
vt 0.7592773 0.2366943
vt 0.7695313 0.2283936
vt 0.7592773 0.2366943
vt 0.7490234 0.2283936
vt 0.7490234 0.2366943
vt 0.7592773 0.2283936
vt 0.7490234 0.2366943
vt 0.7387695 0.2283936
vt 0.7387695 0.2366943
vt 0.7490234 0.2283936
vt 0.7802734 0.2366943
vt 0.7695313 0.2283936
vt 0.7695313 0.2366943
vt 0.7802734 0.2283936
vt 0.2619629 0.5273438
vt 0.2418213 0.5073242
vt 0.2015381 0.5678711
vt 0.2727051 0.5532227
vt 0.2155762 0.4963379
vt 0.2727051 0.5820313
vt 0.1872559 0.4963379
vt 0.2619629 0.6079102
vt 0.1611328 0.5073242
vt 0.2419434 0.6279297
vt 0.1411133 0.5273438
vt 0.2158203 0.6391602
vt 0.130249 0.5537109
vt 0.1875 0.6391602
vt 0.1303711 0.5820313
vt 0.1612549 0.628418
vt 0.1412354 0.6083984
vt 0.2619629 0.5273438
vt 0.2418213 0.5073242
vt 0.2015381 0.5678711
vt 0.2727051 0.5532227
vt 0.2155762 0.4963379
vt 0.2727051 0.5820313
vt 0.1872559 0.4963379
vt 0.2619629 0.6079102
vt 0.1611328 0.5073242
vt 0.2419434 0.6279297
vt 0.1411133 0.5273438
vt 0.2158203 0.6391602
vt 0.130249 0.5537109
vt 0.1875 0.6391602
vt 0.1303711 0.5820313
vt 0.1612549 0.628418
vt 0.1412354 0.6083984
vt 0.2619629 0.5273438
vt 0.2015381 0.5678711
vt 0.2418213 0.5073242
vt 0.2727051 0.5532227
vt 0.2155762 0.4963379
vt 0.2727051 0.5820313
vt 0.1872559 0.4963379
vt 0.2619629 0.6079102
vt 0.1611328 0.5073242
vt 0.2419434 0.6279297
vt 0.1411133 0.5273438
vt 0.2158203 0.6391602
vt 0.130249 0.5537109
vt 0.1875 0.6391602
vt 0.1303711 0.5820313
vt 0.1612549 0.628418
vt 0.1412354 0.6083984
vt 0.2619629 0.5273438
vt 0.2015381 0.5678711
vt 0.2418213 0.5073242
vt 0.2727051 0.5532227
vt 0.2155762 0.4963379
vt 0.2727051 0.5820313
vt 0.1872559 0.4963379
vt 0.2619629 0.6079102
vt 0.1611328 0.5073242
vt 0.2419434 0.6279297
vt 0.1411133 0.5273438
vt 0.2158203 0.6391602
vt 0.130249 0.5537109
vt 0.1875 0.6391602
vt 0.1303711 0.5820313
vt 0.1612549 0.628418
vt 0.1412354 0.6083984
vt 0.307373 0.4365234
vt 0.3703613 0.4074707
vt 0.3703613 0.4443359
vt 0.307373 0.4443359
vt 0.307373 0.4074707
vt 0.3703613 0.4443359
vt 0.3703613 0.4074707
vt 0.1672363 0.5161133
vt 0.1411133 0.5273438
vt 0.1612549 0.5073242
vt 0.1501465 0.5332031
vt 0.1895752 0.5068359
vt 0.1303711 0.5537109
vt 0.1873779 0.4963379
vt 0.1408691 0.5556641
vt 0.2137451 0.5068359
vt 0.1303711 0.5820313
vt 0.2158203 0.4963379
vt 0.1408691 0.5795898
vt 0.236084 0.5161133
vt 0.1411133 0.6079102
vt 0.2420654 0.5073242
vt 0.1501465 0.6020508
vt 0.2531738 0.5332031
vt 0.1612549 0.6279297
vt 0.2619629 0.5273438
vt 0.1672363 0.6191406
vt 0.2624512 0.5556641
vt 0.1875 0.6391602
vt 0.2729492 0.5537109
vt 0.1895752 0.628418
vt 0.2624512 0.5795898
vt 0.2158203 0.6391602
vt 0.2729492 0.5820313
vt 0.2137451 0.628418
vt 0.2531738 0.6020508
vt 0.2420654 0.6279297
vt 0.262207 0.6079102
vt 0.236084 0.6191406
vt 0.1672363 0.5161133
vt 0.1411133 0.5273438
vt 0.1612549 0.5073242
vt 0.1501465 0.5332031
vt 0.1895752 0.5068359
vt 0.1303711 0.5537109
vt 0.1873779 0.4963379
vt 0.1408691 0.5556641
vt 0.2137451 0.5068359
vt 0.1303711 0.5820313
vt 0.2158203 0.4963379
vt 0.1408691 0.5795898
vt 0.236084 0.5161133
vt 0.1411133 0.6079102
vt 0.2420654 0.5073242
vt 0.1501465 0.6020508
vt 0.2531738 0.5332031
vt 0.1612549 0.6279297
vt 0.2619629 0.5273438
vt 0.1672363 0.6191406
vt 0.2624512 0.5556641
vt 0.1875 0.6391602
vt 0.2729492 0.5537109
vt 0.1895752 0.628418
vt 0.2624512 0.5795898
vt 0.2158203 0.6391602
vt 0.2729492 0.5820313
vt 0.2137451 0.628418
vt 0.2531738 0.6020508
vt 0.2420654 0.6279297
vt 0.262207 0.6079102
vt 0.236084 0.6191406
vt 0.1411133 0.5273438
vt 0.1672363 0.5161133
vt 0.1612549 0.5073242
vt 0.1501465 0.5332031
vt 0.1895752 0.5068359
vt 0.1303711 0.5537109
vt 0.1873779 0.4963379
vt 0.1408691 0.5556641
vt 0.2137451 0.5068359
vt 0.1303711 0.5820313
vt 0.2158203 0.4963379
vt 0.1408691 0.5795898
vt 0.236084 0.5161133
vt 0.1411133 0.6079102
vt 0.2420654 0.5073242
vt 0.1501465 0.6020508
vt 0.2531738 0.5332031
vt 0.1612549 0.6279297
vt 0.2619629 0.5273438
vt 0.1672363 0.6191406
vt 0.2624512 0.5556641
vt 0.1875 0.6391602
vt 0.2729492 0.5537109
vt 0.1895752 0.628418
vt 0.2624512 0.5795898
vt 0.2158203 0.6391602
vt 0.2729492 0.5820313
vt 0.2137451 0.628418
vt 0.2531738 0.6020508
vt 0.2420654 0.6279297
vt 0.262207 0.6079102
vt 0.236084 0.6191406
vt 0.1411133 0.5273438
vt 0.1672363 0.5161133
vt 0.1612549 0.5073242
vt 0.1501465 0.5332031
vt 0.1895752 0.5068359
vt 0.1303711 0.5537109
vt 0.1873779 0.4963379
vt 0.1408691 0.5556641
vt 0.2137451 0.5068359
vt 0.1303711 0.5820313
vt 0.2158203 0.4963379
vt 0.1408691 0.5795898
vt 0.236084 0.5161133
vt 0.1411133 0.6079102
vt 0.2420654 0.5073242
vt 0.1501465 0.6020508
vt 0.2531738 0.5332031
vt 0.1612549 0.6279297
vt 0.2619629 0.5273438
vt 0.1672363 0.6191406
vt 0.2624512 0.5556641
vt 0.1875 0.6391602
vt 0.2729492 0.5537109
vt 0.1895752 0.628418
vt 0.2624512 0.5795898
vt 0.2158203 0.6391602
vt 0.2729492 0.5820313
vt 0.2137451 0.628418
vt 0.2531738 0.6020508
vt 0.2420654 0.6279297
vt 0.262207 0.6079102
vt 0.236084 0.6191406
vt 0.01005554 0.6494141
vt 0.03518677 0.6533203
vt 0.008476257 0.6533203
vt 0.03359985 0.6494141
vt 0.03927612 0.6489258
vt 0.00819397 0.6474609
vt 0.004386902 0.6489258
vt 0.03546143 0.6474609
vt 0.03927612 0.6000977
vt 0.03546143 0.6015625
vt 0.03518677 0.5957031
vt 0.00819397 0.6015625
vt 0.004386902 0.6000977
vt 0.01005554 0.5996094
vt 0.008476257 0.5957031
vt 0.03359985 0.5996094
vt 0.03518677 0.6533203
vt 0.01005554 0.6494141
vt 0.008476257 0.6533203
vt 0.03359985 0.6494141
vt 0.03927612 0.6489258
vt 0.00819397 0.6474609
vt 0.004386902 0.6489258
vt 0.03546143 0.6474609
vt 0.03927612 0.6000977
vt 0.03546143 0.6015625
vt 0.03518677 0.5957031
vt 0.00819397 0.6015625
vt 0.004386902 0.6000977
vt 0.01005554 0.5996094
vt 0.008476257 0.5957031
vt 0.03359985 0.5996094
vn -0.4004779 0.06182858 0.9142181
vn -0.4004779 0.06182858 0.9142181
vn -0.4004779 0.06182858 0.9142181
vn -0.5130942 -0.0227526 0.8580307
vn -0.5130942 -0.0227526 0.8580307
vn -0.5130942 -0.0227526 0.8580307
vn -0.6647035 0.4038583 0.6285441
vn -0.6647035 0.4038583 0.628544
vn -0.6647036 0.4038583 0.6285441
vn -0.5424211 -0.6597793 0.5200679
vn -0.5424211 -0.6597793 0.5200679
vn -0.5424211 -0.6597793 0.5200679
vn -0.7367713 -0.03960385 0.6749811
vn -0.7367713 -0.03960385 0.6749811
vn -0.7367713 -0.03960385 0.6749811
vn -0.4521024 0.06112681 0.8898691
vn -0.4521024 0.06112681 0.8898691
vn -0.4521024 0.06112681 0.8898691
vn -0.4594422 -0.4456601 0.7683098
vn -0.4594421 -0.4456601 0.7683098
vn -0.4594422 -0.4456601 0.7683098
vn -0.3904624 0.6502995 0.6516516
vn -0.3904624 0.6502995 0.6516516
vn -0.3904624 0.6502995 0.6516516
vn -0.9973346 -0.03254375 0.06530366
vn -0.9973346 -0.03254375 0.06530367
vn -0.9973346 -0.03254375 0.06530366
vn -0.8202762 0.235755 0.5211205
vn -0.8202762 0.235755 0.5211204
vn -0.8202763 0.235755 0.5211204
vn -0.7597963 0.4284272 0.4890395
vn -0.7597963 0.4284273 0.4890395
vn -0.7597963 0.4284272 0.4890395
vn -0.9618526 0.2582684 -0.09020466
vn -0.9618526 0.2582684 -0.09020466
vn -0.9618526 0.2582684 -0.09020466
vn -0.9571619 0.2494266 0.1470631
vn -0.9571619 0.2494266 0.1470631
vn -0.9571619 0.2494266 0.1470631
vn -0.6651073 -0.6065772 0.4355415
vn -0.6651073 -0.6065773 0.4355415
vn -0.6651073 -0.6065772 0.4355415
vn -0.5295622 -0.6019812 0.5976474
vn -0.5295622 -0.6019812 0.5976474
vn -0.5295622 -0.6019813 0.5976474
vn -0.8226955 -0.00695968 0.5684397
vn -0.8226955 -0.00695968 0.5684397
vn -0.8226955 -0.00695968 0.5684397
vn -0.8226955 0.006959681 0.5684397
vn -0.8226955 0.006959681 0.5684397
vn -0.850943 -0.02977992 0.5244132
vn -0.850943 -0.02977991 0.5244132
vn -0.850943 -0.02977991 0.5244132
vn -0.5908261 -0.582061 0.5586855
vn -0.5908261 -0.582061 0.5586855
vn -0.590826 -0.5820611 0.5586855
vn -0.667991 -0.7441694 -1.176384E-06
vn -0.667991 -0.7441694 -1.176384E-06
vn -0.667991 -0.7441694 -1.176384E-06
vn 0.9988425 0.007267252 -0.0475485
vn 0.9988425 0.007267253 -0.0475485
vn 0.9988425 0.007267253 -0.0475485
vn 0 -1 0
vn 0 -1 0
vn 0 -1 0
vn 1 0 0
vn 1 0 0
vn 1 0 0
vn -0.9068481 0.3409495 -0.2477499
vn -0.9068481 0.3409495 -0.2477499
vn -0.9068481 0.3409495 -0.2477499
vn -0.9296597 0.3683699 0.006021598
vn -0.9296597 0.3683699 0.006021598
vn -0.9296597 0.3683699 0.006021598
vn -0.6733187 -0.7393523 7.136156E-05
vn -0.6733187 -0.7393523 7.136157E-05
vn -0.6733188 -0.7393523 7.136157E-05
vn -0.7007036 -0.6796843 -0.2168955
vn -0.7007036 -0.6796843 -0.2168955
vn -0.7007036 -0.6796843 -0.2168955
vn -0.1249988 -0.2099139 0.9696966
vn -0.1249988 -0.2099139 0.9696966
vn -0.1249988 -0.2099139 0.9696966
vn 0.004815936 -0.1620562 0.9867698
vn 0.004815936 -0.1620561 0.9867698
vn 0.004815936 -0.1620561 0.9867698
vn -0.7608129 -0.04094961 0.6476781
vn -0.7608129 -0.04094961 0.6476781
vn -0.7608129 -0.04094961 0.647678
vn -0.8196551 -0.07363184 0.5681054
vn -0.8196551 -0.07363184 0.5681054
vn -0.8196551 -0.07363184 0.5681054
vn -0.7104574 -0.4430724 0.5467514
vn -0.7104574 -0.4430725 0.5467515
vn -0.7104574 -0.4430725 0.5467515
vn -0.6112587 -0.5692439 0.5498402
vn -0.6112587 -0.5692439 0.5498402
vn -0.6112587 -0.5692438 0.5498402
vn -0.3225743 -0.1536115 0.9339964
vn -0.3225743 -0.1536115 0.9339964
vn -0.3225743 -0.1536115 0.9339964
vn -0.2719236 -0.138845 0.9522498
vn -0.2719236 -0.138845 0.9522499
vn -0.2719236 -0.138845 0.9522498
vn -0.5130955 0.02275411 0.8580299
vn -0.5130955 0.02275411 0.8580299
vn -0.5130955 0.02275411 0.8580299
vn -0.4004779 -0.06182823 0.9142181
vn -0.4004779 -0.06182824 0.9142181
vn -0.4004779 -0.06182823 0.9142181
vn -0.6647066 -0.4038514 0.6285452
vn -0.6647066 -0.4038514 0.6285452
vn -0.6647066 -0.4038514 0.6285452
vn -0.5424221 0.6597784 0.520068
vn -0.5424221 0.6597784 0.520068
vn -0.5424221 0.6597784 0.520068
vn -0.7367715 0.03960455 0.6749809
vn -0.7367715 0.03960456 0.6749808
vn -0.7367715 0.03960454 0.6749809
vn -0.4521019 -0.06112641 0.8898693
vn -0.4521019 -0.06112642 0.8898693
vn -0.4521019 -0.06112641 0.8898693
vn -0.3911001 0.5044291 0.7698001
vn -0.3628975 0.490682 0.7921721
vn -0.3628974 0.4906819 0.7921721
vn -0.4178993 0.4838473 0.7689292
vn -0.4178993 0.4838473 0.7689292
vn -0.4178993 0.4838473 0.7689292
vn -0.4594434 0.4456596 0.7683094
vn -0.4594434 0.4456595 0.7683095
vn -0.4594434 0.4456596 0.7683094
vn -0.3904629 -0.6502993 0.6516516
vn -0.3904629 -0.6502991 0.6516516
vn -0.3904628 -0.6502991 0.6516516
vn -0.9973349 0.03254478 0.06529829
vn -0.9973349 0.03254477 0.06529828
vn -0.9973349 0.03254478 0.06529829
vn -0.7597935 -0.4284316 0.4890401
vn -0.7597935 -0.4284316 0.4890401
vn -0.7597935 -0.4284316 0.4890401
vn -0.8202766 -0.2357491 0.5211226
vn -0.8202766 -0.2357491 0.5211226
vn -0.8202766 -0.2357491 0.5211226
vn -0.957164 -0.2494253 0.1470521
vn -0.957164 -0.2494253 0.1470521
vn -0.957164 -0.2494253 0.1470521
vn -0.9618535 -0.2582664 -0.0902025
vn -0.9618535 -0.2582664 -0.09020251
vn -0.9618535 -0.2582664 -0.0902025
vn -0.665107 0.6065767 0.4355426
vn -0.665107 0.6065767 0.4355426
vn -0.665107 0.6065767 0.4355427
vn -0.529561 0.6019814 0.5976483
vn -0.529561 0.6019813 0.5976483
vn -0.529561 0.6019813 0.5976483
vn -0.850943 0.02977991 0.5244132
vn -0.850943 0.02977991 0.5244132
vn -0.850943 0.02977991 0.5244132
vn -0.5908263 0.5820606 0.5586857
vn -0.5908263 0.5820606 0.5586858
vn -0.5908263 0.5820606 0.5586857
vn -0.6679922 0.7441683 1.44843E-06
vn -0.6679922 0.7441683 1.44843E-06
vn -0.6679922 0.7441683 1.44843E-06
vn 0.9988425 -0.007266194 -0.04754851
vn 0.9988425 -0.007266194 -0.04754851
vn 0.9988425 -0.007266194 -0.04754851
vn 0 1 0
vn 0 1 0
vn 0 1 0
vn 0.9999996 -0.0002021377 -0.0009122309
vn 0.9999996 -0.0002021377 -0.000912231
vn 0.9999996 -0.0002021377 -0.0009122309
vn 1 -1.953022E-07 0
vn 1 -1.953022E-07 0
vn 1 -1.953022E-07 0
vn 1 0 0
vn 1 0 0
vn 1 0 0
vn -1 2.604029E-07 0
vn -1 2.604029E-07 0
vn -1 2.604029E-07 0
vn -0.9068485 -0.3409597 -0.2477342
vn -0.9068485 -0.3409597 -0.2477342
vn -0.9068485 -0.3409597 -0.2477342
vn -0.9296564 -0.3683783 0.006021501
vn -0.9296564 -0.3683783 0.006021501
vn -0.9296564 -0.3683783 0.006021501
vn -0.5543699 0.01610347 0.8321145
vn -0.5543699 0.01610347 0.8321145
vn -0.5674902 -0.009743532 0.8233225
vn -0.5985361 0.01738642 0.8009072
vn -0.5674902 0.009743532 0.8233225
vn -0.6102466 -0.000753105 0.7922112
vn -0.6041824 0.01895681 0.7966205
vn -0.5985361 0.01738642 0.8009072
vn -0.5985361 0.01738642 0.8009072
vn -0.6102465 -0.0007531051 0.7922112
vn -0.6041825 -0.01895662 0.7966205
vn -0.6041825 -0.01895662 0.7966205
vn -0.6041825 -0.01895662 0.7966205
vn -0.598534 -0.01738562 0.8009088
vn -0.6075735 -7.419873E-06 0.7942634
vn -0.5674902 0.009743532 0.8233225
vn -0.5674902 0.009743532 0.8233225
vn -0.5543702 -0.01610279 0.8321143
vn -0.6075736 -7.419873E-06 0.7942634
vn -0.6298791 0.008580669 0.7766458
vn -0.6075736 -7.419873E-06 0.7942634
vn -0.6298791 -0.008580669 0.7766458
vn -0.6298791 -0.008580669 0.7766458
vn -0.7006984 0.6796767 -0.2169367
vn -0.7006984 0.6796766 -0.2169367
vn -0.7006984 0.6796767 -0.2169367
vn -0.673319 0.739352 2.957629E-05
vn -0.673319 0.739352 2.957629E-05
vn -0.673319 0.739352 2.957629E-05
vn 0.004815819 0.1620562 0.9867698
vn 0.004815819 0.1620562 0.9867698
vn 0.004815819 0.1620562 0.9867698
vn -0.124999 0.209914 0.9696965
vn -0.124999 0.209914 0.9696965
vn -0.124999 0.209914 0.9696965
vn -0.8196551 0.07363303 0.5681054
vn -0.8196551 0.07363303 0.5681054
vn -0.8196551 0.07363304 0.5681055
vn -0.760812 0.04095027 0.6476791
vn -0.760812 0.04095027 0.6476791
vn -0.760812 0.04095026 0.6476791
vn -0.6112592 0.569244 0.5498396
vn -0.6112591 0.569244 0.5498396
vn -0.6112592 0.569244 0.5498397
vn -0.7104581 0.4430719 0.546751
vn -0.7104581 0.4430718 0.546751
vn -0.7104581 0.4430719 0.546751
vn -0.2719235 0.1388451 0.9522499
vn -0.2719235 0.1388451 0.9522499
vn -0.2719235 0.1388451 0.9522499
vn -0.322574 0.1536116 0.9339966
vn -0.322574 0.1536116 0.9339966
vn -0.322574 0.1536116 0.9339966
vn -0.2341533 -0.8490395 0.4736076
vn -0.2341533 -0.8490395 0.4736076
vn -0.2341533 -0.8490395 0.4736076
vn -0.2341522 0.8490398 0.4736077
vn -0.2341522 0.8490398 0.4736077
vn -0.2341522 0.8490398 0.4736077
vn 0.06528214 0.9140026 -0.4004216
vn 0.06528214 0.9140026 -0.4004216
vn 0.06528213 0.9140026 -0.4004216
vn 0.3778628 0.9248731 -0.04277271
vn 0.3778627 0.9248731 -0.04277271
vn 0.3778627 0.9248731 -0.04277271
vn 0.3590312 0.8320619 0.4228114
vn 0.3590313 0.8320619 0.4228115
vn 0.3590313 0.8320619 0.4228115
vn 0.01982112 0.6899373 0.7235977
vn 0.01982112 0.6899374 0.7235977
vn 0.01982112 0.6899374 0.7235977
vn -0.4410696 0.5817525 0.6833898
vn -0.4410696 0.5817525 0.6833898
vn -0.4410696 0.5817525 0.6833898
vn -0.7536449 0.5708834 0.3257474
vn -0.7536449 0.5708834 0.3257474
vn -0.7536449 0.5708835 0.3257474
vn -0.7348149 0.6636953 -0.1398412
vn -0.7348149 0.6636953 -0.1398412
vn -0.7348149 0.6636953 -0.1398412
vn -0.3956006 0.8058201 -0.4406293
vn -0.3956006 0.80582 -0.4406293
vn -0.3956006 0.8058201 -0.4406293
vn 0.2570559 0.8887829 -0.3794566
vn 0.2570559 0.8887829 -0.3794566
vn 0.2570559 0.8887829 -0.3794566
vn 0.5344241 0.8452078 0.00382245
vn 0.534424 0.8452078 0.00382245
vn 0.5344241 0.8452078 0.00382245
vn 0.4593167 0.7570761 0.4646118
vn 0.4593167 0.7570761 0.4646117
vn 0.4593166 0.7570761 0.4646118
vn 0.07572972 0.6760137 0.7329873
vn 0.07572972 0.6760137 0.7329873
vn 0.07572971 0.6760137 0.7329873
vn -0.3916354 0.649507 0.6517379
vn -0.3916354 0.649507 0.6517379
vn -0.3916354 0.649507 0.6517379
vn -0.6690055 0.6930822 0.2684563
vn -0.6690056 0.6930822 0.2684563
vn -0.6690056 0.6930822 0.2684563
vn -0.5939004 0.7812123 -0.1923273
vn -0.5939004 0.7812123 -0.1923273
vn -0.5939004 0.7812123 -0.1923273
vn -0.21031 0.8622758 -0.4607062
vn -0.21031 0.8622758 -0.4607062
vn -0.21031 0.8622758 -0.4607062
vn 0.2570536 0.888782 -0.3794602
vn 0.2570536 0.888782 -0.3794602
vn 0.2570536 0.888782 -0.3794602
vn 0.5344251 0.8452072 0.003824319
vn 0.534425 0.8452072 0.003824319
vn 0.5344251 0.8452072 0.003824319
vn 0.4593175 0.7570766 0.4646099
vn 0.4593175 0.7570766 0.4646099
vn 0.4593175 0.7570766 0.4646099
vn 0.07572919 0.6760153 0.7329859
vn 0.07572919 0.6760153 0.732986
vn 0.07572919 0.6760153 0.732986
vn -0.3916433 0.6495064 0.6517338
vn -0.3916433 0.6495064 0.6517339
vn -0.3916433 0.6495064 0.6517338
vn -0.6690059 0.6930802 0.2684601
vn -0.6690059 0.6930802 0.2684601
vn -0.669006 0.6930802 0.2684602
vn -0.5939 0.7812118 -0.1923301
vn -0.5939001 0.7812118 -0.1923301
vn -0.5939 0.7812118 -0.1923301
vn -0.2103104 0.8622741 -0.4607093
vn -0.2103104 0.8622741 -0.4607093
vn -0.2103104 0.8622741 -0.4607093
vn 0.2100854 0.9148113 -0.3449412
vn 0.2100854 0.9148113 -0.3449412
vn 0.2100854 0.9148113 -0.3449412
vn 0.4838424 0.8741826 0.04124878
vn 0.4838423 0.8741826 0.04124877
vn 0.4838423 0.8741826 0.04124878
vn 0.4072341 0.765942 0.4974869
vn 0.4072341 0.765942 0.4974869
vn 0.4072341 0.765942 0.4974869
vn 0.02514003 0.6534975 0.7565112
vn 0.02514003 0.6534975 0.7565112
vn 0.02514003 0.6534973 0.7565112
vn -0.438622 0.6027154 0.666592
vn -0.438622 0.6027154 0.666592
vn -0.4386219 0.6027154 0.6665919
vn -0.7123757 0.6433454 0.2804059
vn -0.7123758 0.6433454 0.2804059
vn -0.7123757 0.6433454 0.2804058
vn -0.635768 0.7515855 -0.1758359
vn -0.6357679 0.7515855 -0.1758359
vn -0.635768 0.7515855 -0.1758359
vn -0.253673 0.8640292 -0.4348604
vn -0.253673 0.8640292 -0.4348603
vn -0.253673 0.8640292 -0.4348603
vn -0.09896643 -0.00439417 0.9950811
vn -0.09896643 -0.00439417 0.9950811
vn -0.09896643 -0.00439417 0.9950811
vn -0.1645849 3.374216E-07 0.9863629
vn -0.1645849 3.374216E-07 0.9863629
vn -0.1645849 3.374216E-07 0.9863629
vn -0.08180374 -0.09141835 -0.9924469
vn -0.08180374 -0.09141835 -0.9924469
vn -0.08180374 -0.09141836 -0.9924469
vn -0.01976066 0 -0.9998048
vn -0.01976066 0 -0.9998048
vn -0.01976066 0 -0.9998048
vn -0.9609369 0.2557002 0.1059144
vn -0.9609369 0.2557002 0.1059144
vn -0.9609369 0.2557002 0.1059144
vn -0.9609369 0.1059146 0.2557
vn -0.9609369 0.1059146 0.2557
vn -0.9609369 0.1059146 0.2557
vn -0.9609369 -0.1059148 0.2557
vn -0.9609369 -0.1059148 0.2557
vn -0.9609369 -0.1059148 0.2557
vn -0.9609368 -0.2557001 0.1059148
vn -0.9609368 -0.2557001 0.1059148
vn -0.9609368 -0.2557002 0.1059148
vn -0.9609368 -0.2557001 -0.1059148
vn -0.9609368 -0.2557001 -0.1059148
vn -0.9609368 -0.2557002 -0.1059148
vn -0.9609369 -0.1059147 -0.2557
vn -0.9609368 -0.1059147 -0.2557001
vn -0.9609368 -0.1059147 -0.2557001
vn -0.9609368 0.1059146 -0.2557002
vn -0.9609368 0.1059146 -0.2557002
vn -0.9609368 0.1059146 -0.2557002
vn -0.9609368 0.2557001 -0.1059148
vn -0.9609368 0.2557001 -0.1059148
vn -0.9609368 0.2557002 -0.1059148
vn -0.9631079 0.2691155 0
vn -0.9631079 0.2691154 0
vn -0.9631079 0.2691154 0
vn -0.02671244 -0.02892817 0.9992245
vn -0.02671244 -0.02892817 0.9992245
vn -0.02671244 -0.02892817 0.9992245
vn -0.09440018 -0.06323916 0.9935237
vn -0.09440019 -0.06323916 0.9935237
vn -0.09440018 -0.06323916 0.9935237
vn -0.1319724 -0.005648667 -0.9912373
vn -0.1319724 -0.005648667 -0.9912373
vn -0.1319724 -0.005648667 -0.9912373
vn -0.08194391 1.694479E-07 -0.9966369
vn -0.08194391 1.694479E-07 -0.9966369
vn -0.08194391 1.694479E-07 -0.9966369
vn -0.9882174 2.025982E-06 -0.153057
vn -0.9882174 2.025982E-06 -0.153057
vn -0.9882174 2.025982E-06 -0.153057
vn -0.6176422 -0.5471267 0.5649518
vn -0.6176422 -0.5471268 0.5649518
vn -0.6176422 -0.5471268 0.5649518
vn -0.9926838 0.0839987 -0.08673532
vn -0.9926838 0.0839987 -0.08673531
vn -0.9926838 0.08399869 -0.08673531
vn -0.9974994 0.02704635 -0.06529542
vn -0.9974994 0.02704635 -0.06529542
vn -0.9974994 0.02704635 -0.06529542
vn -0.9969736 0.07182292 -0.02975027
vn -0.9969736 0.07182292 -0.02975028
vn -0.9969736 0.07182291 -0.02975027
vn -0.1645848 1.687107E-07 0.9863629
vn -0.1645848 1.687107E-07 0.9863629
vn -0.1645848 1.687107E-07 0.9863629
vn -0.09896762 0.004394427 0.9950809
vn -0.09896761 0.004394427 0.9950809
vn -0.09896762 0.004394427 0.9950809
vn -0.0197607 0 -0.9998048
vn -0.0197607 0 -0.9998048
vn -0.0197607 0 -0.9998048
vn -0.08181135 0.09142654 -0.9924455
vn -0.08181136 0.09142654 -0.9924455
vn -0.08181136 0.09142654 -0.9924455
vn -0.9609361 -0.2557023 0.1059154
vn -0.9609361 -0.2557022 0.1059154
vn -0.9609361 -0.2557022 0.1059154
vn -0.9609361 -0.1059156 0.2557021
vn -0.9609361 -0.1059156 0.2557021
vn -0.9609362 -0.1059156 0.2557021
vn -0.9609362 0.1059155 0.2557021
vn -0.9609362 0.1059155 0.2557021
vn -0.9609362 0.1059155 0.2557021
vn -0.9609362 0.2557018 0.1059157
vn -0.9609362 0.2557018 0.1059157
vn -0.9609362 0.2557018 0.1059157
vn -0.9609362 0.2557018 -0.1059157
vn -0.9609362 0.2557018 -0.1059157
vn -0.9609362 0.2557018 -0.1059157
vn -0.9609361 0.1059155 -0.2557021
vn -0.9609362 0.1059156 -0.2557021
vn -0.9609361 0.1059156 -0.2557021
vn -0.9609361 -0.1059154 -0.2557024
vn -0.9609361 -0.1059153 -0.2557024
vn -0.9609361 -0.1059153 -0.2557024
vn -0.9609361 -0.2557022 -0.1059157
vn -0.9609361 -0.2557022 -0.1059157
vn -0.9609361 -0.2557023 -0.1059157
vn -0.96312 -0.2690722 0
vn -0.96312 -0.2690722 0
vn -0.96312 -0.2690722 0
vn -0.09440541 0.06324273 0.993523
vn -0.09440539 0.06324273 0.993523
vn -0.09440539 0.06324273 0.993523
vn -0.02671339 0.02892919 0.9992244
vn -0.02671339 0.02892919 0.9992244
vn -0.02671339 0.02892919 0.9992244
vn -0.08194467 0 -0.9966369
vn -0.08194467 0 -0.9966369
vn -0.08194467 0 -0.9966369
vn -0.1319731 0.005648978 -0.9912372
vn -0.1319731 0.005648978 -0.9912372
vn -0.1319731 0.005648978 -0.9912372
vn -0.9882197 1.012993E-06 -0.1530417
vn -0.9882197 1.012993E-06 -0.1530417
vn -0.9882197 1.012993E-06 -0.1530418
vn -0.6176474 0.5471236 0.564949
vn -0.6176474 0.5471236 0.564949
vn -0.6176473 0.5471236 0.564949
vn -0.9926863 -0.08398485 -0.08672109
vn -0.9926863 -0.08398486 -0.0867211
vn -0.9926863 -0.08398484 -0.08672109
vn -0.9975002 -0.02704182 -0.06528457
vn -0.9975002 -0.02704182 -0.06528457
vn -0.9975002 -0.02704182 -0.06528457
vn -0.9969746 -0.07181095 -0.02974527
vn -0.9969746 -0.07181095 -0.02974526
vn -0.9969746 -0.07181095 -0.02974526
vn -0.7451503 -0.4736303 0.4694949
vn -0.7451503 -0.4736303 0.4694949
vn -0.7451503 -0.4736303 0.4694948
vn -0.7451273 -0.4736129 0.4695488
vn -0.7451273 -0.473613 0.4695488
vn -0.7451273 -0.4736129 0.4695488
vn 0.2109148 0.5628526 0.7991945
vn 0.2109148 0.5628526 0.7991945
vn 0.2109148 0.5628526 0.7991945
vn 0.1560741 0.4656667 0.8710886
vn 0.1560741 0.4656667 0.8710886
vn 0.1560741 0.4656667 0.8710886
vn -0.6124109 -0.6195095 0.4910813
vn -0.6124109 -0.6195095 0.4910813
vn -0.6124109 -0.6195096 0.4910813
vn -0.6132094 -0.5854711 0.5302809
vn -0.6132093 -0.5854711 0.530281
vn -0.6132093 -0.5854711 0.530281
vn -0.2378626 -0.551832 -0.799314
vn -0.2378626 -0.551832 -0.799314
vn -0.2378626 -0.551832 -0.799314
vn -0.1399548 -0.4974842 -0.8561087
vn -0.1399548 -0.4974842 -0.8561087
vn -0.1399548 -0.4974842 -0.8561087
vn 0.6227381 0.6141136 -0.4848318
vn 0.6227382 0.6141136 -0.4848318
vn 0.6227382 0.6141136 -0.4848317
vn 0.5990557 0.5927423 -0.5383204
vn 0.5990558 0.5927423 -0.5383203
vn 0.5990557 0.5927423 -0.5383204
vn -0.01600845 0.7509739 0.6601379
vn -0.01600845 0.7509739 0.6601379
vn -0.01600845 0.7509739 0.6601379
vn -0.09332933 0.7165741 0.6912388
vn -0.09332933 0.7165741 0.6912388
vn -0.09332934 0.7165742 0.6912388
vn -0.9400718 -0.273452 0.2036882
vn -0.9400718 -0.273452 0.2036882
vn -0.9400718 -0.273452 0.2036882
vn -0.9467757 -0.2172389 0.2375354
vn -0.9467757 -0.2172389 0.2375355
vn -0.9467757 -0.2172389 0.2375355
vn 0.004571874 -0.7355338 -0.6774727
vn 0.004571874 -0.7355338 -0.6774727
vn 0.004571874 -0.7355338 -0.6774727
vn 0.09318829 -0.7241405 -0.6833276
vn 0.09318829 -0.7241406 -0.6833274
vn 0.09318829 -0.7241406 -0.6833275
vn 0.9353697 0.2824793 -0.2128121
vn 0.9353697 0.2824793 -0.2128121
vn 0.9353697 0.2824793 -0.2128121
vn 0.9313066 0.2345893 -0.2786323
vn 0.9313066 0.2345893 -0.2786322
vn 0.9313066 0.2345894 -0.2786323
vn -0.7451337 0.4736142 0.4695374
vn -0.7451336 0.4736142 0.4695373
vn -0.7451336 0.4736142 0.4695373
vn -0.7451404 0.4736212 0.4695196
vn -0.7451404 0.4736212 0.4695196
vn -0.7451403 0.4736212 0.4695197
vn 0.1560767 -0.465668 0.8710875
vn 0.1560767 -0.4656679 0.8710875
vn 0.1560767 -0.4656679 0.8710875
vn 0.2109184 -0.5628549 0.799192
vn 0.2109183 -0.5628548 0.799192
vn 0.2109183 -0.5628548 0.799192
vn -0.6132102 0.5854698 0.5302812
vn -0.6132103 0.5854699 0.5302812
vn -0.6132102 0.5854699 0.5302813
vn -0.6124118 0.6195072 0.4910831
vn -0.6124118 0.6195072 0.4910832
vn -0.6124118 0.6195072 0.4910831
vn -0.1399516 0.4974807 -0.8561113
vn -0.1399516 0.4974807 -0.8561113
vn -0.1399517 0.4974808 -0.8561113
vn -0.237859 0.5518284 -0.7993174
vn -0.237859 0.5518284 -0.7993174
vn -0.237859 0.5518285 -0.7993174
vn 0.5990527 -0.5927421 -0.5383239
vn 0.5990527 -0.5927421 -0.5383239
vn 0.5990527 -0.5927421 -0.5383239
vn 0.6227415 -0.6141191 -0.4848205
vn 0.6227415 -0.6141191 -0.4848204
vn 0.6227415 -0.6141191 -0.4848204
vn -0.09333203 -0.7165727 0.6912399
vn -0.09333204 -0.7165728 0.6912399
vn -0.09333203 -0.7165728 0.6912399
vn -0.01600406 -0.7509754 0.6601362
vn -0.01600406 -0.7509754 0.6601362
vn -0.01600406 -0.7509754 0.6601362
vn -0.946776 0.2172323 0.2375398
vn -0.946776 0.2172323 0.2375398
vn -0.946776 0.2172323 0.2375397
vn -0.9400709 0.2734572 0.2036855
vn -0.9400709 0.2734573 0.2036855
vn -0.9400709 0.2734572 0.2036855
vn 0.09318659 0.7241407 -0.6833276
vn 0.09318659 0.7241407 -0.6833276
vn 0.09318659 0.7241406 -0.6833276
vn 0.004578415 0.7355331 -0.6774734
vn 0.004578416 0.7355331 -0.6774734
vn 0.004578416 0.7355331 -0.6774732
vn 0.9313066 -0.2345876 -0.2786337
vn 0.9313066 -0.2345876 -0.2786337
vn 0.9313066 -0.2345876 -0.2786338
vn 0.9353699 -0.2824784 -0.2128125
vn 0.9353699 -0.2824784 -0.2128126
vn 0.9353699 -0.2824784 -0.2128125
vn -0.5064569 -0.8357429 0.2122153
vn -0.5064569 -0.8357428 0.2122153
vn -0.5064569 -0.8357429 0.2122153
vn -0.5455835 -0.7981768 0.2554453
vn -0.5455835 -0.7981768 0.2554453
vn -0.5455835 -0.7981768 0.2554453
vn -0.4963202 0.05238678 -0.8665575
vn -0.4963202 0.05238677 -0.8665575
vn -0.4963202 0.05238677 -0.8665575
vn -0.4336577 0.06868797 -0.8984559
vn -0.4336577 0.06868797 -0.8984559
vn -0.4336576 0.06868797 -0.8984559
vn 0.4067776 0.3540954 0.8421096
vn 0.4067777 0.3540954 0.8421096
vn 0.4067777 0.3540954 0.8421095
vn 0.3581551 0.3509448 0.8651952
vn 0.3581551 0.3509448 0.8651952
vn 0.3581551 0.3509447 0.8651952
vn -0.4076497 -0.3517404 -0.8426746
vn -0.4076497 -0.3517404 -0.8426746
vn -0.4076497 -0.3517404 -0.8426746
vn -0.3575804 -0.3549387 -0.8638025
vn -0.3575804 -0.3549387 -0.8638025
vn -0.3575804 -0.3549387 -0.8638025
vn -0.8500432 0.01477413 0.5265058
vn -0.8500432 0.01477413 0.5265058
vn -0.8500432 0.01477413 0.5265058
vn -0.8994592 -0.02043783 0.4365267
vn -0.8994592 -0.02043783 0.4365266
vn -0.8994592 -0.02043783 0.4365267
vn 0.3653269 -0.4549406 0.8121363
vn 0.3653269 -0.4549406 0.8121363
vn 0.3653269 -0.4549406 0.8121363
vn 0.4387791 -0.4475428 0.7792165
vn 0.438779 -0.4475427 0.7792165
vn 0.4387791 -0.4475428 0.7792165
vn -0.3648386 0.44723 -0.816626
vn -0.3648386 0.44723 -0.816626
vn -0.3648386 0.44723 -0.816626
vn -0.4399408 0.4393936 -0.7831892
vn -0.4399408 0.4393937 -0.7831892
vn -0.4399408 0.4393936 -0.7831892
vn 0.4191652 0.3192022 0.8499473
vn 0.4191652 0.3192022 0.8499475
vn 0.4191652 0.3192022 0.8499473
vn 0.3661661 0.3203718 0.8736615
vn 0.3661661 0.3203718 0.8736615
vn 0.3661661 0.3203718 0.8736615
vn -0.4207305 -0.3146637 -0.8508657
vn -0.4207305 -0.3146637 -0.8508657
vn -0.4207304 -0.3146636 -0.8508657
vn -0.3659971 -0.3230815 -0.8727339
vn -0.3659971 -0.3230815 -0.872734
vn -0.3659971 -0.3230815 -0.8727339
vn -0.8500431 0.01477282 0.5265058
vn -0.8500431 0.01477282 0.5265058
vn -0.8500431 0.01477282 0.5265058
vn -0.7791376 0.05387639 0.6245333
vn -0.7791376 0.05387639 0.6245333
vn -0.7791376 0.05387639 0.6245334
vn -0.8994602 -0.02043818 0.4365244
vn -0.8994602 -0.02043818 0.4365244
vn -0.8994602 -0.02043818 0.4365244
vn 0.3653231 -0.4549397 0.8121384
vn 0.3653231 -0.4549398 0.8121384
vn 0.3653231 -0.4549397 0.8121384
vn 0.4387709 -0.4475424 0.7792213
vn 0.4387709 -0.4475424 0.7792212
vn 0.4387709 -0.4475424 0.7792212
vn -0.3648375 0.44723 -0.8166266
vn -0.3648374 0.4472299 -0.8166266
vn -0.3648375 0.44723 -0.8166266
vn -0.4399378 0.4393939 -0.7831907
vn -0.4399378 0.4393939 -0.7831907
vn -0.4399377 0.4393939 -0.7831907
vn -0.8481624 -0.0400224 0.5282224
vn -0.8481624 -0.0400224 0.5282224
vn -0.8481624 -0.0400224 0.5282224
vn -0.8481624 -0.04002248 0.5282224
vn -0.8481624 -0.04002248 0.5282224
vn -0.8481622 -0.04002248 0.5282224
vn 0.05086893 0.6437562 0.763538
vn 0.05086893 0.6437562 0.763538
vn 0.05086893 0.6437562 0.763538
vn 0.001670572 0.6494591 0.7603946
vn 0.001670572 0.6494591 0.7603946
vn 0.001670572 0.6494591 0.7603946
vn 0.004682136 0.6445841 0.764519
vn 0.004682138 0.6445843 0.764519
vn 0.004682137 0.6445842 0.764519
vn -0.04511575 0.6488219 0.7596016
vn -0.04511575 0.6488219 0.7596016
vn -0.04511576 0.6488219 0.7596016
vn -4.319737E-06 -0.9919471 -0.1266522
vn -4.319737E-06 -0.9919471 -0.1266522
vn -4.319737E-06 -0.9919471 -0.1266522
vn 0.04846294 -0.9919472 -0.1170132
vn 0.04846294 -0.9919472 -0.1170132
vn 0.04846294 -0.9919472 -0.1170132
vn 0.08955349 -0.9919472 -0.08955945
vn 0.08955349 -0.9919472 -0.08955945
vn 0.0895535 -0.9919472 -0.08955946
vn 0.1170094 -0.9919472 -0.04847178
vn 0.1170094 -0.9919472 -0.04847177
vn 0.1170094 -0.9919472 -0.04847178
vn 0.126652 -0.9919472 -4.130543E-06
vn 0.126652 -0.9919472 -4.130543E-06
vn 0.126652 -0.9919472 -4.130543E-06
vn 0.1170127 -0.9919472 0.04846382
vn 0.1170128 -0.9919472 0.04846382
vn 0.1170128 -0.9919472 0.04846382
vn 0.08955953 -0.9919472 0.08955342
vn 0.08955953 -0.9919472 0.08955342
vn 0.08955953 -0.9919472 0.08955342
vn 0.048471 -0.9919472 0.1170099
vn 0.04847099 -0.9919472 0.1170098
vn 0.048471 -0.9919472 0.1170099
vn 4.162067E-06 -0.9919472 0.1266522
vn 4.162067E-06 -0.9919472 0.1266522
vn 4.162068E-06 -0.9919472 0.1266522
vn -0.04846368 -0.9919472 0.1170129
vn -0.04846369 -0.9919472 0.1170129
vn -0.04846369 -0.9919472 0.1170129
vn -0.08955405 -0.9919472 0.08955918
vn -0.08955405 -0.9919472 0.08955918
vn -0.08955404 -0.9919472 0.08955919
vn -0.1170095 -0.9919472 0.04847218
vn -0.1170095 -0.9919472 0.04847218
vn -0.1170095 -0.9919472 0.04847218
vn -0.1266523 -0.9919471 3.342275E-06
vn -0.1266522 -0.9919471 3.342275E-06
vn -0.1266523 -0.9919471 3.342275E-06
vn -0.1170133 -0.9919471 -0.0484635
vn -0.1170133 -0.9919471 -0.0484635
vn -0.1170133 -0.9919471 -0.0484635
vn -0.08955973 -0.9919471 -0.08955368
vn -0.08955973 -0.9919471 -0.08955368
vn -0.08955973 -0.9919471 -0.08955368
vn -0.04847171 -0.9919471 -0.1170098
vn -0.04847171 -0.9919471 -0.1170098
vn -0.04847171 -0.9919471 -0.1170098
vn -4.319716E-06 -0.991947 -0.1266531
vn -4.319716E-06 -0.991947 -0.1266531
vn -4.319716E-06 -0.991947 -0.1266531
vn 0.0484643 -0.991947 -0.1170138
vn 0.04846431 -0.991947 -0.1170138
vn 0.0484643 -0.991947 -0.1170138
vn 0.08955402 -0.991947 -0.08956058
vn 0.08955401 -0.991947 -0.08956058
vn 0.08955402 -0.991947 -0.08956058
vn 0.1170104 -0.9919471 -0.04847215
vn 0.1170104 -0.9919471 -0.04847215
vn 0.1170104 -0.9919471 -0.04847216
vn 0.1266531 -0.9919471 -3.783701E-06
vn 0.1266531 -0.9919471 -3.783701E-06
vn 0.1266531 -0.9919471 -3.783701E-06
vn 0.117014 -0.9919471 0.04846377
vn 0.117014 -0.9919471 0.04846377
vn 0.117014 -0.9919471 0.04846377
vn 0.0895602 -0.9919471 0.08955427
vn 0.0895602 -0.9919471 0.08955427
vn 0.0895602 -0.9919471 0.08955428
vn 0.0484721 -0.9919471 0.1170105
vn 0.0484721 -0.9919471 0.1170105
vn 0.04847211 -0.9919471 0.1170105
vn 4.130517E-06 -0.9919471 0.1266531
vn 4.130517E-06 -0.9919471 0.1266531
vn 4.130517E-06 -0.9919471 0.1266531
vn -0.04846432 -0.9919471 0.1170137
vn -0.04846432 -0.9919471 0.1170137
vn -0.04846432 -0.9919471 0.1170137
vn -0.08955444 -0.991947 0.08956016
vn -0.08955444 -0.991947 0.08956016
vn -0.08955444 -0.991947 0.08956016
vn -0.1170107 -0.991947 0.04847208
vn -0.1170107 -0.991947 0.04847208
vn -0.1170107 -0.991947 0.04847208
vn -0.1266533 -0.991947 3.941365E-06
vn -0.1266533 -0.991947 3.941365E-06
vn -0.1266533 -0.991947 3.941365E-06
vn -0.1170141 -0.991947 -0.04846387
vn -0.1170141 -0.991947 -0.04846387
vn -0.1170141 -0.991947 -0.04846387
vn -0.08956035 -0.991947 -0.0895543
vn -0.08956035 -0.991947 -0.08955429
vn -0.08956034 -0.991947 -0.0895543
vn -0.04847213 -0.991947 -0.1170106
vn -0.04847213 -0.991947 -0.1170106
vn -0.04847213 -0.991947 -0.1170106
vn -4.301563E-06 0.9919471 -0.1266529
vn -4.301563E-06 0.9919471 -0.1266528
vn -4.301563E-06 0.9919471 -0.1266528
vn 0.04846628 0.991947 -0.1170131
vn 0.04846628 0.991947 -0.1170132
vn 0.04846627 0.991947 -0.1170131
vn 0.08955491 0.991947 -0.08956067
vn 0.0895549 0.991947 -0.08956067
vn 0.08955491 0.991947 -0.08956066
vn 0.1170112 0.991947 -0.04847249
vn 0.1170112 0.991947 -0.04847249
vn 0.1170112 0.991947 -0.04847249
vn 0.1266539 0.991947 -4.153269E-06
vn 0.1266538 0.991947 -4.15327E-06
vn 0.1266539 0.991947 -4.153269E-06
vn 0.1170145 0.991947 0.04846437
vn 0.1170145 0.991947 0.04846437
vn 0.1170145 0.991947 0.04846437
vn 0.08956075 0.991947 0.08955481
vn 0.08956075 0.991947 0.0895548
vn 0.08956075 0.991947 0.08955481
vn 0.04847438 0.991947 0.1170098
vn 0.04847438 0.991947 0.1170098
vn 0.04847438 0.991947 0.1170098
vn 4.153231E-06 0.9919471 0.1266528
vn 4.153231E-06 0.9919471 0.1266527
vn 4.153231E-06 0.9919471 0.1266528
vn -0.04846416 0.9919471 0.1170135
vn -0.04846416 0.9919471 0.1170135
vn -0.04846416 0.9919471 0.1170134
vn -0.08955411 0.9919471 0.08956004
vn -0.0895541 0.9919471 0.08956003
vn -0.08955411 0.9919471 0.08956003
vn -0.1170104 0.9919471 0.04847177
vn -0.1170104 0.9919471 0.04847177
vn -0.1170104 0.9919471 0.04847177
vn -0.126653 0.9919471 4.153245E-06
vn -0.1266529 0.9919471 4.153244E-06
vn -0.126653 0.9919471 4.153245E-06
vn -0.1170137 0.9919471 -0.04846428
vn -0.1170137 0.9919471 -0.04846428
vn -0.1170137 0.9919471 -0.04846427
vn -0.08956049 0.9919471 -0.08955383
vn -0.08956049 0.9919471 -0.08955383
vn -0.08956049 0.9919471 -0.08955383
vn -0.04847201 0.9919471 -0.1170103
vn -0.04847201 0.9919471 -0.1170103
vn -0.048472 0.9919471 -0.1170103
vn -4.301569E-06 0.9919471 -0.1266528
vn -4.30157E-06 0.9919471 -0.1266528
vn -4.301569E-06 0.9919471 -0.1266529
vn 0.04846396 0.9919471 -0.1170136
vn 0.04846396 0.9919471 -0.1170136
vn 0.04846396 0.9919471 -0.1170136
vn 0.08955379 0.9919471 -0.08956033
vn 0.0895538 0.9919471 -0.08956034
vn 0.0895538 0.9919471 -0.08956033
vn 0.1170102 0.9919471 -0.04847188
vn 0.1170102 0.9919471 -0.04847188
vn 0.1170102 0.9919471 -0.04847188
vn 0.1266529 0.9919471 -3.362144E-06
vn 0.1266529 0.9919471 -3.362144E-06
vn 0.1266529 0.9919471 -3.362144E-06
vn 0.1170139 0.9919471 0.0484635
vn 0.1170139 0.9919471 0.04846351
vn 0.1170139 0.9919471 0.04846351
vn 0.08956018 0.9919471 0.08955385
vn 0.08956019 0.9919471 0.08955385
vn 0.08956018 0.9919471 0.08955386
vn 0.04847176 0.9919471 0.1170103
vn 0.04847176 0.9919471 0.1170103
vn 0.04847176 0.9919471 0.1170103
vn 4.153231E-06 0.9919471 0.1266528
vn 4.153231E-06 0.9919471 0.1266527
vn 4.153231E-06 0.9919471 0.1266528
vn -0.04846407 0.9919471 0.1170135
vn -0.04846407 0.9919471 0.1170135
vn -0.04846407 0.9919471 0.1170135
vn -0.08955431 0.9919471 0.08955984
vn -0.08955431 0.9919471 0.08955985
vn -0.08955431 0.9919471 0.08955984
vn -0.1170104 0.9919471 0.04847195
vn -0.1170104 0.9919471 0.04847195
vn -0.1170104 0.9919471 0.04847195
vn -0.126653 0.9919471 3.955472E-06
vn -0.126653 0.9919471 3.955472E-06
vn -0.126653 0.9919471 3.955472E-06
vn -0.1170138 0.9919471 -0.04846394
vn -0.1170138 0.9919471 -0.04846394
vn -0.1170138 0.9919471 -0.04846393
vn -0.08956027 0.9919471 -0.08955402
vn -0.08956028 0.9919471 -0.08955403
vn -0.08956029 0.9919471 -0.08955403
vn -0.04847202 0.9919471 -0.1170103
vn -0.04847201 0.9919471 -0.1170103
vn -0.04847202 0.9919471 -0.1170103
vn -0.6781781 -0.1069606 0.7270721
vn -0.6781781 -0.1069606 0.7270721
vn -0.6781781 -0.1069607 0.7270721
vn -0.6469252 -0.09649992 0.7564229
vn -0.3911006 -0.5044289 0.7697998
vn -0.3911006 -0.5044289 0.7697998
vn -0.4178992 -0.4838476 0.768929
vn -0.3911006 -0.5044289 0.7697998
vn -0.3628981 -0.4906819 0.792172
vn 1 0.0003931436 0
vn 1 0.0003931436 0
vn 1 0.0003931436 0
vn 1 0.0003931436 0
vn 1 0.0003931436 0
vn 1 0.0003931436 0
vn 1 0.0001957298 4.056526E-05
vn 0.9998103 -0.01947998 5.05392E-05
vn 0.9999011 -4.614547E-06 0.01407108
vn 1 -4.31132E-06 -2.439584E-05
vn 1 0 0
vn 1 0 0
vn 1 0 0
vn 1 2.964033E-06 -1.677214E-05
vn 1 2.964033E-06 -1.677214E-05
vn 1 -0.0003966771 0
vn 1 -0.0001992723 4.056346E-05
vn 0.9999011 4.614548E-06 0.01407184
vn 0.9999011 4.614549E-06 0.01407184
vn 1 -0.0001992723 4.056346E-05
vn 1 -0.0001992723 4.056346E-05
vn 1 -0.0003966771 0
vn 1 -0.0003966771 0
vn 1 -0.0003966771 0
vn 0.9999999 0 0.0005251918
vn 0.9999999 0 0.0005173402
vn 0.9999999 0 0.0005251918
vn 0.9999999 0 0.0005251919
vn -0.8551109 -0.030697 0.5175356
vn -0.8551109 -0.030697 0.5175356
vn -0.8551109 -0.03069699 0.5175356
vn -0.8558507 -0.004600737 0.5172025
vn -0.8551109 0.03069781 0.5175356
vn -0.8551109 0.03069781 0.5175355
vn -0.8551109 0.03069782 0.5175356
vn -0.9990138 -0.04430017 0.002976851
vn -0.9990138 -0.04430017 0.002976851
vn -0.9990138 -0.04430017 0.002976851
vn -0.9990011 -0.0446852 -2.624553E-05
vn -0.7159836 -0.6981171 0
vn -0.7159835 -0.6981171 0
vn -0.7159836 -0.6981171 0
vn -0.7159836 -0.6981171 0
vn 0 0 1
vn 0 0 1
vn -0.000820643 -0.004550534 0.9999894
vn 0 0 1
vn 0 0 1
vn 0 0 1
vn -3.704588E-06 -4.939588E-07 1
vn -3.704588E-06 -4.939588E-07 1
vn -3.630681E-06 0 1
vn -3.630682E-06 0 1
vn 0 0 1
vn -3.704587E-06 4.939656E-07 1
vn 0 0 1
vn 0 0 1
vn 0 0 1
vn 0 0 1
vn -0.0008206386 0.004550537 0.9999894
vn -0.0008206386 0.004550537 0.9999894
vn -0.007107252 -0.9999747 0
vn -0.007107253 -0.9999747 0
vn -0.007107253 -0.9999747 0
vn -0.00733587 -0.9999731 0.0003869309
vn 0.0008945619 -0.9999996 0
vn 0.000894562 -0.9999996 0
vn 0.000894562 -0.9999996 0
vn 0.0008945619 -0.9999996 0
vn 0 -1 0
vn 0 -1 0
vn 0 -1 0
vn 0 -1 0
vn 0 -1 0
vn 0 -1 0
vn 0 -1 0
vn 0.0008926627 -0.9999996 0
vn 0.0008926626 -0.9999996 0
vn 0.0008926626 -0.9999996 0
vn 0.0008926627 -0.9999996 0
vn 0.0008926627 -0.9999996 0
vn 0.0008926627 -0.9999996 0
vn 0 -1 0
vn 0 -1 0
vn 0 -1 0
vn 0 -1 0
vn 0 -1 0
vn 0 -1 0
vn 0 -1 0
vn 0 -1 0
vn 0 -1 0
vn 0 -1 0
vn 0 -1 -1.536649E-07
vn 0 -1 0
vn 0 -1 0
vn 0 -1 0
vn 0 -1 0
vn 0 -1 0
vn 0 -1 0
vn -1.907839E-07 -1 1.675957E-07
vn -1.907839E-07 -1 0
vn 0 -1 0
vn 0 -1 0
vn -1.90857E-07 -1 0
vn 0 -1 0
vn 0 -1 0
vn 0 -1 0
vn 0 -1 0
vn 0 -1 0
vn 0 -1 0
vn 0 -1 0
vn 1 0 0
vn 1 0 0
vn 1 0 0
vn 1 0 0
vn 4.368351E-05 0 1
vn 4.368351E-05 0 1
vn 4.368351E-05 0 1
vn 4.368351E-05 0 1
vn 3.636348E-06 0 1
vn 3.636348E-06 0 1
vn -3.856081E-05 0 1
vn -3.856081E-05 0 1
vn -0.7517069 0 0.6594973
vn -0.7517069 0 0.6594973
vn -0.7517069 0 0.6594973
vn -0.7517069 0 0.6594973
vn -1 0 0
vn -1 0 0
vn -1 0 0
vn -1 0 0
vn -0.002121147 1.158403E-05 -0.9999977
vn -0.002121147 1.158403E-05 -0.9999977
vn -0.002123483 0 -0.9999977
vn -0.002121147 1.158403E-05 -0.9999977
vn 0.0003821829 0.005277224 -0.9999861
vn 0.0003821829 0.005277225 -0.9999861
vn -0.002121147 0 -0.9999977
vn -0.0002814071 0.0004135941 -0.9999999
vn -0.00027438 0.000415122 -0.9999999
vn -0.002121149 -1.157799E-05 -0.9999977
vn 0.0003821829 -0.005277248 -0.9999861
vn 0 -1.148665E-05 -1
vn -0.002123484 0 -0.9999977
vn -0.002123484 0 -0.9999977
vn -0.002123484 0 -0.9999977
vn -0.7473183 0 -0.6644661
vn -0.7473183 0 -0.6644661
vn -0.7515409 -0.0203803 -0.6593717
vn -0.7473183 0 -0.6644661
vn -0.7473183 0 -0.6644663
vn -0.7473183 0 -0.6644663
vn -0.7515399 0.02038251 -0.6593727
vn -0.7473169 0 -0.6644678
vn -0.7515399 0.0203825 -0.6593727
vn -0.7515399 0.02038251 -0.6593727
vn -1 0 0
vn -1 0 0
vn -1 0 0
vn -1 0 0
vn -1 0 0
vn -1 0 0
vn -1 0 0
vn -1 0 0
vn -1 0 0
vn -1 0 0
vn 0 0 -1
vn 0 0 -1
vn 0 0 -1
vn 0 0 -1
vn 0 0 -1
vn 0 0 -1
vn 0 0 -1
vn 0 0 -1
vn 0 0 -1
vn 0 0 -1
vn 0 0 -1
vn 0 0 -1
vn -5.290234E-06 -0.9998434 0.01769819
vn -0.02827631 -0.9996002 0
vn -0.02827631 -0.9996002 0
vn 0 -1 0
vn 0 -1 0
vn 0 -1 0
vn 0 -1 0
vn 0 -1 0
vn 0 -1 0
vn -4.863798E-06 -0.9998434 0.01769819
vn 0.02190289 -0.9996734 0.01316707
vn 0.02190289 -0.9996734 0.01316707
vn 0.02190289 -0.9996734 0.01316707
vn 0 -1 0
vn -1.638751E-06 -1 -1.162236E-06
vn -1.638751E-06 -1 -1.162236E-06
vn -1.638751E-06 -1 -1.162236E-06
vn -7.921319E-07 -1 0
vn -1.338333E-06 -1 0
vn 0.0007858402 -0.9999994 -0.0008611187
vn 0.0007858402 -0.9999994 -0.0008611186
vn 0.0007858403 -0.9999994 -0.0008611187
vn 0 -1 0
vn 0 -1 0
vn 0 -1 0
vn 0 -1 0
vn 0 -1 0
vn 0 -1 0
vn 0 -1 0
vn 0 -1 0
vn 0 -1 0
vn 0 -1 0
vn 0 -1 0
vn 0 -1 0
vn 0 -1 0
vn -0.1274476 -0.07902001 0.9886926
vn -0.1274476 -0.07902 0.9886926
vn -0.1274476 -0.07902001 0.9886926
vn -0.1110542 -0.07214978 0.9911919
vn 2.584676E-06 -0.2113584 0.9774086
vn 2.584676E-06 -0.2113584 0.9774086
vn 2.584676E-06 -0.2113584 0.9774086
vn 0 -0.2113586 0.9774086
vn 0 -0.9480081 0.3182462
vn 0 -0.9480081 0.3182462
vn 0 -0.9480081 0.3182462
vn 0 -0.9480081 0.3182462
vn -0.7177907 -0.6962589 0
vn -0.7177907 -0.6962589 0
vn -0.7177907 -0.6962589 0
vn -0.7326172 -0.6803337 0.02044932
vn 2.2047E-07 0 1
vn 2.2047E-07 0 1
vn 2.2047E-07 0 1
vn 2.2047E-07 0 1
vn 0 0 1
vn 0 0 1
vn 0 0 1
vn 0 0 1
vn -1 0 0
vn -1 0 0
vn -1 0 0
vn -1 0 0
vn -3.725943E-05 0 -1
vn -3.725943E-05 0 -1
vn -3.725943E-05 0 -1
vn -3.725943E-05 0 -1
vn 0 0 -1
vn 0 0 -1
vn 0.9999995 0 -0.0009821425
vn 0.9999995 0 -0.0009821425
vn 0.9999995 0 -0.0009821426
vn 0.9999995 0 -0.0009821426
vn 0 0 -1
vn 0 0 -1
vn 0 0 -1
vn 0 0 -1
vn 0 0 -1
vn 0 0 -1
vn 0 0 -1
vn 0 0 -1
vn 0 0 -1
vn 0 0 -1
vn 0 0 -1
vn 0 0 -1
vn 0 0 -1
vn 0 0 -1
vn 0 0 -1
vn 0 -3.248825E-06 -1
vn 0 -3.248825E-06 -1
vn 0 3.262793E-06 -1
vn 0 0 -1
vn 5.485043E-07 7.476816E-05 -1
vn 5.484845E-07 -7.476794E-05 -1
vn 5.485043E-07 7.476816E-05 -1
vn 5.485043E-07 7.476816E-05 -1
vn 0 0 -1
vn 0 0 -1
vn 0 0 -1
vn 0 0 -1
vn 5.484845E-07 -7.476794E-05 -1
vn 5.484845E-07 -7.476794E-05 -1
vn 0 0 -1
vn 8.87795E-07 -0.07259825 0.9973612
vn 8.87795E-07 -0.07259825 0.9973612
vn 8.877951E-07 -0.07259825 0.9973612
vn 0 -0.07259832 0.9973612
vn -0.9206122 -0.0170165 0.3901072
vn -0.9206122 -0.0170165 0.3901072
vn -0.9206122 -0.0170165 0.3901072
vn -0.9197347 -0.03488728 0.3909873
vn -0.9296829 -0.008195359 0.3682697
vn -0.9311141 -0.0005712026 0.3647276
vn -0.9311141 -0.0005712027 0.3647276
vn -0.9296829 0.008195949 0.3682697
vn -0.9296829 0.008195949 0.3682697
vn -0.9296829 0.008195948 0.3682697
vn -0.9197347 0.03488789 0.3909872
vn -0.9206117 0.01702992 0.3901079
vn -0.8256627 0.443914 0.3481688
vn -0.8256627 0.443914 0.3481688
vn -0.8256627 0.443914 0.3481688
vn -0.8344905 0.4225916 0.3536128
vn -0.9409953 -0.03485327 -0.33662
vn -0.9409953 -0.03485327 -0.33662
vn -0.9320395 -0.0324684 -0.3608993
vn -0.9409953 -0.03485327 -0.33662
vn -0.9410834 -0.004008923 -0.3381509
vn -0.9410834 -0.004008924 -0.3381509
vn -0.9409953 0.03485391 -0.3366201
vn -0.9320406 0.03246934 -0.3608962
vn -0.9320405 0.03246934 -0.3608963
vn -0.9320406 0.03246934 -0.3608962
vn -0.6426134 -0.0007597455 0.7661904
vn -0.6342522 -0.01986614 0.772871
vn -0.6342522 -0.01986614 0.772871
vn -0.6426133 -0.0007597455 0.7661904
vn -0.6426133 -0.0007597455 0.7661904
vn -0.6413684 -0.0006005641 0.767233
vn -0.6413684 0.0006005644 0.767233
vn -0.6426134 0.0007597456 0.7661904
vn -0.6421093 0.02129172 0.7663173
vn -0.6342492 0.01986626 0.7728733
vn -0.9995174 -0.02903237 -0.01103976
vn -0.9995174 -0.02903237 -0.01103976
vn -0.9986601 -0.05175107 6.538539E-06
vn -0.9995174 -0.02903237 -0.01103976
vn -0.9999433 -2.52606E-05 -0.01065121
vn -0.9999433 -2.52606E-05 -0.01065121
vn -0.9999433 -2.52606E-05 -0.01065121
vn -0.9999428 8.230648E-05 -0.01070043
vn -0.9995174 0.02903422 -0.01104024
vn -0.99866 0.05175313 6.248183E-06
vn -0.99866 0.05175313 6.248183E-06
vn -0.99866 0.05175313 6.248184E-06
vn -0.9918542 -0.02734026 0.1244097
vn -0.9918542 -0.02734026 0.1244097
vn -0.9918542 -0.02734026 0.1244097
vn -0.9910716 -1.099499E-05 0.1333303
vn -0.9910686 -2.530515E-05 0.1333528
vn -0.9918542 0.02734059 0.1244096
vn -0.9918542 0.02734059 0.1244096
vn -0.9918542 0.02734059 0.1244096
vn 1 2.690948E-05 9.432511E-05
vn 1 2.690948E-05 9.432509E-05
vn 1 2.690948E-05 9.432509E-05
vn 1 -0.0001441021 4.53525E-05
vn -0.9994326 -0.03367948 0
vn -0.9999981 -0.001966788 0
vn -0.9994326 -0.03367948 0
vn -0.9999981 -0.001966788 0
vn -0.9999981 -0.001966788 0
vn -0.9999981 -0.001966788 0
vn -0.9999981 0.001966788 0
vn -0.9999981 0.001966788 0
vn -0.9994326 0.03368125 0
vn -0.9994326 0.03368125 0
vn 1 -2.604029E-07 0
vn 1 -2.604029E-07 0
vn 1 -2.604029E-07 0
vn 0.9999996 0.0002018122 -0.0009122312
vn 1 -7.820206E-07 4.711016E-05
vn 1 -7.820207E-07 4.711016E-05
vn 1 -7.820207E-07 4.711017E-05
vn 1 -1.304969E-06 4.539407E-05
vn -0.9999007 5.206283E-07 -0.01409349
vn -0.9999007 5.206282E-07 -0.01409349
vn -0.9999007 5.206282E-07 -0.01409349
vn -0.9999943 0.003287815 -0.0008275623
vn -0.8144304 4.240576E-07 -0.5802613
vn -0.8144304 4.240576E-07 -0.5802613
vn -0.8144304 4.240576E-07 -0.5802613
vn -0.8144298 2.120286E-07 -0.580262
vn -0.3269173 0 -0.9450529
vn -0.3269173 0 -0.9450529
vn -0.3269174 0 -0.9450529
vn -0.3269176 1.702194E-07 -0.9450529
vn 0.04596967 0 -0.9989429
vn 0.04596967 0 -0.9989429
vn 0.04596967 0 -0.9989429
vn 0.04596962 0 -0.9989429
vn 0.3934864 -4.097609E-07 -0.9193304
vn 0.3934864 -4.097609E-07 -0.9193304
vn 0.3934864 -4.097609E-07 -0.9193304
vn 0.3934858 -2.048801E-07 -0.9193307
vn 0.6955482 -5.432369E-07 -0.7184795
vn 0.6955482 -5.432369E-07 -0.7184795
vn 0.6955482 -5.43237E-07 -0.7184795
vn 0.6955485 -7.243162E-07 -0.718479
vn 0.8990948 -1.416443E-06 -0.4377542
vn 0.8990948 -1.416443E-06 -0.4377542
vn 0.8990948 -1.416443E-06 -0.4377542
vn 0.8990935 -7.022098E-07 -0.4377565
vn -0.9738092 2.535215E-07 -0.2273667
vn -0.9738092 2.535215E-07 -0.2273667
vn -0.9738092 2.535215E-07 -0.2273667
vn -0.9738095 5.07043E-07 -0.2273658
vn 0.001601956 -0.9999969 -0.001894051
vn 0.001601956 -0.9999969 -0.001894051
vn 0.001601956 -0.9999969 -0.001894051
vn 0.0007411082 -0.9999926 0.003790423
vn -1.797774E-07 -1 0
vn -1.797774E-07 -1 0
vn -1.815349E-07 -1 -1.293391E-07
vn -3.648578E-07 -1 1.541165E-06
vn 0 -1 0
vn 0 -1 0
vn 0 -1 0
vn -0.8084924 -0.5884955 -0.003594924
vn -0.8084925 -0.5884956 -0.003594925
vn -0.8084924 -0.5884955 -0.003594924
vn -0.8218659 -0.5696809 0
vn -0.6411096 -0.7137915 0.2819223
vn -0.6411096 -0.7137915 0.2819223
vn -0.6411096 -0.7137915 0.2819223
vn -0.6636497 -0.6937239 0.2798505
vn -0.3257705 -0.06442803 0.9432511
vn -0.3257705 -0.06442803 0.9432511
vn -0.3257705 -0.06442803 0.9432511
vn -0.354146 -0.07455432 0.9322136
vn -0.02693125 -0.952051 0.3047515
vn -0.003050252 -0.9478869 0.3185924
vn -0.003050252 -0.9478868 0.3185925
vn -0.003050252 -0.9478868 0.3185924
vn 0 -0.9480081 0.3182462
vn -0.88476 -0.008238948 0.465974
vn -0.88476 -0.008238948 0.465974
vn -0.88476 -0.008238948 0.465974
vn -0.88476 0.00823895 0.465974
vn -0.6175671 3.215547E-07 -0.7865183
vn -0.6175671 3.215547E-07 -0.7865183
vn -0.6175671 3.215548E-07 -0.7865183
vn -0.6175671 3.215548E-07 -0.7865183
vn 0.9999943 -2.324897E-07 0.003393804
vn 0.9999943 -2.324897E-07 0.003393805
vn 0.9999943 -2.324897E-07 0.003393804
vn 0.9999846 0.00104469 0.005453018
vn -0.6815053 -0.04143257 0.7306394
vn -0.6815053 -0.04143258 0.7306394
vn -0.6815054 -0.04143257 0.7306393
vn -0.6982191 -0.04885673 0.714215
vn -0.6469265 0.09650072 0.7564217
vn -0.6469265 0.09650072 0.7564217
vn -0.6469264 0.09650072 0.7564217
vn -0.6781775 0.1069609 0.7270726
vn -0.9990011 0.04468723 -2.113121E-05
vn -0.9990011 0.04468724 -2.11312E-05
vn -0.9990011 0.04468723 -2.113121E-05
vn -0.9990137 0.044303 0.002975801
vn -0.7159832 0.6981176 0
vn -0.7159832 0.6981176 0
vn -0.7159833 0.6981175 0
vn -0.7159833 0.6981175 0
vn -0.007335628 0.9999731 0.000387347
vn -0.007335628 0.9999731 0.000387347
vn -0.007335628 0.9999731 0.0003873471
vn -0.007106765 0.9999747 0
vn 0.0008950375 0.9999996 0
vn 0.0008950375 0.9999996 0
vn 0.0008950375 0.9999996 0
vn 0.0008950376 0.9999996 0
vn 0 1 0
vn 0 1 0
vn 0 1 0
vn 0 1 0
vn 0 1 0
vn 0 1 0
vn 0 1 0
vn 0.0008950376 0.9999996 0
vn 0.0008950376 0.9999996 0
vn 0.0008950376 0.9999996 0
vn 0.0008950375 0.9999996 0
vn 0.0008950375 0.9999996 0
vn 0.0008950376 0.9999996 0
vn 0 1 0
vn 0 1 0
vn 0 1 0
vn 0 1 0
vn 0 1 0
vn 0 1 0
vn 0 1 0
vn 0 1 0
vn 0 1 0
vn 0 1 0
vn 1.334697E-07 1 0
vn 0 1 0
vn 0 1 0
vn 0 1 0
vn 0 1 0
vn 0 1 0
vn -7.047078E-07 1 0
vn 0 1 0
vn 0 1 0
vn 1.90857E-07 1 0
vn 1.90857E-07 1 0
vn 0 1 0
vn -7.047078E-07 1 0
vn -7.047078E-07 1 0
vn -4.022885E-07 1 0
vn -4.044749E-07 1 0
vn -4.022885E-07 1 0
vn -4.022885E-07 1 0
vn 0 1 0
vn 1 0 0
vn 1 0 0
vn 1 0 0
vn 1 0 0
vn 4.368355E-05 0 1
vn 4.368355E-05 0 1
vn 4.368355E-05 0 1
vn 4.368355E-05 0 1
vn 3.636347E-06 0 1
vn 3.636347E-06 0 1
vn -3.856077E-05 0 1
vn -3.856077E-05 0 1
vn -0.7517076 0 0.6594965
vn -0.7517077 0 0.6594965
vn -0.7517076 0 0.6594965
vn -0.7517076 0 0.6594965
vn -1 0 0
vn -1 0 0
vn -1 0 0
vn -1 0 0
vn -0.1110542 0.07214977 0.9911919
vn -0.1110541 0.07214977 0.9911919
vn -0.1110542 0.07214977 0.9911919
vn -0.1274478 0.07902008 0.9886925
vn 0 0.2113586 0.9774086
vn 0 0.2113586 0.9774086
vn 0 0.2113586 0.9774086
vn 2.800031E-06 0.2113584 0.9774086
vn 0 0.9480082 0.3182459
vn 0 0.9480082 0.3182459
vn 0 0.9480082 0.318246
vn 0 0.9480082 0.3182459
vn -0.717792 0.6962575 0
vn -0.717792 0.6962575 0
vn -0.717792 0.6962575 0
vn -0.7326208 0.6803297 0.02045252
vn 2.204701E-07 0 1
vn 2.204701E-07 0 1
vn 2.204701E-07 0 1
vn 2.204701E-07 0 1
vn 0 0 1
vn 0 0 1
vn 0 0 1
vn 0 0 1
vn -1 0 0
vn -1 0 0
vn -1 0 0
vn -1 0 0
vn -3.725944E-05 0 -1
vn -3.725944E-05 0 -1
vn -3.725944E-05 0 -1
vn -3.725944E-05 0 -1
vn 0 0 -1
vn 0 0 -1
vn 0.9999995 0 -0.0009821428
vn 0.9999995 0 -0.0009821426
vn 0.9999995 0 -0.0009821426
vn 0.9999995 0 -0.0009821426
vn 0 1 0
vn 0 1 0
vn 0 1 0
vn 2.998059E-07 1 0
vn -0.02827562 0.9996002 0
vn 0 1 0
vn -0.02827562 0.9996002 0
vn -4.863754E-06 0.9998434 0.01769798
vn -4.863754E-06 0.9998434 0.01769798
vn 3.098721E-07 1 0
vn -4.863754E-06 0.9998434 0.01769798
vn 0.02190264 0.9996734 0.01316692
vn 0 1 0
vn 0 1 0
vn 0 1 0
vn 8.193763E-07 1 5.811195E-07
vn 0 1 0
vn 6.691672E-07 1 0
vn 6.691672E-07 1 0
vn 6.69167E-07 1 0
vn 0.0007869258 0.9999994 -0.0008601095
vn 0 1 0
vn 0 1 0
vn 0 1 0
vn 0 1 0
vn 0 1 0
vn 0 1 0
vn 2.998059E-07 1 0
vn 1.118222E-06 1 8.180822E-07
vn 2.998116E-07 1 -1.835027E-07
vn 2.998059E-07 1 0
vn 0 1 0
vn 0 1 0
vn 0 1 0
vn 0 0.07259831 0.9973612
vn 0 0.07259831 0.9973612
vn 0 0.07259831 0.9973612
vn 9.61766E-07 0.07259824 0.9973612
vn -0.834492 -0.4225874 0.3536143
vn -0.834492 -0.4225874 0.3536143
vn -0.8344919 -0.4225874 0.3536144
vn -0.8256593 -0.4439213 0.3481674
vn 1 0.0001501057 4.706362E-05
vn 1 0.0001501057 4.706362E-05
vn 1 0.0001501057 4.706362E-05
vn 1 -2.092784E-05 9.604261E-05
vn 1 0 4.710745E-05
vn 1 0 4.710745E-05
vn 1 0 4.710745E-05
vn 1 0 4.71072E-05
vn -0.9999943 -0.003287034 -0.0008275622
vn -0.9999943 -0.003287034 -0.0008275622
vn -0.9999943 -0.003287034 -0.0008275623
vn -0.9999007 0 -0.01409244
vn -0.814431 0 -0.5802605
vn -0.814431 0 -0.5802605
vn -0.814431 0 -0.5802605
vn -0.814431 0 -0.5802605
vn -0.3269176 0 -0.9450529
vn -0.3269176 0 -0.9450529
vn -0.3269176 0 -0.9450529
vn -0.3269172 1.702192E-07 -0.945053
vn 0.0459697 0 -0.9989429
vn 0.0459697 0 -0.9989429
vn 0.0459697 0 -0.9989429
vn 0.04596966 0 -0.9989429
vn 0.3934859 -3.073203E-07 -0.9193307
vn 0.3934859 -3.073203E-07 -0.9193307
vn 0.3934859 -3.073203E-07 -0.9193307
vn 0.3934864 -1.024402E-07 -0.9193304
vn 0.6955479 -1.810789E-07 -0.7184798
vn 0.6955479 -1.810789E-07 -0.7184798
vn 0.6955479 -1.810789E-07 -0.7184798
vn 0.6955482 0 -0.7184795
vn 0.8990935 0 -0.4377565
vn 0.8990935 0 -0.4377565
vn 0.8990935 0 -0.4377565
vn 0.8990948 7.132634E-07 -0.4377542
vn -0.973809 0 -0.2273676
vn -0.973809 0 -0.2273675
vn -0.973809 0 -0.2273675
vn -0.973809 0 -0.2273675
vn 0.000741379 0.9999926 0.00379021
vn 0.000741379 0.9999926 0.003790209
vn 0.001602154 0.9999969 -0.001893788
vn 0.000741379 0.9999926 0.003790209
vn 0.0007397748 0.9999927 0.003743371
vn 0 1 0
vn 1.824288E-07 1 -7.705824E-07
vn 0 1 0
vn 0 1 0
vn 0 1 0
vn 2.663465E-07 1 -1.127832E-06
vn -0.821879 0.5696621 0
vn -0.821879 0.569662 0
vn -0.821879 0.5696621 0
vn -0.8085077 0.5884746 -0.003594599
vn -0.663649 0.6937246 0.2798502
vn -0.663649 0.6937246 0.2798502
vn -0.663649 0.6937246 0.2798502
vn -0.64111 0.7137913 0.281922
vn -0.354146 0.07455454 0.9322137
vn -0.354146 0.07455453 0.9322136
vn -0.354146 0.07455453 0.9322136
vn -0.3257703 0.06442814 0.9432511
vn -0.0269306 0.9520509 0.3047521
vn -0.003050913 0.9478869 0.3185923
vn -0.003050914 0.9478869 0.3185923
vn -0.003050913 0.9478869 0.3185923
vn 0 0.9480082 0.318246
vn -0.6175665 0 -0.7865187
vn -0.6175664 0 -0.7865188
vn -0.6175665 0 -0.7865187
vn -0.6175665 0 -0.7865187
vn 0.9999846 -0.001044853 0.005452267
vn 0.9999846 -0.001044853 0.005452268
vn 0.9999846 -0.001044852 0.005452267
vn 0.9999943 0 0.00339319
vn -0.6982191 0.04885693 0.714215
vn -0.6982191 0.04885693 0.714215
vn -0.6982191 0.04885693 0.714215
vn -0.6815048 0.0414326 0.7306398
vn 0.0005226998 -0.0730656 0.997327
vn 0.0005226998 -0.07306561 0.997327
vn 0.00137996 -0.07333035 0.9973068
vn 0.0005226998 -0.07306561 0.997327
vn 0.0003246811 -0.07329222 0.9973105
vn 0.000324681 -0.07329222 0.9973105
vn -0.0002936572 -0.07283896 0.9973437
vn -0.0002936572 -0.07283895 0.9973437
vn -0.007635352 -0.07259503 0.9973323
vn -0.007635352 -0.07259503 0.9973323
vn 0.001346932 -0.2291807 0.973383
vn 0.001346932 -0.2291807 0.973383
vn 0.001346932 -0.2291807 0.973383
vn -0.0002235798 -0.2296457 0.9732742
vn 0.0003168558 -0.2296458 0.9732742
vn 0.0001837318 -0.2298521 0.9732255
vn -0.0002865819 -0.2298522 0.9732255
vn -0.0001661443 -0.2294372 0.9733235
vn -0.007451395 -0.2294308 0.9732964
vn -0.0002379768 -0.2208329 0.9753117
vn 0.0001039382 -0.9660858 0.2582213
vn 0.0001039383 -0.9660858 0.2582213
vn 0.0001039382 -0.9660858 0.2582213
vn -0.0001377893 -0.9660171 0.2584786
vn 2.767498E-06 -0.9660171 0.2584778
vn 5.269181E-07 -0.9660205 0.2584654
vn -2.620003E-06 -0.9660205 0.2584655
vn -2.375136E-07 -0.9660125 0.2584953
vn -3.301794E-06 -0.9660125 0.2584952
vn -3.368378E-07 -0.966009 0.2585082
vn 1 0.0003566438 0
vn 1 0.0003566438 0
vn 0.9999999 0.0005096033 0.0001015288
vn 1 0.0003566438 0
vn 1 -5.813553E-07 0
vn 1 -5.936653E-07 0
vn 1 -5.936653E-07 0
vn 1 -5.936652E-07 0
vn 1 -5.810108E-07 0
vn 1 -5.705711E-07 0
vn 1 0 0
vn 1 0 0
vn 1 0 0
vn 1 -0.0003566443 0
vn 0.9999999 -0.00051307 0.0001038297
vn 0.9999999 -0.0005130699 0.0001038297
vn 0.9999999 -0.0005130699 0.0001038297
vn -0.0001344362 -0.8371081 0.5470375
vn -0.0001344362 -0.8371081 0.5470375
vn -0.003070512 -0.8356321 0.5492811
vn -0.0001344362 -0.8371081 0.5470375
vn 0.000103635 -0.8358528 0.5489535
vn 0.000103635 -0.8358528 0.5489535
vn -9.325632E-05 -0.8383502 0.5451321
vn -9.325632E-05 -0.8383502 0.5451321
vn -0.0001329893 -0.839544 0.5432916
vn -0.0001329893 -0.8395439 0.5432917
vn -0.7145149 -0.6996201 0
vn -0.714515 -0.6996201 0
vn -0.714515 -0.6996201 0
vn -0.714515 -0.6996201 0
vn 1 -1.272526E-07 0
vn 1 -1.272526E-07 0
vn 1 -1.272526E-07 0
vn 1 -1.272526E-07 0
vn 1 -2.545052E-07 0
vn 1 -2.545052E-07 0
vn 0 0 1
vn 0 0 1
vn 0 0 1
vn 0 0 1
vn 0 0 1
vn 0 0 1
vn 0 0 1
vn 0 0 1
vn 0 0 1
vn 0 0 1
vn 0 0 1
vn 0 0 1
vn 0 0 1
vn 0 0 1
vn 0 0 1
vn 0 0 1
vn 0 0 1
vn 0 0 1
vn 0 0 1
vn 0 0 1
vn 0 0 1
vn 0 0 1
vn 0 0 1
vn 0 0 1
vn 0 0 1
vn 0 0 1
vn 0 0 1
vn 0 0 1
vn -1.7371E-07 -1 0
vn -1.7371E-07 -1 0
vn -1.7371E-07 -1 0
vn -1.7371E-07 -1 0
vn 0 0 1
vn 0 0 1
vn 0 0 1
vn 0 0 1
vn -3.474199E-07 -1 0
vn -3.474199E-07 -1 0
vn -3.474199E-07 -1 0
vn -3.474199E-07 -1 0
vn 0 0 1
vn 0 0 1
vn 0 0 1
vn 0 0 1
vn 0 -1 0
vn 0 -1 0
vn 0 -1 0
vn 0 -1 0
vn 0 0 1
vn 0 0 1
vn 0 0 1
vn 0 0 1
vn 0 0 1
vn 0 0 1
vn 0 0 1
vn 0 0 1
vn 0 0 1
vn 0 0 1
vn -0.9999889 -0.004026951 -0.002437756
vn -0.9999889 -0.004026951 -0.002437756
vn -0.9999889 -0.004026951 -0.002437756
vn -0.9999954 -0.002637028 -0.001514984
vn 0.001379975 0.07333036 0.9973068
vn 0.001379975 0.07333036 0.9973068
vn 0.001379975 0.07333036 0.9973068
vn 0.0005227173 0.07306562 0.997327
vn 0.000464732 0.07306562 0.9973271
vn 0.0003247111 0.07329222 0.9973105
vn -0.0004197014 0.07329222 0.9973105
vn -0.0002936333 0.07283896 0.9973437
vn -0.007830063 0.07283673 0.9973131
vn -0.007635325 0.07259503 0.9973323
vn -0.0002235798 0.2296457 0.9732742
vn -0.0002235798 0.2296457 0.9732742
vn 0.001346984 0.2291806 0.973383
vn -0.0002235798 0.2296457 0.9732742
vn 0.0001837945 0.2298522 0.9732255
vn 0.0001837945 0.2298521 0.9732255
vn -0.0001660597 0.2294372 0.9733235
vn -0.0001660597 0.2294372 0.9733235
vn -0.0002379506 0.2208329 0.9753117
vn -0.0002379506 0.2208329 0.9753117
vn -0.0001364297 0.9660166 0.25848
vn -0.0001364297 0.9660166 0.25848
vn 0.0001071275 0.9660859 0.2582208
vn -0.0001364297 0.9660166 0.25848
vn 4.390984E-07 0.9660207 0.2584645
vn 4.390984E-07 0.9660207 0.2584645
vn 1.187568E-07 0.9660122 0.2584963
vn 1.187568E-07 0.9660122 0.2584963
vn -2.218603E-07 0.9660094 0.2585072
vn -2.218603E-07 0.9660093 0.2585072
vn -0.003069317 0.8356324 0.5492805
vn -0.003069317 0.8356324 0.5492805
vn -0.003069317 0.8356324 0.5492805
vn -0.0001344362 0.8371079 0.5470377
vn 0.0005802863 0.8371096 0.547035
vn 0.0001038632 0.8358524 0.5489542
vn -0.0005282008 0.8358505 0.548957
vn -9.294735E-05 0.8383505 0.5451316
vn -0.0007436135 0.8383502 0.5451314
vn -0.0001328897 0.8395437 0.5432923
vn -0.7145147 0.6996205 0
vn -0.7145146 0.6996205 0
vn -0.7145147 0.6996205 0
vn -0.7145147 0.6996205 0
vn 2.60565E-07 1 0
vn 2.60565E-07 1 0
vn 2.60565E-07 1 0
vn 2.60565E-07 1 0
vn 0 0 1
vn 0 0 1
vn 0 0 1
vn 0 0 1
vn 1.7371E-07 1 0
vn 1.7371E-07 1 0
vn 1.7371E-07 1 0
vn 1.7371E-07 1 0
vn 0 0 1
vn 0 0 1
vn 0 0 1
vn 0 0 1
vn 2.547289E-07 1 0
vn 2.547289E-07 1 0
vn 2.547289E-07 1 0
vn 2.547289E-07 1 0
vn -0.9999954 0.002637085 -0.001512908
vn -0.9999954 0.002637085 -0.001512908
vn -0.9999954 0.002637085 -0.001512908
vn -0.9999889 0.004030418 -0.002437943
vn 0 -1 0
vn 0 -1 0
vn 0 -1 0
vn 0 -1 0
vn -0.009079349 -0.9999588 0
vn -0.009079349 -0.9999588 0
vn 2.513696E-07 1 0
vn 2.513696E-07 1 0
vn 2.513696E-07 1 0
vn 2.513696E-07 1 0
vn -0.009079833 0.9999588 0
vn -0.009079833 0.9999588 0
vn -0.06390877 -0.9979558 0
vn -0.06390877 -0.9979558 0
vn -0.06390877 -0.9979558 0
vn -0.06390877 -0.9979558 0
vn -0.0639104 0.9979557 0
vn -0.0639104 0.9979557 0
vn -0.0639104 0.9979557 0
vn -0.0639104 0.9979557 0
vn -0.9984543 0.05557915 0
vn -0.9984543 0.05557915 0
vn -0.9984543 0.05557915 0
vn -0.9984543 0.05557915 0
vn -0.999819 0.01902984 0
vn -0.999819 0.01902984 0
vn -0.9984543 -0.05557793 0
vn -0.9984543 -0.05557794 0
vn -0.9984543 -0.05557794 0
vn -0.9984543 -0.05557794 0
vn 0 0 1
vn 0 0 1
vn 0 0 1
vn 0 0 1
vn 0 0 1
vn 0 0 1
vn 0 0 1
vn 0 0 1
vn 0.5362323 0.8417214 -0.06292807
vn 0.5362323 0.8417214 -0.06292807
vn 0.5362324 0.8417214 -0.06292807
vn 0.5362335 0.8417204 -0.06293239
vn 0.9743614 0.2160094 -0.0629279
vn 0.9743614 0.2160094 -0.06292789
vn 0.9743614 0.2160094 -0.06292789
vn 0.9743614 0.2160092 -0.06292852
vn 0.8417194 -0.536235 -0.06293353
vn 0.8417194 -0.536235 -0.06293353
vn 0.8417194 -0.536235 -0.06293353
vn 0.8417199 -0.5362343 -0.06293099
vn 0.2160128 -0.9743604 -0.06293009
vn 0.2160128 -0.9743604 -0.06293008
vn 0.2160128 -0.9743604 -0.0629301
vn 0.2160114 -0.9743605 -0.06293404
vn -0.5362346 -0.84172 -0.06292802
vn -0.5362346 -0.84172 -0.06292804
vn -0.5362346 -0.84172 -0.06292803
vn -0.5362352 -0.8417194 -0.06293058
vn -0.9743611 -0.2160088 -0.06293407
vn -0.9743611 -0.2160088 -0.06293407
vn -0.9743611 -0.2160088 -0.06293409
vn -0.9743611 -0.2160093 -0.06293257
vn -0.8417199 0.536234 -0.0629345
vn -0.8417199 0.536234 -0.0629345
vn -0.8417199 0.536234 -0.0629345
vn -0.8417205 0.5362333 -0.06293163
vn -0.2160082 0.9743615 -0.06292951
vn -0.2160082 0.9743615 -0.0629295
vn -0.2160082 0.9743615 -0.06292951
vn -0.2160075 0.9743615 -0.06293146
vn 0.5312442 0.8338833 -0.1497272
vn 0.5312443 0.8338833 -0.1497272
vn 0.5312443 0.8338833 -0.1497272
vn 0.5312403 0.8338859 -0.1497266
vn 0.9652913 0.2139973 -0.1497262
vn 0.9652913 0.2139973 -0.1497262
vn 0.9652913 0.2139973 -0.1497262
vn 0.9652919 0.2139941 -0.1497266
vn 0.8338846 -0.5312423 -0.1497265
vn 0.8338846 -0.5312424 -0.1497265
vn 0.8338846 -0.5312424 -0.1497265
vn 0.8338886 -0.5312363 -0.1497256
vn 0.214 -0.9652906 -0.149726
vn 0.214 -0.9652907 -0.149726
vn 0.214 -0.9652906 -0.149726
vn 0.2139861 -0.9652935 -0.1497278
vn -0.5312409 -0.8338854 -0.149727
vn -0.5312408 -0.8338855 -0.1497271
vn -0.5312409 -0.8338854 -0.1497271
vn -0.5312448 -0.8338829 -0.1497277
vn -0.9652911 -0.2139974 -0.1497264
vn -0.9652911 -0.2139973 -0.1497264
vn -0.9652911 -0.2139973 -0.1497264
vn -0.9652919 -0.2139941 -0.1497269
vn -0.8338851 0.5312415 -0.1497268
vn -0.8338851 0.5312415 -0.1497268
vn -0.8338851 0.5312415 -0.1497268
vn -0.833886 0.53124 -0.1497265
vn -0.2139995 0.9652906 -0.1497269
vn -0.2139995 0.9652906 -0.1497269
vn -0.2139995 0.9652906 -0.1497269
vn -0.2140005 0.9652905 -0.1497268
vn 0.4186135 0.6570891 -0.6268945
vn 0.4186135 0.6570891 -0.6268945
vn 0.4186134 0.6570891 -0.6268945
vn 0.4186114 0.6570925 -0.6268923
vn -0.1686292 0.7606384 -0.626892
vn -0.1686292 0.7606383 -0.626892
vn -0.1686292 0.7606383 -0.626892
vn -0.1686274 0.7606379 -0.626893
vn -0.6570912 0.4186118 -0.6268933
vn -0.6570913 0.4186118 -0.6268933
vn -0.6570912 0.4186118 -0.6268933
vn -0.6570904 0.4186123 -0.6268939
vn -0.7606366 -0.1686271 -0.6268946
vn -0.7606366 -0.1686271 -0.6268946
vn -0.7606366 -0.1686271 -0.6268946
vn -0.7606367 -0.1686277 -0.6268942
vn -0.4186111 -0.6570912 -0.626894
vn -0.418611 -0.6570912 -0.6268939
vn -0.418611 -0.6570912 -0.6268939
vn -0.418612 -0.6570896 -0.6268948
vn 0.1686292 -0.7606361 -0.6268948
vn 0.1686291 -0.7606361 -0.6268948
vn 0.1686291 -0.7606361 -0.6268948
vn 0.1686308 -0.7606365 -0.6268938
vn 0.6570907 -0.4186124 -0.6268935
vn 0.6570907 -0.4186124 -0.6268935
vn 0.6570907 -0.4186124 -0.6268936
vn 0.6570899 -0.4186129 -0.6268941
vn 0.7606363 0.1686269 -0.6268949
vn 0.7606363 0.1686269 -0.6268949
vn 0.7606363 0.1686269 -0.626895
vn 0.7606366 0.1686281 -0.6268944
vn 0 0 -1
vn 0 0 -1
vn 0 0 -1
vn 0 0 -1
vn 0 0 -1
vn 0 0 -1
vn 0 0 -1
vn 0 0 -1
vn 0.2006193 0.3149124 0.9276756
vn 0.2006193 0.3149124 0.9276756
vn 0.2006193 0.3149124 0.9276756
vn 0.2006222 0.3149147 0.9276742
vn 0.3645397 0.08081616 0.9276742
vn 0.3645397 0.08081616 0.9276742
vn 0.3645397 0.08081616 0.9276742
vn 0.3645405 0.0808161 0.927674
vn 0.3149135 -0.2006207 0.9276749
vn 0.3149135 -0.2006207 0.9276749
vn 0.3149134 -0.2006207 0.9276749
vn 0.3149153 -0.200623 0.9276739
vn 0.08081608 -0.3645408 0.9276739
vn 0.08081608 -0.3645408 0.9276739
vn 0.08081609 -0.3645408 0.9276739
vn 0.0808164 -0.3645379 0.9276749
vn -0.2006224 -0.3149129 0.9276748
vn -0.2006224 -0.3149128 0.9276748
vn -0.2006224 -0.3149129 0.9276748
vn -0.2006214 -0.314912 0.9276753
vn -0.3645372 -0.08081586 0.9276753
vn -0.3645373 -0.08081587 0.9276752
vn -0.3645372 -0.08081586 0.9276753
vn -0.3645384 -0.08081574 0.9276748
vn -0.314912 0.2006194 0.9276757
vn -0.314912 0.2006194 0.9276757
vn -0.314912 0.2006194 0.9276757
vn -0.3149136 0.2006214 0.9276748
vn -0.08081461 0.364541 0.9276739
vn -0.08081461 0.364541 0.9276739
vn -0.08081462 0.364541 0.9276739
vn -0.08081494 0.3645381 0.9276749
vn 0.5331379 0.8368672 0.1241667
vn 0.5331379 0.8368672 0.1241667
vn 0.5331379 0.8368672 0.1241667
vn 0.533142 0.8368642 0.1241691
vn 0.9687409 0.2147638 0.1241684
vn 0.9687409 0.2147638 0.1241684
vn 0.9687409 0.2147638 0.1241684
vn 0.9687409 0.2147638 0.1241684
vn 0.8368662 -0.5331391 0.124168
vn 0.8368661 -0.5331391 0.124168
vn 0.8368662 -0.5331391 0.124168
vn 0.8368645 -0.5331413 0.1241693
vn 0.2147629 -0.9687409 0.1241698
vn 0.2147629 -0.9687409 0.1241697
vn 0.2147629 -0.9687409 0.1241698
vn 0.2147645 -0.9687405 0.1241689
vn -0.533143 -0.8368635 0.1241688
vn -0.5331431 -0.8368635 0.1241689
vn -0.5331431 -0.8368635 0.1241689
vn -0.5331411 -0.8368649 0.1241677
vn -0.9687408 -0.2147644 0.1241681
vn -0.9687408 -0.2147644 0.1241681
vn -0.9687408 -0.2147644 0.1241681
vn -0.9687409 -0.2147629 0.1241688
vn -0.8368667 0.5331385 0.1241671
vn -0.8368667 0.5331385 0.1241671
vn -0.8368667 0.5331385 0.1241671
vn -0.8368629 0.5331437 0.1241703
vn -0.214759 0.9687415 0.1241712
vn -0.214759 0.9687415 0.1241712
vn -0.214759 0.9687415 0.1241712
vn -0.2147683 0.96874 0.1241665
vn 0.4763233 0.747677 0.4627042
vn 0.4763233 0.747677 0.4627042
vn 0.4763233 0.747677 0.4627042
vn 0.4763245 0.7476764 0.4627038
vn 0.865499 0.1918757 0.462704
vn 0.865499 0.1918757 0.462704
vn 0.865499 0.1918757 0.462704
vn 0.8655006 0.1918721 0.4627027
vn 0.7476782 -0.4763233 0.4627024
vn 0.7476782 -0.4763233 0.4627023
vn 0.7476782 -0.4763233 0.4627024
vn 0.7476799 -0.4763187 0.4627041
vn 0.1918767 -0.8655002 0.4627015
vn 0.1918767 -0.8655002 0.4627014
vn 0.1918767 -0.8655002 0.4627015
vn 0.1918731 -0.8655017 0.4627001
vn -0.4763231 -0.7476783 0.4627022
vn -0.4763231 -0.7476783 0.4627022
vn -0.4763231 -0.7476784 0.4627022
vn -0.4763305 -0.7476714 0.4627058
vn -0.8654999 -0.1918751 0.4627029
vn -0.8654999 -0.1918751 0.4627029
vn -0.8654999 -0.1918751 0.462703
vn -0.8654991 -0.1918766 0.4627036
vn -0.7476769 0.4763256 0.4627022
vn -0.7476768 0.4763256 0.4627022
vn -0.7476768 0.4763256 0.4627022
vn -0.747676 0.4763278 0.4627014
vn -0.1918798 0.8654984 0.4627037
vn -0.1918798 0.8654984 0.4627037
vn -0.1918798 0.8654984 0.4627037
vn -0.1918717 0.8655019 0.4627004
vn 0.2006275 0.3149209 0.9276709
vn 0.2006275 0.3149209 0.9276709
vn 0.2006275 0.3149209 0.9276709
vn 0.2006274 0.3149208 0.927671
vn 0.3645481 0.08081785 0.9276709
vn 0.3645481 0.08081786 0.9276709
vn 0.3645481 0.08081785 0.9276709
vn 0.3645492 0.08081772 0.9276704
vn 0.3149192 -0.2006263 0.9276717
vn 0.3149192 -0.2006263 0.9276717
vn 0.3149193 -0.2006263 0.9276717
vn 0.3149191 -0.2006261 0.9276718
vn 0.08081867 -0.3645449 0.927672
vn 0.08081866 -0.3645449 0.927672
vn 0.08081866 -0.3645449 0.927672
vn 0.0808184 -0.3645471 0.9276711
vn -0.2006278 -0.3149209 0.9276709
vn -0.2006278 -0.3149209 0.9276709
vn -0.2006278 -0.3149209 0.9276709
vn -0.2006271 -0.3149203 0.9276713
vn -0.3645467 -0.08081799 0.9276713
vn -0.3645467 -0.08081799 0.9276713
vn -0.3645467 -0.08081799 0.9276713
vn -0.3645493 -0.0808177 0.9276703
vn -0.3149222 0.2006273 0.9276706
vn -0.3149222 0.2006273 0.9276706
vn -0.3149222 0.2006273 0.9276706
vn -0.3149215 0.2006265 0.9276709
vn -0.08081861 0.3645455 0.9276718
vn -0.08081861 0.3645455 0.9276718
vn -0.08081861 0.3645455 0.9276718
vn -0.0808184 0.3645471 0.9276711
vn 0.5373009 0.8433906 0
vn 0.5373009 0.8433906 0
vn 0.5373009 0.8433906 0
vn 0.5373009 0.8433906 0
vn 0.9762965 0.2164373 0
vn 0.9762965 0.2164373 0
vn 0.9762965 0.2164373 0
vn 0.9762965 0.2164373 0
vn 0.8433908 -0.5373006 0
vn 0.8433908 -0.5373006 0
vn 0.8433908 -0.5373007 0
vn 0.8433908 -0.5373007 0
vn 0.2164403 -0.9762959 0
vn 0.2164403 -0.9762959 0
vn 0.2164402 -0.9762959 0
vn 0.2164402 -0.9762959 0
vn -0.5373009 -0.8433906 0
vn -0.5373009 -0.8433906 0
vn -0.5373009 -0.8433906 0
vn -0.5373009 -0.8433906 0
vn -0.9762965 -0.2164372 0
vn -0.9762965 -0.2164372 0
vn -0.9762965 -0.2164372 0
vn -0.9762965 -0.2164372 0
vn -0.8433922 0.5372984 0
vn -0.8433922 0.5372984 0
vn -0.8433922 0.5372984 0
vn -0.8433922 0.5372984 0
vn -0.2164403 0.9762959 0
vn -0.2164403 0.9762959 0
vn -0.2164402 0.9762959 0
vn -0.2164402 0.9762959 0
vn 0.125011 0.196228 0.9725568
vn 0.125011 0.196228 0.9725568
vn 0.125011 0.196228 0.9725568
vn 0.125011 0.196228 0.9725568
vn 0.2271511 0.05035788 0.9725567
vn 0.2271511 0.05035788 0.9725567
vn 0.2271511 0.05035788 0.9725567
vn 0.2271508 0.05035793 0.9725567
vn 0.1962292 -0.1250123 0.9725565
vn 0.1962292 -0.1250123 0.9725565
vn 0.1962292 -0.1250123 0.9725565
vn 0.1962286 -0.1250114 0.9725567
vn 0.0503578 -0.227151 0.9725567
vn 0.0503578 -0.227151 0.9725567
vn 0.0503578 -0.227151 0.9725567
vn 0.050358 -0.2271501 0.9725569
vn -0.1250111 -0.196228 0.9725568
vn -0.1250111 -0.196228 0.9725568
vn -0.1250111 -0.196228 0.9725568
vn -0.1250106 -0.1962277 0.9725569
vn -0.2271501 -0.05035764 0.9725569
vn -0.2271501 -0.05035764 0.9725569
vn -0.2271501 -0.05035763 0.9725569
vn -0.2271507 -0.05035749 0.9725568
vn -0.1962285 0.1250109 0.9725568
vn -0.1962284 0.1250109 0.9725568
vn -0.1962284 0.1250109 0.9725568
vn -0.1962287 0.1250113 0.9725567
vn -0.0503578 0.227151 0.9725567
vn -0.0503578 0.227151 0.9725567
vn -0.0503578 0.227151 0.9725567
vn -0.050358 0.2271501 0.9725569
vn 0.5372995 0.8433915 0
vn 0.5372995 0.8433915 0
vn 0.5372995 0.8433915 0
vn 0.5372995 0.8433915 0
vn 0.9762962 0.2164389 0
vn 0.9762962 0.2164389 0
vn 0.9762962 0.2164389 0
vn 0.9762962 0.2164389 0
vn 0.8433914 -0.5372997 0
vn 0.8433914 -0.5372997 0
vn 0.8433914 -0.5372997 0
vn 0.8433914 -0.5372997 0
vn 0.2164398 -0.9762959 0
vn 0.2164398 -0.9762961 0
vn 0.2164398 -0.9762961 0
vn 0.2164398 -0.9762961 0
vn -0.537299 -0.8433918 0
vn -0.537299 -0.8433918 0
vn -0.537299 -0.8433918 0
vn -0.537299 -0.8433918 0
vn -0.9762965 -0.2164371 0
vn -0.9762965 -0.2164371 0
vn -0.9762965 -0.2164371 0
vn -0.9762965 -0.2164371 0
vn -0.8433917 0.5372993 0
vn -0.8433917 0.5372993 0
vn -0.8433917 0.5372993 0
vn -0.8433917 0.5372993 0
vn -0.2164398 0.9762959 0
vn -0.2164398 0.9762961 0
vn -0.2164398 0.9762961 0
vn -0.2164398 0.9762961 0
vn -0.5372995 -0.8433915 0
vn -0.5372995 -0.8433915 0
vn -0.5372995 -0.8433915 0
vn -0.5372995 -0.8433915 0
vn -0.9762962 -0.2164383 0
vn -0.9762962 -0.2164384 0
vn -0.9762962 -0.2164384 0
vn -0.9762962 -0.2164384 0
vn -0.8433904 0.5373014 0
vn -0.8433903 0.5373013 0
vn -0.8433903 0.5373013 0
vn -0.8433903 0.5373013 0
vn -0.2164381 0.9762962 0
vn -0.2164381 0.9762962 0
vn -0.2164381 0.9762962 0
vn -0.2164381 0.9762962 0
vn 0.5372999 0.8433912 0
vn 0.5372999 0.8433912 0
vn 0.5372999 0.8433912 0
vn 0.5372999 0.8433912 0
vn 0.9762962 0.2164383 0
vn 0.9762962 0.2164382 0
vn 0.9762962 0.2164383 0
vn 0.9762962 0.2164383 0
vn 0.8433922 -0.5372985 0
vn 0.8433922 -0.5372985 0
vn 0.8433922 -0.5372985 0
vn 0.8433922 -0.5372985 0
vn 0.2164381 -0.9762962 0
vn 0.2164381 -0.9762962 0
vn 0.2164381 -0.9762962 0
vn 0.2164381 -0.9762962 0
vn 0.9848071 -0.1736513 -4.181399E-07
vn 0.9848073 -0.1736513 -4.1814E-07
vn 0.9848073 -0.1736513 -4.1814E-07
vn 0.9848076 -0.1736489 2.275921E-07
vn 0.9848076 -0.1736489 7.759714E-07
vn 0.9848071 -0.1736515 1.109144E-06
vn -0.9848073 0.1736513 4.1814E-07
vn -0.9848071 0.1736513 4.181399E-07
vn -0.9848073 0.1736513 4.1814E-07
vn -0.9848076 0.1736489 -2.275921E-07
vn -0.9848076 0.1736489 -4.268256E-07
vn -0.9848076 0.1736491 -5.963513E-07
vn 0.1714358 0.9722528 0.1591672
vn 0.1714357 0.9722528 0.1591672
vn 0.1714358 0.9722528 0.1591672
vn 0.1714358 0.9722528 0.1591672
vn -0.0991063 -0.5620668 0.8211326
vn -0.0991063 -0.5620668 0.8211326
vn -0.0991063 -0.5620668 0.8211326
vn -0.09910558 -0.5620667 0.8211329
vn 0.1625305 0.921749 -0.3520832
vn 0.1625305 0.921749 -0.3520832
vn 0.1625305 0.921749 -0.3520832
vn 0.1625347 0.9217477 -0.3520846
vn -0.1714357 -0.9722526 -0.1591686
vn -0.1714357 -0.9722526 -0.1591686
vn -0.1714357 -0.9722526 -0.1591686
vn -0.1714357 -0.9722526 -0.1591686
vn -0.1637461 -0.9286682 0.3328099
vn -0.1637461 -0.9286682 0.33281
vn -0.1637461 -0.9286682 0.33281
vn -0.1637505 -0.928668 0.3328086
vn 0.9890783 -0.1395776 0.0473493
vn 0.9890783 -0.1395776 0.0473493
vn 0.9890783 -0.1395776 0.0473493
vn 0.9921376 -0.1197615 0.03633427
vn -0.9755458 0.2127173 0.05533465
vn -0.9755458 0.2127173 0.05533466
vn -0.9755457 0.2127173 0.05533466
vn -0.9753531 0.218511 0.03064684
vn 0.1035821 0.5874224 -0.8026243
vn 0.1035821 0.5874224 -0.8026243
vn 0.1035821 0.5874223 -0.8026243
vn 0.1035782 0.5874253 -0.8026226
vn 0 0 1
vn 0 0 1
vn 0 0 1
vn 0 0 1
vn 0 0 1
vn 0 0 1
vn 0 0 1
vn 0 0 1
vn 0.5362343 0.8417203 -0.0629277
vn 0.5362343 0.8417203 -0.0629277
vn 0.5362343 0.8417202 -0.0629277
vn 0.5362353 0.8417193 -0.06293145
vn 0.9743612 0.2160097 -0.06292947
vn 0.9743612 0.2160097 -0.06292947
vn 0.9743612 0.2160097 -0.06292947
vn 0.9743611 0.2160103 -0.06292775
vn 0.8417208 -0.536233 -0.06293073
vn 0.8417208 -0.536233 -0.06293072
vn 0.8417208 -0.536233 -0.06293072
vn 0.8417204 -0.5362334 -0.06293238
vn 0.2160089 -0.9743614 -0.0629309
vn 0.2160089 -0.9743614 -0.0629309
vn 0.2160089 -0.9743614 -0.0629309
vn 0.216008 -0.9743614 -0.06293325
vn -0.5362335 -0.8417211 -0.06292351
vn -0.5362335 -0.8417211 -0.06292351
vn -0.5362335 -0.8417211 -0.06292351
vn -0.536235 -0.8417197 -0.06292884
vn -0.974361 -0.2160101 -0.06293085
vn -0.974361 -0.21601 -0.06293085
vn -0.974361 -0.21601 -0.06293085
vn -0.974361 -0.2160109 -0.06292874
vn -0.841719 0.5362357 -0.06293181
vn -0.841719 0.5362357 -0.06293181
vn -0.841719 0.5362356 -0.06293181
vn -0.8417198 0.5362349 -0.06292886
vn -0.2160104 0.974361 -0.0629298
vn -0.2160104 0.974361 -0.06292979
vn -0.2160104 0.974361 -0.0629298
vn -0.21601 0.974361 -0.06293083
vn 0.5312477 0.8338813 -0.1497258
vn 0.5312478 0.8338813 -0.1497258
vn 0.5312478 0.8338813 -0.1497258
vn 0.5312575 0.8338748 -0.1497273
vn 0.9652902 0.2140016 -0.1497267
vn 0.9652902 0.2140016 -0.1497267
vn 0.9652902 0.2140016 -0.1497268
vn 0.9652898 0.2140038 -0.1497265
vn 0.833884 -0.5312432 -0.1497268
vn 0.833884 -0.5312432 -0.1497268
vn 0.8338839 -0.5312433 -0.1497268
vn 0.8338821 -0.5312461 -0.1497273
vn 0.2139957 -0.9652914 -0.1497275
vn 0.2139957 -0.9652914 -0.1497275
vn 0.2139957 -0.9652914 -0.1497275
vn 0.2140121 -0.9652882 -0.1497254
vn -0.5312444 -0.8338833 -0.1497259
vn -0.5312444 -0.8338834 -0.1497259
vn -0.5312444 -0.8338834 -0.149726
vn -0.5312464 -0.833882 -0.1497263
vn -0.9652902 -0.2140016 -0.1497263
vn -0.9652902 -0.2140016 -0.1497263
vn -0.9652902 -0.2140016 -0.1497263
vn -0.9652905 -0.2140005 -0.1497264
vn -0.8338832 0.5312445 -0.1497265
vn -0.8338832 0.5312445 -0.1497266
vn -0.8338832 0.5312446 -0.1497266
vn -0.8338846 0.5312425 -0.1497262
vn -0.2140046 0.9652896 -0.1497264
vn -0.2140046 0.9652896 -0.1497263
vn -0.2140046 0.9652896 -0.1497264
vn -0.2140128 0.9652879 -0.1497253
vn 0.4186153 0.6570859 -0.6268967
vn 0.4186153 0.6570859 -0.6268967
vn 0.4186153 0.6570859 -0.6268967
vn 0.4186124 0.6570905 -0.6268937
vn -0.1686331 0.760637 -0.6268924
vn -0.1686331 0.760637 -0.6268924
vn -0.1686331 0.760637 -0.6268925
vn -0.1686287 0.7606359 -0.626895
vn -0.6570886 0.4186134 -0.6268951
vn -0.6570886 0.4186135 -0.6268951
vn -0.6570886 0.4186134 -0.6268951
vn -0.6570891 0.4186131 -0.6268947
vn -0.7606364 -0.1686305 -0.6268939
vn -0.7606363 -0.1686306 -0.6268939
vn -0.7606363 -0.1686306 -0.6268939
vn -0.7606359 -0.1686285 -0.6268951
vn -0.4186124 -0.6570873 -0.6268972
vn -0.4186124 -0.6570873 -0.6268972
vn -0.4186124 -0.6570873 -0.6268971
vn -0.4186109 -0.6570897 -0.6268955
vn 0.1686257 -0.7606363 -0.6268952
vn 0.1686257 -0.7606364 -0.6268952
vn 0.1686257 -0.7606363 -0.6268952
vn 0.1686277 -0.7606369 -0.6268941
vn 0.6570892 -0.4186124 -0.6268951
vn 0.6570893 -0.4186124 -0.626895
vn 0.6570892 -0.4186124 -0.6268951
vn 0.657091 -0.4186113 -0.6268939
vn 0.7606366 0.1686306 -0.6268936
vn 0.7606366 0.1686306 -0.6268936
vn 0.7606366 0.1686306 -0.6268938
vn 0.7606359 0.1686281 -0.6268951
vn 0 0 -1
vn 0 0 -1
vn 0 0 -1
vn 0 0 -1
vn 0 0 -1
vn 0 0 -1
vn 0 0 -1
vn 0 0 -1
vn 0.2006207 0.3149124 0.9276753
vn 0.2006207 0.3149125 0.9276753
vn 0.2006207 0.3149124 0.9276753
vn 0.2006228 0.3149141 0.9276743
vn 0.3645404 0.08081581 0.9276741
vn 0.3645405 0.08081581 0.927674
vn 0.3645404 0.08081581 0.927674
vn 0.3645383 0.08081605 0.9276749
vn 0.314915 -0.2006232 0.9276739
vn 0.3149151 -0.2006232 0.9276739
vn 0.314915 -0.2006232 0.9276739
vn 0.3149137 -0.2006216 0.9276747
vn 0.08081543 -0.3645379 0.927675
vn 0.08081542 -0.3645378 0.927675
vn 0.08081543 -0.3645379 0.927675
vn 0.08081532 -0.364539 0.9276747
vn -0.200624 -0.3149141 0.9276741
vn -0.200624 -0.3149141 0.9276741
vn -0.2006239 -0.314914 0.9276741
vn -0.2006211 -0.3149118 0.9276755
vn -0.3645381 -0.08081638 0.9276749
vn -0.3645381 -0.08081637 0.9276749
vn -0.3645381 -0.08081638 0.9276749
vn -0.3645386 -0.08081632 0.9276747
vn -0.3149136 0.2006218 0.9276747
vn -0.3149135 0.2006218 0.9276747
vn -0.3149136 0.2006218 0.9276747
vn -0.314914 0.2006224 0.9276744
vn -0.08081563 0.3645407 0.9276739
vn -0.08081564 0.3645408 0.9276739
vn -0.08081564 0.3645407 0.9276739
vn -0.08081592 0.3645381 0.9276749
vn 0.5331404 0.8368655 0.1241665
vn 0.5331404 0.8368655 0.1241665
vn 0.5331404 0.8368656 0.1241665
vn 0.5331458 0.8368616 0.1241698
vn 0.9687409 0.2147624 0.1241691
vn 0.9687409 0.2147624 0.1241691
vn 0.9687409 0.2147624 0.1241691
vn 0.9687403 0.2147665 0.1241671
vn 0.8368644 -0.533142 0.124168
vn 0.8368644 -0.533142 0.124168
vn 0.8368644 -0.533142 0.124168
vn 0.8368642 -0.5331423 0.1241681
vn 0.214763 -0.9687411 0.1241681
vn 0.214763 -0.9687411 0.1241681
vn 0.214763 -0.9687411 0.1241681
vn 0.2147608 -0.9687414 0.1241691
vn -0.5331444 -0.8368626 0.1241688
vn -0.5331444 -0.8368626 0.1241688
vn -0.5331444 -0.8368626 0.1241688
vn -0.5331399 -0.836866 0.124166
vn -0.9687406 -0.2147652 0.1241674
vn -0.9687406 -0.2147652 0.1241673
vn -0.9687406 -0.2147652 0.1241673
vn -0.9687409 -0.2147639 0.124168
vn -0.8368648 0.5331411 0.1241687
vn -0.8368649 0.5331411 0.1241687
vn -0.8368648 0.5331411 0.1241687
vn -0.8368652 0.5331405 0.1241684
vn -0.2147618 0.9687413 0.1241681
vn -0.2147619 0.9687413 0.1241681
vn -0.2147618 0.9687413 0.1241681
vn -0.2147646 0.9687409 0.1241667
vn 0.4763272 0.7476754 0.4627027
vn 0.4763273 0.7476754 0.4627028
vn 0.4763273 0.7476754 0.4627028
vn 0.4763295 0.7476745 0.4627019
vn 0.8654994 0.1918783 0.4627023
vn 0.8654994 0.1918783 0.4627023
vn 0.8654994 0.1918783 0.4627024
vn 0.8655 0.1918768 0.4627019
vn 0.7476774 -0.4763238 0.4627031
vn 0.7476774 -0.4763238 0.4627032
vn 0.7476774 -0.4763238 0.4627032
vn 0.7476776 -0.4763231 0.4627035
vn 0.1918732 -0.8655002 0.462703
vn 0.1918732 -0.8655002 0.462703
vn 0.1918732 -0.8655002 0.462703
vn 0.1918715 -0.865501 0.4627023
vn -0.4763217 -0.7476788 0.4627031
vn -0.4763217 -0.7476788 0.4627032
vn -0.4763217 -0.7476788 0.4627032
vn -0.4763169 -0.7476832 0.4627008
vn -0.8654993 -0.1918758 0.4627036
vn -0.8654993 -0.1918759 0.4627036
vn -0.8654993 -0.1918759 0.4627036
vn -0.8655024 -0.1918688 0.4627008
vn -0.7476784 0.4763223 0.4627029
vn -0.7476784 0.4763223 0.4627028
vn -0.7476784 0.4763224 0.4627029
vn -0.7476761 0.476328 0.4627008
vn -0.1918766 0.8654999 0.4627022
vn -0.1918766 0.8654999 0.4627022
vn -0.1918766 0.8654999 0.4627022
vn -0.1918809 0.8654979 0.4627039
vn 0.2006241 0.3149182 0.9276727
vn 0.2006241 0.3149182 0.9276727
vn 0.2006241 0.3149182 0.9276727
vn 0.2006274 0.3149208 0.927671
vn 0.364548 0.0808179 0.9276709
vn 0.364548 0.0808179 0.9276709
vn 0.3645481 0.08081791 0.9276709
vn 0.3645483 0.08081785 0.9276707
vn 0.314921 -0.2006285 0.9276707
vn 0.314921 -0.2006285 0.9276707
vn 0.314921 -0.2006285 0.9276707
vn 0.3149191 -0.2006261 0.9276718
vn 0.08081718 -0.3645458 0.9276717
vn 0.08081718 -0.3645458 0.9276717
vn 0.08081717 -0.3645458 0.9276717
vn 0.08081704 -0.364547 0.9276713
vn -0.2006265 -0.3149212 0.9276711
vn -0.2006265 -0.3149211 0.9276711
vn -0.2006266 -0.3149212 0.9276711
vn -0.2006269 -0.3149214 0.9276709
vn -0.3645478 -0.08081827 0.9276709
vn -0.3645478 -0.08081827 0.9276709
vn -0.3645477 -0.08081827 0.9276709
vn -0.3645464 -0.08081842 0.9276714
vn -0.3149197 0.2006268 0.9276716
vn -0.3149197 0.2006268 0.9276716
vn -0.3149197 0.2006268 0.9276716
vn -0.3149196 0.2006268 0.9276716
vn -0.08081713 0.3645461 0.9276716
vn -0.08081713 0.3645461 0.9276716
vn -0.08081714 0.3645461 0.9276716
vn -0.08081749 0.3645431 0.9276729
vn 0.5373009 0.8433906 0
vn 0.5373009 0.8433906 0
vn 0.5373009 0.8433906 0
vn 0.5373009 0.8433906 0
vn 0.9762962 0.2164382 0
vn 0.9762962 0.2164382 0
vn 0.9762962 0.2164382 0
vn 0.9762962 0.2164382 0
vn 0.8433908 -0.5373006 0
vn 0.8433908 -0.5373006 0
vn 0.8433908 -0.5373007 0
vn 0.8433908 -0.5373007 0
vn 0.2164368 -0.9762966 0
vn 0.2164368 -0.9762966 0
vn 0.2164368 -0.9762966 0
vn 0.2164368 -0.9762966 0
vn -0.5372992 -0.8433918 0
vn -0.5372992 -0.8433918 0
vn -0.5372992 -0.8433918 0
vn -0.5372992 -0.8433918 0
vn -0.9762958 -0.2164407 0
vn -0.9762958 -0.2164407 0
vn -0.9762958 -0.2164407 0
vn -0.9762958 -0.2164407 0
vn -0.8433904 0.5373012 0
vn -0.8433904 0.5373013 0
vn -0.8433904 0.5373013 0
vn -0.8433904 0.5373013 0
vn -0.2164403 0.9762959 0
vn -0.2164403 0.9762959 0
vn -0.2164402 0.9762959 0
vn -0.2164402 0.9762959 0
vn 0.1250116 0.1962277 0.9725568
vn 0.1250116 0.1962277 0.9725568
vn 0.1250116 0.1962277 0.9725568
vn 0.1250115 0.1962276 0.9725568
vn 0.2271512 0.05035828 0.9725566
vn 0.2271512 0.05035828 0.9725566
vn 0.2271512 0.05035829 0.9725566
vn 0.2271513 0.05035825 0.9725566
vn 0.1962286 -0.1250122 0.9725566
vn 0.1962286 -0.1250122 0.9725566
vn 0.1962286 -0.1250122 0.9725566
vn 0.1962279 -0.1250111 0.9725568
vn 0.05035766 -0.2271502 0.9725569
vn 0.05035767 -0.2271502 0.9725569
vn 0.05035767 -0.2271502 0.9725569
vn 0.05035757 -0.2271507 0.9725568
vn -0.1250122 -0.1962283 0.9725566
vn -0.1250122 -0.1962283 0.9725566
vn -0.1250122 -0.1962283 0.9725566
vn -0.1250111 -0.1962277 0.9725569
vn -0.2271503 -0.05035847 0.9725568
vn -0.2271503 -0.05035847 0.9725568
vn -0.2271503 -0.05035847 0.9725568
vn -0.2271509 -0.05035836 0.9725567
vn -0.1962284 0.1250108 0.9725568
vn -0.1962285 0.1250108 0.9725568
vn -0.1962285 0.1250108 0.9725568
vn -0.196229 0.1250117 0.9725566
vn -0.05035738 0.2271528 0.9725562
vn -0.05035738 0.2271528 0.9725562
vn -0.05035737 0.2271528 0.9725562
vn -0.05035796 0.2271501 0.9725569
vn 0.5373018 0.84339 0
vn 0.5373018 0.84339 0
vn 0.5373018 0.84339 0
vn 0.5373018 0.84339 0
vn 0.9762961 0.2164398 0
vn 0.9762961 0.2164398 0
vn 0.9762961 0.2164397 0
vn 0.9762961 0.2164397 0
vn 0.8433912 -0.5373001 0
vn 0.8433912 -0.5373 0
vn 0.8433912 -0.5373001 0
vn 0.8433912 -0.5373001 0
vn 0.2164375 -0.9762965 0
vn 0.2164375 -0.9762965 0
vn 0.2164375 -0.9762965 0
vn 0.2164375 -0.9762965 0
vn -0.5373004 -0.8433909 0
vn -0.5373004 -0.8433909 0
vn -0.5373004 -0.8433909 0
vn -0.5373004 -0.8433909 0
vn -0.9762958 -0.2164405 0
vn -0.9762958 -0.2164405 0
vn -0.9762958 -0.2164405 0
vn -0.9762958 -0.2164405 0
vn -0.8433914 0.5372997 0
vn -0.8433914 0.5372997 0
vn -0.8433914 0.5372997 0
vn -0.8433914 0.5372997 0
vn -0.2164396 0.9762961 0
vn -0.2164396 0.9762961 0
vn -0.2164396 0.9762961 0
vn -0.2164396 0.9762961 0
vn -0.5373016 -0.8433902 0
vn -0.5373016 -0.8433902 0
vn -0.5373017 -0.8433902 0
vn -0.537302 -0.84339 -1.169625E-06
vn -0.9762962 -0.2164391 -2.125247E-06
vn -0.9762962 -0.2164391 -2.125247E-06
vn -0.9762962 -0.2164391 -2.125247E-06
vn -0.9762959 -0.2164399 0
vn -0.84339 0.537302 0
vn -0.84339 0.537302 0
vn -0.84339 0.537302 0
vn -0.84339 0.537302 0
vn -0.2164383 0.9762962 0
vn -0.2164382 0.9762962 0
vn -0.2164383 0.9762962 0
vn -0.2164383 0.9762962 0
vn 0.5373024 0.8433896 0
vn 0.5373023 0.8433897 0
vn 0.5373024 0.8433896 0
vn 0.5373024 0.8433896 0
vn 0.9762956 0.2164415 0
vn 0.9762956 0.2164415 0
vn 0.9762956 0.2164415 0
vn 0.9762956 0.2164415 0
vn 0.8433924 -0.5372981 0
vn 0.8433924 -0.5372981 0
vn 0.8433924 -0.5372981 0
vn 0.8433924 -0.5372981 0
vn 0.2164347 -0.9762971 0
vn 0.2164348 -0.9762971 0
vn 0.2164348 -0.9762971 0
vn 0.2164348 -0.9762971 0
vn 0.9848076 -0.1736489 -6.404335E-07
vn 0.9848076 -0.1736489 -6.404335E-07
vn 0.9848076 -0.1736489 -6.404335E-07
vn 0.9848081 -0.1736467 0
vn 0.9848081 -0.1736467 5.43184E-07
vn 0.9848078 -0.1736479 6.983482E-07
vn -0.9848082 0.1736455 -4.049024E-07
vn -0.9848082 0.1736455 -4.049024E-07
vn -0.9848082 0.1736456 -4.049024E-07
vn -0.9848082 0.1736456 -4.049024E-07
vn -0.9848082 0.1736456 2.709698E-06
vn -0.9848071 0.1736515 -1.157039E-06
vn 0.1714403 0.9722518 0.1591685
vn 0.1714403 0.9722518 0.1591685
vn 0.1714403 0.9722518 0.1591685
vn 0.1714495 0.9722505 0.1591671
vn -0.09909658 -0.5620683 0.8211328
vn -0.09909657 -0.5620683 0.8211328
vn -0.09909658 -0.5620683 0.8211328
vn -0.09910346 -0.5620701 0.8211308
vn 0.1625432 0.9217451 -0.3520876
vn 0.1625432 0.9217451 -0.3520876
vn 0.1625432 0.9217451 -0.3520876
vn 0.1625224 0.9217515 -0.3520804
vn -0.1714449 -0.9722511 -0.1591677
vn -0.1714449 -0.9722511 -0.1591677
vn -0.1714449 -0.9722511 -0.1591677
vn -0.1714407 -0.9722519 -0.1591671
vn -0.1637415 -0.9286681 0.3328125
vn -0.1637415 -0.9286681 0.3328126
vn -0.1637416 -0.9286682 0.3328125
vn -0.1637594 -0.9286669 0.3328074
vn 0.9890789 -0.139574 0.04734897
vn 0.9890789 -0.139574 0.04734897
vn 0.9890789 -0.139574 0.04734897
vn 0.9921358 -0.1197741 0.03634299
vn -0.975546 0.2127173 0.05532987
vn -0.975546 0.2127173 0.05532989
vn -0.975546 0.2127173 0.05532988
vn -0.9753534 0.2185102 0.03064536
vn 0.103575 0.5874295 -0.80262
vn 0.103575 0.5874295 -0.80262
vn 0.103575 0.5874293 -0.80262
vn 0.1035936 0.5874151 -0.8026282
vn 0 0 1
vn 0 0 1
vn 0 0 1
vn 0 0 1
vn 0 0 1
vn 0 0 1
vn 0 0 1
vn 0 0 1
vn 0.536236 0.8417183 -0.06293917
vn 0.5362359 0.8417183 -0.06293917
vn 0.536236 0.8417183 -0.06293917
vn 0.5362336 0.8417205 -0.0629302
vn 0.9743608 0.2160116 -0.06292844
vn 0.9743608 0.2160116 -0.06292844
vn 0.9743608 0.2160116 -0.06292845
vn 0.9743609 0.2160105 -0.06293137
vn 0.8417194 -0.5362352 -0.06293254
vn 0.8417194 -0.5362352 -0.06293254
vn 0.8417194 -0.5362352 -0.06293254
vn 0.8417207 -0.5362335 -0.06292683
vn 0.2160114 -0.9743608 -0.06293031
vn 0.2160114 -0.9743608 -0.06293031
vn 0.2160114 -0.9743608 -0.0629303
vn 0.2160091 -0.9743609 -0.06293645
vn -0.5362342 -0.8417199 -0.06293176
vn -0.5362342 -0.8417199 -0.06293176
vn -0.5362342 -0.8417199 -0.06293176
vn -0.5362338 -0.8417203 -0.06293019
vn -0.9743611 -0.2160108 -0.06292644
vn -0.9743611 -0.2160108 -0.06292644
vn -0.9743611 -0.2160108 -0.06292644
vn -0.9743612 -0.2160092 -0.06293081
vn -0.8417207 0.5362331 -0.06293035
vn -0.8417207 0.5362331 -0.06293035
vn -0.8417207 0.5362331 -0.06293035
vn -0.8417197 0.5362343 -0.06293448
vn -0.2160102 0.974361 -0.06293033
vn -0.2160102 0.974361 -0.06293032
vn -0.2160102 0.974361 -0.06293033
vn -0.2160101 0.974361 -0.06293048
vn 0.5312383 0.8338872 -0.1497267
vn 0.5312383 0.8338872 -0.1497267
vn 0.5312383 0.8338872 -0.1497267
vn 0.5312368 0.8338882 -0.1497265
vn 0.9652905 0.2140008 -0.1497267
vn 0.9652905 0.2140008 -0.1497267
vn 0.9652905 0.2140008 -0.1497267
vn 0.9652895 0.2140054 -0.149726
vn 0.8338826 -0.5312454 -0.1497271
vn 0.8338826 -0.5312454 -0.1497271
vn 0.8338826 -0.5312454 -0.1497271
vn 0.8338837 -0.5312436 -0.1497268
vn 0.2139976 -0.965291 -0.1497268
vn 0.2139976 -0.965291 -0.1497268
vn 0.2139976 -0.965291 -0.1497268
vn 0.2139998 -0.9652906 -0.1497265
vn -0.531242 -0.8338848 -0.1497267
vn -0.531242 -0.8338848 -0.1497267
vn -0.531242 -0.8338848 -0.1497267
vn -0.5312463 -0.8338819 -0.1497273
vn -0.9652906 -0.2139995 -0.1497269
vn -0.9652906 -0.2139995 -0.1497269
vn -0.9652906 -0.2139995 -0.1497269
vn -0.9652895 -0.2140054 -0.1497261
vn -0.8338821 0.5312463 -0.1497264
vn -0.8338821 0.5312463 -0.1497264
vn -0.8338821 0.5312464 -0.1497264
vn -0.8338847 0.5312425 -0.1497258
vn -0.2139994 0.965291 -0.1497252
vn -0.2139994 0.965291 -0.1497252
vn -0.2139994 0.965291 -0.1497252
vn -0.2139866 0.9652936 -0.1497269
vn 0.4186097 0.6570936 -0.6268922
vn 0.4186097 0.6570936 -0.6268922
vn 0.4186098 0.6570936 -0.6268922
vn 0.4186132 0.657088 -0.6268957
vn -0.1686284 0.7606349 -0.6268964
vn -0.1686283 0.7606349 -0.6268964
vn -0.1686284 0.7606349 -0.6268964
vn -0.1686283 0.7606348 -0.6268964
vn -0.657087 0.4186143 -0.6268961
vn -0.657087 0.4186144 -0.6268961
vn -0.657087 0.4186144 -0.6268962
vn -0.6570914 0.4186117 -0.6268932
vn -0.7606363 -0.1686288 -0.6268946
vn -0.7606363 -0.1686288 -0.6268945
vn -0.7606363 -0.1686288 -0.6268945
vn -0.7606363 -0.1686291 -0.6268944
vn -0.418612 -0.6570905 -0.6268941
vn -0.418612 -0.6570905 -0.626894
vn -0.418612 -0.6570905 -0.626894
vn -0.4186122 -0.6570901 -0.6268943
vn 0.1686273 -0.7606367 -0.6268944
vn 0.1686273 -0.7606367 -0.6268944
vn 0.1686273 -0.7606367 -0.6268944
vn 0.1686299 -0.7606375 -0.6268929
vn 0.6570888 -0.4186144 -0.6268942
vn 0.6570887 -0.4186145 -0.6268942
vn 0.6570888 -0.4186145 -0.6268942
vn 0.6570905 -0.4186135 -0.626893
vn 0.7606361 0.1686298 -0.6268946
vn 0.7606361 0.1686298 -0.6268946
vn 0.7606361 0.1686298 -0.6268946
vn 0.7606361 0.1686298 -0.6268946
vn 0 0 -1
vn 0 0 -1
vn 0 0 -1
vn 0 0 -1
vn 0 0 -1
vn 0 0 -1
vn 0 0 -1
vn 0 0 -1
vn 0.2006212 0.3149129 0.927675
vn 0.2006212 0.3149129 0.927675
vn 0.2006212 0.3149129 0.927675
vn 0.2006209 0.3149126 0.9276752
vn 0.3645388 0.08081656 0.9276746
vn 0.3645388 0.08081656 0.9276746
vn 0.3645388 0.08081656 0.9276746
vn 0.3645397 0.08081646 0.9276743
vn 0.3149159 -0.2006246 0.9276733
vn 0.3149159 -0.2006246 0.9276733
vn 0.3149159 -0.2006245 0.9276733
vn 0.3149132 -0.2006212 0.9276749
vn 0.08081656 -0.364537 0.9276753
vn 0.08081655 -0.364537 0.9276753
vn 0.08081656 -0.364537 0.9276753
vn 0.08081614 -0.3645406 0.9276739
vn -0.2006225 -0.314915 0.9276741
vn -0.2006225 -0.314915 0.9276741
vn -0.2006225 -0.314915 0.9276741
vn -0.2006226 -0.3149151 0.927674
vn -0.3645389 -0.08081629 0.9276746
vn -0.3645389 -0.08081629 0.9276746
vn -0.3645388 -0.08081629 0.9276746
vn -0.3645405 -0.0808161 0.927674
vn -0.3149133 0.2006214 0.9276749
vn -0.3149133 0.2006214 0.9276749
vn -0.3149133 0.2006214 0.9276749
vn -0.3149139 0.2006221 0.9276745
vn -0.08081561 0.3645406 0.927674
vn -0.08081561 0.3645407 0.927674
vn -0.08081561 0.3645407 0.927674
vn -0.0808159 0.3645379 0.927675
vn 0.5331409 0.8368652 0.1241669
vn 0.5331409 0.8368652 0.1241669
vn 0.5331409 0.8368651 0.1241669
vn 0.5331424 0.8368641 0.1241679
vn 0.9687405 0.2147653 0.1241683
vn 0.9687405 0.2147653 0.1241683
vn 0.9687405 0.2147653 0.1241683
vn 0.9687405 0.2147648 0.1241685
vn 0.8368634 -0.5331435 0.1241679
vn 0.8368634 -0.5331435 0.1241679
vn 0.8368634 -0.5331435 0.1241679
vn 0.8368641 -0.5331426 0.1241673
vn 0.2147663 -0.9687403 0.1241674
vn 0.2147663 -0.9687404 0.1241674
vn 0.2147664 -0.9687404 0.1241674
vn 0.2147627 -0.9687409 0.1241692
vn -0.5331405 -0.8368651 0.1241688
vn -0.5331405 -0.8368651 0.1241688
vn -0.5331405 -0.8368651 0.1241688
vn -0.5331411 -0.8368648 0.1241691
vn -0.9687406 -0.2147645 0.1241684
vn -0.9687406 -0.2147645 0.1241684
vn -0.9687406 -0.2147646 0.1241684
vn -0.9687408 -0.2147638 0.1241688
vn -0.8368652 0.5331407 0.1241682
vn -0.8368652 0.5331406 0.1241682
vn -0.8368652 0.5331406 0.1241682
vn -0.8368657 0.5331399 0.1241678
vn -0.2147619 0.9687413 0.124168
vn -0.2147618 0.9687413 0.124168
vn -0.2147618 0.9687413 0.124168
vn -0.2147647 0.9687409 0.1241666
vn 0.4763238 0.7476769 0.462704
vn 0.4763238 0.7476769 0.462704
vn 0.4763238 0.7476769 0.462704
vn 0.4763313 0.7476738 0.4627011
vn 0.8654994 0.1918768 0.4627029
vn 0.8654994 0.1918768 0.4627029
vn 0.8654994 0.1918768 0.4627029
vn 0.8654995 0.1918767 0.4627029
vn 0.7476767 -0.4763239 0.462704
vn 0.7476767 -0.4763239 0.462704
vn 0.7476767 -0.4763238 0.462704
vn 0.7476758 -0.4763265 0.462703
vn 0.1918749 -0.8654995 0.4627036
vn 0.1918749 -0.8654995 0.4627036
vn 0.1918749 -0.8654995 0.4627036
vn 0.1918795 -0.8654975 0.4627054
vn -0.4763227 -0.7476778 0.4627034
vn -0.4763227 -0.7476778 0.4627034
vn -0.4763227 -0.7476778 0.4627034
vn -0.4763197 -0.7476807 0.4627019
vn -0.8654999 -0.191876 0.4627024
vn -0.8654999 -0.191876 0.4627024
vn -0.8654999 -0.191876 0.4627024
vn -0.8654988 -0.1918788 0.4627035
vn -0.7476789 0.4763218 0.4627027
vn -0.7476789 0.4763218 0.4627027
vn -0.7476789 0.4763218 0.4627027
vn -0.74768 0.4763188 0.4627039
vn -0.1918766 0.8654997 0.4627024
vn -0.1918767 0.8654997 0.4627024
vn -0.1918766 0.8654997 0.4627025
vn -0.1918802 0.8654982 0.4627038
vn 0.200628 0.3149208 0.9276709
vn 0.200628 0.3149208 0.9276709
vn 0.200628 0.3149208 0.9276709
vn 0.2006296 0.3149221 0.9276701
vn 0.3645468 0.08081864 0.9276712
vn 0.3645468 0.08081864 0.9276712
vn 0.3645468 0.08081864 0.9276713
vn 0.3645474 0.08081856 0.927671
vn 0.3149206 -0.2006267 0.9276712
vn 0.3149205 -0.2006267 0.9276712
vn 0.3149205 -0.2006267 0.9276712
vn 0.3149216 -0.2006279 0.9276707
vn 0.08081837 -0.364548 0.9276709
vn 0.08081836 -0.364548 0.9276708
vn 0.08081836 -0.364548 0.9276708
vn 0.08081844 -0.3645471 0.9276711
vn -0.2006271 -0.314921 0.927671
vn -0.2006271 -0.314921 0.927671
vn -0.2006271 -0.314921 0.927671
vn -0.2006245 -0.3149189 0.9276723
vn -0.3645467 -0.08081821 0.9276713
vn -0.3645468 -0.08081821 0.9276713
vn -0.3645467 -0.0808182 0.9276713
vn -0.3645482 -0.08081803 0.9276708
vn -0.3149186 0.2006255 0.9276723
vn -0.3149186 0.2006255 0.9276723
vn -0.3149186 0.2006255 0.9276723
vn -0.3149196 0.2006268 0.9276716
vn -0.08081863 0.3645452 0.9276719
vn -0.08081864 0.3645452 0.9276719
vn -0.08081863 0.3645451 0.9276719
vn -0.0808184 0.3645471 0.9276711
vn 0.5373036 0.8433889 0
vn 0.5373037 0.8433889 0
vn 0.5373036 0.8433889 0
vn 0.5373036 0.8433889 0
vn 0.9762958 0.2164405 0
vn 0.9762958 0.2164405 0
vn 0.9762958 0.2164405 0
vn 0.9762958 0.2164405 0
vn 0.8433906 -0.5373011 0
vn 0.8433905 -0.537301 0
vn 0.8433905 -0.5373011 0
vn 0.8433905 -0.5373011 0
vn 0.2164403 -0.9762958 0
vn 0.2164403 -0.9762958 0
vn 0.2164403 -0.9762958 0
vn 0.2164403 -0.9762958 0
vn -0.5372978 -0.8433926 0
vn -0.5372977 -0.8433926 0
vn -0.5372978 -0.8433926 0
vn -0.5372978 -0.8433926 0
vn -0.9762962 -0.2164387 0
vn -0.9762962 -0.2164387 0
vn -0.9762962 -0.2164387 0
vn -0.9762962 -0.2164387 0
vn -0.8433904 0.5373012 0
vn -0.8433904 0.5373013 0
vn -0.8433904 0.5373013 0
vn -0.8433904 0.5373013 0
vn -0.2164403 0.9762959 0
vn -0.2164403 0.9762959 0
vn -0.2164402 0.9762959 0
vn -0.2164402 0.9762959 0
vn 0.1250108 0.1962278 0.9725569
vn 0.1250108 0.1962278 0.9725569
vn 0.1250108 0.1962278 0.9725569
vn 0.1250109 0.1962279 0.9725569
vn 0.2271504 0.0503583 0.9725568
vn 0.2271504 0.05035829 0.9725568
vn 0.2271504 0.05035829 0.9725568
vn 0.2271514 0.05035807 0.9725566
vn 0.1962281 -0.1250108 0.9725569
vn 0.196228 -0.1250108 0.9725569
vn 0.196228 -0.1250108 0.9725569
vn 0.1962283 -0.1250113 0.9725567
vn 0.05035782 -0.2271509 0.9725567
vn 0.05035781 -0.2271509 0.9725567
vn 0.05035782 -0.2271509 0.9725567
vn 0.05035798 -0.2271501 0.9725569
vn -0.1250109 -0.1962279 0.9725569
vn -0.1250109 -0.1962279 0.9725569
vn -0.1250108 -0.1962279 0.9725569
vn -0.1250116 -0.1962284 0.9725567
vn -0.2271514 -0.05035802 0.9725566
vn -0.2271514 -0.05035802 0.9725566
vn -0.2271514 -0.05035802 0.9725566
vn -0.2271507 -0.05035817 0.9725567
vn -0.1962283 0.1250108 0.9725568
vn -0.1962283 0.1250108 0.9725568
vn -0.1962283 0.1250108 0.9725568
vn -0.1962288 0.1250116 0.9725566
vn -0.05035779 0.2271511 0.9725567
vn -0.05035779 0.2271511 0.9725567
vn -0.05035779 0.2271511 0.9725567
vn -0.050358 0.2271502 0.9725569
vn 0.5372995 0.8433915 0
vn 0.5372995 0.8433915 0
vn 0.5372995 0.8433915 0
vn 0.5372995 0.8433915 0
vn 0.9762962 0.2164389 0
vn 0.9762962 0.2164389 0
vn 0.9762962 0.2164389 0
vn 0.9762962 0.2164389 0
vn 0.8433914 -0.5372997 0
vn 0.8433914 -0.5372997 0
vn 0.8433914 -0.5372997 0
vn 0.8433914 -0.5372997 0
vn 0.2164397 -0.9762961 0
vn 0.2164397 -0.9762961 0
vn 0.2164397 -0.9762961 0
vn 0.2164397 -0.9762961 0
vn -0.5373008 -0.8433908 0
vn -0.5373008 -0.8433908 0
vn -0.5373008 -0.8433908 0
vn -0.5373008 -0.8433908 0
vn -0.9762959 -0.21644 0
vn -0.9762959 -0.21644 0
vn -0.9762959 -0.21644 0
vn -0.9762959 -0.21644 0
vn -0.8433912 0.5372999 0
vn -0.8433912 0.5372999 0
vn -0.8433912 0.5373 0
vn -0.8433912 0.5373 0
vn -0.2164397 0.9762961 0
vn -0.2164397 0.9762961 0
vn -0.2164397 0.9762961 0
vn -0.2164397 0.9762961 0
vn -0.5372993 -0.8433916 0
vn -0.5372993 -0.8433916 0
vn -0.5372993 -0.8433916 0
vn -0.5372993 -0.8433916 0
vn -0.9762958 -0.2164407 0
vn -0.9762958 -0.2164407 0
vn -0.9762958 -0.2164407 0
vn -0.9762958 -0.2164407 0
vn -0.843392 0.5372987 0
vn -0.843392 0.5372987 0
vn -0.843392 0.5372988 0
vn -0.843392 0.5372988 0
vn -0.2164383 0.9762962 0
vn -0.2164382 0.9762962 0
vn -0.2164383 0.9762962 0
vn -0.2164383 0.9762962 0
vn 0.5372998 0.8433914 0
vn 0.5372998 0.8433914 0
vn 0.5372998 0.8433914 0
vn 0.5372994 0.8433916 1.169619E-06
vn 0.9762961 0.2164395 2.125247E-06
vn 0.9762961 0.2164395 2.125247E-06
vn 0.9762961 0.2164395 2.125247E-06
vn 0.9762962 0.2164387 0
vn 0.8433906 -0.5373011 0
vn 0.8433906 -0.5373011 0
vn 0.8433906 -0.5373011 0
vn 0.8433921 -0.5372985 7.432371E-06
vn 0.2164416 -0.9762956 9.207725E-06
vn 0.2164416 -0.9762956 9.207726E-06
vn 0.2164416 -0.9762956 9.207725E-06
vn 0.216438 -0.9762964 0
vn 0.984808 -0.1736472 3.14924E-07
vn 0.984808 -0.1736472 3.14924E-07
vn 0.984808 -0.1736472 3.14924E-07
vn 0.9848074 -0.1736502 -5.187125E-07
vn 0.9848074 -0.1736503 -3.270256E-07
vn 0.9848078 -0.1736476 -6.631339E-07
vn -0.9848077 0.1736484 -5.451663E-07
vn -0.9848077 0.1736484 -5.451662E-07
vn -0.9848077 0.1736484 -5.451663E-07
vn -0.9848077 0.1736484 -5.451663E-07
vn -0.9848077 0.1736484 1.435696E-06
vn -0.984807 0.1736523 -1.111176E-06
vn 0.1714269 0.9722539 0.15917
vn 0.1714269 0.9722539 0.15917
vn 0.1714269 0.9722539 0.15917
vn 0.1714403 0.9722519 0.1591679
vn -0.09910649 -0.562067 0.8211325
vn -0.09910651 -0.562067 0.8211325
vn -0.09910649 -0.5620671 0.8211325
vn -0.09911415 -0.5620689 0.8211302
vn 0.1625346 0.9217471 -0.3520862
vn 0.1625346 0.9217471 -0.3520862
vn 0.1625346 0.9217471 -0.3520863
vn 0.1625264 0.9217497 -0.3520834
vn -0.1714264 -0.9722545 -0.1591671
vn -0.1714264 -0.9722545 -0.1591672
vn -0.1714264 -0.9722545 -0.1591671
vn -0.1714316 -0.9722535 -0.1591679
vn -0.1637594 -0.9286673 0.3328063
vn -0.1637594 -0.9286673 0.3328063
vn -0.1637594 -0.9286673 0.3328062
vn -0.1637414 -0.9286685 0.3328114
vn 0.9890791 -0.1395734 0.04734819
vn 0.9890791 -0.1395734 0.04734819
vn 0.9890791 -0.1395734 0.04734819
vn 0.9921366 -0.1197683 0.03633938
vn -0.9755462 0.2127165 0.05532677
vn -0.9755464 0.2127165 0.05532679
vn -0.9755464 0.2127165 0.05532678
vn -0.9753539 0.2185071 0.0306521
vn 0.1035772 0.587426 -0.8026223
vn 0.1035772 0.5874261 -0.8026221
vn 0.1035772 0.5874261 -0.8026223
vn 0.10359 0.5874162 -0.8026278
vn 0 0.4943142 0.8692834
vn 0 0.4943142 0.8692834
vn 0 0.4943142 0.8692834
vn 1.3185E-07 0.4943144 0.8692832
vn 0 0.8660264 -0.4999982
vn 0 0.8660264 -0.4999982
vn 0 0.8660264 -0.4999982
vn 0 0.8660264 -0.4999982
vn 1 0.0002717418 -0.0001568895
vn 1 0.0002717418 -0.0001568895
vn 1 0.0002717418 -0.0001568895
vn 1 0.0003260132 -7.572338E-05
vn 2.530434E-07 -0.9740697 0.226248
vn 2.530434E-07 -0.9740697 0.226248
vn 2.530434E-07 -0.9740697 0.226248
vn 2.530434E-07 -0.9740697 0.226248
vn -0.9999998 -0.0006369904 0.0001479544
vn -0.9999998 -0.0006369904 0.0001479544
vn -0.9999998 -0.0006369904 0.0001479543
vn -0.9999999 -0.0005539931 0.0003198466
vn 0.4879341 -0.6428452 0.5904831
vn 0.4879341 -0.6428453 0.5904831
vn 0.4879341 -0.6428453 0.5904831
vn 0.4879336 -0.6428454 0.5904834
vn -1 0 0
vn -1 0 0
vn -1 0 0
vn -1 0 0
vn 0.4879328 0.6428458 -0.5904837
vn 0.4879327 0.6428459 -0.5904836
vn 0.4879327 0.6428459 -0.5904836
vn 0.4879341 0.6428452 -0.5904832
vn 0.4879346 -0.6428449 0.5904831
vn 0.4879346 -0.6428449 0.5904831
vn 0.4879346 -0.6428449 0.5904831
vn 0.4879342 -0.6428452 0.5904832
vn -1 -1.013234E-07 -1.899141E-07
vn -1 -1.013234E-07 -1.899141E-07
vn -1 -1.013234E-07 -1.899141E-07
vn -1 -1.013228E-07 -1.899148E-07
vn 0.4879332 0.6428457 -0.5904832
vn 0.4879333 0.6428457 -0.5904833
vn 0.4879333 0.6428457 -0.5904833
vn 0.4879346 0.642845 -0.5904829
vn 0 0 1
vn 0 0 1
vn 0 0 1
vn 0 0 1
vn 0 0 1
vn 0 0 1
vn 2.2047E-07 -1 2.865691E-06
vn 2.2047E-07 -1 2.865691E-06
vn 2.2047E-07 -1 2.865691E-06
vn 2.2047E-07 -1 2.865691E-06
vn -1.779596E-07 -1 1.432846E-06
vn -1.779595E-07 -1 1.432845E-06
vn -0.9999996 -0.000878182 0
vn -0.9999996 -0.000878182 0
vn -0.9999996 -0.000878182 0
vn -0.9999996 -0.0008781822 0
vn 1 3.199789E-07 0
vn 1 3.199789E-07 0
vn 1 3.199789E-07 0
vn 1 3.19979E-07 0
vn -4.409401E-07 1 0
vn -4.409401E-07 1 0
vn -4.409401E-07 1 0
vn -4.409401E-07 1 0
vn 1.779161E-07 1 0
vn 1.779161E-07 1 0
vn 0 1 0
vn 0 1 0
vn 0 1 0
vn 0 1 0
vn 0 1 0
vn 0 1 0
vn 0 1 0
vn 0 1 0
vn 0 1 0
vn 0 1 0
vn 0 1 0
vn 0 1 0
vn 0 1 0
vn 0 1 0
vn 0 1 0
vn 0 1 0
vn 0 1 0
vn 0 1 0
vn 0 1 0
vn 0 1 0
vn 0 1 0
vn 0 1 0
vn 0 1 0
vn 0 1 0
vn 0 1 0
vn 0 1 0
vn 0 1 0
vn 0 1 0
vn 0 1 0
vn 0 1 0
vn 0 1 0
vn 0 1 0
vn 0 1 0
vn 0 1 0
vn 0 1 0
vn 0 1 0
vn -0.3919462 -0.3271122 0.8598697
vn -0.3919461 -0.3271122 0.8598697
vn -0.3919461 -0.3271122 0.8598697
vn -0.3919463 -0.3271143 0.8598688
vn -0.8944869 -0.344583 0.2848783
vn -0.8944869 -0.3445831 0.2848783
vn -0.894487 -0.344583 0.2848783
vn -0.894486 -0.3445875 0.2848756
vn -0.8642077 -0.1953816 -0.4636499
vn -0.8642077 -0.1953816 -0.4636499
vn -0.8642077 -0.1953816 -0.4636498
vn -0.8642129 -0.1953716 -0.4636442
vn -0.3188561 0.03311624 -0.9472244
vn -0.3188561 0.03311624 -0.9472244
vn -0.3188561 0.03311624 -0.9472244
vn -0.3188559 0.03311603 -0.9472245
vn 0.4221124 0.2070456 -0.8825833
vn 0.4221124 0.2070456 -0.8825833
vn 0.4221124 0.2070456 -0.8825833
vn 0.4221114 0.2070473 -0.8825834
vn 0.9246495 0.2245265 -0.3075891
vn 0.9246495 0.2245265 -0.3075892
vn 0.9246495 0.2245266 -0.3075891
vn 0.9246494 0.2245269 -0.3075893
vn 0.8943748 0.07532409 0.4409307
vn 0.8943748 0.07532408 0.4409307
vn 0.8943749 0.0753241 0.4409307
vn 0.8943753 0.07531102 0.4409321
vn 0.3490185 -0.1531844 0.924511
vn 0.3490185 -0.1531844 0.924511
vn 0.3490186 -0.1531844 0.924511
vn 0.3490204 -0.1531689 0.9245129
vn -0.3673579 -0.4074247 0.836094
vn -0.3673579 -0.4074247 0.836094
vn -0.3673579 -0.4074247 0.8360941
vn -0.367347 -0.4074215 0.8361003
vn -0.8652163 -0.4247382 0.2664551
vn -0.8652163 -0.4247382 0.2664551
vn -0.8652163 -0.4247382 0.2664551
vn -0.865214 -0.424738 0.2664625
vn -0.8352243 -0.2769135 -0.4750993
vn -0.8352243 -0.2769135 -0.4750993
vn -0.8352242 -0.2769135 -0.4750993
vn -0.8352209 -0.2769125 -0.4751058
vn -0.2949468 -0.0505441 -0.9541759
vn -0.2949468 -0.05054411 -0.9541759
vn -0.2949468 -0.0505441 -0.9541759
vn -0.2949452 -0.05054383 -0.9541765
vn 0.4391273 0.1217659 -0.890135
vn 0.4391273 0.1217659 -0.890135
vn 0.4391273 0.1217659 -0.890135
vn 0.4391286 0.1217659 -0.8901343
vn 0.9369842 0.1390785 -0.3204961
vn 0.9369842 0.1390785 -0.3204961
vn 0.9369842 0.1390785 -0.3204961
vn 0.936977 0.139083 -0.3205152
vn 0.90699 -0.008745302 0.4210613
vn 0.90699 -0.008745302 0.4210613
vn 0.9069901 -0.008745302 0.4210613
vn 0.9069865 -0.008748771 0.4210687
vn 0.3667161 -0.2351134 0.9001339
vn 0.3667161 -0.2351134 0.9001339
vn 0.366716 -0.2351134 0.9001339
vn 0.3667093 -0.2351165 0.9001358
vn -0.1675075 -0.8065146 0.5669881
vn -0.1675075 -0.8065146 0.566988
vn -0.1675075 -0.8065146 0.566988
vn -0.1675056 -0.8065127 0.5669915
vn 0.4109327 -0.6707373 0.617451
vn 0.4109327 -0.6707373 0.617451
vn 0.4109327 -0.6707373 0.617451
vn 0.4109302 -0.6707394 0.6174504
vn 0.836662 -0.492364 0.2399469
vn 0.836662 -0.492364 0.2399469
vn 0.836662 -0.492364 0.2399469
vn 0.8366662 -0.4923584 0.2399436
vn 0.8602985 -0.3758771 -0.3443877
vn 0.8602986 -0.3758771 -0.3443877
vn 0.8602986 -0.3758771 -0.3443877
vn 0.8602985 -0.3758754 -0.3443897
vn 0.4679902 -0.3895177 -0.7932598
vn 0.4679902 -0.3895177 -0.7932598
vn 0.4679902 -0.3895177 -0.7932598
vn 0.4679902 -0.3895177 -0.7932599
vn -0.1104487 -0.5252939 -0.8437223
vn -0.1104487 -0.5252939 -0.8437223
vn -0.1104487 -0.5252939 -0.8437223
vn -0.1104477 -0.5252942 -0.8437222
vn -0.5361813 -0.7036712 -0.466215
vn -0.5361813 -0.7036712 -0.466215
vn -0.5361813 -0.7036712 -0.4662151
vn -0.5361794 -0.7036716 -0.4662166
vn -0.559813 -0.8201564 0.1181227
vn -0.559813 -0.8201564 0.1181227
vn -0.559813 -0.8201563 0.1181226
vn -0.5598127 -0.8201569 0.1181209
vn 0.2396641 -0.9539353 -0.1804681
vn 0.2396641 -0.9539353 -0.1804681
vn 0.2396641 -0.9539353 -0.1804681
vn 0.239655 -0.953942 -0.1804442
vn 0.239655 -0.953942 -0.1804442
vn 0.2396549 -0.9539368 -0.1804719
vn 0.2396526 -0.9539396 -0.1804602
vn 0.2396549 -0.9539368 -0.1804719
vn -0.3746149 0.7850105 0.4933783
vn -0.3746149 0.7850105 0.4933784
vn -0.3746149 0.7850105 0.4933784
vn -0.3746112 0.7850147 0.4933745
vn -0.5626321 0.778475 0.2782476
vn -0.5626321 0.778475 0.2782476
vn -0.5626321 0.778475 0.2782476
vn -0.562628 0.7784778 0.278248
vn -0.551303 0.8343031 -0.001802933
vn -0.551303 0.8343031 -0.001802933
vn -0.551303 0.8343031 -0.001802933
vn -0.5513056 0.8343014 -0.001806188
vn -0.3472675 0.9197906 -0.1827308
vn -0.3472675 0.9197906 -0.1827308
vn -0.3472675 0.9197906 -0.1827308
vn -0.3472674 0.9197905 -0.1827314
vn -0.07003804 0.9848644 -0.1585459
vn -0.07003804 0.9848644 -0.1585458
vn -0.07003804 0.9848644 -0.1585459
vn -0.07004496 0.9848651 -0.1585391
vn 0.117973 0.9914033 0.0565846
vn 0.117973 0.9914033 0.05658459
vn 0.117973 0.9914033 0.05658459
vn 0.1179791 0.9914026 0.05658434
vn 0.1066509 0.9355764 0.3366341
vn 0.1066509 0.9355764 0.3366341
vn 0.1066509 0.9355764 0.3366342
vn 0.1066493 0.935577 0.3366329
vn -0.09738577 0.8500869 0.5175599
vn -0.09738577 0.8500869 0.5175599
vn -0.09738577 0.8500869 0.5175599
vn -0.09738568 0.8500865 0.5175608
vn -0.5160503 -0.25409 0.8180039
vn -0.5160503 -0.25409 0.8180039
vn -0.5160503 -0.25409 0.8180039
vn -0.516051 -0.2540931 0.8180026
vn -0.9619824 -0.1840279 0.2018009
vn -0.9619824 -0.1840279 0.2018009
vn -0.9619824 -0.1840279 0.2018009
vn -0.9619822 -0.1840302 0.2017995
vn -0.841231 -0.04233662 -0.5390159
vn -0.841231 -0.04233662 -0.5390159
vn -0.841231 -0.04233662 -0.5390159
vn -0.841231 -0.0423366 -0.5390158
vn -0.2245377 0.08799492 -0.9704843
vn -0.2245377 0.08799492 -0.9704843
vn -0.2245377 0.08799493 -0.9704843
vn -0.2245331 0.08798548 -0.9704862
vn 0.5268574 0.1306118 -0.8398582
vn 0.5268574 0.1306118 -0.8398582
vn 0.5268574 0.1306118 -0.8398582
vn 0.5268567 0.1306136 -0.8398583
vn 0.9727855 0.06054968 -0.2236559
vn 0.9727855 0.06054969 -0.2236559
vn 0.9727855 0.06054969 -0.2236559
vn 0.9727851 0.06055397 -0.2236567
vn 0.8520346 -0.08114531 0.5171581
vn 0.8520346 -0.08114531 0.5171581
vn 0.8520346 -0.08114532 0.5171581
vn 0.8520349 -0.08114368 0.5171579
vn 0.235336 -0.2114772 0.9486277
vn 0.235336 -0.2114772 0.9486277
vn 0.235336 -0.2114772 0.9486277
vn 0.2353383 -0.2114688 0.9486289
vn -0.5037497 -0.3374448 0.7952152
vn -0.5037497 -0.3374448 0.7952152
vn -0.5037498 -0.3374448 0.7952152
vn -0.5037335 -0.3374428 0.7952263
vn -0.9455266 -0.2680428 0.18475
vn -0.9455266 -0.2680428 0.18475
vn -0.9455266 -0.2680428 0.18475
vn -0.9455247 -0.268043 0.1847594
vn -0.8259002 -0.1276722 -0.5491709
vn -0.8259002 -0.1276722 -0.5491709
vn -0.8259002 -0.1276722 -0.5491709
vn -0.8258935 -0.1276713 -0.5491813
vn -0.2149359 0.001440158 -0.9766272
vn -0.2149359 0.001440158 -0.9766272
vn -0.2149359 0.001440158 -0.9766272
vn -0.2149602 0.001440306 -0.9766217
vn 0.5294516 0.04366213 -0.8472158
vn 0.5294516 0.04366212 -0.8472158
vn 0.5294516 0.04366213 -0.8472158
vn 0.5294678 0.04365929 -0.8472059
vn 0.9712306 -0.02574125 -0.2367458
vn 0.9712306 -0.02574125 -0.2367458
vn 0.9712306 -0.02574125 -0.2367458
vn 0.9712259 -0.02573545 -0.2367655
vn 0.8516027 -0.1661096 0.4971725
vn 0.8516027 -0.1661096 0.4971725
vn 0.8516027 -0.1661096 0.4971725
vn 0.8516002 -0.1661111 0.4971762
vn 0.2406483 -0.295222 0.9246256
vn 0.2406483 -0.295222 0.9246256
vn 0.2406483 -0.295222 0.9246256
vn 0.2406461 -0.2952225 0.9246259
vn -0.3532682 -0.7651728 0.5382491
vn -0.3532682 -0.7651728 0.5382493
vn -0.3532682 -0.7651728 0.5382491
vn -0.3532669 -0.7651716 0.5382516
vn 0.2333103 -0.7319013 0.640224
vn 0.2333103 -0.7319013 0.640224
vn 0.2333103 -0.7319013 0.640224
vn 0.2333043 -0.7319052 0.6402218
vn 0.7147319 -0.6301667 0.3033945
vn 0.7147319 -0.6301667 0.3033945
vn 0.7147319 -0.6301667 0.3033945
vn 0.7147341 -0.6301649 0.3033933
vn 0.808998 -0.5195567 -0.2749237
vn 0.808998 -0.5195567 -0.2749237
vn 0.808998 -0.5195567 -0.2749237
vn 0.8089982 -0.519556 -0.2749245
vn 0.4608819 -0.4648679 -0.7559668
vn 0.4608819 -0.4648678 -0.7559668
vn 0.4608818 -0.4648678 -0.7559668
vn 0.4608829 -0.464869 -0.7559655
vn -0.1256878 -0.4981392 -0.8579394
vn -0.1256878 -0.4981392 -0.8579394
vn -0.1256878 -0.4981392 -0.8579394
vn -0.125696 -0.4981351 -0.8579404
vn -0.6071187 -0.5998737 -0.5211126
vn -0.6071187 -0.5998737 -0.5211126
vn -0.6071187 -0.5998737 -0.5211126
vn -0.6071187 -0.5998737 -0.5211126
vn -0.7013837 -0.7104844 0.05720893
vn -0.7013837 -0.7104844 0.05720893
vn -0.7013837 -0.7104844 0.05720893
vn -0.7013838 -0.7104842 0.05720929
vn 0.0858563 -0.9810588 -0.1736441
vn 0.0858563 -0.9810588 -0.1736441
vn 0.08585631 -0.9810588 -0.1736441
vn 0.0858232 -0.9810674 -0.1736118
vn 0.08582321 -0.9810674 -0.1736118
vn 0.08584838 -0.9810593 -0.1736454
vn 0.0858293 -0.9810604 -0.1736487
vn 0.0858484 -0.9810593 -0.1736454
vn -0.2747172 0.8381416 0.471221
vn -0.2747172 0.8381416 0.471221
vn -0.2747172 0.8381416 0.4712209
vn -0.2747144 0.8381437 0.4712188
vn -0.4415517 0.8643523 0.2406803
vn -0.4415517 0.8643523 0.2406803
vn -0.4415517 0.8643523 0.2406803
vn -0.441554 0.8643513 0.2406799
vn -0.3963773 0.9173623 -0.03648848
vn -0.3963772 0.9173623 -0.03648848
vn -0.3963773 0.9173623 -0.03648848
vn -0.3963754 0.9173632 -0.0364859
vn -0.1656497 0.9661219 -0.1979108
vn -0.1656497 0.9661219 -0.1979108
vn -0.1656496 0.9661219 -0.1979108
vn -0.1656495 0.9661216 -0.1979126
vn 0.1154728 0.9820656 -0.1490411
vn 0.1154728 0.9820656 -0.1490411
vn 0.1154728 0.9820656 -0.1490411
vn 0.1154796 0.9820639 -0.1490469
vn 0.2823138 0.9558542 0.08149628
vn 0.2823138 0.9558542 0.08149628
vn 0.2823137 0.9558542 0.08149628
vn 0.2823107 0.9558552 0.08149616
vn 0.237131 0.9028443 0.3586657
vn 0.237131 0.9028443 0.3586657
vn 0.237131 0.9028443 0.3586657
vn 0.2371275 0.9028466 0.3586621
vn 0.006403384 0.8540886 0.5200881
vn 0.006403384 0.8540886 0.5200881
vn 0.006403384 0.8540885 0.5200881
vn 0.006403121 0.8540863 0.520092
vn -0.5160557 -0.25408 0.8180036
vn -0.5160557 -0.25408 0.8180036
vn -0.5160557 -0.25408 0.8180036
vn -0.5160536 -0.2540695 0.8180082
vn -0.9619837 -0.1840203 0.2018013
vn -0.9619837 -0.1840203 0.2018013
vn -0.9619837 -0.1840203 0.2018013
vn -0.9619836 -0.1840215 0.2018005
vn -0.841231 -0.0423368 -0.5390157
vn -0.841231 -0.0423368 -0.5390157
vn -0.841231 -0.0423368 -0.5390157
vn -0.8412317 -0.04233489 -0.5390148
vn -0.2245328 0.08799011 -0.9704859
vn -0.2245328 0.08799011 -0.9704859
vn -0.2245328 0.08799011 -0.9704859
vn -0.2245308 0.08798614 -0.9704866
vn 0.5268555 0.130601 -0.8398611
vn 0.5268555 0.130601 -0.8398611
vn 0.5268555 0.130601 -0.8398611
vn 0.5268534 0.1306068 -0.8398615
vn 0.9727852 0.06054363 -0.2236592
vn 0.9727852 0.06054363 -0.2236592
vn 0.9727852 0.06054363 -0.2236592
vn 0.972785 0.06054545 -0.2236595
vn 0.8520346 -0.08114506 0.5171581
vn 0.8520346 -0.08114506 0.5171581
vn 0.8520345 -0.08114505 0.5171582
vn 0.852034 -0.0811492 0.5171586
vn 0.2353391 -0.2114559 0.9486316
vn 0.2353391 -0.2114559 0.9486316
vn 0.2353391 -0.2114559 0.9486316
vn 0.2353356 -0.2114684 0.9486297
vn -0.5037481 -0.3374448 0.7952163
vn -0.5037481 -0.3374448 0.7952163
vn -0.5037481 -0.3374448 0.7952163
vn -0.5037317 -0.3374428 0.7952275
vn -0.9455278 -0.2680409 0.1847466
vn -0.9455278 -0.2680409 0.1847466
vn -0.9455278 -0.2680409 0.1847466
vn -0.9455243 -0.2680413 0.1847633
vn -0.8259004 -0.1276709 -0.5491709
vn -0.8259004 -0.1276709 -0.5491709
vn -0.8259004 -0.1276709 -0.5491709
vn -0.8258983 -0.1276707 -0.5491741
vn -0.2149406 0.001440582 -0.9766261
vn -0.2149406 0.001440582 -0.9766261
vn -0.2149406 0.001440582 -0.9766261
vn -0.2149456 0.001440613 -0.976625
vn 0.5294507 0.04366061 -0.8472165
vn 0.5294506 0.04366061 -0.8472165
vn 0.5294506 0.04366061 -0.8472165
vn 0.5294583 0.04365924 -0.8472117
vn 0.9712321 -0.02574368 -0.2367392
vn 0.9712321 -0.02574368 -0.2367392
vn 0.9712321 -0.02574368 -0.2367392
vn 0.9712266 -0.02573676 -0.2367627
vn 0.8516027 -0.1661107 0.4971721
vn 0.8516027 -0.1661107 0.4971721
vn 0.8516027 -0.1661107 0.4971721
vn 0.8516032 -0.1661105 0.4971714
vn 0.2406511 -0.2952208 0.9246252
vn 0.2406511 -0.2952208 0.9246252
vn 0.2406511 -0.2952208 0.9246252
vn 0.2406217 -0.2952284 0.9246305
vn -0.3532647 -0.7651749 0.5382485
vn -0.3532647 -0.7651749 0.5382485
vn -0.3532647 -0.7651749 0.5382485
vn -0.353267 -0.765177 0.5382441
vn 0.2333092 -0.731907 0.640218
vn 0.2333092 -0.731907 0.6402179
vn 0.2333092 -0.731907 0.640218
vn 0.233309 -0.7319072 0.6402178
vn 0.7147335 -0.6301665 0.3033912
vn 0.7147335 -0.6301665 0.3033912
vn 0.7147335 -0.6301665 0.3033912
vn 0.7147324 -0.6301674 0.3033918
vn 0.8089963 -0.519564 -0.2749151
vn 0.8089963 -0.519564 -0.2749151
vn 0.8089963 -0.519564 -0.2749151
vn 0.8089987 -0.5195539 -0.274927
vn 0.460881 -0.4648646 -0.7559693
vn 0.460881 -0.4648646 -0.7559693
vn 0.4608809 -0.4648645 -0.7559693
vn 0.4608821 -0.4648659 -0.7559678
vn -0.1256919 -0.4981343 -0.8579416
vn -0.1256919 -0.4981343 -0.8579416
vn -0.1256919 -0.4981343 -0.8579416
vn -0.125693 -0.4981337 -0.8579417
vn -0.6071209 -0.5998725 -0.5211115
vn -0.6071209 -0.5998725 -0.5211114
vn -0.607121 -0.5998725 -0.5211115
vn -0.6071189 -0.5998734 -0.5211129
vn -0.7013819 -0.7104865 0.05720433
vn -0.7013819 -0.7104865 0.05720433
vn -0.7013819 -0.7104865 0.05720433
vn -0.7013823 -0.7104859 0.05720616
vn 0.0858161 -0.9810597 -0.1736587
vn 0.0858161 -0.9810597 -0.1736587
vn 0.08581609 -0.9810597 -0.1736587
vn 0.08582431 -0.9810618 -0.1736433
vn 0.08582432 -0.9810618 -0.1736433
vn 0.08583073 -0.9810607 -0.1736459
vn 0.08583502 -0.9810605 -0.1736451
vn 0.08583074 -0.9810607 -0.1736459
vn -0.2747183 0.8381414 0.4712207
vn -0.2747183 0.8381414 0.4712206
vn -0.2747183 0.8381413 0.4712206
vn -0.2747205 0.8381398 0.4712223
vn -0.441558 0.8643488 0.2406819
vn -0.4415579 0.8643488 0.2406819
vn -0.4415579 0.8643488 0.2406819
vn -0.4415619 0.864347 0.2406812
vn -0.3963846 0.9173591 -0.03649297
vn -0.3963846 0.9173591 -0.03649297
vn -0.3963846 0.9173591 -0.03649297
vn -0.3963831 0.9173597 -0.036491
vn -0.1656516 0.9661195 -0.1979209
vn -0.1656516 0.9661195 -0.1979208
vn -0.1656516 0.9661195 -0.1979208
vn -0.1656507 0.9661183 -0.1979279
vn 0.115477 0.9820632 -0.1490537
vn 0.115477 0.9820632 -0.1490537
vn 0.115477 0.9820632 -0.1490537
vn 0.1154699 0.9820649 -0.1490477
vn 0.2823147 0.9558535 0.08150074
vn 0.2823147 0.9558535 0.08150075
vn 0.2823146 0.9558535 0.08150074
vn 0.2823123 0.9558543 0.08150065
vn 0.2371348 0.9028422 0.3586685
vn 0.2371348 0.9028422 0.3586685
vn 0.2371348 0.9028422 0.3586685
vn 0.2371308 0.9028448 0.3586643
vn 0.006404071 0.8540871 0.5200905
vn 0.006404071 0.8540872 0.5200905
vn 0.006404071 0.8540872 0.5200905
vn 0.006403957 0.8540863 0.5200921
vn -0.5122947 -0.3117869 0.8002144
vn -0.5122947 -0.311787 0.8002144
vn -0.5122947 -0.311787 0.8002144
vn -0.5122949 -0.311788 0.8002139
vn -0.9524162 -0.2464585 0.1793363
vn -0.9524162 -0.2464584 0.1793363
vn -0.9524162 -0.2464585 0.1793363
vn -0.9524156 -0.2464635 0.1793331
vn -0.8292487 -0.07245251 -0.5541637
vn -0.8292485 -0.07245249 -0.5541637
vn -0.8292487 -0.07245251 -0.5541637
vn -0.829255 -0.07243802 -0.5541559
vn -0.2149517 0.1083298 -0.9705979
vn -0.2149517 0.1083298 -0.9705979
vn -0.2149517 0.1083297 -0.9705979
vn -0.2149484 0.1083239 -0.9705994
vn 0.5306368 0.189976 -0.8260349
vn 0.5306368 0.189976 -0.8260349
vn 0.5306368 0.189976 -0.8260349
vn 0.5306388 0.1899714 -0.8260347
vn 0.9707597 0.1246507 -0.2051533
vn 0.9707597 0.1246507 -0.2051533
vn 0.9707597 0.1246507 -0.2051533
vn 0.9707584 0.1246585 -0.2051545
vn 0.8475959 -0.04937031 0.5283405
vn 0.847596 -0.04937032 0.5283405
vn 0.8475959 -0.04937031 0.5283405
vn 0.8475965 -0.04936481 0.5283401
vn 0.2333 -0.2301401 0.9447786
vn 0.2333 -0.2301401 0.9447786
vn 0.2333 -0.2301401 0.9447786
vn 0.2332972 -0.2301531 0.9447762
vn -0.4947855 -0.3934546 0.7748426
vn -0.4947854 -0.3934545 0.7748426
vn -0.4947854 -0.3934545 0.7748426
vn -0.4947686 -0.3934518 0.7748547
vn -0.9308124 -0.3287419 0.1597409
vn -0.9308123 -0.3287419 0.1597409
vn -0.9308123 -0.3287419 0.1597409
vn -0.9308138 -0.3287415 0.1597326
vn -0.8087993 -0.1563437 -0.5669219
vn -0.8087993 -0.1563436 -0.5669219
vn -0.8087993 -0.1563436 -0.5669219
vn -0.8087938 -0.1563424 -0.5669301
vn -0.2002085 0.02275571 -0.979489
vn -0.2002085 0.02275571 -0.979489
vn -0.2002085 0.02275571 -0.979489
vn -0.2002162 0.02275526 -0.9794875
vn 0.538438 0.1036376 -0.8362678
vn 0.538438 0.1036376 -0.8362678
vn 0.538438 0.1036376 -0.8362678
vn 0.538435 0.103638 -0.8362696
vn 0.9744586 0.03892469 -0.2211682
vn 0.9744586 0.03892469 -0.2211682
vn 0.9744586 0.03892469 -0.2211682
vn 0.9744568 0.03892686 -0.221175
vn 0.8524414 -0.1334747 0.5054981
vn 0.8524414 -0.1334747 0.5054981
vn 0.8524414 -0.1334747 0.5054981
vn 0.8524398 -0.1334759 0.5055003
vn 0.2438551 -0.3125725 0.9180594
vn 0.2438551 -0.3125724 0.9180595
vn 0.2438551 -0.3125724 0.9180595
vn 0.2438525 -0.3125733 0.9180599
vn -0.3157111 -0.8025704 0.5061691
vn -0.3157111 -0.8025704 0.5061691
vn -0.3157111 -0.8025704 0.5061691
vn -0.3157123 -0.8025715 0.5061666
vn 0.2663306 -0.7388389 0.6190194
vn 0.2663306 -0.7388389 0.6190194
vn 0.2663306 -0.7388389 0.6190194
vn 0.2663354 -0.7388356 0.6190215
vn 0.7458882 -0.5977094 0.2939291
vn 0.7458882 -0.5977094 0.2939291
vn 0.7458882 -0.5977094 0.2939291
vn 0.7458889 -0.5977086 0.2939288
vn 0.8420355 -0.4618617 -0.2786752
vn 0.8420356 -0.4618617 -0.2786752
vn 0.8420356 -0.4618617 -0.2786752
vn 0.8420352 -0.4618636 -0.278673
vn 0.4984556 -0.4108719 -0.7633651
vn 0.4984556 -0.4108719 -0.7633652
vn 0.4984556 -0.4108718 -0.7633652
vn 0.498453 -0.4108692 -0.7633682
vn -0.08358563 -0.4746035 -0.876222
vn -0.08358563 -0.4746036 -0.876222
vn -0.08358563 -0.4746035 -0.876222
vn -0.08359444 -0.4745998 -0.8762231
vn -0.5631511 -0.6157266 -0.5511276
vn -0.5631511 -0.6157265 -0.5511276
vn -0.5631511 -0.6157266 -0.5511276
vn -0.5631472 -0.6157278 -0.5511301
vn -0.6592965 -0.7515762 0.0214793
vn -0.6592965 -0.7515762 0.02147931
vn -0.6592965 -0.7515762 0.02147931
vn -0.6592953 -0.7515773 0.02147547
vn 0.1457393 -0.9678198 -0.205146
vn 0.1457393 -0.9678198 -0.205146
vn 0.1457393 -0.9678198 -0.205146
vn 0.145746 -0.9678196 -0.2051426
vn 0.1457459 -0.9678196 -0.2051426
vn 0.1457584 -0.9678196 -0.2051337
vn 0.1457578 -0.9678137 -0.2051611
vn 0.1457584 -0.9678196 -0.2051337
vn -0.3303083 0.8039562 0.4945208
vn -0.3303083 0.8039562 0.4945209
vn -0.3303083 0.8039562 0.4945209
vn -0.3303106 0.8039542 0.4945225
vn -0.4949784 0.8283925 0.2622259
vn -0.4949784 0.8283925 0.2622259
vn -0.4949783 0.8283925 0.2622259
vn -0.4949731 0.8283952 0.2622271
vn -0.4488933 0.893502 -0.01220005
vn -0.4488934 0.893502 -0.01220005
vn -0.4488934 0.893502 -0.01220005
vn -0.4488935 0.8935019 -0.01220037
vn -0.2190618 0.9611386 -0.1680014
vn -0.2190618 0.9611386 -0.1680014
vn -0.2190618 0.9611386 -0.1680014
vn -0.2190612 0.961138 -0.1680054
vn 0.05988914 0.9916834 -0.1139179
vn 0.05988914 0.9916834 -0.1139179
vn 0.05988913 0.9916834 -0.1139179
vn 0.05989748 0.9916822 -0.1139247
vn 0.2245663 0.9672424 0.1183728
vn 0.2245663 0.9672424 0.1183728
vn 0.2245663 0.9672424 0.1183728
vn 0.224553 0.9672455 0.1183722
vn 0.178473 0.9021395 0.3927999
vn 0.178473 0.9021395 0.3927999
vn 0.1784731 0.9021395 0.3927999
vn 0.1784762 0.9021375 0.392803
vn -0.05135608 0.8345013 0.5486075
vn -0.05135608 0.8345013 0.5486075
vn -0.05135608 0.8345013 0.5486075
vn -0.05135607 0.8345012 0.5486075
vn -0.001005643 -0.9999995 0
vn -0.001005643 -0.9999995 0
vn -0.001005642 -0.9999995 0
vn -0.001005642 -0.9999995 0
vn 0.6749653 -0.7378495 0
vn 0.6749653 -0.7378494 0
vn 0.6749653 -0.7378495 0
vn 0.6749653 -0.7378495 0
vn -5.148841E-07 5.628541E-07 1
vn -5.148841E-07 5.628541E-07 1
vn -5.148842E-07 5.628542E-07 1
vn -3.452703E-07 0 1
vn -3.452702E-07 0 1
vn -3.452702E-07 0 1
vn -3.452708E-07 0 1
vn -5.148853E-07 -5.628548E-07 1
vn 1 6.963108E-07 0
vn 1 6.963109E-07 0
vn 1 6.963108E-07 0
vn 1 -6.963108E-07 -1.146281E-05
vn 1 6.963109E-07 -1.146281E-05
vn 1 -6.963108E-07 0
vn -0.9999926 0.0005199003 0.003824522
vn -0.9999927 4.558502E-07 0.003833049
vn -0.9999926 0.0005199003 0.003824522
vn -0.9999927 4.558502E-07 0.003833049
vn -0.9999927 4.558501E-07 0.003833049
vn -0.9999926 0 0.003837425
vn -0.9999926 0 0.003837425
vn -0.9999927 -4.558501E-07 0.003833048
vn -0.9999926 -0.0005078139 0.003832042
vn -0.9999926 -0.0005199009 0.003820146
vn 0 0 1
vn 0 0 1
vn 0 0 1
vn 0 0 1
vn 0 0 1
vn 0 0 1
vn 0 0 1
vn 0 0 1
vn 0 0 1
vn 0 0 1
vn 0 -1 0
vn 0 -1 0
vn 0 -1 0
vn 0 -1 0
vn 0 0 -1
vn 0 0 -1
vn 0 0 -1
vn 0 0 -1
vn 1 0 0
vn 1 0 0
vn 1 0 0
vn 1 0 0
vn 0 0 1
vn 0 0 1
vn 0 0 1
vn 0 0 1
vn -1 0 0
vn -1 0 0
vn -1 0 0
vn -1 0 0
vn -0.001005385 0.9999995 0
vn -0.001005385 0.9999995 0
vn -0.001005385 0.9999995 0
vn -0.001005387 0.9999995 0
vn 0.6749656 0.7378492 0
vn 0.6749656 0.7378492 0
vn 0.6749656 0.7378492 0
vn 0.6749656 0.7378492 0
vn 0 1 0
vn 0 1 0
vn 0 1 0
vn 0 1 0
vn 0 0 -1
vn 0 0 -1
vn 0 0 -1
vn 0 0 -1
vn 1 0 0
vn 1 0 0
vn 1 0 0
vn 1 0 0
vn 0 0 1
vn 0 0 1
vn 0 0 1
vn 0 0 1
vn -1 0 0
vn -1 0 0
vn -1 0 0
vn -1 0 0
vn 0 0 1
vn 0 0 1
vn 0 0 1
vn 0 0 1
vn 0 0 1
vn 0 0 1
vn 0 0 1
vn 0 0 1
vn 0 0 1
vn 0 0 1
vn -1.290738E-07 -1 0
vn -1.290738E-07 -1 0
vn -1.290738E-07 -1 0
vn -1.290738E-07 -1 0
vn 0 -1 0
vn 0 -1 0
vn 0 -1 0
vn 0 -1 0
vn -2.581476E-07 -1 0
vn -2.581476E-07 -1 0
vn 1 -7.782758E-07 0
vn 1 -7.782758E-07 0
vn 1 -7.782758E-07 0
vn 1 -7.782758E-07 0
vn 0 0 1
vn 0 0 1
vn 0 0 1
vn 0 0 1
vn 0 -1 0
vn 0 -1 0
vn 0 -1 0
vn 0 -1 0
vn 3.273618E-07 -1 -2.759E-07
vn 3.273618E-07 -1 -2.759E-07
vn 1 0 0
vn 1 0 0
vn 1 0 0
vn 1 0 0
vn 0 1 0
vn 0 1 0
vn 0 1 0
vn 0 1 0
vn 4.364825E-07 1 2.940221E-06
vn 4.364825E-07 1 2.940221E-06
vn -1 -2.431611E-07 0
vn -1 -2.431611E-07 0
vn -1 -2.431611E-07 0
vn -1 -2.431611E-07 0
vn 0.76465 0 0.6444458
vn 0.76465 0 0.6444457
vn 0.76465 0 0.6444458
vn 0.76465 0 0.6444458
vn -0.7646491 0 0.6444469
vn -0.7646491 0 0.6444469
vn -0.764649 0 0.644447
vn -0.76465 -1.859331E-07 0.6444458
vn 0.9238806 0.3826808 0
vn 0.9238806 0.3826808 0
vn 0.9238806 0.3826808 0
vn 0.9238806 0.3826808 0
vn 0.3826792 0.9238812 0
vn 0.3826792 0.9238812 0
vn 0.3826792 0.9238812 0
vn 0.3826792 0.9238812 0
vn -0.3826797 0.9238811 0
vn -0.3826797 0.9238811 0
vn -0.3826797 0.9238811 0
vn -0.3826797 0.9238811 0
vn -0.9238803 0.3826815 0
vn -0.9238803 0.3826815 0
vn -0.9238803 0.3826815 0
vn -0.9238803 0.3826815 0
vn -0.9238793 -0.3826839 0
vn -0.9238793 -0.3826839 0
vn -0.9238793 -0.3826839 0
vn -0.9238793 -0.3826839 0
vn -0.3826829 -0.9238797 0
vn -0.382683 -0.9238797 0
vn -0.3826829 -0.9238797 0
vn -0.3826829 -0.9238797 0
vn 0.3826831 -0.9238797 0
vn 0.3826831 -0.9238797 0
vn 0.3826831 -0.9238797 0
vn 0.3826831 -0.9238797 0
vn 0.9238796 -0.3826833 0
vn 0.9238795 -0.3826833 0
vn 0.9238796 -0.3826833 0
vn 0.9238796 -0.3826833 0
vn 0 0 1
vn 0 0 1
vn 0 0 1
vn 0 0 1
vn 0 0 1
vn 0 0 1
vn 0 0 1
vn 0 0 1
vn -0.3007032 0.9537178 0
vn -0.3007032 0.9537178 0
vn -0.3007032 0.9537178 0
vn -0.3007032 0.9537178 0
vn -0.8870129 0.4617447 0
vn -0.8870129 0.4617447 0
vn -0.8870128 0.4617448 0
vn -0.8870128 0.4617448 0
vn -0.9537182 -0.3007018 0
vn -0.9537182 -0.3007018 0
vn -0.9537182 -0.3007018 0
vn -0.9537182 -0.3007018 0
vn -0.461746 -0.8870122 0
vn -0.461746 -0.8870122 0
vn -0.461746 -0.8870122 0
vn -0.461746 -0.8870122 0
vn 0.3007065 -0.9537167 0
vn 0.3007066 -0.9537167 0
vn 0.3007066 -0.9537167 0
vn 0.3007066 -0.9537167 0
vn 0.8870109 -0.4617484 0
vn 0.8870109 -0.4617484 0
vn 0.8870109 -0.4617484 0
vn 0.8870109 -0.4617484 0
vn 0.9537172 0.3007051 0
vn 0.9537172 0.3007051 0
vn 0.9537172 0.3007051 0
vn 0.9537172 0.3007051 0
vn 0.4617489 0.8870108 0
vn 0.4617489 0.8870108 0
vn 0.4617489 0.8870108 0
vn 0.4617489 0.8870108 0
vn 0 0 1
vn 0 0 1
vn 0 0 1
vn 0 0 1
vn 0 0 1
vn 0 0 1
vn 0 0 1
vn 0 0 1
vn -0.06754394 -0.9977163 0
vn -0.06754395 -0.9977163 0
vn -0.06754395 -0.9977163 0
vn -0.0678038 -0.9976986 -0.0001387
vn -0.06793969 -0.9976894 8.64246E-05
vn -0.1496458 0.9887397 0
vn -0.1496458 0.9887397 0
vn -0.1496458 0.9887397 0
vn -0.1759903 0.9843907 0.001587682
vn -0.3842568 0.8529497 -0.3533036
vn -0.3842568 0.8529497 -0.3533036
vn -0.3842568 0.8529497 -0.3533036
vn -0.3842587 0.8529488 -0.353304
vn -0.3842553 0.353304 -0.8529503
vn -0.3842553 0.3533039 -0.8529503
vn -0.3842553 0.3533039 -0.8529503
vn -0.3842592 0.3533018 -0.8529494
vn -0.3842553 -0.3533044 -0.8529501
vn -0.3842553 -0.3533045 -0.8529501
vn -0.3842553 -0.3533044 -0.8529501
vn -0.384261 -0.3533013 -0.8529488
vn -0.3842631 -0.8529471 -0.3533033
vn -0.3842631 -0.8529471 -0.3533033
vn -0.384263 -0.8529469 -0.3533033
vn -0.3842585 -0.8529496 -0.3533022
vn -0.3842538 -0.8529506 0.3533048
vn -0.3842539 -0.8529506 0.3533048
vn -0.3842539 -0.8529506 0.3533048
vn -0.384258 -0.8529484 0.3533057
vn -0.3842538 -0.3533051 0.8529505
vn -0.3842538 -0.3533051 0.8529505
vn -0.3842538 -0.3533051 0.8529505
vn -0.3842538 -0.353305 0.8529505
vn -0.3842539 0.3533046 0.8529507
vn -0.3842539 0.3533045 0.8529507
vn -0.3842539 0.3533045 0.8529507
vn -0.3842565 0.353303 0.8529501
vn -0.3842549 0.8529507 0.3533034
vn -0.3842549 0.8529507 0.3533034
vn -0.3842549 0.8529507 0.3533034
vn -0.3842569 0.8529497 0.3533038
vn -0.9788689 0 0.2044889
vn -0.9788689 0 0.2044889
vn -0.9788689 0 0.2044889
vn -0.9788706 2.02416E-06 0.2044806
vn -0.9988744 0.01815223 0.04382357
vn -0.9988744 0.01815223 0.04382357
vn -0.9988012 0.04522448 0.01873254
vn -0.9988744 0.01815223 0.04382357
vn -0.9993412 -0.0138879 0.03352849
vn -0.9993412 -0.0138879 0.03352849
vn -0.9996285 -0.02517855 -0.01042931
vn -0.9988123 -0.04872205 0
vn -0.9996285 -0.02517855 -0.01042931
vn -0.9996285 -0.02517855 -0.01042931
vn -0.9994092 -0.01315212 -0.03175206
vn 0 -0.5877852 0.8090171
vn 0 -0.5877851 0.8090171
vn 0 -0.5877851 0.8090171
vn 0 -0.5877851 0.8090171
vn 0 -0.9510565 -0.3090173
vn 0 -0.9510565 -0.3090173
vn 0 -0.9510565 -0.3090173
vn 0 -0.9510565 -0.3090173
vn 0 0 -1
vn 0 0 -1
vn 0 0 -1
vn 0 0 -1
vn -2.309466E-06 0.9510565 -0.3090172
vn -2.309466E-06 0.9510565 -0.3090173
vn -2.309466E-06 0.9510565 -0.3090173
vn 0 0.9510571 -0.3090153
vn 0 0.5877852 0.8090171
vn 0 0.5877851 0.8090171
vn 0 0.5877851 0.8090171
vn -1.427331E-06 0.5877863 0.8090163
vn 1 0 0
vn 1 0 0
vn 1 0 0
vn 1 0 0
vn 1 0 0
vn 0.2870926 -0.5630414 0.7749595
vn 0.2870926 -0.5630414 0.7749594
vn 0.2870926 -0.5630414 0.7749595
vn 0.287093 -0.563041 0.7749596
vn 0.2870934 -0.9110205 -0.2960053
vn 0.2870934 -0.9110203 -0.2960053
vn 0.2870934 -0.9110203 -0.2960053
vn 0.2870901 -0.9110203 -0.2960088
vn 0.2870903 0 -0.9579035
vn 0.2870904 0 -0.9579035
vn 0.2870904 0 -0.9579035
vn 0.2870903 0 -0.9579035
vn 0.287087 0.9110222 -0.296006
vn 0.2870871 0.9110222 -0.296006
vn 0.2870871 0.9110222 -0.296006
vn 0.2870904 0.9110203 -0.2960088
vn 0.2870912 0.5630402 0.7749609
vn 0.2870912 0.5630402 0.7749609
vn 0.2870912 0.5630403 0.7749609
vn 0.2870926 0.5630411 0.7749597
vn 0 -0.5877852 0.8090171
vn 0 -0.5877851 0.8090171
vn 0 -0.5877851 0.8090171
vn 0 -0.5877851 0.8090171
vn 0 -0.9510565 -0.3090173
vn 0 -0.9510565 -0.3090173
vn 0 -0.9510565 -0.3090173
vn 0 -0.9510565 -0.3090173
vn 0 0 -1
vn 0 0 -1
vn 0 0 -1
vn 0 0 -1
vn -2.309466E-06 0.9510565 -0.3090172
vn -2.309466E-06 0.9510565 -0.3090173
vn -2.309466E-06 0.9510565 -0.3090173
vn 0 0.9510571 -0.3090153
vn 0 0.5877852 0.8090171
vn 0 0.5877851 0.8090171
vn 0 0.5877851 0.8090171
vn -1.427331E-06 0.5877863 0.8090163
vn 1 0 0
vn 1 0 0
vn 1 0 0
vn 1 0 0
vn 1 0 0
vn 0.2870926 -0.5630414 0.7749595
vn 0.2870926 -0.5630414 0.7749594
vn 0.2870926 -0.5630414 0.7749595
vn 0.287093 -0.563041 0.7749596
vn 0.2870932 -0.9110202 -0.2960063
vn 0.2870932 -0.9110202 -0.2960063
vn 0.2870932 -0.9110202 -0.2960063
vn 0.2870909 -0.9110202 -0.2960087
vn 0.2870929 0 -0.9579027
vn 0.2870929 0 -0.9579027
vn 0.2870929 0 -0.9579027
vn 0.2870929 0 -0.9579027
vn 0.2870879 0.9110216 -0.2960067
vn 0.287088 0.9110216 -0.2960068
vn 0.287088 0.9110216 -0.2960068
vn 0.2870904 0.9110203 -0.2960088
vn 0.2870912 0.5630402 0.7749609
vn 0.2870912 0.5630402 0.7749609
vn 0.2870912 0.5630403 0.7749609
vn 0.2870926 0.5630411 0.7749597
vn 0.7223734 -0.6915032 0
vn 0.7223734 -0.6915032 0
vn 0.7223734 -0.6915031 0
vn 0.7223734 -0.6915031 0
vn 0.1451589 -0.9894081 -0.000556491
vn 0.145159 -0.9894081 -0.000556491
vn 0.1451589 -0.9894081 -0.0005564911
vn 0.1447475 -0.9894686 0
vn 0.9999946 -0.00330222 0
vn 1 -8.49077E-05 0
vn 0.9999946 -0.003302219 0
vn 1 -8.490767E-05 0
vn 1 -8.490768E-05 0
vn 1 -8.490768E-05 0
vn 1 8.405578E-05 0
vn 1 8.405578E-05 0
vn 0.9999946 0.003301969 0
vn 0.9999946 0.003301969 0
vn -0.7267228 0.6869309 0
vn -0.7267228 0.6869309 0
vn -0.7267228 0.6869309 0
vn -0.7267013 0.6869536 -1.041595E-05
vn -0.1381111 0.9904166 0.0005500712
vn -0.1381111 0.9904166 0.0005500713
vn -0.1381111 0.9904166 0.0005500713
vn -0.1376667 0.9904786 7.683986E-06
vn -1 8.43501E-05 0
vn -0.9999988 -0.001533812 0
vn -0.9999988 -0.001533812 0
vn -1 8.43501E-05 0
vn -1 8.43501E-05 0
vn -1 8.43501E-05 0
vn -1 -8.406613E-05 0
vn -1 -8.406612E-05 0
vn -0.9999988 0.001533555 0
vn -0.9999988 0.001533555 0
vn 1.59745E-06 6.947122E-07 -1
vn -0.0001188738 -5.169682E-05 -1
vn -6.685427E-05 0.0004570039 -0.9999999
vn 1.130345E-06 2.802456E-06 -1
vn 1.130345E-06 2.802456E-06 -1
vn 1.130345E-06 2.802456E-06 -1
vn 0 -2.129791E-07 -1
vn 0 -2.130054E-07 -1
vn 0 -2.130054E-07 -1
vn 0 -2.130054E-07 -1
vn 0 2.129791E-07 -1
vn 0 2.129791E-07 -1
vn 1.13034E-06 -2.80249E-06 -1
vn 1.597452E-06 -6.947066E-07 -1
vn 1.597452E-06 -6.947066E-07 -1
vn 1.597452E-06 -6.947064E-07 -1
vn -6.685541E-05 -0.0004570058 -0.9999999
vn -6.685542E-05 -0.0004570059 -0.9999999
vn 0.0002590524 -4.618592E-05 1
vn 0.0002634795 -0.0007296237 0.9999998
vn 0.0002634795 -0.0007296238 0.9999998
vn 0.0002590524 -4.618592E-05 1
vn 0.0002590524 -4.618592E-05 1
vn 0 0 1
vn 0 0 1
vn 0 0 1
vn 0 0 1
vn 0 0 1
vn 0 0 1
vn 0 0 1
vn 0 0 1
vn 0 0 1
vn 0 0 1
vn 0.0002590551 4.618465E-05 1
vn 2.191024E-05 0.0001493394 1
vn 0.0002634816 0.0007296245 0.9999998
vn -0.9999093 -0.01347477 -7.619973E-05
vn -0.9999093 -0.01347477 -7.619974E-05
vn -0.9999093 -0.01347477 -7.619974E-05
vn -0.9999071 -0.0136299 -2.51611E-05
vn -0.1567149 0.9876438 0
vn -0.1567149 0.9876438 0
vn -0.1567149 0.9876438 0
vn -0.1567149 0.9876438 0
vn 0.1567108 -0.9876445 0
vn 0.1567108 -0.9876445 0
vn 0.1567108 -0.9876445 0
vn 0.1567108 -0.9876445 0
vn 0.9876449 0.1567089 0
vn 0.9876449 0.1567089 0
vn 0.9876449 0.1567089 0
vn 0.9876449 0.1567089 0
vn -0.9876445 -0.1567107 0
vn -0.9876445 -0.1567107 0
vn -0.9876445 -0.1567107 0
vn -0.9876445 -0.1567107 0
vn -0.06798012 0.9976867 0.0001232561
vn -0.06798012 0.9976867 0.0001232561
vn -0.06798012 0.9976867 0.0001232561
vn -0.06782233 0.9976974 -0.0001381088
vn -0.06756359 0.997715 0
vn -0.1758497 -0.9844157 0.001586588
vn -0.1758497 -0.9844157 0.001586588
vn -0.1758497 -0.9844157 0.001586588
vn -0.1495223 -0.9887583 0
vn -0.3842572 -0.8529493 -0.3533043
vn -0.3842572 -0.8529493 -0.3533043
vn -0.3842571 -0.8529493 -0.3533043
vn -0.384254 -0.852951 -0.3533036
vn -0.3842585 -0.3533017 -0.8529497
vn -0.3842586 -0.3533017 -0.8529497
vn -0.3842585 -0.3533016 -0.8529497
vn -0.3842554 -0.3533034 -0.8529505
vn -0.3842604 0.3533016 -0.852949
vn -0.3842604 0.3533016 -0.852949
vn -0.3842604 0.3533016 -0.852949
vn -0.3842553 0.3533044 -0.8529501
vn -0.3842556 0.8529506 -0.3533027
vn -0.3842555 0.8529507 -0.3533027
vn -0.3842555 0.8529507 -0.3533027
vn -0.3842617 0.8529473 -0.3533042
vn -0.3842551 0.8529497 0.3533057
vn -0.3842551 0.8529497 0.3533057
vn -0.3842551 0.8529497 0.3533057
vn -0.3842539 0.8529503 0.3533054
vn -0.3842538 0.3533046 0.8529508
vn -0.3842538 0.3533046 0.8529507
vn -0.3842538 0.3533045 0.8529507
vn -0.3842539 0.3533045 0.8529507
vn -0.3842567 -0.3533032 0.85295
vn -0.3842566 -0.3533032 0.85295
vn -0.3842567 -0.3533032 0.85295
vn -0.3842538 -0.3533048 0.8529506
vn -0.384254 -0.8529509 0.3533038
vn -0.384254 -0.8529509 0.3533038
vn -0.384254 -0.8529509 0.3533038
vn -0.384255 -0.8529505 0.353304
vn -0.9788758 0 0.2044561
vn -0.9788758 0 0.2044561
vn -0.9788758 0 0.2044561
vn -0.9788749 1.012899E-06 0.2044602
vn -0.9988747 -0.0181492 0.04381622
vn -0.9988016 -0.04521688 0.01872939
vn -0.9988747 -0.0181492 0.04381622
vn -0.9988747 -0.0181492 0.04381622
vn -0.9993411 0.01388905 0.0335313
vn -0.9993411 0.01388905 0.0335313
vn -0.9996285 0.02518065 -0.01043016
vn -0.9988122 0.04872603 0
vn -0.9996285 0.02518065 -0.01043016
vn -0.9996285 0.02518065 -0.01043016
vn -0.9994091 0.01315322 -0.0317547
vn 0 0.5877852 0.8090171
vn 0 0.5877852 0.809017
vn 0 0.5877852 0.809017
vn 0 0.5877852 0.809017
vn 0 0.9510565 -0.3090173
vn 0 0.9510565 -0.3090173
vn 0 0.9510565 -0.3090173
vn 0 0.9510565 -0.3090173
vn 0 0 -1
vn 0 0 -1
vn 0 0 -1
vn 0 0 -1
vn 0 -0.9510571 -0.3090153
vn 0 -0.951057 -0.3090153
vn 0 -0.9510571 -0.3090153
vn -2.309499E-06 -0.9510565 -0.3090173
vn -1.427351E-06 -0.5877863 0.8090163
vn -1.427352E-06 -0.5877863 0.8090163
vn -1.427352E-06 -0.5877863 0.8090163
vn 0 -0.5877852 0.809017
vn 1 0 0
vn 1 0 0
vn 1 0 0
vn 1 0 0
vn 1 0 0
vn 0.2870884 0.5630418 0.7749607
vn 0.2870884 0.5630418 0.7749607
vn 0.2870884 0.5630418 0.7749607
vn 0.287088 0.5630422 0.7749606
vn 0.2870855 0.9110216 -0.2960092
vn 0.2870855 0.9110216 -0.2960092
vn 0.2870855 0.9110216 -0.2960092
vn 0.2870888 0.9110217 -0.2960058
vn 0.2870858 0 -0.9579049
vn 0.2870858 0 -0.9579049
vn 0.2870858 0 -0.9579049
vn 0.2870858 0 -0.9579049
vn 0.2870858 -0.9110215 -0.2960092
vn 0.2870858 -0.9110215 -0.2960091
vn 0.2870858 -0.9110215 -0.2960092
vn 0.2870854 -0.9110218 -0.2960089
vn 0.2870881 -0.563042 0.7749608
vn 0.2870881 -0.5630419 0.7749608
vn 0.2870881 -0.5630419 0.7749608
vn 0.2870866 -0.563041 0.7749621
vn 0 0.5877852 0.8090171
vn 0 0.5877852 0.809017
vn 0 0.5877852 0.809017
vn 0 0.5877852 0.809017
vn 0 0.9510565 -0.3090173
vn 0 0.9510565 -0.3090173
vn 0 0.9510565 -0.3090173
vn 0 0.9510565 -0.3090173
vn 0 0 -1
vn 0 0 -1
vn 0 0 -1
vn 0 0 -1
vn 0 -0.9510571 -0.3090153
vn 0 -0.951057 -0.3090153
vn 0 -0.9510571 -0.3090153
vn -2.309499E-06 -0.9510565 -0.3090173
vn -1.427351E-06 -0.5877863 0.8090163
vn -1.427352E-06 -0.5877863 0.8090163
vn -1.427352E-06 -0.5877863 0.8090163
vn 0 -0.5877852 0.809017
vn 1 0 0
vn 1 0 0
vn 1 0 0
vn 1 0 0
vn 1 0 0
vn 0.2870884 0.5630418 0.7749607
vn 0.2870884 0.5630418 0.7749607
vn 0.2870884 0.5630418 0.7749607
vn 0.287088 0.5630422 0.7749606
vn 0.2870863 0.9110215 -0.2960092
vn 0.2870863 0.9110215 -0.2960091
vn 0.2870863 0.9110215 -0.2960091
vn 0.2870886 0.9110215 -0.2960067
vn 0.2870883 0 -0.9579042
vn 0.2870883 0 -0.9579042
vn 0.2870883 0 -0.9579042
vn 0.2870883 0 -0.9579042
vn 0.2870858 -0.9110215 -0.2960092
vn 0.2870858 -0.9110215 -0.2960091
vn 0.2870858 -0.9110215 -0.2960092
vn 0.2870864 -0.9110212 -0.2960097
vn 0.2870881 -0.563042 0.7749608
vn 0.2870881 -0.5630419 0.7749608
vn 0.2870881 -0.5630419 0.7749608
vn 0.2870866 -0.563041 0.7749621
vn 0.7223718 0.6915048 0
vn 0.7223718 0.6915048 0
vn 0.7223718 0.6915048 0
vn 0.7223718 0.6915048 0
vn 0.1447494 0.9894684 0
vn 0.1447494 0.9894684 0
vn 0.1447494 0.9894684 0
vn 0.1451605 0.9894079 -0.0005560549
vn -0.7267051 -0.6869496 -1.175082E-05
vn -0.7267051 -0.6869496 -1.175082E-05
vn -0.7267051 -0.6869496 -1.175082E-05
vn -0.7267295 -0.6869239 0
vn -0.1376698 -0.9904782 6.89454E-06
vn -0.1376698 -0.9904782 6.89454E-06
vn -0.1376698 -0.9904782 6.89454E-06
vn -0.138114 -0.9904162 0.0005491087
vn -0.999907 0.01363752 -2.390975E-05
vn -0.999907 0.01363752 -2.390975E-05
vn -0.999907 0.01363752 -2.390975E-05
vn -0.9999093 0.01347104 -7.868329E-05
vn -0.1567174 -0.9876435 0
vn -0.1567174 -0.9876435 0
vn -0.1567174 -0.9876435 0
vn -0.1567174 -0.9876435 0
vn 0.1567146 0.9876439 0
vn 0.1567146 0.9876439 0
vn 0.1567146 0.9876439 0
vn 0.1567146 0.9876439 0
vn 0.9876457 -0.1567036 0
vn 0.9876457 -0.1567036 0
vn 0.9876457 -0.1567036 0
vn 0.9876457 -0.1567036 0
vn -0.9876445 0.1567107 0
vn -0.9876445 0.1567107 0
vn -0.9876445 0.1567107 0
vn -0.9876445 0.1567107 0
vn -1 5.369583E-07 0
vn -1 5.369583E-07 0
vn -1 5.369583E-07 0
vn -1 5.369583E-07 0
vn -1 5.369583E-07 0
vn -1 5.369583E-07 0
vn 0 1 0
vn 0 1 0
vn 0 1 0
vn 0 1 0
vn 0 0 1
vn 0 0 1
vn 0 0 1
vn -2.21789E-07 9.397176E-07 1
vn 0 4.027273E-07 1
vn 0 3.356061E-07 1
vn 1.267367E-07 5.369812E-07 1
vn 0 0 1
vn -0.006625107 0.9999781 0
vn -0.006625107 0.9999781 0
vn -0.006625107 0.9999781 0
vn -0.001095503 0.9999974 -0.002048563
vn 2.082451E-05 1 0
vn -2.802689E-05 1 4.030517E-05
vn 2.217258E-05 1 -1.963181E-05
vn 2.217258E-05 1 -1.963181E-05
vn -8.194135E-06 8.054743E-07 1
vn -8.194135E-06 8.054744E-07 1
vn -8.194135E-06 8.054743E-07 1
vn 0 3.087624E-06 1
vn 0 -1.745179E-06 1
vn -9.158189E-06 8.054894E-07 1
vn 0.9988689 -9.447464E-06 -0.04754962
vn 0.9988689 -9.447464E-06 -0.04754963
vn 0.9988689 -9.447464E-06 -0.04754962
vn 0.9988707 2.535161E-06 -0.04751125
vn 0.9988707 -4.744431E-06 -0.04751124
vn 0.9988688 7.493727E-06 -0.04755045
vn 0.9999995 -0.0001128981 -0.0009820532
vn 0.9999995 -0.0001128981 -0.0009820531
vn 0.9999994 -5.371214E-07 -0.001131749
vn 0.9999995 -0.0001128981 -0.0009820531
vn 1 -5.370651E-07 -0.0002364859
vn 1 -5.370651E-07 -0.0002364859
vn 0.9999994 -5.377291E-07 -0.001131749
vn 0.9999994 -5.377291E-07 -0.001131749
vn 1 -5.370492E-07 -0.0002364859
vn -1.159726E-05 4.161583E-06 1
vn -1.159725E-05 4.161583E-06 1
vn -1.159726E-05 4.161583E-06 1
vn 0 9.397176E-07 1
vn 0 5.369814E-07 1
vn -1.159722E-05 -2.684847E-06 1
vn -1 2.684791E-07 0
vn -1 2.68479E-07 0
vn -1 2.68479E-07 0
vn -1 2.68479E-07 0
vn -1 2.68479E-07 0
vn -1 2.68479E-07 0
vn 0 -1 0
vn 0 -1 0
vn 0 -1 0
vn 0 -1 0
vn -0.00109575 -0.9999974 -0.002048564
vn -0.00109575 -0.9999974 -0.002048563
vn -0.006625355 -0.9999781 0
vn -0.00109575 -0.9999974 -0.002048563
vn -2.802689E-05 -1 4.010062E-05
vn -2.802688E-05 -1 4.010062E-05
vn 5.739712E-05 -1 5.780083E-06
vn 2.120858E-05 -1 -1.963179E-05
vn -0.7504538 -0.5276405 0.3980133
vn -0.7504538 -0.5276405 0.3980133
vn -0.7504538 -0.5276405 0.3980133
vn -0.7715043 -0.4928131 0.4023884
vn -0.7504228 -0.5276893 0.3980068
vn -0.7504228 -0.5276894 0.3980069
vn -0.1914133 0.6719542 0.7154289
vn -0.1914133 0.6719542 0.7154289
vn -0.1914133 0.6719542 0.7154289
vn -0.1860942 0.6649867 0.723299
vn -0.02805364 -0.7438635 0.6677426
vn -0.02805364 -0.7438634 0.6677427
vn -0.02805365 -0.7438634 0.6677427
vn -0.03371324 -0.7389032 0.6729677
vn 0.191416 -0.6719574 -0.7154251
vn 0.191416 -0.6719574 -0.7154251
vn 0.191416 -0.6719574 -0.7154251
vn 0.1957599 -0.6660846 -0.7197286
vn 0.03768415 0.7455195 -0.6654176
vn 0.03768415 0.7455195 -0.6654176
vn 0.03768415 0.7455195 -0.6654176
vn 0.03372477 0.7389037 -0.6729665
vn -0.08414952 0.9079021 0.4106488
vn -0.08414952 0.9079021 0.4106488
vn -0.08414953 0.9079022 0.4106489
vn -0.1009618 0.9053714 0.4124432
vn -0.985815 -0.03513261 -0.1641167
vn -0.985815 -0.03513261 -0.1641167
vn -0.985815 -0.03513261 -0.1641167
vn -0.9857368 -0.03648449 -0.1642924
vn 0.08485155 -0.9005769 -0.4263351
vn 0.08485154 -0.9005768 -0.426335
vn 0.08485155 -0.9005769 -0.426335
vn 0.1018404 -0.9024986 -0.4184791
vn 0.9858439 0.03524131 0.1639199
vn 0.9858439 0.03524131 0.1639199
vn 0.9858439 0.03524131 0.1639199
vn 0.9856421 0.03633662 0.1648914
vn -0.9810601 -0.1736474 0.08583469
vn -0.9810601 -0.1736474 0.08583469
vn -0.9810601 -0.1736474 0.08583469
vn -0.9810606 -0.1736466 0.08583131
vn -0.9810606 -0.1736466 0.08583131
vn -0.9810597 -0.1736474 0.08583888
vn -0.98106 -0.1736502 0.08583121
vn -0.9810597 -0.1736474 0.0858389
vn -0.08715633 0 -0.9961946
vn -0.08715633 0 -0.9961946
vn -0.08715633 0 -0.9961946
vn -0.08715346 -2.653956E-07 -0.996195
vn 0.1730306 -0.9848001 -0.01513815
vn 0.1730306 -0.9848001 -0.01513816
vn 0.1730306 -0.9848001 -0.01513815
vn 0.1730306 -0.9848001 -0.01513815
vn 0.08715657 2.03085E-06 0.9961946
vn 0.08715657 2.030849E-06 0.9961946
vn 0.08715657 2.03085E-06 0.9961946
vn 0.08715289 1.624318E-07 0.996195
vn -0.1730295 0.9848003 0.01513804
vn -0.1730295 0.9848003 0.01513804
vn -0.1730295 0.9848003 0.01513804
vn -0.1730295 0.9848003 0.01513804
vn 0.0607258 -0.6963661 -0.715113
vn 0.0607258 -0.6963661 -0.7151131
vn 0.0607258 -0.6963661 -0.7151131
vn 0.06071886 -0.6963615 -0.715118
vn -0.183977 0.6963578 -0.6937134
vn -0.1839771 0.6963578 -0.6937133
vn -0.183977 0.6963578 -0.6937134
vn -0.183977 0.6963578 -0.6937134
vn 0.1839748 -0.6963729 0.6936988
vn 0.1839748 -0.6963729 0.6936988
vn 0.1839748 -0.6963729 0.6936988
vn 0.1839813 -0.6963646 0.6937054
vn -0.06072207 0.6963535 0.7151256
vn -0.06072207 0.6963535 0.7151256
vn -0.06072207 0.6963535 0.7151256
vn -0.06072031 0.6963563 0.7151231
vn -0.545584 0.7981767 0.2554451
vn -0.545584 0.7981767 0.2554451
vn -0.545584 0.7981766 0.2554451
vn -0.5455835 0.7981771 0.2554446
vn -0.7100397 0.5844939 -0.3926965
vn -0.7100397 0.5844939 -0.3926966
vn -0.7100397 0.5844939 -0.3926966
vn -0.7100385 0.5844935 -0.3926993
vn -0.4773332 -0.0960075 -0.8734618
vn -0.4773332 -0.0960075 -0.8734618
vn -0.4773332 -0.0960075 -0.8734618
vn -0.4773302 -0.09600804 -0.8734633
vn -0.1191719 -0.6400573 -0.7590288
vn -0.1191719 -0.6400573 -0.7590288
vn -0.1191719 -0.6400573 -0.7590288
vn -0.1191659 -0.6400596 -0.7590277
vn 0.33711 -0.9301862 -0.1452942
vn 0.33711 -0.9301862 -0.1452942
vn 0.33711 -0.9301863 -0.1452942
vn 0.3371038 -0.9301886 -0.1452934
vn 0.3339261 -0.7735497 0.5386226
vn 0.3339261 -0.7735496 0.5386226
vn 0.3339261 -0.7735497 0.5386226
vn 0.3339301 -0.7735431 0.5386295
vn 0.07179823 -0.136839 0.9879879
vn 0.07179822 -0.136839 0.9879879
vn 0.07179823 -0.136839 0.9879879
vn 0.07180129 -0.1368316 0.9879887
vn -0.2315335 0.3644184 0.901993
vn -0.2315335 0.3644184 0.901993
vn -0.2315335 0.3644184 0.901993
vn -0.2315319 0.3644026 0.9019998
vn -0.7504166 0.5277005 0.398004
vn -0.7504166 0.5277005 0.398004
vn -0.7504166 0.5277005 0.398004
vn -0.7715057 0.4928115 0.4023874
vn -0.7715054 0.4928118 0.4023876
vn -0.7504511 0.5276456 0.3980117
vn -0.186096 -0.6649924 0.7232935
vn -0.1860961 -0.6649924 0.7232935
vn -0.1860961 -0.6649924 0.7232935
vn -0.1914111 -0.6719545 0.7154292
vn -0.03371572 0.7389009 0.6729701
vn -0.03371572 0.7389009 0.6729701
vn -0.03371572 0.7389008 0.6729701
vn -0.02805358 0.7438634 0.6677427
vn 0.1957595 0.6660843 -0.7197291
vn 0.1957595 0.6660843 -0.7197291
vn 0.1957595 0.6660843 -0.7197291
vn 0.1914152 0.6719576 -0.7154252
vn 0.03372567 -0.7389087 -0.672961
vn 0.03372567 -0.7389086 -0.6729611
vn 0.03372568 -0.7389087 -0.6729611
vn 0.03768184 -0.7455191 -0.6654182
vn -0.1009601 -0.9053717 0.412443
vn -0.1009601 -0.9053717 0.412443
vn -0.1009601 -0.9053717 0.412443
vn -0.08415487 -0.9079015 0.4106495
vn -0.9857367 0.03648946 -0.1642915
vn -0.9857367 0.03648946 -0.1642915
vn -0.9857367 0.03648946 -0.1642915
vn -0.9858159 0.03512297 -0.1641138
vn 0.1018358 0.9024983 -0.4184809
vn 0.1018358 0.9024983 -0.418481
vn 0.1018358 0.9024983 -0.418481
vn 0.08484945 0.9005767 -0.4263358
vn 0.9856402 -0.03634863 0.1649004
vn 0.9856402 -0.03634864 0.1649004
vn 0.9856402 -0.03634863 0.1649004
vn 0.9858441 -0.03524163 0.1639185
vn -0.9810597 0.1736513 0.08583117
vn -0.9810597 0.1736513 0.08583118
vn -0.9810597 0.1736513 0.08583118
vn -0.9810596 0.1736479 0.08583949
vn -0.9810596 0.173648 0.0858395
vn -0.9810611 0.1736436 0.08583134
vn -0.9810598 0.173647 0.0858386
vn -0.9810611 0.1736436 0.08583135
vn -0.08715346 2.653951E-07 -0.996195
vn -0.08715346 2.65395E-07 -0.996195
vn -0.08715346 2.65395E-07 -0.996195
vn -0.08715633 0 -0.9961946
vn 0.1730268 0.9848008 -0.01513782
vn 0.1730268 0.9848008 -0.01513782
vn 0.1730268 0.9848008 -0.01513782
vn 0.1730267 0.9848008 -0.01513782
vn 0.08715317 -3.017856E-07 0.996195
vn 0.08715317 -3.017856E-07 0.996195
vn 0.08715317 -3.017856E-07 0.996195
vn 0.08715656 -2.030852E-06 0.9961946
vn -0.1730295 -0.9848003 0.01513804
vn -0.1730295 -0.9848003 0.01513804
vn -0.1730295 -0.9848003 0.01513804
vn -0.1730295 -0.9848003 0.01513804
vn 0.06072532 0.6963677 -0.7151116
vn 0.06072531 0.6963677 -0.7151115
vn 0.06072531 0.6963677 -0.7151115
vn 0.06072323 0.6963663 -0.715113
vn -0.1839748 -0.6963583 -0.6937134
vn -0.1839747 -0.6963583 -0.6937134
vn -0.1839748 -0.6963583 -0.6937135
vn -0.1839773 -0.6963602 -0.6937109
vn 0.183979 0.6963726 0.6936979
vn 0.183979 0.6963727 0.6936979
vn 0.183979 0.6963727 0.6936979
vn 0.18398 0.6963713 0.6936991
vn -0.06071861 -0.696359 0.7151205
vn -0.06071861 -0.696359 0.7151205
vn -0.0607186 -0.696359 0.7151204
vn -0.06072207 -0.6963535 0.7151256
vn -0.6475677 -0.6307849 -0.427512
vn -0.6475678 -0.6307849 -0.427512
vn -0.6475677 -0.6307849 -0.427512
vn -0.6475669 -0.6307845 -0.4275141
vn -0.1191673 0.6400605 -0.7590268
vn -0.1191673 0.6400605 -0.7590268
vn -0.1191673 0.6400605 -0.7590268
vn -0.1191697 0.6400596 -0.7590272
vn 0.3371052 0.9301881 -0.1452938
vn 0.3371052 0.9301881 -0.1452938
vn 0.3371052 0.9301881 -0.1452938
vn 0.3371106 0.930186 -0.1452946
vn 0.3339284 0.7735446 0.5386283
vn 0.3339284 0.7735447 0.5386283
vn 0.3339284 0.7735447 0.5386283
vn 0.3339269 0.7735473 0.5386255
vn 0.07180087 0.1368318 0.9879887
vn 0.07180088 0.1368318 0.9879887
vn 0.07180088 0.1368318 0.9879887
vn 0.07179782 0.1368393 0.9879879
vn -0.2315325 -0.3644037 0.9019993
vn -0.2315325 -0.3644037 0.9019993
vn -0.2315325 -0.3644037 0.9019993
vn -0.2315345 -0.3644228 0.9019911
vn -0.7893576 0.08660685 0.6077942
vn -0.7893576 0.08660686 0.6077943
vn -0.7893576 0.08660686 0.6077943
vn -0.7904494 0.08567354 0.6065061
vn -0.7791425 0.0538752 0.6245274
vn 0.408725 0.164316 0.8977439
vn 0.408725 0.164316 0.8977439
vn 0.408725 0.164316 0.8977439
vn 0.4001023 0.1638137 0.9017112
vn -0.4053284 -0.18395 -0.8954726
vn -0.4053284 -0.18395 -0.8954726
vn -0.4053284 -0.18395 -0.8954726
vn -0.3970428 -0.1832116 -0.8993278
vn -0.9217601 0.02233054 0.3871171
vn -0.9217601 0.02233054 0.3871171
vn -0.9217601 0.02233054 0.3871171
vn -0.9296154 -0.008852276 0.3684247
vn -0.4847876 0.6494161 -0.5858665
vn -0.4847876 0.6494162 -0.5858665
vn -0.4847876 0.6494162 -0.5858665
vn -0.4847768 0.6494113 -0.5858811
vn -0.2575198 -0.171006 -0.9510208
vn -0.2575198 -0.171006 -0.9510208
vn -0.2575198 -0.171006 -0.9510208
vn -0.257533 -0.1710111 -0.9510162
vn -0.879587 0.01902441 0.4753575
vn -0.879587 0.01902441 0.4753576
vn -0.879587 0.01902441 0.4753576
vn -0.8994989 0.006620389 0.4368728
vn 0.2993377 0.2122235 0.9302462
vn 0.2993377 0.2122235 0.9302462
vn 0.2993377 0.2122235 0.9302462
vn 0.3092769 0.2127159 0.9268763
vn -0.01336114 0.9846898 -0.1738031
vn -0.01336114 0.9846898 -0.1738031
vn -0.01336114 0.9846897 -0.1738031
vn -0.01344822 0.9847044 -0.1737135
vn -0.3102333 -0.2098761 -0.9272041
vn -0.3102334 -0.2098761 -0.9272041
vn -0.3102333 -0.209876 -0.9272041
vn -0.3002453 -0.2099458 -0.9304706
vn 0.01135282 -0.984507 0.1749776
vn 0.01135282 -0.984507 0.1749776
vn 0.01135282 -0.984507 0.1749776
vn 0.01118849 -0.9845056 0.1749957
vn -0.82191 0.1404229 0.5520375
vn -0.8219099 0.1404229 0.5520375
vn -0.8219099 0.1404229 0.5520375
vn -0.809843 0.1498623 0.5671822
vn 0.408733 0.1643159 0.8977402
vn 0.408733 0.1643159 0.8977402
vn 0.408733 0.164316 0.8977402
vn 0.4000927 0.1638126 0.9017158
vn -0.4053362 -0.1839508 -0.895469
vn -0.4053362 -0.1839508 -0.895469
vn -0.4053362 -0.1839508 -0.895469
vn -0.3970424 -0.1832116 -0.899328
vn -0.9217632 0.02233467 0.3871095
vn -0.9217632 0.02233467 0.3871095
vn -0.9217632 0.02233467 0.3871094
vn -0.9296191 -0.008850534 0.3684153
vn -0.4847815 0.6494159 -0.5858719
vn -0.4847815 0.6494159 -0.5858718
vn -0.4847816 0.6494159 -0.5858718
vn -0.4847767 0.6494137 -0.5858783
vn -0.2575203 -0.1710062 -0.9510207
vn -0.2575203 -0.1710062 -0.9510207
vn -0.2575203 -0.1710062 -0.9510207
vn -0.2575306 -0.1710101 -0.9510171
vn -0.8795944 0.01901997 0.4753439
vn -0.8795944 0.01901997 0.475344
vn -0.8795944 0.01901997 0.4753439
vn -0.8994989 0.006620387 0.4368728
vn 0.2993377 0.2122238 0.9302462
vn 0.2993377 0.2122238 0.9302462
vn 0.2993377 0.2122238 0.9302462
vn 0.3092645 0.2127156 0.9268805
vn -0.01335852 0.984689 -0.1738077
vn -0.01335852 0.984689 -0.1738077
vn -0.01335852 0.984689 -0.1738077
vn -0.01344869 0.9847041 -0.1737151
vn -0.3102486 -0.2098763 -0.9271988
vn -0.3102486 -0.2098763 -0.9271988
vn -0.3102486 -0.2098763 -0.9271988
vn -0.3002461 -0.2099462 -0.9304702
vn 0.01134502 -0.9845065 0.1749807
vn 0.01134502 -0.9845065 0.1749807
vn 0.01134502 -0.9845065 0.1749807
vn 0.01118377 -0.9845051 0.1749984
vn 0.4498495 0.007975509 0.8930687
vn 0.4498495 0.007975509 0.8930687
vn 0.4498495 0.007975509 0.8930687
vn 0.4297468 0.005720994 0.9029313
vn -0.4490206 -0.01736524 -0.8933527
vn -0.4490205 -0.01736524 -0.8933527
vn -0.4490204 -0.01736524 -0.8933527
vn -0.4288974 -0.01407475 -0.9032435
vn 0.449841 0.007974559 0.8930731
vn 0.449841 0.007974559 0.8930731
vn 0.449841 0.007974559 0.8930731
vn 0.4297551 0.005721923 0.9029273
vn -0.4490206 -0.01736528 -0.8933526
vn -0.4490207 -0.01736528 -0.8933526
vn -0.4490206 -0.01736528 -0.8933526
vn -0.4289057 -0.0140761 -0.9032395
vn 9.078884E-06 0.2588247 0.9659243
vn 9.078884E-06 0.2588247 0.9659243
vn 9.078884E-06 0.2588247 0.9659243
vn 9.267069E-06 0.2588194 0.9659257
vn 9.332697E-06 0.2588194 0.9659257
vn 9.446428E-06 0.2588163 0.9659266
vn -1 0 1.922887E-07
vn -1 0 1.922887E-07
vn -1 0 1.922887E-07
vn -1 3.007698E-05 -9.353467E-06
vn 1.543242E-05 -0.9680618 0.2507115
vn 1.543242E-05 -0.9680618 0.2507115
vn 1.543242E-05 -0.9680618 0.2507115
vn 1.554801E-05 -0.9680618 0.2507116
vn 1.600718E-05 -0.9680618 0.2507117
vn 1.543242E-05 -0.9680616 0.2507125
vn 1 0 0
vn 1 0 0
vn 1 0 0
vn 1 -7.181101E-06 1.459358E-06
vn -1 1.384254E-05 1.57675E-05
vn -1 1.384254E-05 1.57675E-05
vn -1 1.384254E-05 1.57675E-05
vn -1 -3.714487E-06 2.288956E-06
vn 1 0 0
vn 1 0 0
vn 1 0 0
vn 1 0 0
vn -1.103026E-05 0.8513392 -0.5246158
vn -1.103026E-05 0.8513392 -0.5246158
vn -1.103026E-05 0.851339 -0.5246158
vn -1.124607E-05 0.8513365 -0.5246201
vn -1.139543E-05 0.8513365 -0.5246201
vn -1.111314E-05 0.85134 -0.5246145
vn 7.115025E-06 -0.6395381 -0.7687593
vn 7.115025E-06 -0.6395382 -0.7687593
vn 7.115025E-06 -0.6395381 -0.7687594
vn 1.584071E-05 -0.6393108 -0.7689485
vn 1.588998E-05 -0.6393108 -0.7689485
vn 7.1069E-06 -0.6390821 -0.7691385
vn 0.004782876 -0.6362799 -0.7714435
vn 0.004782876 -0.6362798 -0.7714435
vn 0.004782876 -0.6362799 -0.7714435
vn -0.01338411 -0.6378533 -0.7700416
vn 1.618277E-05 -0.648174 -0.7614923
vn 1.618277E-05 -0.6481739 -0.7614923
vn 1.618277E-05 -0.648174 -0.7614923
vn 1.627895E-05 -0.6481707 -0.7614951
vn 1.582945E-05 -0.6481707 -0.7614951
vn 1.575743E-05 -0.6481683 -0.7614972
vn 0.01551236 -0.6362113 -0.7713588
vn 0.01551236 -0.6362114 -0.7713588
vn 0.01551236 -0.6362115 -0.7713588
vn -0.00266893 -0.6379719 -0.7700549
vn -3.101754E-05 0.6850128 0.7285309
vn -3.101754E-05 0.6850128 0.7285309
vn -3.101754E-05 0.6850128 0.7285309
vn -1.64439E-05 0.6845126 0.7290009
vn -1.65211E-05 0.6845126 0.729001
vn -8.016797E-06 0.6848048 0.7287266
vn -1.592189E-05 0.6481767 0.76149
vn -1.592189E-05 0.6481767 0.76149
vn -1.592189E-05 0.6481767 0.7614899
vn -1.566137E-05 0.6481678 0.7614974
vn -1.636294E-05 0.6481678 0.7614975
vn -1.611499E-05 0.6481763 0.7614903
vn -1 0 0
vn -1 0 0
vn -1 0 0
vn -1 0 0
vn 1.149832E-05 -0.8513365 0.5246201
vn 1.149832E-05 -0.8513365 0.5246201
vn 1.149832E-05 -0.8513365 0.5246201
vn 1.160872E-05 -0.8513379 0.5246179
vn 1.130329E-05 -0.8513377 0.5246179
vn 1.108249E-05 -0.8513352 0.5246222
vn 1 0 0
vn 1 0 0
vn 1 0 0
vn 1 0 0
vn -6.708018E-06 0.676201 -0.7367172
vn -6.708018E-06 0.676201 -0.7367172
vn -6.708018E-06 0.676201 -0.7367172
vn -7.066359E-06 0.6761951 -0.7367226
vn -7.16186E-06 0.676195 -0.7367226
vn -6.612589E-06 0.6762041 -0.7367145
vn -5.868142E-07 1 -0.0002302656
vn -5.868142E-07 1 -0.0002302656
vn -5.868142E-07 1 -0.0002302656
vn 2.897259E-06 1 -0.0002346278
vn -0.999998 4.747574E-07 0.002007426
vn -0.999998 4.747574E-07 0.002007426
vn -0.999998 4.747574E-07 0.002007426
vn -0.999998 4.747552E-07 0.002007426
vn -0.001584424 0.0002270424 0.9999988
vn -0.001584424 0.0002270424 0.9999988
vn -0.001584424 0.0002270424 0.9999988
vn -0.001584598 0.0002365002 0.9999987
vn 0.9999987 3.845699E-07 0.001659254
vn 0.9999987 3.845699E-07 0.001659254
vn 0.9999987 3.845699E-07 0.001659254
vn 0.9999987 3.767215E-07 0.001659254
vn 0.0008452978 -0.0002364994 -0.9999996
vn 0.0008452978 -0.0002364994 -0.9999996
vn 0.0008452979 -0.0002364994 -0.9999996
vn 0.0008453845 -0.0002317726 -0.9999996
vn 8.473261E-07 -1 0.0002302661
vn 8.473261E-07 -1 0.000230266
vn 8.473261E-07 -1 0.0002302661
vn -2.72322E-06 -1 0.0002347366
vn -9.80313E-07 0.9659891 0.2585827
vn -9.803128E-07 0.9659891 0.2585827
vn -9.803128E-07 0.9659891 0.2585827
vn -1.590652E-07 0.9659888 0.2585839
vn -7.609486E-07 0.2585733 -0.9659917
vn -7.609486E-07 0.2585733 -0.9659917
vn -7.609486E-07 0.2585733 -0.9659917
vn -5.266226E-07 0.258588 -0.9659877
vn -1 0 0
vn -1 0 0
vn -1 0 0
vn -1 0 0
vn -5.06321E-06 -0.2585899 0.9659871
vn -5.06321E-06 -0.2585899 0.9659871
vn -5.063209E-06 -0.2585899 0.9659871
vn -5.063209E-06 -0.2585899 0.9659871
vn 1 0 1.001418E-07
vn 1 0 1.001418E-07
vn 1 0 1.001418E-07
vn 1 0 1.001417E-07
vn 9.803123E-07 -0.9659891 -0.2585827
vn 9.803124E-07 -0.9659891 -0.2585827
vn 9.803123E-07 -0.9659891 -0.2585827
vn 2.46356E-07 -0.9659888 -0.2585837
vn -3.377609E-05 3.226485E-07 -1
vn -3.377609E-05 3.226485E-07 -1
vn -3.377609E-05 3.226485E-07 -1
vn -3.446401E-05 0 -1
vn -0.3827146 3.068559E-07 -0.9238666
vn -0.3827145 3.068559E-07 -0.9238666
vn -0.3827145 3.068559E-07 -0.9238666
vn -0.3827133 9.117441E-07 -0.9238671
vn -0.7071301 8.504526E-07 -0.7070835
vn -0.7071301 8.504526E-07 -0.7070835
vn -0.7071301 8.504526E-07 -0.7070835
vn -0.7071305 5.669687E-07 -0.707083
vn -0.923893 0 -0.3826512
vn -0.923893 0 -0.3826512
vn -0.923893 0 -0.3826512
vn -0.923892 1.111148E-06 -0.3826533
vn -1 2.00447E-06 3.162584E-05
vn -1 2.00447E-06 3.162584E-05
vn -1 2.00447E-06 3.162584E-05
vn -1 0 3.589961E-05
vn -0.9238657 5.238011E-07 0.382717
vn -0.9238657 5.238011E-07 0.382717
vn -0.9238657 5.238011E-07 0.382717
vn -0.9238667 1.851863E-06 0.3827144
vn -0.7070835 8.503966E-07 0.7071301
vn -0.7070835 8.503966E-07 0.7071301
vn -0.7070834 8.503965E-07 0.7071301
vn -0.707083 5.669496E-07 0.7071305
vn -0.3826534 4.602103E-07 0.923892
vn -0.3826534 4.602103E-07 0.923892
vn -0.3826534 4.602103E-07 0.923892
vn -0.3826535 4.602105E-07 0.923892
vn 3.333539E-05 0 1
vn 3.333539E-05 0 1
vn 3.333539E-05 0 1
vn 3.333541E-05 0 1
vn 0.3827138 0 0.923867
vn 0.3827138 0 0.923867
vn 0.3827138 0 0.923867
vn 0.3827144 -3.068558E-07 0.9238667
vn 0.7071306 1.417326E-07 0.707083
vn 0.7071305 1.417326E-07 0.707083
vn 0.7071305 1.417326E-07 0.707083
vn 0.7071307 0 0.7070828
vn 0.9238923 0 0.3826529
vn 0.9238923 0 0.3826529
vn 0.9238923 0 0.3826529
vn 0.9238921 0 0.3826531
vn 1 0 -3.504485E-05
vn 1 0 -3.504485E-05
vn 1 0 -3.504485E-05
vn 1 0 -3.504485E-05
vn 0.9238669 1.342492E-07 -0.3827139
vn 0.9238669 1.342492E-07 -0.3827139
vn 0.9238669 1.342492E-07 -0.3827139
vn 0.9238668 0 -0.3827142
vn 0.7070826 0 -0.7071308
vn 0.7070827 0 -0.7071308
vn 0.7070826 0 -0.7071308
vn 0.707083 2.480487E-07 -0.7071304
vn 0.3826521 0 -0.9238926
vn 0.3826521 0 -0.9238926
vn 0.3826521 0 -0.9238926
vn 0.3826521 0 -0.9238926
vn 2.299228E-05 -0.7455717 0.6664255
vn 2.299228E-05 -0.7455717 0.6664255
vn 2.299228E-05 -0.7455717 0.6664255
vn 2.263417E-05 -0.7455712 0.6664259
vn -0.2550097 -0.7455719 0.615705
vn -0.2550097 -0.7455719 0.615705
vn -0.2550096 -0.7455719 0.6157051
vn -0.2550094 -0.7455721 0.6157048
vn -0.4712152 -0.7455744 0.4712485
vn -0.4712152 -0.7455743 0.4712485
vn -0.4712152 -0.7455744 0.4712485
vn -0.4712177 -0.7455724 0.471249
vn -0.6156881 -0.745572 0.2550501
vn -0.6156881 -0.745572 0.2550501
vn -0.6156881 -0.745572 0.2550501
vn -0.615685 -0.7455745 0.2550507
vn -0.6664242 -0.7455728 2.25414E-05
vn -0.6664242 -0.7455728 2.25414E-05
vn -0.6664242 -0.7455728 2.25414E-05
vn -0.6664253 -0.7455719 2.185361E-05
vn -0.6157045 -0.745572 -0.2550104
vn -0.6157045 -0.745572 -0.2550104
vn -0.6157045 -0.745572 -0.2550104
vn -0.6157039 -0.7455728 -0.2550096
vn -0.4712496 -0.7455726 -0.4712167
vn -0.4712496 -0.7455726 -0.4712167
vn -0.4712496 -0.7455726 -0.4712167
vn -0.4712498 -0.745572 -0.4712175
vn -0.255051 -0.7455719 -0.6156878
vn -0.2550509 -0.7455719 -0.6156878
vn -0.2550509 -0.7455719 -0.6156879
vn -0.2550513 -0.7455731 -0.6156863
vn -2.209055E-05 -0.7455721 -0.666425
vn -2.209055E-05 -0.7455721 -0.666425
vn -2.209055E-05 -0.7455721 -0.666425
vn -2.185359E-05 -0.7455718 -0.6664253
vn 0.2550096 -0.7455717 -0.6157052
vn 0.2550096 -0.7455717 -0.6157052
vn 0.2550096 -0.7455717 -0.6157053
vn 0.2550087 -0.7455724 -0.6157047
vn 0.4712175 -0.745574 -0.4712468
vn 0.4712175 -0.745574 -0.4712468
vn 0.4712175 -0.745574 -0.4712467
vn 0.4712203 -0.7455719 -0.4712473
vn 0.6156899 -0.7455701 -0.2550511
vn 0.61569 -0.7455701 -0.2550511
vn 0.61569 -0.7455701 -0.2550511
vn 0.615684 -0.7455747 -0.2550522
vn 0.6664219 -0.7455748 -2.163967E-05
vn 0.6664219 -0.7455748 -2.163967E-05
vn 0.6664219 -0.7455748 -2.163967E-05
vn 0.666428 -0.7455694 -1.769111E-05
vn 0.6157034 -0.745574 0.2550074
vn 0.6157034 -0.745574 0.2550074
vn 0.6157035 -0.745574 0.2550074
vn 0.6157026 -0.745575 0.2550062
vn 0.4712481 -0.7455739 0.4712164
vn 0.4712481 -0.7455739 0.4712164
vn 0.4712481 -0.7455739 0.4712164
vn 0.4712481 -0.7455739 0.4712162
vn 0.2550503 -0.7455713 0.6156888
vn 0.2550503 -0.7455713 0.6156888
vn 0.2550503 -0.7455713 0.6156888
vn 0.2550506 -0.7455726 0.6156871
vn -3.377612E-05 3.225942E-07 -1
vn -3.377612E-05 3.225942E-07 -1
vn -3.377612E-05 3.225942E-07 -1
vn -3.446381E-05 0 -1
vn -0.3827149 0 -0.9238665
vn -0.3827149 0 -0.9238665
vn -0.3827149 0 -0.9238665
vn -0.3827143 2.980341E-07 -0.9238667
vn -0.7071298 5.669681E-07 -0.7070837
vn -0.7071298 5.669681E-07 -0.7070837
vn -0.7071298 5.669681E-07 -0.7070837
vn -0.7071307 0 -0.7070828
vn -0.9238924 1.851914E-07 -0.3826522
vn -0.9238924 1.851914E-07 -0.3826522
vn -0.9238924 1.851914E-07 -0.3826522
vn -0.923892 7.407654E-07 -0.3826533
vn -1 1.002235E-06 3.333535E-05
vn -1 1.002235E-06 3.333535E-05
vn -1 1.002235E-06 3.333535E-05
vn -1 2.00447E-07 3.504486E-05
vn -0.9238664 3.386143E-07 0.3827151
vn -0.9238664 3.386143E-07 0.3827151
vn -0.9238664 3.386143E-07 0.3827151
vn -0.9238669 9.259315E-07 0.382714
vn -0.7070833 5.669307E-07 0.7071303
vn -0.7070833 5.669307E-07 0.7071303
vn -0.7070833 5.669307E-07 0.7071302
vn -0.707083 4.25217E-07 0.7071305
vn -0.3826538 7.670176E-07 0.9238918
vn -0.3826538 7.670176E-07 0.9238918
vn -0.3826538 7.670176E-07 0.9238918
vn -0.3826529 3.068064E-07 0.9238923
vn 3.333533E-05 0 1
vn 3.333533E-05 0 1
vn 3.333533E-05 0 1
vn 3.333539E-05 0 1
vn 0.3827147 0 0.9238666
vn 0.3827147 0 0.9238666
vn 0.3827147 0 0.9238666
vn 0.3827156 -4.602849E-07 0.9238662
vn 0.7071292 1.417329E-07 0.7070844
vn 0.7071292 1.417329E-07 0.7070844
vn 0.7071292 1.417329E-07 0.7070843
vn 0.7071294 0 0.7070841
vn 0.923893 0 0.3826506
vn 0.9238932 0 0.3826506
vn 0.923893 0 0.3826506
vn 0.923893 0 0.3826509
vn 1 0 -3.248059E-05
vn 1 0 -3.248059E-05
vn 1 0 -3.248059E-05
vn 1 0 -3.248059E-05
vn 0.9238663 1.342497E-07 -0.3827153
vn 0.9238663 1.342497E-07 -0.3827154
vn 0.9238663 1.342497E-07 -0.3827154
vn 0.9238662 0 -0.3827156
vn 0.7070826 0 -0.7071308
vn 0.7070826 0 -0.7071308
vn 0.7070826 0 -0.7071308
vn 0.707083 2.480488E-07 -0.7071305
vn 0.3826524 -6.136118E-07 -0.9238924
vn 0.3826524 -6.136117E-07 -0.9238924
vn 0.3826524 -6.136119E-07 -0.9238924
vn 0.3826536 0 -0.9238918
vn 2.299226E-05 -0.7455717 0.6664255
vn 2.299225E-05 -0.7455717 0.6664255
vn 2.299225E-05 -0.7455717 0.6664255
vn 2.263407E-05 -0.7455712 0.666426
vn -0.2550103 -0.7455711 0.6157056
vn -0.2550103 -0.7455712 0.6157056
vn -0.2550103 -0.7455711 0.6157057
vn -0.2550104 -0.7455711 0.6157057
vn -0.4712134 -0.7455743 0.4712504
vn -0.4712134 -0.7455742 0.4712503
vn -0.4712134 -0.7455742 0.4712503
vn -0.4712165 -0.7455719 0.471251
vn -0.6156892 -0.7455713 0.2550495
vn -0.6156892 -0.7455713 0.2550496
vn -0.6156892 -0.7455713 0.2550496
vn -0.6156844 -0.7455748 0.2550505
vn -0.6664221 -0.7455747 2.254132E-05
vn -0.666422 -0.7455747 2.254132E-05
vn -0.666422 -0.7455747 2.254132E-05
vn -0.6664264 -0.745571 1.977234E-05
vn -0.6157066 -0.7455701 -0.2550113
vn -0.6157064 -0.7455701 -0.2550113
vn -0.6157066 -0.7455701 -0.2550113
vn -0.6157029 -0.7455748 -0.2550061
vn -0.4712505 -0.745571 -0.4712186
vn -0.4712505 -0.745571 -0.4712185
vn -0.4712505 -0.745571 -0.4712185
vn -0.4712507 -0.7455702 -0.4712195
vn -0.2550512 -0.7455713 -0.6156884
vn -0.2550512 -0.7455713 -0.6156884
vn -0.2550511 -0.7455714 -0.6156884
vn -0.2550513 -0.7455717 -0.6156878
vn -2.209058E-05 -0.7455721 -0.666425
vn -2.209058E-05 -0.7455721 -0.666425
vn -2.209058E-05 -0.7455721 -0.666425
vn -2.185349E-05 -0.7455718 -0.6664253
vn 0.2550094 -0.7455722 -0.6157047
vn 0.2550094 -0.7455722 -0.6157047
vn 0.2550094 -0.7455722 -0.6157047
vn 0.2550109 -0.7455708 -0.6157057
vn 0.4712178 -0.745573 -0.471248
vn 0.4712178 -0.745573 -0.471248
vn 0.4712178 -0.745573 -0.471248
vn 0.4712178 -0.745573 -0.471248
vn 0.6156874 -0.7455725 -0.2550501
vn 0.6156874 -0.7455725 -0.2550501
vn 0.6156875 -0.7455725 -0.2550501
vn 0.6156867 -0.7455731 -0.2550503
vn 0.6664234 -0.7455735 -2.163971E-05
vn 0.6664234 -0.7455735 -2.163972E-05
vn 0.6664234 -0.7455735 -2.163972E-05
vn 0.6664248 -0.7455723 -2.081297E-05
vn 0.6157047 -0.7455727 0.255008
vn 0.6157047 -0.7455727 0.2550079
vn 0.6157047 -0.7455727 0.2550079
vn 0.6157039 -0.7455738 0.2550068
vn 0.4712484 -0.7455747 0.4712148
vn 0.4712484 -0.7455747 0.4712148
vn 0.4712484 -0.7455747 0.4712148
vn 0.4712488 -0.745573 0.471217
vn 0.2550503 -0.7455713 0.6156888
vn 0.2550503 -0.7455713 0.6156888
vn 0.2550503 -0.7455713 0.6156888
vn 0.2550507 -0.7455731 0.6156865
vn -3.446393E-05 0 -1
vn -3.446392E-05 0 -1
vn -3.446392E-05 0 -1
vn -3.377614E-05 -3.225945E-07 -1
vn -0.3827134 -2.980345E-07 -0.9238671
vn -0.3827134 -2.980344E-07 -0.9238671
vn -0.3827133 -2.980345E-07 -0.9238671
vn -0.3827149 4.602845E-07 -0.9238665
vn -0.7071306 8.504534E-07 -0.707083
vn -0.7071306 8.504534E-07 -0.707083
vn -0.7071305 8.504534E-07 -0.707083
vn -0.7071292 0 -0.7070844
vn -0.923892 0 -0.3826533
vn -0.923892 0 -0.3826533
vn -0.923892 0 -0.3826533
vn -0.9238933 1.481534E-06 -0.3826504
vn -1 1.603577E-06 3.58996E-05
vn -1 1.603577E-06 3.589961E-05
vn -1 1.603577E-06 3.589961E-05
vn -1 0 3.24806E-05
vn -0.9238667 0 0.3827143
vn -0.9238667 0 0.3827143
vn -0.9238667 0 0.3827143
vn -0.9238669 -1.534278E-07 0.3827141
vn -0.707083 -2.834845E-07 0.7071305
vn -0.707083 -2.834845E-07 0.7071305
vn -0.707083 -2.834845E-07 0.7071305
vn -0.7070826 0 0.7071309
vn -0.3826534 0 0.923892
vn -0.3826535 0 0.923892
vn -0.3826535 0 0.923892
vn -0.3826535 0 0.923892
vn 3.333536E-05 0 1
vn 3.333536E-05 0 1
vn 3.333536E-05 0 1
vn 3.333538E-05 0 1
vn 0.3827145 1.534279E-07 0.9238667
vn 0.3827144 1.534279E-07 0.9238667
vn 0.3827144 1.534279E-07 0.9238667
vn 0.3827141 0 0.9238668
vn 0.7071316 0 0.707082
vn 0.7071315 0 0.707082
vn 0.7071315 0 0.707082
vn 0.7071313 -1.417325E-07 0.7070822
vn 0.9238918 0 0.3826538
vn 0.9238918 0 0.3826538
vn 0.9238918 0 0.3826538
vn 0.9238918 0 0.3826536
vn 1 0 -3.333535E-05
vn 1 0 -3.333535E-05
vn 1 0 -3.333535E-05
vn 1 0 -3.333535E-05
vn 0.9238659 0 -0.3827164
vn 0.9238659 0 -0.3827164
vn 0.9238659 0 -0.3827164
vn 0.923866 -1.3425E-07 -0.3827161
vn 0.7070839 -2.480485E-07 -0.7071296
vn 0.7070839 -2.480485E-07 -0.7071296
vn 0.7070839 -2.480485E-07 -0.7071295
vn 0.7070827 5.669307E-07 -0.7071308
vn 0.3826524 3.068062E-07 -0.9238924
vn 0.3826524 3.068063E-07 -0.9238924
vn 0.3826524 3.068063E-07 -0.9238924
vn 0.3826527 1.534032E-07 -0.9238923
vn 2.26341E-05 0.7455712 0.6664259
vn 2.26341E-05 0.7455712 0.666426
vn 2.26341E-05 0.7455712 0.6664259
vn 2.299232E-05 0.7455717 0.6664255
vn -0.2550075 0.7455713 0.6157065
vn -0.2550075 0.7455713 0.6157065
vn -0.2550075 0.7455713 0.6157065
vn -0.2550101 0.7455691 0.6157082
vn -0.4712208 0.7455692 0.4712511
vn -0.4712209 0.7455692 0.4712511
vn -0.4712208 0.7455692 0.4712511
vn -0.4712158 0.745573 0.47125
vn -0.615686 0.7455734 0.2550511
vn -0.615686 0.7455734 0.2550511
vn -0.6156859 0.7455734 0.2550511
vn -0.6156892 0.745571 0.2550505
vn -0.6664262 0.745571 2.185364E-05
vn -0.6664264 0.745571 2.185364E-05
vn -0.6664263 0.745571 2.185364E-05
vn -0.6664252 0.7455719 2.254143E-05
vn -0.6157053 0.7455719 -0.2550091
vn -0.6157053 0.7455719 -0.2550091
vn -0.6157053 0.7455719 -0.2550091
vn -0.615706 0.745571 -0.2550101
vn -0.4712504 0.7455707 -0.4712191
vn -0.4712504 0.7455706 -0.4712192
vn -0.4712504 0.7455706 -0.4712191
vn -0.4712501 0.7455713 -0.4712182
vn -0.2550502 0.7455711 -0.615689
vn -0.2550503 0.7455711 -0.615689
vn -0.2550503 0.7455711 -0.615689
vn -0.2550503 0.7455714 -0.6156887
vn -2.185359E-05 0.7455718 -0.6664253
vn -2.18536E-05 0.7455718 -0.6664253
vn -2.185359E-05 0.7455718 -0.6664253
vn -2.209061E-05 0.7455721 -0.666425
vn 0.2550101 0.7455718 -0.6157049
vn 0.2550101 0.7455719 -0.6157049
vn 0.2550101 0.7455718 -0.6157049
vn 0.2550102 0.7455717 -0.6157049
vn 0.471218 0.7455721 -0.4712492
vn 0.471218 0.7455721 -0.4712492
vn 0.471218 0.7455721 -0.4712492
vn 0.4712192 0.7455711 -0.4712494
vn 0.6156897 0.7455705 -0.2550505
vn 0.6156897 0.7455705 -0.2550504
vn 0.6156897 0.7455706 -0.2550505
vn 0.6156887 0.7455713 -0.2550506
vn 0.6664261 0.7455711 -2.185366E-05
vn 0.6664261 0.7455711 -2.185366E-05
vn 0.6664261 0.7455711 -2.185366E-05
vn 0.666425 0.745572 -2.254142E-05
vn 0.6157044 0.7455722 0.2550101
vn 0.6157045 0.7455722 0.2550101
vn 0.6157044 0.7455723 0.2550101
vn 0.615703 0.7455741 0.2550081
vn 0.4712495 0.7455742 0.4712145
vn 0.4712494 0.7455742 0.4712145
vn 0.4712495 0.7455742 0.4712145
vn 0.4712496 0.7455737 0.4712151
vn 0.255051 0.7455726 0.615687
vn 0.2550509 0.7455726 0.615687
vn 0.255051 0.7455726 0.615687
vn 0.2550506 0.7455708 0.6156894
vn -3.446386E-05 0 -1
vn -3.446386E-05 0 -1
vn -3.446387E-05 0 -1
vn -3.377603E-05 -3.226215E-07 -1
vn -0.382714 -6.048897E-07 -0.9238669
vn -0.382714 -6.048898E-07 -0.9238669
vn -0.382714 -6.048898E-07 -0.9238669
vn -0.3827151 0 -0.9238664
vn -0.7071307 0 -0.7070828
vn -0.7071307 0 -0.7070828
vn -0.7071307 0 -0.7070828
vn -0.7071303 -2.834842E-07 -0.7070833
vn -0.9238923 -3.703828E-07 -0.3826529
vn -0.9238921 -3.703828E-07 -0.3826529
vn -0.9238921 -3.703828E-07 -0.3826529
vn -0.9238924 0 -0.3826522
vn -1 0 3.376272E-05
vn -1 0 3.376272E-05
vn -1 0 3.376272E-05
vn -1 -4.00894E-07 3.290797E-05
vn -0.9238667 -3.703726E-07 0.3827143
vn -0.9238667 -3.703726E-07 0.3827143
vn -0.9238667 -3.703726E-07 0.3827143
vn -0.9238664 0 0.3827151
vn -0.7070828 -1.417518E-07 0.7071307
vn -0.7070828 -1.417518E-07 0.7071307
vn -0.7070828 -1.417518E-07 0.7071307
vn -0.7070835 -5.669308E-07 0.70713
vn -0.3826531 -3.068066E-07 0.923892
vn -0.3826531 -3.068066E-07 0.923892
vn -0.3826532 -3.068066E-07 0.923892
vn -0.3826535 -4.602105E-07 0.923892
vn 3.333536E-05 0 1
vn 3.333536E-05 0 1
vn 3.333536E-05 0 1
vn 3.33353E-05 0 1
vn 0.382715 1.534282E-07 0.9238665
vn 0.382715 1.534281E-07 0.9238665
vn 0.382715 1.534282E-07 0.9238665
vn 0.3827147 0 0.9238666
vn 0.7071295 0 0.7070841
vn 0.7071295 0 0.7070841
vn 0.7071294 0 0.7070841
vn 0.7071292 -1.417329E-07 0.7070842
vn 0.9238933 0 0.3826501
vn 0.9238933 0 0.3826501
vn 0.9238933 0 0.3826501
vn 0.9238935 0 0.38265
vn 1 0 -3.162584E-05
vn 1 0 -3.162584E-05
vn 1 0 -3.162584E-05
vn 1 0 -3.162584E-05
vn 0.9238662 0 -0.3827156
vn 0.9238662 0 -0.3827156
vn 0.9238662 0 -0.3827156
vn 0.9238663 -1.342497E-07 -0.3827153
vn 0.7070822 -2.48049E-07 -0.7071313
vn 0.7070822 -2.48049E-07 -0.7071313
vn 0.7070822 -2.48049E-07 -0.7071313
vn 0.7070826 -5.669302E-07 -0.7071308
vn 0.3826533 -3.068067E-07 -0.923892
vn 0.3826533 -3.068067E-07 -0.923892
vn 0.3826533 -3.068067E-07 -0.923892
vn 0.3826525 1.534031E-07 -0.9238924
vn 2.263413E-05 0.7455712 0.6664259
vn 2.263414E-05 0.7455712 0.6664259
vn 2.263414E-05 0.7455712 0.6664259
vn 2.299222E-05 0.7455717 0.6664255
vn -0.2550088 0.7455722 0.615705
vn -0.2550088 0.7455721 0.615705
vn -0.2550088 0.7455721 0.615705
vn -0.2550121 0.7455692 0.6157072
vn -0.4712185 0.7455694 0.4712529
vn -0.4712185 0.7455694 0.471253
vn -0.4712185 0.7455694 0.4712529
vn -0.4712165 0.745571 0.4712526
vn -0.615689 0.7455709 0.2550513
vn -0.615689 0.7455709 0.2550513
vn -0.615689 0.7455709 0.2550513
vn -0.6156905 0.7455698 0.255051
vn -0.6664283 0.7455692 1.76911E-05
vn -0.6664283 0.7455692 1.769109E-05
vn -0.6664281 0.7455692 1.769109E-05
vn -0.6664235 0.7455734 2.073806E-05
vn -0.6157049 0.7455733 -0.2550058
vn -0.6157048 0.7455733 -0.2550057
vn -0.6157048 0.7455733 -0.2550058
vn -0.6157068 0.7455708 -0.2550087
vn -0.4712513 0.7455708 -0.471218
vn -0.4712513 0.7455708 -0.471218
vn -0.4712513 0.7455708 -0.471218
vn -0.4712517 0.7455695 -0.4712197
vn -0.2550508 0.7455702 -0.6156899
vn -0.2550509 0.7455702 -0.61569
vn -0.2550508 0.7455702 -0.61569
vn -0.2550512 0.7455718 -0.6156878
vn -2.185359E-05 0.7455719 -0.6664253
vn -2.185359E-05 0.7455719 -0.6664253
vn -2.185359E-05 0.7455718 -0.6664253
vn -2.209061E-05 0.7455721 -0.666425
vn 0.2550099 0.7455713 -0.6157055
vn 0.2550099 0.7455713 -0.6157055
vn 0.2550099 0.7455713 -0.6157056
vn 0.2550107 0.7455708 -0.615706
vn 0.4712196 0.7455715 -0.4712487
vn 0.4712196 0.7455715 -0.4712487
vn 0.4712196 0.7455714 -0.4712487
vn 0.4712182 0.7455725 -0.4712484
vn 0.615687 0.7455728 -0.2550504
vn 0.615687 0.7455729 -0.2550504
vn 0.6156869 0.7455729 -0.2550504
vn 0.6156893 0.7455711 -0.2550499
vn 0.6664264 0.7455708 -2.081302E-05
vn 0.6664264 0.7455708 -2.081302E-05
vn 0.6664264 0.7455708 -2.081302E-05
vn 0.6664237 0.7455733 -2.254138E-05
vn 0.6157039 0.7455735 0.2550078
vn 0.6157039 0.7455734 0.2550078
vn 0.6157039 0.7455735 0.2550078
vn 0.6157046 0.7455725 0.2550088
vn 0.4712497 0.7455726 0.4712168
vn 0.4712497 0.7455725 0.4712168
vn 0.4712497 0.7455725 0.4712168
vn 0.4712495 0.7455732 0.4712159
vn 0.2550514 0.7455716 0.6156881
vn 0.2550514 0.7455716 0.6156881
vn 0.2550514 0.7455716 0.6156881
vn 0.2550514 0.7455717 0.615688
vn 1 -5.099098E-07 0
vn 1 -5.099097E-07 0
vn 1 -5.099097E-07 0
vn 1 -5.099097E-07 0
vn 1 -2.549549E-07 0
vn 1 -2.549549E-07 0
vn 1 -6.838254E-07 -3.759186E-07
vn 1 -6.838254E-07 -3.759187E-07
vn 1 0 0
vn 1 -6.838255E-07 -3.759187E-07
vn 1 -6.747256E-07 3.708852E-07
vn 1 -6.747257E-07 3.708852E-07
vn 1 -6.747256E-07 3.708852E-07
vn 1 -3.419127E-07 1.879594E-07
vn 1 0 0
vn 1 0 0
vn 1 -3.373628E-07 -1.854427E-07
vn 1 -3.373629E-07 -1.854427E-07
vn 1 -3.373628E-07 -1.854427E-07
vn 1 -3.419127E-07 1.879594E-07
vn 1 -3.419128E-07 1.879594E-07
vn 1 0 0
vn 1 0 0
vn 1 0 0
vn 1 0 0
vn 1 0 0
vn 1 0 0
vn 1 0 0
vn 1 0 0
vn 1 0 0
vn 1 0 0
vn 0.2099722 0.9777074 0
vn 0.2099722 0.9777074 0
vn 0.2099722 0.9777074 0
vn 0.2099722 0.9777074 0
vn 0.2655788 0.844847 0.4644369
vn 0.2655788 0.844847 0.4644369
vn 0.2655787 0.844847 0.4644368
vn 0.265581 0.8448468 0.4644358
vn 0.245203 -4.635051E-05 0.9694718
vn 0.245203 -4.635051E-05 0.9694718
vn 0.2452039 -4.618166E-05 0.9694715
vn 0.245203 -4.635051E-05 0.9694718
vn 0.2452039 4.618165E-05 0.9694715
vn 0.2452039 4.618166E-05 0.9694715
vn 0.245231 9.122892E-05 -0.9694648
vn 0.2452309 9.122891E-05 -0.9694648
vn 0.2452309 9.12289E-05 -0.9694648
vn 0.2452288 9.160565E-05 -0.9694652
vn 0.2452288 -9.160564E-05 -0.9694652
vn 0.2452309 -9.12289E-05 -0.9694648
vn 0.2655711 0.8448651 -0.4644081
vn 0.2655712 0.8448651 -0.4644081
vn 0.2655712 0.8448651 -0.4644081
vn 0.2655767 0.8448629 -0.4644091
vn -1.990293E-06 0 -1
vn -1.990293E-06 0 -1
vn -1.990293E-06 0 -1
vn 0 -1.912161E-07 -1
vn 0 1.912162E-07 -1
vn -1.990282E-06 0 -1
vn 0 -1 0
vn 0 -1 0
vn 0 -1 0
vn 0 -1 0
vn 0 -1 0
vn 0 -1 0
vn 0 -1 0
vn 0 -1 0
vn 7.961136E-06 -4.155764E-05 1
vn 7.961136E-06 -4.155764E-05 1
vn 0 -4.23225E-05 1
vn 7.961136E-06 -4.155764E-05 1
vn 0 4.232251E-05 1
vn 0 4.232251E-05 1
vn -1 2.549548E-07 0
vn -1 2.549548E-07 0
vn -1 2.549548E-07 0
vn -1 2.549548E-07 0
vn -1 0 0
vn -1 0 0
vn 0.2099722 -0.9777074 0
vn 0.2099722 -0.9777074 0
vn 0.2099722 -0.9777074 0
vn 0.2099722 -0.9777074 0
vn 0.265581 -0.8448468 0.4644358
vn 0.265581 -0.8448468 0.4644358
vn 0.265581 -0.8448468 0.4644358
vn 0.2655787 -0.844847 0.4644368
vn 0.2655768 -0.8448628 -0.4644091
vn 0.2655767 -0.8448628 -0.4644091
vn 0.2655767 -0.8448629 -0.4644091
vn 0.2655712 -0.8448651 -0.4644081
vn 0 1 0
vn 0 1 0
vn 0 1 0
vn 0 1 0
vn 0 1 0
vn 0 1 0
vn 0 1 0
vn 0 1 0
vn 1 0 0
vn 1 0 0
vn 1 0 0
vn 1 0 0
vn 1 0 0
vn 1 0 0
vn 1 0 0
vn 1 0 0
vn 0 -0.6172036 -0.7868034
vn 0 -0.6172036 -0.7868034
vn 0 -0.6172037 -0.7868034
vn -4.306181E-06 -0.6172049 -0.7868025
vn 0 1 0
vn 0 1 0
vn 0 1 0
vn 0 1 0
vn 0 0.04184793 0.999124
vn 0 0.04184793 0.999124
vn 0 0.04184793 0.999124
vn 0 0.04184793 0.999124
vn -6.976907E-06 -1 0
vn -6.976907E-06 -1 0
vn -6.976907E-06 -1 0
vn -6.976907E-06 -1 0
vn 0 0.04184882 -0.999124
vn 0 0.04184882 -0.999124
vn 0 0.04184882 -0.999124
vn 0 0.04184882 -0.999124
vn 0 0.6058338 0.7955911
vn 0 0.6058338 0.7955911
vn 0 0.6058338 0.7955911
vn 0 0.6058338 0.7955911
vn 0 0.6058338 -0.7955911
vn 0 0.6058338 -0.7955911
vn 0 0.6058338 -0.7955911
vn 0 0.6058338 -0.7955911
vn -4.306161E-06 -0.6172021 0.7868046
vn -4.306161E-06 -0.6172021 0.7868046
vn -4.306161E-06 -0.6172021 0.7868046
vn 0 -0.6172032 0.7868037
vn -1 0 0
vn -1 0 0
vn -1 0 0
vn -1 0 0
vn -1 0 0
vn -1 0 0
vn -1 0 0
vn -1 0 0
vn -1 0 0
vn -1 0 0
vn -1 0 0
vn -1 0 0
vn 0 -0.7231002 0.6907431
vn 0 -0.7231003 0.690743
vn 0 -0.7231002 0.6907431
vn 0 -0.7231002 0.6907431
vn 0 0.7290252 0.6844868
vn 0 0.7290252 0.6844868
vn 0 0.7290251 0.6844869
vn 0 0.7290251 0.6844869
vn 0 0.7290272 -0.6844847
vn 0 0.7290272 -0.6844847
vn 0 0.7290272 -0.6844847
vn 0 0.7290272 -0.6844847
vn 0 -0.7231024 -0.6907409
vn 0 -0.7231024 -0.6907409
vn 0 -0.7231024 -0.6907409
vn 0 -0.7231024 -0.6907409
vn 0 -1 0
vn 0 -1 0
vn 0 -1 0
vn 0 -1 0
vn 0 -1 0
vn 0 -1 0
vn 0 -1 0
vn 0 -1 0
vn 0 -1 0
vn 0 -1 0
vn -7.246086E-07 -1 4.842029E-07
vn 0 -1 0
vn -3.141621E-07 -1 -1.301181E-07
vn 0 -1 0
vn -3.40042E-07 -1 0
vn -7.246401E-07 -1 -4.841534E-07
vn -3.141535E-07 -1 1.301389E-07
vn -3.141532E-07 -1 1.301396E-07
vn -7.246416E-07 -1 -4.841544E-07
vn 0 -1 0
vn -3.400419E-07 -1 0
vn 0 -1 0
vn -3.14162E-07 -1 -1.301183E-07
vn 0 -1 0
vn -7.246092E-07 -1 4.842032E-07
vn 0 -1 0
vn 0 -1 0
vn 0 -1 0
vn 0 -1 0
vn 0 -1 0
vn 0 -1 0
vn 0 -1 0
vn 0 -1 0
vn 0 -1 0
vn 0 1 0
vn 0 1 0
vn 0 1 0
vn 0 1 0
vn 0 1 0
vn 0 1 0
vn 0 1 0
vn 0 1 0
vn 0 1 0
vn 0 1 0
vn 0 1 0
vn 0 1 0
vn 0 1 0
vn 0 1 0
vn 0 1 0
vn 0 1 0
vn 0 1 0
vn 0 1 0
vn 4.273807E-07 1 0
vn 0 1 0
vn 0 1 0
vn 4.273808E-07 1 0
vn 0 1 0
vn 4.273807E-07 1 0
vn 0 1 0
vn -3.623039E-07 1 2.421011E-07
vn 0 1 0
vn 0 1 0
vn 4.273743E-07 1 0
vn 0 1 0
vn -3.623207E-07 1 -2.420769E-07
vn 0 1 0
vn 0 1 0
vn 0 1 0
vn 1 4.832882E-06 2.564367E-06
vn 1 -2.13527E-06 -1.286207E-05
vn 1 -1.879443E-06 -9.761685E-06
vn 1 -2.684986E-07 -9.761685E-06
vn 1 4.832882E-06 2.564367E-06
vn 1 0 -1.286203E-05
vn 1 4.832882E-06 2.564367E-06
vn 0.02577711 0.9993353 0.02577526
vn 0.0336787 0.9993353 0.01394884
vn 0.0257771 0.9993353 0.02577538
vn 0.0336787 0.9993353 0.01394884
vn 1.257658E-06 0.9993353 0.036453
vn 0.03645305 0.9993353 -1.199596E-06
vn 1.257658E-06 0.9993353 0.03645299
vn 0.03645302 0.9993353 -1.233002E-06
vn 1.257658E-06 0.9993353 0.036453
vn 0.03367773 0.9993353 -0.01395113
vn 1.231238E-06 0.9993353 0.03645302
vn 0.03367784 0.9993353 -0.01395108
vn -0.01395023 0.9993353 0.03367838
vn 0.02577537 0.9993353 -0.02577707
vn -0.01394954 0.9993353 0.03367814
vn 0.02577541 0.9993353 -0.02577707
vn -0.02577513 0.9993353 0.0257771
vn 0.01394962 0.9993353 -0.03367821
vn -0.02577533 0.9993353 0.02577709
vn 0.0139502 0.9993353 -0.03367841
vn -0.03367779 0.9993353 0.01395109
vn -1.215173E-06 0.9993353 -0.03645304
vn -0.03367771 0.9993353 0.01395113
vn -1.208343E-06 0.9993353 -0.03645305
vn -0.03645303 0.9993353 1.134361E-06
vn -0.01395196 0.9993353 -0.03367756
vn -0.036453 0.9993353 1.152857E-06
vn -0.01395224 0.9993353 -0.03367699
vn -0.03367869 0.9993353 -0.01394878
vn -0.02577701 0.9993353 -0.02577537
vn -0.03367867 0.9993353 -0.01394873
vn -0.02577701 0.9993353 -0.02577526
vn 0.02577676 0.9993353 0.02577487
vn 0.03367824 0.9993353 0.01394857
vn 0.02577674 0.9993353 0.02577511
vn 0.03367827 0.9993353 0.01394866
vn 1.257647E-06 0.9993353 0.03645254
vn 0.03645258 0.9993353 -1.184002E-06
vn 1.257647E-06 0.9993353 0.03645254
vn 0.03645254 0.9993353 -1.232985E-06
vn 1.257647E-06 0.9993353 0.03645254
vn 0.0336773 0.9993353 -0.0139509
vn 1.231227E-06 0.9993353 0.03645256
vn 0.03367729 0.9993353 -0.01395091
vn -0.01394799 0.9993353 0.03367836
vn 0.02577497 0.9993353 -0.02577673
vn -0.01394884 0.9993353 0.03367865
vn 0.02577508 0.9993353 -0.02577673
vn -0.02577524 0.9993353 0.02577711
vn 0.01394871 0.9993353 -0.03367826
vn -0.02577534 0.9993353 0.0257771
vn 0.01394873 0.9993353 -0.03367827
vn -0.03367782 0.9993353 0.0139511
vn -1.215161E-06 0.9993353 -0.03645258
vn -0.0336777 0.9993353 0.01395116
vn -1.208328E-06 0.9993353 -0.03645258
vn -0.036453 0.9993353 1.233001E-06
vn -0.01395091 0.9993353 -0.03367732
vn -0.03645302 0.9993353 1.215174E-06
vn -0.01395052 0.9993353 -0.03367811
vn -0.03367867 0.9993353 -0.01394887
vn -0.02577707 0.9993353 -0.02577528
vn -0.03367867 0.9993353 -0.01394889
vn -0.02577707 0.9993353 -0.02577532
vn 0.0336787 -0.9993353 0.01394884
vn 0.0257771 -0.9993353 0.02577541
vn 0.0257771 -0.9993353 0.02577541
vn 0.0336787 -0.9993353 0.01394884
vn 1.257692E-06 -0.9993353 0.03645393
vn 0.03645302 -0.9993353 -1.215174E-06
vn 1.231273E-06 -0.9993353 0.03645395
vn 0.03645302 -0.9993353 -1.215174E-06
vn 1.231273E-06 -0.9993353 0.03645395
vn 0.03367775 -0.9993353 -0.01395113
vn 1.231273E-06 -0.9993353 0.03645395
vn 0.03367775 -0.9993353 -0.01395113
vn -0.0139481 -0.9993353 0.03367912
vn 0.02577536 -0.9993353 -0.02577707
vn -0.0139481 -0.9993353 0.03367912
vn 0.02577536 -0.9993353 -0.02577707
vn -0.02577537 -0.9993353 0.02577712
vn 0.01394818 -0.9993353 -0.03367918
vn -0.02577537 -0.9993353 0.02577712
vn 0.01394818 -0.9993353 -0.03367918
vn -0.03367774 -0.9993353 0.01395114
vn -1.215205E-06 -0.9993353 -0.03645397
vn -0.03367774 -0.9993353 0.01395114
vn -1.215205E-06 -0.9993353 -0.03645396
vn -0.03645308 -0.9993353 1.184018E-06
vn -0.01395061 -0.9993353 -0.03367877
vn -0.03645308 -0.9993353 1.184017E-06
vn -0.01395061 -0.9993353 -0.03367877
vn -0.03367865 -0.9993353 -0.01394876
vn -0.02577701 -0.9993353 -0.02577537
vn -0.03367866 -0.9993353 -0.01394876
vn -0.02577701 -0.9993353 -0.02577537
vn 0.03367868 -0.9993353 0.01394879
vn 0.02577704 -0.9993353 0.02577534
vn 0.02577704 -0.9993353 0.02577534
vn 0.03367868 -0.9993353 0.01394879
vn 1.257661E-06 -0.9993353 0.036453
vn 0.03645301 -0.9993353 -1.152857E-06
vn 1.23124E-06 -0.9993353 0.03645302
vn 0.03645301 -0.9993353 -1.152857E-06
vn 1.23124E-06 -0.9993353 0.03645302
vn 0.03367768 -0.9993353 -0.01395118
vn 1.231241E-06 -0.9993353 0.03645302
vn 0.03367768 -0.9993353 -0.01395118
vn -0.0139499 -0.9993353 0.03367902
vn 0.02577537 -0.9993353 -0.02577707
vn -0.0139499 -0.9993353 0.03367902
vn 0.02577537 -0.9993353 -0.02577707
vn -0.02577597 -0.9993353 0.02577772
vn 0.0139489 -0.9993353 -0.03367871
vn -0.02577597 -0.9993353 0.02577772
vn 0.0139489 -0.9993353 -0.03367871
vn -0.0336786 -0.9993353 0.01395143
vn -1.215176E-06 -0.9993353 -0.03645304
vn -0.0336786 -0.9993353 0.01395143
vn -1.215176E-06 -0.9993353 -0.03645304
vn -0.03645392 -0.9993353 1.277522E-06
vn -0.01395194 -0.9993353 -0.0336776
vn -0.03645393 -0.9993353 1.277522E-06
vn -0.01395194 -0.9993353 -0.0336776
vn -0.03367946 -0.9993353 -0.01394918
vn -0.02577769 -0.9993353 -0.02577595
vn -0.03367946 -0.9993353 -0.01394918
vn -0.02577768 -0.9993353 -0.02577595
vn 0.9810607 -0.1736483 -0.08582529
vn 0.9810625 -0.17364 -0.08582336
vn 0.9810598 -0.1736494 -0.08583384
vn 0.9810607 -0.1736483 -0.08582529
vn 0.9810621 -0.1736379 -0.08583149
vn 0.9810607 -0.1736483 -0.08582529
vn 0.98106 -0.1736507 -0.08583078
vn 0.9810612 -0.1736428 -0.08583163
vn 0.9810625 -0.1736335 -0.0858361
vn 0.9810612 -0.1736428 -0.08583162
vn 0.9810587 -0.1736492 -0.08584692
vn 0.9810575 -0.173664 -0.08583056
vn 0.9810607 -0.1736454 -0.08583128
vn 0.981062 -0.1736473 -0.08581378
vn 0.9810594 -0.1736511 -0.08583567
vn 0.981062 -0.1736473 -0.08581378
vn 0.9810629 0.1736403 -0.08581648
vn 0.9810609 0.1736482 -0.08582513
vn 0.9810605 0.1736493 -0.08582687
vn 0.9810587 0.1736575 -0.08583082
vn 0.9810634 0.1736309 -0.0858316
vn 0.9810601 0.1736492 -0.08583137
vn 0.9810609 0.1736454 -0.08583128
vn 0.9810587 0.1736576 -0.08583082
vn 0.9810624 0.1736316 -0.08584075
vn 0.9810605 0.1736483 -0.08582915
vn 0.9810587 0.1736491 -0.08584695
vn 0.9810601 0.1736492 -0.08583136
vn 0.9810607 0.1736454 -0.08583128
vn 0.9810601 0.1736492 -0.08583136
vn 0.9810598 0.1736462 -0.08584072
vn 0.9810605 0.1736483 -0.08582915
g icecreamtruck_01_0
f 3/3/3 2/2/2 1/1/1
f 6/6/6 5/5/5 4/4/4
f 9/9/9 8/8/8 7/7/7
f 12/12/12 11/11/11 10/10/10
f 15/15/15 14/14/14 13/13/13
f 18/18/18 17/17/17 16/16/16
f 21/21/21 20/20/20 19/19/19
f 24/24/24 23/23/23 22/22/22
f 27/27/27 26/26/26 25/25/25
f 30/30/30 29/29/29 28/28/28
f 33/33/33 32/32/32 31/31/31
f 36/36/36 35/35/35 34/34/34
f 39/39/39 38/38/38 37/37/37
f 42/42/42 41/41/41 40/40/40
f 45/45/45 44/44/44 43/43/43
f 48/48/48 47/47/47 46/46/46
f 50/50/50 46/46/46 49/49/49
f 53/53/53 52/52/52 51/51/51
f 56/56/56 55/55/55 54/54/54
f 59/59/59 58/58/58 57/57/57
f 62/62/62 61/61/61 60/60/60
f 65/65/65 64/64/64 63/63/63
f 68/68/68 67/67/67 66/66/66
f 71/71/71 70/70/70 69/69/69
f 74/74/74 73/73/73 72/72/72
f 77/77/77 76/76/76 75/75/75
f 80/80/80 79/79/79 78/78/78
f 83/83/83 82/82/82 81/81/81
f 86/86/86 85/85/85 84/84/84
f 89/89/89 88/88/88 87/87/87
f 92/92/92 91/91/91 90/90/90
f 95/95/95 94/94/94 93/93/93
f 98/98/98 97/97/97 96/96/96
f 101/101/101 100/100/100 99/99/99
f 104/104/104 103/103/103 102/102/102
f 107/107/107 106/106/106 105/105/105
f 110/110/110 109/109/109 108/108/108
f 113/113/113 112/112/112 111/111/111
f 116/116/116 115/115/115 114/114/114
f 119/119/119 118/118/118 117/117/117
f 122/122/122 121/121/121 120/120/120
f 125/125/125 124/124/124 123/123/123
f 123/123/123 127/127/127 126/126/126
f 128/128/128 126/126/126 127/127/127
f 131/131/131 130/130/130 129/129/129
f 134/134/134 133/133/133 132/132/132
f 137/137/137 136/136/136 135/135/135
f 140/140/140 139/139/139 138/138/138
f 143/143/143 142/142/142 141/141/141
f 146/146/146 145/145/145 144/144/144
f 149/149/149 148/148/148 147/147/147
f 152/152/152 151/151/151 150/150/150
f 155/155/155 154/154/154 153/153/153
f 158/158/158 157/157/157 156/156/156
f 161/161/161 160/160/160 159/159/159
f 164/164/164 163/163/163 162/162/162
f 167/167/167 166/166/166 165/165/165
f 170/170/170 169/169/169 168/168/168
f 173/173/173 172/172/172 171/171/171
f 176/176/176 175/175/175 174/174/174
f 179/179/179 178/178/178 177/177/177
f 182/182/182 181/181/181 180/180/180
f 185/185/185 184/184/184 183/183/183
f 188/188/188 187/187/187 186/186/186
f 191/191/191 190/190/190 189/189/189
f 191/191/191 193/193/193 192/192/192
f 194/194/194 192/192/192 193/193/193
f 192/192/192 194/194/194 195/195/195
f 195/195/195 196/196/196 192/192/192
f 197/197/197 192/192/192 196/196/196
f 198/198/198 195/195/195 194/194/194
f 198/198/198 194/194/194 199/199/199
f 200/200/200 199/199/199 194/194/194
f 199/199/199 200/200/200 201/201/201
f 202/202/202 201/201/201 200/200/200
f 194/194/194 203/203/203 200/200/200
f 205/205/205 204/204/204 193/193/193
f 204/204/204 205/205/205 206/206/206
f 208/208/208 203/203/203 207/207/207
f 209/209/209 207/207/207 203/203/203
f 209/209/209 203/203/203 210/210/210
f 211/211/211 210/210/210 203/203/203
f 214/214/214 213/213/213 212/212/212
f 217/217/217 216/216/216 215/215/215
f 220/220/220 219/219/219 218/218/218
f 223/223/223 222/222/222 221/221/221
f 226/226/226 225/225/225 224/224/224
f 229/229/229 228/228/228 227/227/227
f 232/232/232 231/231/231 230/230/230
f 235/235/235 234/234/234 233/233/233
f 238/238/238 237/237/237 236/236/236
f 241/241/241 240/240/240 239/239/239
f 244/244/244 243/243/243 242/242/242
f 247/247/247 246/246/246 245/245/245
f 250/250/250 249/249/249 248/248/248
f 253/253/253 252/252/252 251/251/251
f 256/256/256 255/255/255 254/254/254
f 259/259/259 258/258/258 257/257/257
f 262/262/262 261/261/261 260/260/260
f 265/265/265 264/264/264 263/263/263
f 268/268/268 267/267/267 266/266/266
f 271/271/271 270/270/270 269/269/269
f 274/274/274 273/273/273 272/272/272
f 277/277/277 276/276/276 275/275/275
f 280/280/280 279/279/279 278/278/278
f 283/283/283 282/282/282 281/281/281
f 286/286/286 285/285/285 284/284/284
f 289/289/289 288/288/288 287/287/287
f 292/292/292 291/291/291 290/290/290
f 295/295/295 294/294/294 293/293/293
f 298/298/298 297/297/297 296/296/296
f 301/301/301 300/300/300 299/299/299
f 304/304/304 303/303/303 302/302/302
f 307/307/307 306/306/306 305/305/305
f 310/310/310 309/309/309 308/308/308
f 313/313/313 312/312/312 311/311/311
f 316/316/316 315/315/315 314/314/314
f 319/319/319 318/318/318 317/317/317
f 322/322/322 321/321/321 320/320/320
f 325/325/325 324/324/324 323/323/323
f 328/328/328 327/327/327 326/326/326
f 331/331/331 330/330/330 329/329/329
f 334/334/334 333/333/333 332/332/332
f 337/337/337 336/336/336 335/335/335
f 340/340/340 339/339/339 338/338/338
f 343/343/343 342/342/342 341/341/341
f 346/346/346 345/345/345 344/344/344
f 349/349/349 348/348/348 347/347/347
f 352/352/352 351/351/351 350/350/350
f 355/355/355 354/354/354 353/353/353
f 358/358/358 357/357/357 356/356/356
f 361/361/361 360/360/360 359/359/359
f 364/364/364 363/363/363 362/362/362
f 367/367/367 366/366/366 365/365/365
f 370/370/370 369/369/369 368/368/368
f 373/373/373 372/372/372 371/371/371
f 376/376/376 375/375/375 374/374/374
f 379/379/379 378/378/378 377/377/377
f 382/382/382 381/381/381 380/380/380
f 385/385/385 384/384/384 383/383/383
f 388/388/388 387/387/387 386/386/386
f 391/391/391 390/390/390 389/389/389
f 394/394/394 393/393/393 392/392/392
f 397/397/397 396/396/396 395/395/395
f 400/400/400 399/399/399 398/398/398
f 403/403/403 402/402/402 401/401/401
f 406/406/406 405/405/405 404/404/404
f 409/409/409 408/408/408 407/407/407
f 412/412/412 411/411/411 410/410/410
f 415/415/415 414/414/414 413/413/413
f 418/418/418 417/417/417 416/416/416
f 421/421/421 420/420/420 419/419/419
f 424/424/424 423/423/423 422/422/422
f 427/427/427 426/426/426 425/425/425
f 430/430/430 429/429/429 428/428/428
f 433/433/433 432/432/432 431/431/431
f 436/436/436 435/435/435 434/434/434
f 439/439/439 438/438/438 437/437/437
f 442/442/442 441/441/441 440/440/440
f 445/445/445 444/444/444 443/443/443
f 448/448/448 447/447/447 446/446/446
f 451/451/451 450/450/450 449/449/449
f 454/454/454 453/453/453 452/452/452
f 457/457/457 456/456/456 455/455/455
f 460/460/460 459/459/459 458/458/458
f 463/463/463 462/462/462 461/461/461
f 466/466/466 465/465/465 464/464/464
f 469/469/469 468/468/468 467/467/467
f 472/472/472 471/471/471 470/470/470
f 475/475/475 474/474/474 473/473/473
f 478/478/478 477/477/477 476/476/476
f 481/481/481 480/480/480 479/479/479
f 484/484/484 483/483/483 482/482/482
f 487/487/487 486/486/486 485/485/485
f 490/490/490 489/489/489 488/488/488
f 493/493/493 492/492/492 491/491/491
f 496/496/496 495/495/495 494/494/494
f 499/499/499 498/498/498 497/497/497
f 502/502/502 501/501/501 500/500/500
f 505/505/505 504/504/504 503/503/503
f 508/508/508 507/507/507 506/506/506
f 511/511/511 510/510/510 509/509/509
f 514/514/514 513/513/513 512/512/512
f 517/517/517 516/516/516 515/515/515
f 520/520/520 519/519/519 518/518/518
f 523/523/523 522/522/522 521/521/521
f 526/526/526 525/525/525 524/524/524
f 529/529/529 528/528/528 527/527/527
f 532/532/532 531/531/531 530/530/530
f 535/535/535 534/534/534 533/533/533
f 538/538/538 537/537/537 536/536/536
f 541/541/541 540/540/540 539/539/539
f 544/544/544 543/543/543 542/542/542
f 547/547/547 546/546/546 545/545/545
f 550/550/550 549/549/549 548/548/548
f 553/553/553 552/552/552 551/551/551
f 556/556/556 555/555/555 554/554/554
f 559/559/559 558/558/558 557/557/557
f 562/562/562 561/561/561 560/560/560
f 565/565/565 564/564/564 563/563/563
f 568/568/568 567/567/567 566/566/566
f 571/571/571 570/570/570 569/569/569
f 574/574/574 573/573/573 572/572/572
f 577/577/577 576/576/576 575/575/575
f 580/580/580 579/579/579 578/578/578
f 583/583/583 582/582/582 581/581/581
f 586/586/586 585/585/585 584/584/584
f 589/589/589 588/588/588 587/587/587
f 592/592/592 591/591/591 590/590/590
f 595/595/595 594/594/594 593/593/593
f 598/598/598 597/597/597 596/596/596
f 601/601/601 600/600/600 599/599/599
f 604/604/604 603/603/603 602/602/602
f 607/607/607 606/606/606 605/605/605
f 610/610/610 609/609/609 608/608/608
f 613/613/613 612/612/612 611/611/611
f 616/616/616 615/615/615 614/614/614
f 619/619/619 618/618/618 617/617/617
f 622/622/622 621/621/621 620/620/620
f 625/625/625 624/624/624 623/623/623
f 628/628/628 627/627/627 626/626/626
f 631/631/631 630/630/630 629/629/629
f 634/634/634 633/633/633 632/632/632
f 637/637/637 636/636/636 635/635/635
f 640/640/640 639/639/639 638/638/638
f 643/643/643 642/642/642 641/641/641
f 646/646/646 645/645/645 644/644/644
f 649/649/649 648/648/648 647/647/647
f 652/652/652 651/651/651 650/650/650
f 655/655/655 654/654/654 653/653/653
f 658/658/658 657/657/657 656/656/656
f 661/661/661 660/660/660 659/659/659
f 664/664/664 663/663/663 662/662/662
f 667/667/667 666/666/666 665/665/665
f 670/670/670 669/669/669 668/668/668
f 673/673/673 672/672/672 671/671/671
f 676/676/676 675/675/675 674/674/674
f 679/679/679 678/678/678 677/677/677
f 682/682/682 681/681/681 680/680/680
f 685/685/685 684/684/684 683/683/683
f 688/688/688 687/687/687 686/686/686
f 691/691/691 690/690/690 689/689/689
f 694/694/694 693/693/693 692/692/692
f 697/697/697 696/696/696 695/695/695
f 700/700/700 699/699/699 698/698/698
f 703/703/703 702/702/702 701/701/701
f 706/706/706 705/705/705 704/704/704
f 709/709/709 708/708/708 707/707/707
f 712/712/712 711/711/711 710/710/710
f 715/715/715 714/714/714 713/713/713
f 718/718/718 717/717/717 716/716/716
f 721/721/721 720/720/720 719/719/719
f 724/724/724 723/723/723 722/722/722
f 727/727/727 726/726/726 725/725/725
f 730/730/730 729/729/729 728/728/728
f 733/733/733 732/732/732 731/731/731
f 736/736/736 735/735/735 734/734/734
f 739/739/739 738/738/738 737/737/737
f 742/742/742 741/741/741 740/740/740
f 745/745/745 744/744/744 743/743/743
f 748/748/748 747/747/747 746/746/746
f 751/751/751 750/750/750 749/749/749
f 754/754/754 753/753/753 752/752/752
f 757/757/757 756/756/756 755/755/755
f 760/760/760 759/759/759 758/758/758
f 763/763/763 762/762/762 761/761/761
f 766/766/766 765/765/765 764/764/764
f 769/769/769 768/768/768 767/767/767
f 772/772/772 771/771/771 770/770/770
f 775/775/775 774/774/774 773/773/773
f 778/778/778 777/777/777 776/776/776
f 781/781/781 780/780/780 779/779/779
f 784/784/784 783/783/783 782/782/782
f 787/787/787 786/786/786 785/785/785
f 790/790/790 789/789/789 788/788/788
f 793/793/793 792/792/792 791/791/791
f 796/796/796 795/795/795 794/794/794
f 799/799/799 798/798/798 797/797/797
f 802/802/802 801/801/801 800/800/800
f 805/805/805 804/804/804 803/803/803
f 808/808/808 807/807/807 806/806/806
f 811/811/811 810/810/810 809/809/809
f 814/814/814 813/813/813 812/812/812
f 817/817/817 816/816/816 815/815/815
f 820/820/820 819/819/819 818/818/818
f 823/823/823 822/822/822 821/821/821
f 826/826/826 825/825/825 824/824/824
f 829/829/829 828/828/828 827/827/827
f 832/832/832 831/831/831 830/830/830
f 835/835/835 834/834/834 833/833/833
f 838/838/838 837/837/837 836/836/836
f 841/841/841 840/840/840 839/839/839
f 844/844/844 843/843/843 842/842/842
f 847/847/847 846/846/846 845/845/845
f 850/850/850 849/849/849 848/848/848
f 853/853/853 852/852/852 851/851/851
f 856/856/856 855/855/855 854/854/854
f 859/859/859 858/858/858 857/857/857
f 862/862/862 861/861/861 860/860/860
f 865/865/865 864/864/864 863/863/863
f 868/868/868 867/867/867 866/866/866
f 871/871/871 870/870/870 869/869/869
f 872/872/872 869/869/869 870/870/870
f 875/875/875 874/874/874 873/873/873
f 876/876/876 873/873/873 874/874/874
f 873/873/873 876/876/876 877/877/877
f 880/880/880 879/879/879 878/878/878
f 881/881/881 878/878/878 879/879/879
f 879/879/879 882/882/882 881/881/881
f 882/882/882 883/883/883 881/881/881
f 883/883/883 884/884/884 881/881/881
f 884/884/884 885/885/885 881/881/881
f 886/886/886 881/881/881 885/885/885
f 886/886/886 887/887/887 881/881/881
f 878/878/878 881/881/881 887/887/887
f 878/878/878 887/887/887 888/888/888
f 887/887/887 889/889/889 888/888/888
f 890/890/890 888/888/888 889/889/889
f 890/890/890 889/889/889 891/891/891
f 892/892/892 891/891/891 889/889/889
f 892/892/892 893/893/893 891/891/891
f 893/893/893 892/892/892 894/894/894
f 895/895/895 894/894/894 892/892/892
f 895/895/895 896/896/896 894/894/894
f 897/897/897 894/894/894 896/896/896
f 897/897/897 898/898/898 894/894/894
f 898/898/898 899/899/899 894/894/894
f 899/899/899 900/900/900 894/894/894
f 894/894/894 900/900/900 893/893/893
f 901/901/901 893/893/893 900/900/900
f 897/897/897 903/903/903 902/902/902
f 904/904/904 902/902/902 903/903/903
f 904/904/904 905/905/905 902/902/902
f 884/884/884 902/902/902 905/905/905
f 908/908/908 907/907/907 906/906/906
f 908/908/908 906/906/906 909/909/909
f 911/911/911 909/909/909 910/910/910
f 911/911/911 910/910/910 912/912/912
f 915/915/915 914/914/914 913/913/913
f 916/916/916 913/913/913 914/914/914
f 919/919/919 918/918/918 917/917/917
f 920/920/920 917/917/917 918/918/918
f 923/923/923 922/922/922 921/921/921
f 924/924/924 921/921/921 922/922/922
f 924/924/924 922/922/922 925/925/925
f 926/926/926 925/925/925 922/922/922
f 925/925/925 926/926/926 927/927/927
f 928/928/928 927/927/927 926/926/926
f 928/928/928 929/929/929 927/927/927
f 930/930/930 927/927/927 929/929/929
f 930/930/930 929/929/929 931/931/931
f 932/932/932 931/931/931 929/929/929
f 932/932/932 933/933/933 931/931/931
f 934/934/934 931/931/931 933/933/933
f 933/933/933 935/935/935 934/934/934
f 936/936/936 934/934/934 935/935/935
f 936/936/936 935/935/935 937/937/937
f 938/938/938 937/937/937 935/935/935
f 941/941/941 940/940/940 939/939/939
f 942/942/942 939/939/939 940/940/940
f 945/945/945 944/944/944 943/943/943
f 946/946/946 943/943/943 944/944/944
f 947/947/947 943/943/943 946/946/946
f 948/948/948 943/943/943 947/947/947
f 947/947/947 949/949/949 948/948/948
f 950/950/950 948/948/948 949/949/949
f 951/951/951 950/950/950 949/949/949
f 952/952/952 951/951/951 949/949/949
f 953/953/953 952/952/952 949/949/949
f 956/956/956 955/955/955 954/954/954
f 957/957/957 954/954/954 955/955/955
f 955/955/955 958/958/958 957/957/957
f 959/959/959 957/957/957 958/958/958
f 957/957/957 960/960/960 954/954/954
f 961/961/961 954/954/954 960/960/960
f 960/960/960 962/962/962 961/961/961
f 963/963/963 961/961/961 962/962/962
f 963/963/963 962/962/962 964/964/964
f 959/959/959 965/965/965 957/957/957
f 966/966/966 957/957/957 965/965/965
f 957/957/957 966/966/966 960/960/960
f 965/965/965 959/959/959 967/967/967
f 968/968/968 960/960/960 966/966/966
f 960/960/960 968/968/968 962/962/962
f 969/969/969 967/967/967 959/959/959
f 967/967/967 969/969/969 970/970/970
f 971/971/971 962/962/962 968/968/968
f 972/972/972 970/970/970 969/969/969
f 972/972/972 973/973/973 970/970/970
f 972/972/972 974/974/974 973/973/973
f 975/975/975 970/970/970 973/973/973
f 976/976/976 973/973/973 974/974/974
f 962/962/962 971/971/971 977/977/977
f 975/975/975 977/977/977 971/971/971
f 977/977/977 975/975/975 973/973/973
f 962/962/962 977/977/977 964/964/964
f 977/977/977 978/978/978 964/964/964
f 977/977/977 973/973/973 978/978/978
f 979/979/979 964/964/964 978/978/978
f 980/980/980 979/979/979 978/978/978
f 981/981/981 978/978/978 973/973/973
f 976/976/976 982/982/982 973/973/973
f 976/976/976 983/983/983 982/982/982
f 983/983/983 984/984/984 982/982/982
f 973/973/973 985/985/985 981/981/981
f 984/984/984 985/985/985 982/982/982
f 986/986/986 981/981/981 985/985/985
f 985/985/985 984/984/984 986/986/986
f 987/987/987 986/986/986 984/984/984
f 985/985/985 973/973/973 988/988/988
f 988/988/988 982/982/982 985/985/985
f 988/988/988 973/973/973 982/982/982
f 991/991/991 990/990/990 989/989/989
f 992/992/992 989/989/989 990/990/990
f 995/995/995 994/994/994 993/993/993
f 996/996/996 993/993/993 994/994/994
f 993/993/993 996/996/996 997/997/997
f 998/998/998 997/997/997 996/996/996
f 997/997/997 998/998/998 999/999/999
f 1000/1000/1000 999/999/999 998/998/998
f 1003/1003/1003 1002/1002/1002 1001/1001/1001
f 1004/1004/1004 1001/1001/1001 1002/1002/1002
f 1007/1007/1007 1006/1006/1006 1005/1005/1005
f 1008/1008/1008 1005/1005/1005 1006/1006/1006
f 1011/1011/1011 1010/1010/1010 1009/1009/1009
f 1012/1012/1012 1009/1009/1009 1010/1010/1010
f 1009/1009/1009 1012/1012/1012 1013/1013/1013
f 1014/1014/1014 1013/1013/1013 1012/1012/1012
f 1015/1015/1015 1012/1012/1012 1010/1010/1010
f 1016/1016/1016 1014/1014/1014 1012/1012/1012
f 1015/1015/1015 1017/1017/1017 1012/1012/1012
f 1017/1017/1017 1016/1016/1016 1012/1012/1012
f 1017/1017/1017 1015/1015/1015 1018/1018/1018
f 1016/1016/1016 1017/1017/1017 1018/1018/1018
f 1019/1019/1019 1016/1016/1016 1018/1018/1018
f 1019/1019/1019 1018/1018/1018 1020/1020/1020
f 1018/1018/1018 1015/1015/1015 1021/1021/1021
f 1022/1022/1022 1020/1020/1020 1018/1018/1018
f 1018/1018/1018 1021/1021/1021 1022/1022/1022
f 1023/1023/1023 1022/1022/1022 1021/1021/1021
f 1026/1026/1026 1025/1025/1025 1024/1024/1024
f 1027/1027/1027 1024/1024/1024 1025/1025/1025
f 1027/1027/1027 1025/1025/1025 1028/1028/1028
f 1029/1029/1029 1028/1028/1028 1025/1025/1025
f 1029/1029/1029 1030/1030/1030 1028/1028/1028
f 1031/1031/1031 1028/1028/1028 1030/1030/1030
f 1031/1031/1031 1030/1030/1030 1032/1032/1032
f 1033/1033/1033 1032/1032/1032 1030/1030/1030
f 1036/1036/1036 1035/1035/1035 1034/1034/1034
f 1037/1037/1037 1034/1034/1034 1035/1035/1035
f 1037/1037/1037 1035/1035/1035 1038/1038/1038
f 1035/1035/1035 1039/1039/1039 1038/1038/1038
f 1038/1038/1038 1041/1041/1041 1040/1040/1040
f 1040/1040/1040 1041/1041/1041 1042/1042/1042
f 1043/1043/1043 1042/1042/1042 1041/1041/1041
f 1046/1046/1046 1045/1045/1045 1044/1044/1044
f 1047/1047/1047 1044/1044/1044 1045/1045/1045
f 1045/1045/1045 1048/1048/1048 1047/1047/1047
f 1045/1045/1045 1049/1049/1049 1048/1048/1048
f 1050/1050/1050 1048/1048/1048 1049/1049/1049
f 1050/1050/1050 1049/1049/1049 1051/1051/1051
f 1052/1052/1052 1051/1051/1051 1049/1049/1049
f 1051/1051/1051 1052/1052/1052 1053/1053/1053
f 1053/1053/1053 1052/1052/1052 1054/1054/1054
f 1055/1055/1055 1054/1054/1054 1052/1052/1052
f 1058/1058/1058 1057/1057/1057 1056/1056/1056
f 1056/1056/1056 1059/1059/1059 1058/1058/1058
f 1060/1060/1060 1058/1058/1058 1059/1059/1059
f 1059/1059/1059 1061/1061/1061 1060/1060/1060
f 1062/1062/1062 1060/1060/1060 1061/1061/1061
f 1061/1061/1061 1059/1059/1059 1063/1063/1063
f 1059/1059/1059 1056/1056/1056 1064/1064/1064
f 1065/1065/1065 1064/1064/1064 1056/1056/1056
f 1065/1065/1065 1056/1056/1056 1066/1066/1066
f 1065/1065/1065 1066/1066/1066 1067/1067/1067
f 1065/1065/1065 1067/1067/1067 1064/1064/1064
f 1068/1068/1068 1067/1067/1067 1066/1066/1066
f 1068/1068/1068 1069/1069/1069 1067/1067/1067
f 1070/1070/1070 1067/1067/1067 1069/1069/1069
f 1070/1070/1070 1064/1064/1064 1067/1067/1067
f 1069/1069/1069 1071/1071/1071 1070/1070/1070
f 1072/1072/1072 1070/1070/1070 1071/1071/1071
f 1072/1072/1072 1073/1073/1073 1070/1070/1070
f 1072/1072/1072 1074/1074/1074 1073/1073/1073
f 1075/1075/1075 1073/1073/1073 1074/1074/1074
f 1074/1074/1074 1076/1076/1076 1075/1075/1075
f 1077/1077/1077 1075/1075/1075 1076/1076/1076
f 1077/1077/1077 1078/1078/1078 1075/1075/1075
f 1073/1073/1073 1075/1075/1075 1078/1078/1078
f 1079/1079/1079 1073/1073/1073 1078/1078/1078
f 1079/1079/1079 1070/1070/1070 1073/1073/1073
f 1079/1079/1079 1078/1078/1078 1080/1080/1080
f 1079/1079/1079 1080/1080/1080 1070/1070/1070
f 1081/1081/1081 1080/1080/1080 1078/1078/1078
f 1080/1080/1080 1082/1082/1082 1070/1070/1070
f 1080/1080/1080 1081/1081/1081 1082/1082/1082
f 1070/1070/1070 1082/1082/1082 1064/1064/1064
f 1083/1083/1083 1082/1082/1082 1081/1081/1081
f 1084/1084/1084 1064/1064/1064 1082/1082/1082
f 1083/1083/1083 1084/1084/1084 1082/1082/1082
f 1083/1083/1083 1085/1085/1085 1084/1084/1084
f 1064/1064/1064 1084/1084/1084 1059/1059/1059
f 1085/1085/1085 1086/1086/1086 1084/1084/1084
f 1087/1087/1087 1059/1059/1059 1084/1084/1084
f 1087/1087/1087 1084/1084/1084 1086/1086/1086
f 1086/1086/1086 1088/1088/1088 1087/1087/1087
f 1087/1087/1087 1063/1063/1063 1059/1059/1059
f 1089/1089/1089 1087/1087/1087 1088/1088/1088
f 1087/1087/1087 1089/1089/1089 1063/1063/1063
f 1090/1090/1090 1063/1063/1063 1089/1089/1089
f 1093/1093/1093 1092/1092/1092 1091/1091/1091
f 1094/1094/1094 1091/1091/1091 1092/1092/1092
f 1097/1097/1097 1096/1096/1096 1095/1095/1095
f 1098/1098/1098 1095/1095/1095 1096/1096/1096
f 1101/1101/1101 1100/1100/1100 1099/1099/1099
f 1102/1102/1102 1099/1099/1099 1100/1100/1100
f 1105/1105/1105 1104/1104/1104 1103/1103/1103
f 1104/1104/1104 1106/1106/1106 1103/1103/1103
f 1109/1109/1109 1108/1108/1108 1107/1107/1107
f 1110/1110/1110 1107/1107/1107 1108/1108/1108
f 1107/1107/1107 1110/1110/1110 1111/1111/1111
f 1112/1112/1112 1111/1111/1111 1110/1110/1110
f 1111/1111/1111 1112/1112/1112 1113/1113/1113
f 1114/1114/1114 1113/1113/1113 1112/1112/1112
f 1117/1117/1117 1116/1116/1116 1115/1115/1115
f 1118/1118/1118 1115/1115/1115 1116/1116/1116
f 1121/1121/1121 1120/1120/1120 1119/1119/1119
f 1122/1122/1122 1119/1119/1119 1120/1120/1120
f 1119/1119/1119 1122/1122/1122 1123/1123/1123
f 1124/1124/1124 1123/1123/1123 1122/1122/1122
f 1127/1127/1127 1126/1126/1126 1125/1125/1125
f 1128/1128/1128 1125/1125/1125 1126/1126/1126
f 1131/1131/1131 1130/1130/1130 1129/1129/1129
f 1130/1130/1130 1131/1131/1131 1132/1132/1132
f 1133/1133/1133 1132/1132/1132 1131/1131/1131
f 1134/1134/1134 1132/1132/1132 1133/1133/1133
f 1134/1134/1134 1135/1135/1135 1132/1132/1132
f 1135/1135/1135 1136/1136/1136 1132/1132/1132
f 1130/1130/1130 1132/1132/1132 1137/1137/1137
f 1130/1130/1130 1137/1137/1137 1138/1138/1138
f 1139/1139/1139 1137/1137/1137 1132/1132/1132
f 1132/1132/1132 1140/1140/1140 1139/1139/1139
f 1141/1141/1141 1140/1140/1140 1132/1132/1132
f 1142/1142/1142 1141/1141/1141 1132/1132/1132
f 1136/1136/1136 1143/1143/1143 1132/1132/1132
f 1143/1143/1143 1142/1142/1142 1132/1132/1132
f 1143/1143/1143 1136/1136/1136 1144/1144/1144
f 1144/1144/1144 1142/1142/1142 1143/1143/1143
f 1145/1145/1145 1144/1144/1144 1136/1136/1136
f 1146/1146/1146 1142/1142/1142 1144/1144/1144
f 1144/1144/1144 1145/1145/1145 1147/1147/1147
f 1146/1146/1146 1144/1144/1144 1147/1147/1147
f 1145/1145/1145 1148/1148/1148 1147/1147/1147
f 1149/1149/1149 1146/1146/1146 1147/1147/1147
f 1148/1148/1148 1150/1150/1150 1147/1147/1147
f 1150/1150/1150 1148/1148/1148 1151/1151/1151
f 1150/1150/1150 1152/1152/1152 1147/1147/1147
f 1152/1152/1152 1150/1150/1150 1153/1153/1153
f 1154/1154/1154 1147/1147/1147 1152/1152/1152
f 1154/1154/1154 1155/1155/1155 1147/1147/1147
f 1156/1156/1156 1149/1149/1149 1147/1147/1147
f 1156/1156/1156 1147/1147/1147 1155/1155/1155
f 1149/1149/1149 1156/1156/1156 1157/1157/1157
f 1156/1156/1156 1155/1155/1155 1158/1158/1158
f 1161/1161/1161 1160/1160/1160 1159/1159/1159
f 1162/1162/1162 1159/1159/1159 1160/1160/1160
f 1165/1165/1165 1164/1164/1164 1163/1163/1163
f 1164/1164/1164 1166/1166/1166 1163/1163/1163
f 1166/1166/1166 1167/1167/1167 1163/1163/1163
f 1166/1166/1166 1168/1168/1168 1167/1167/1167
f 1169/1169/1169 1167/1167/1167 1168/1168/1168
f 1169/1169/1169 1168/1168/1168 1170/1170/1170
f 1171/1171/1171 1170/1170/1170 1168/1168/1168
f 1170/1170/1170 1171/1171/1171 1172/1172/1172
f 1171/1171/1171 1173/1173/1173 1172/1172/1172
f 1173/1173/1173 1174/1174/1174 1172/1172/1172
f 1177/1177/1177 1176/1176/1176 1175/1175/1175
f 1178/1178/1178 1175/1175/1175 1176/1176/1176
f 1181/1181/1181 1180/1180/1180 1179/1179/1179
f 1182/1182/1182 1179/1179/1179 1180/1180/1180
f 1180/1180/1180 1183/1183/1183 1182/1182/1182
f 1184/1184/1184 1182/1182/1182 1183/1183/1183
f 1184/1184/1184 1183/1183/1183 1185/1185/1185
f 1186/1186/1186 1185/1185/1185 1183/1183/1183
f 1185/1185/1185 1186/1186/1186 1187/1187/1187
f 1188/1188/1188 1187/1187/1187 1186/1186/1186
f 1191/1191/1191 1190/1190/1190 1189/1189/1189
f 1192/1192/1192 1189/1189/1189 1190/1190/1190
f 1189/1189/1189 1192/1192/1192 1193/1193/1193
f 1194/1194/1194 1193/1193/1193 1192/1192/1192
f 1194/1194/1194 1195/1195/1195 1193/1193/1193
f 1196/1196/1196 1193/1193/1193 1195/1195/1195
f 1195/1195/1195 1197/1197/1197 1196/1196/1196
f 1198/1198/1198 1196/1196/1196 1197/1197/1197
f 1201/1201/1201 1200/1200/1200 1199/1199/1199
f 1202/1202/1202 1199/1199/1199 1200/1200/1200
f 1203/1203/1203 1202/1202/1202 1200/1200/1200
f 1202/1202/1202 1203/1203/1203 1204/1204/1204
f 1205/1205/1205 1204/1204/1204 1203/1203/1203
f 1205/1205/1205 1206/1206/1206 1204/1204/1204
f 1207/1207/1207 1204/1204/1204 1206/1206/1206
f 1207/1207/1207 1206/1206/1206 1208/1208/1208
f 1207/1207/1207 1208/1208/1208 1209/1209/1209
f 1210/1210/1210 1209/1209/1209 1208/1208/1208
f 1213/1213/1213 1212/1212/1212 1211/1211/1211
f 1212/1212/1212 1214/1214/1214 1211/1211/1211
f 1215/1215/1215 1211/1211/1211 1214/1214/1214
f 1215/1215/1215 1214/1214/1214 1216/1216/1216
f 1217/1217/1217 1216/1216/1216 1214/1214/1214
f 1217/1217/1217 1218/1218/1218 1216/1216/1216
f 1221/1221/1221 1220/1220/1220 1219/1219/1219
f 1222/1222/1222 1219/1219/1219 1220/1220/1220
f 1225/1225/1225 1224/1224/1224 1223/1223/1223
f 1226/1226/1226 1223/1223/1223 1224/1224/1224
f 1224/1224/1224 1227/1227/1227 1226/1226/1226
f 1228/1228/1228 1226/1226/1226 1227/1227/1227
f 1228/1228/1228 1227/1227/1227 1229/1229/1229
f 1230/1230/1230 1229/1229/1229 1227/1227/1227
f 1229/1229/1229 1230/1230/1230 1231/1231/1231
f 1232/1232/1232 1231/1231/1231 1230/1230/1230
f 1235/1235/1235 1234/1234/1234 1233/1233/1233
f 1234/1234/1234 1236/1236/1236 1233/1233/1233
f 1239/1239/1239 1238/1238/1238 1237/1237/1237
f 1240/1240/1240 1237/1237/1237 1238/1238/1238
f 1243/1243/1243 1242/1242/1242 1241/1241/1241
f 1244/1244/1244 1241/1241/1241 1242/1242/1242
f 1247/1247/1247 1246/1246/1246 1245/1245/1245
f 1248/1248/1248 1245/1245/1245 1246/1246/1246
f 1251/1251/1251 1250/1250/1250 1249/1249/1249
f 1252/1252/1252 1249/1249/1249 1250/1250/1250
f 1255/1255/1255 1254/1254/1254 1253/1253/1253
f 1256/1256/1256 1253/1253/1253 1254/1254/1254
f 1259/1259/1259 1258/1258/1258 1257/1257/1257
f 1260/1260/1260 1257/1257/1257 1258/1258/1258
f 1263/1263/1263 1262/1262/1262 1261/1261/1261
f 1264/1264/1264 1261/1261/1261 1262/1262/1262
f 1267/1267/1267 1266/1266/1266 1265/1265/1265
f 1268/1268/1268 1265/1265/1265 1266/1266/1266
f 1271/1271/1271 1270/1270/1270 1269/1269/1269
f 1272/1272/1272 1269/1269/1269 1270/1270/1270
f 1275/1275/1275 1274/1274/1274 1273/1273/1273
f 1276/1276/1276 1273/1273/1273 1274/1274/1274
f 1276/1276/1276 1274/1274/1274 1277/1277/1277
f 1278/1278/1278 1277/1277/1277 1274/1274/1274
f 1278/1278/1278 1279/1279/1279 1277/1277/1277
f 1279/1279/1279 1280/1280/1280 1277/1277/1277
f 1280/1280/1280 1281/1281/1281 1277/1277/1277
f 1280/1280/1280 1282/1282/1282 1281/1281/1281
f 1283/1283/1283 1281/1281/1281 1282/1282/1282
f 1286/1286/1286 1285/1285/1285 1284/1284/1284
f 1287/1287/1287 1284/1284/1284 1285/1285/1285
f 1290/1290/1290 1289/1289/1289 1288/1288/1288
f 1291/1291/1291 1288/1288/1288 1289/1289/1289
f 1294/1294/1294 1293/1293/1293 1292/1292/1292
f 1295/1295/1295 1292/1292/1292 1293/1293/1293
f 1298/1298/1298 1297/1297/1297 1296/1296/1296
f 1299/1299/1299 1297/1297/1297 1298/1298/1298
f 1300/1300/1300 1299/1299/1299 1298/1298/1298
f 1303/1303/1303 1302/1302/1302 1301/1301/1301
f 1303/1303/1303 1304/1304/1304 1302/1302/1302
f 1307/1307/1307 1306/1306/1306 1305/1305/1305
f 1308/1308/1308 1305/1305/1305 1306/1306/1306
f 1311/1311/1311 1310/1310/1310 1309/1309/1309
f 1312/1312/1312 1309/1309/1309 1310/1310/1310
f 1315/1315/1315 1314/1314/1314 1313/1313/1313
f 1316/1316/1316 1313/1313/1313 1314/1314/1314
f 1319/1319/1319 1318/1318/1318 1317/1317/1317
f 1320/1320/1320 1317/1317/1317 1318/1318/1318
f 1323/1323/1323 1322/1322/1322 1321/1321/1321
f 1324/1324/1324 1321/1321/1321 1322/1322/1322
f 1327/1327/1327 1326/1326/1326 1325/1325/1325
f 1328/1328/1328 1325/1325/1325 1326/1326/1326
f 1331/1331/1331 1330/1330/1330 1329/1329/1329
f 1332/1332/1332 1329/1329/1329 1330/1330/1330
f 1335/1335/1335 1334/1334/1334 1333/1333/1333
f 1336/1336/1336 1333/1333/1333 1334/1334/1334
f 1334/1334/1334 1337/1337/1337 1336/1336/1336
f 1334/1334/1334 1338/1338/1338 1337/1337/1337
f 1337/1337/1337 1338/1338/1338 1339/1339/1339
f 1340/1340/1340 1339/1339/1339 1338/1338/1338
f 1340/1340/1340 1341/1341/1341 1339/1339/1339
f 1341/1341/1341 1342/1342/1342 1339/1339/1339
f 1342/1342/1342 1343/1343/1343 1339/1339/1339
f 1346/1346/1346 1345/1345/1345 1344/1344/1344
f 1347/1347/1347 1344/1344/1344 1345/1345/1345
f 1344/1344/1344 1347/1347/1347 1348/1348/1348
f 1349/1349/1349 1348/1348/1348 1347/1347/1347
f 1347/1347/1347 1345/1345/1345 1350/1350/1350
f 1351/1351/1351 1350/1350/1350 1345/1345/1345
f 1350/1350/1350 1351/1351/1351 1352/1352/1352
f 1353/1353/1353 1352/1352/1352 1351/1351/1351
f 1352/1352/1352 1353/1353/1353 1354/1354/1354
f 1349/1349/1349 1347/1347/1347 1355/1355/1355
f 1356/1356/1356 1355/1355/1355 1347/1347/1347
f 1347/1347/1347 1350/1350/1350 1356/1356/1356
f 1355/1355/1355 1357/1357/1357 1349/1349/1349
f 1358/1358/1358 1356/1356/1356 1350/1350/1350
f 1350/1350/1350 1352/1352/1352 1358/1358/1358
f 1359/1359/1359 1349/1349/1349 1357/1357/1357
f 1357/1357/1357 1360/1360/1360 1359/1359/1359
f 1361/1361/1361 1358/1358/1358 1352/1352/1352
f 1362/1362/1362 1359/1359/1359 1360/1360/1360
f 1362/1362/1362 1360/1360/1360 1363/1363/1363
f 1362/1362/1362 1363/1363/1363 1364/1364/1364
f 1365/1365/1365 1363/1363/1363 1360/1360/1360
f 1366/1366/1366 1364/1364/1364 1363/1363/1363
f 1352/1352/1352 1367/1367/1367 1361/1361/1361
f 1365/1365/1365 1361/1361/1361 1367/1367/1367
f 1365/1365/1365 1367/1367/1367 1363/1363/1363
f 1367/1367/1367 1352/1352/1352 1354/1354/1354
f 1368/1368/1368 1367/1367/1367 1354/1354/1354
f 1367/1367/1367 1368/1368/1368 1363/1363/1363
f 1354/1354/1354 1369/1369/1369 1368/1368/1368
f 1369/1369/1369 1370/1370/1370 1368/1368/1368
f 1371/1371/1371 1363/1363/1363 1368/1368/1368
f 1366/1366/1366 1363/1363/1363 1372/1372/1372
f 1373/1373/1373 1366/1366/1366 1372/1372/1372
f 1374/1374/1374 1373/1373/1373 1372/1372/1372
f 1363/1363/1363 1371/1371/1371 1375/1375/1375
f 1374/1374/1374 1372/1372/1372 1375/1375/1375
f 1376/1376/1376 1375/1375/1375 1371/1371/1371
f 1375/1375/1375 1376/1376/1376 1374/1374/1374
f 1377/1377/1377 1374/1374/1374 1376/1376/1376
f 1363/1363/1363 1375/1375/1375 1378/1378/1378
f 1378/1378/1378 1375/1375/1375 1372/1372/1372
f 1378/1378/1378 1372/1372/1372 1363/1363/1363
f 1381/1381/1381 1380/1380/1380 1379/1379/1379
f 1382/1382/1382 1379/1379/1379 1380/1380/1380
f 1385/1385/1385 1384/1384/1384 1383/1383/1383
f 1386/1386/1386 1383/1383/1383 1384/1384/1384
f 1384/1384/1384 1387/1387/1387 1386/1386/1386
f 1388/1388/1388 1386/1386/1386 1387/1387/1387
f 1387/1387/1387 1389/1389/1389 1388/1388/1388
f 1390/1390/1390 1388/1388/1388 1389/1389/1389
f 1393/1393/1393 1392/1392/1392 1391/1391/1391
f 1394/1394/1394 1391/1391/1391 1392/1392/1392
f 1397/1397/1397 1396/1396/1396 1395/1395/1395
f 1398/1398/1398 1395/1395/1395 1396/1396/1396
f 1401/1401/1401 1400/1400/1400 1399/1399/1399
f 1402/1402/1402 1399/1399/1399 1400/1400/1400
f 1405/1405/1405 1404/1404/1404 1403/1403/1403
f 1406/1406/1406 1403/1403/1403 1404/1404/1404
f 1409/1409/1409 1408/1408/1408 1407/1407/1407
f 1410/1410/1410 1407/1407/1407 1408/1408/1408
f 1413/1413/1413 1412/1412/1412 1411/1411/1411
f 1413/1413/1413 1411/1411/1411 1414/1414/1414
f 1417/1417/1417 1416/1416/1416 1415/1415/1415
f 1418/1418/1418 1415/1415/1415 1416/1416/1416
f 1416/1416/1416 1419/1419/1419 1418/1418/1418
f 1420/1420/1420 1418/1418/1418 1419/1419/1419
f 1419/1419/1419 1421/1421/1421 1420/1420/1420
f 1422/1422/1422 1420/1420/1420 1421/1421/1421
f 1425/1425/1425 1424/1424/1424 1423/1423/1423
f 1426/1426/1426 1423/1423/1423 1424/1424/1424
f 1429/1429/1429 1428/1428/1428 1427/1427/1427
f 1430/1430/1430 1427/1427/1427 1428/1428/1428
f 1428/1428/1428 1431/1431/1431 1430/1430/1430
f 1432/1432/1432 1430/1430/1430 1431/1431/1431
f 1435/1435/1435 1434/1434/1434 1433/1433/1433
f 1436/1436/1436 1433/1433/1433 1434/1434/1434
f 1439/1439/1439 1438/1438/1438 1437/1437/1437
f 1440/1440/1440 1437/1437/1437 1438/1438/1438
f 1437/1437/1437 1440/1440/1440 1441/1441/1441
f 1438/1438/1438 1442/1442/1442 1440/1440/1440
f 1443/1443/1443 1441/1441/1441 1440/1440/1440
f 1441/1441/1441 1443/1443/1443 1444/1444/1444
f 1445/1445/1445 1444/1444/1444 1443/1443/1443
f 1445/1445/1445 1443/1443/1443 1446/1446/1446
f 1440/1440/1440 1446/1446/1446 1443/1443/1443
f 1445/1445/1445 1447/1447/1447 1444/1444/1444
f 1445/1445/1445 1446/1446/1446 1447/1447/1447
f 1448/1448/1448 1444/1444/1444 1447/1447/1447
f 1448/1448/1448 1447/1447/1447 1449/1449/1449
f 1450/1450/1450 1449/1449/1449 1447/1447/1447
f 1450/1450/1450 1447/1447/1447 1446/1446/1446
f 1449/1449/1449 1450/1450/1450 1451/1451/1451
f 1452/1452/1452 1451/1451/1451 1450/1450/1450
f 1452/1452/1452 1450/1450/1450 1453/1453/1453
f 1452/1452/1452 1453/1453/1453 1454/1454/1454
f 1455/1455/1455 1454/1454/1454 1453/1453/1453
f 1454/1454/1454 1455/1455/1455 1456/1456/1456
f 1457/1457/1457 1456/1456/1456 1455/1455/1455
f 1457/1457/1457 1455/1455/1455 1458/1458/1458
f 1453/1453/1453 1458/1458/1458 1455/1455/1455
f 1453/1453/1453 1459/1459/1459 1458/1458/1458
f 1459/1459/1459 1453/1453/1453 1450/1450/1450
f 1459/1459/1459 1460/1460/1460 1458/1458/1458
f 1460/1460/1460 1459/1459/1459 1450/1450/1450
f 1461/1461/1461 1458/1458/1458 1460/1460/1460
f 1462/1462/1462 1460/1460/1460 1450/1450/1450
f 1460/1460/1460 1462/1462/1462 1461/1461/1461
f 1450/1450/1450 1446/1446/1446 1462/1462/1462
f 1463/1463/1463 1461/1461/1461 1462/1462/1462
f 1464/1464/1464 1462/1462/1462 1446/1446/1446
f 1464/1464/1464 1463/1463/1463 1462/1462/1462
f 1465/1465/1465 1463/1463/1463 1464/1464/1464
f 1446/1446/1446 1440/1440/1440 1464/1464/1464
f 1465/1465/1465 1464/1464/1464 1466/1466/1466
f 1467/1467/1467 1464/1464/1464 1440/1440/1440
f 1467/1467/1467 1466/1466/1466 1464/1464/1464
f 1466/1466/1466 1467/1467/1467 1468/1468/1468
f 1467/1467/1467 1440/1440/1440 1442/1442/1442
f 1469/1469/1469 1468/1468/1468 1467/1467/1467
f 1467/1467/1467 1442/1442/1442 1469/1469/1469
f 1470/1470/1470 1469/1469/1469 1442/1442/1442
f 1473/1473/1473 1472/1472/1472 1471/1471/1471
f 1474/1474/1474 1471/1471/1471 1472/1472/1472
f 1477/1477/1477 1476/1476/1476 1475/1475/1475
f 1478/1478/1478 1475/1475/1475 1476/1476/1476
f 1481/1481/1481 1480/1480/1480 1479/1479/1479
f 1482/1482/1482 1479/1479/1479 1480/1480/1480
f 1485/1485/1485 1484/1484/1484 1483/1483/1483
f 1486/1486/1486 1483/1483/1483 1484/1484/1484
f 1489/1489/1489 1488/1488/1488 1487/1487/1487
f 1490/1490/1490 1487/1487/1487 1488/1488/1488
f 1493/1493/1493 1492/1492/1492 1491/1491/1491
f 1494/1494/1494 1491/1491/1491 1492/1492/1492
f 1497/1497/1497 1496/1496/1496 1495/1495/1495
f 1498/1498/1498 1495/1495/1495 1496/1496/1496
f 1501/1501/1501 1500/1500/1500 1499/1499/1499
f 1502/1502/1502 1499/1499/1499 1500/1500/1500
f 1505/1505/1505 1504/1504/1504 1503/1503/1503
f 1506/1506/1506 1503/1503/1503 1504/1504/1504
f 1509/1509/1509 1508/1508/1508 1507/1507/1507
f 1510/1510/1510 1507/1507/1507 1508/1508/1508
f 1513/1513/1513 1512/1512/1512 1511/1511/1511
f 1514/1514/1514 1511/1511/1511 1512/1512/1512
f 1517/1517/1517 1516/1516/1516 1515/1515/1515
f 1518/1518/1518 1515/1515/1515 1516/1516/1516
f 1521/1521/1521 1520/1520/1520 1519/1519/1519
f 1522/1522/1522 1519/1519/1519 1520/1520/1520
f 1522/1522/1522 1523/1523/1523 1519/1519/1519
f 1524/1524/1524 1519/1519/1519 1523/1523/1523
f 1525/1525/1525 1524/1524/1524 1523/1523/1523
f 1526/1526/1526 1525/1525/1525 1523/1523/1523
f 1527/1527/1527 1526/1526/1526 1523/1523/1523
f 1526/1526/1526 1527/1527/1527 1528/1528/1528
f 1529/1529/1529 1528/1528/1528 1527/1527/1527
f 1532/1532/1532 1531/1531/1531 1530/1530/1530
f 1533/1533/1533 1530/1530/1530 1531/1531/1531
f 1536/1536/1536 1535/1535/1535 1534/1534/1534
f 1537/1537/1537 1534/1534/1534 1535/1535/1535
f 1540/1540/1540 1539/1539/1539 1538/1538/1538
f 1541/1541/1541 1538/1538/1538 1539/1539/1539
f 1544/1544/1544 1543/1543/1543 1542/1542/1542
f 1544/1544/1544 1545/1545/1545 1543/1543/1543
f 1545/1545/1545 1546/1546/1546 1543/1543/1543
f 1549/1549/1549 1548/1548/1548 1547/1547/1547
f 1550/1550/1550 1547/1547/1547 1548/1548/1548
f 1553/1553/1553 1552/1552/1552 1551/1551/1551
f 1554/1554/1554 1551/1551/1551 1552/1552/1552
f 1557/1557/1557 1556/1556/1556 1555/1555/1555
f 1558/1558/1558 1555/1555/1555 1556/1556/1556
f 1561/1561/1561 1560/1560/1560 1559/1559/1559
f 1562/1562/1562 1559/1559/1559 1560/1560/1560
f 1562/1562/1562 1563/1563/1563 1559/1559/1559
f 1564/1564/1564 1559/1559/1559 1563/1563/1563
f 1563/1563/1563 1565/1565/1565 1564/1564/1564
f 1566/1566/1566 1564/1564/1564 1565/1565/1565
f 1565/1565/1565 1567/1567/1567 1566/1566/1566
f 1568/1568/1568 1566/1566/1566 1567/1567/1567
f 1571/1571/1571 1570/1570/1570 1569/1569/1569
f 1572/1572/1572 1569/1569/1569 1570/1570/1570
f 1570/1570/1570 1573/1573/1573 1572/1572/1572
f 1574/1574/1574 1572/1572/1572 1573/1573/1573
f 1573/1573/1573 1575/1575/1575 1574/1574/1574
f 1576/1576/1576 1574/1574/1574 1575/1575/1575
f 1575/1575/1575 1577/1577/1577 1576/1576/1576
f 1578/1578/1578 1576/1576/1576 1577/1577/1577
f 1581/1581/1581 1580/1580/1580 1579/1579/1579
f 1582/1582/1582 1579/1579/1579 1580/1580/1580
f 1582/1582/1582 1583/1583/1583 1579/1579/1579
f 1584/1584/1584 1579/1579/1579 1583/1583/1583
f 1583/1583/1583 1585/1585/1585 1584/1584/1584
f 1586/1586/1586 1584/1584/1584 1585/1585/1585
f 1585/1585/1585 1587/1587/1587 1586/1586/1586
f 1588/1588/1588 1586/1586/1586 1587/1587/1587
f 1591/1591/1591 1590/1590/1590 1589/1589/1589
f 1592/1592/1592 1589/1589/1589 1590/1590/1590
f 1590/1590/1590 1593/1593/1593 1592/1592/1592
f 1594/1594/1594 1592/1592/1592 1593/1593/1593
f 1592/1592/1592 1594/1594/1594 1595/1595/1595
f 1595/1595/1595 1594/1594/1594 1596/1596/1596
f 1594/1594/1594 1593/1593/1593 1597/1597/1597
f 1597/1597/1597 1596/1596/1596 1594/1594/1594
f 1598/1598/1598 1597/1597/1597 1593/1593/1593
f 1598/1598/1598 1599/1599/1599 1597/1597/1597
f 1597/1597/1597 1600/1600/1600 1596/1596/1596
f 1600/1600/1600 1597/1597/1597 1599/1599/1599
f 1601/1601/1601 1596/1596/1596 1600/1600/1600
f 1600/1600/1600 1602/1602/1602 1601/1601/1601
f 1600/1600/1600 1599/1599/1599 1602/1602/1602
f 1603/1603/1603 1602/1602/1602 1599/1599/1599
f 1602/1602/1602 1603/1603/1603 1604/1604/1604
f 1605/1605/1605 1604/1604/1604 1603/1603/1603
f 1608/1608/1608 1607/1607/1607 1606/1606/1606
f 1609/1609/1609 1606/1606/1606 1607/1607/1607
f 1606/1606/1606 1609/1609/1609 1610/1610/1610
f 1611/1611/1611 1610/1610/1610 1609/1609/1609
f 1610/1610/1610 1611/1611/1611 1612/1612/1612
f 1613/1613/1613 1612/1612/1612 1611/1611/1611
f 1612/1612/1612 1613/1613/1613 1614/1614/1614
f 1615/1615/1615 1614/1614/1614 1613/1613/1613
f 1618/1618/1618 1617/1617/1617 1616/1616/1616
f 1619/1619/1619 1616/1616/1616 1617/1617/1617
f 1622/1622/1622 1621/1621/1621 1620/1620/1620
f 1623/1623/1623 1620/1620/1620 1621/1621/1621
f 1623/1623/1623 1621/1621/1621 1624/1624/1624
f 1625/1625/1625 1624/1624/1624 1621/1621/1621
f 1628/1628/1628 1627/1627/1627 1626/1626/1626
f 1629/1629/1629 1626/1626/1626 1627/1627/1627
f 1629/1629/1629 1630/1630/1630 1626/1626/1626
f 1631/1631/1631 1626/1626/1626 1630/1630/1630
f 1631/1631/1631 1630/1630/1630 1632/1632/1632
f 1633/1633/1633 1632/1632/1632 1630/1630/1630
f 1633/1633/1633 1634/1634/1634 1632/1632/1632
f 1635/1635/1635 1632/1632/1632 1634/1634/1634
f 1627/1627/1627 1637/1637/1637 1636/1636/1636
f 1638/1638/1638 1636/1636/1636 1637/1637/1637
f 1636/1636/1636 1638/1638/1638 1639/1639/1639
f 1640/1640/1640 1639/1639/1639 1638/1638/1638
f 1640/1640/1640 1641/1641/1641 1639/1639/1639
f 1642/1642/1642 1639/1639/1639 1641/1641/1641
f 1641/1641/1641 1643/1643/1643 1642/1642/1642
f 1644/1644/1644 1642/1642/1642 1643/1643/1643
f 1646/1646/1646 1645/1645/1645 1644/1644/1644
f 1647/1647/1647 1644/1644/1644 1645/1645/1645
f 1645/1645/1645 1648/1648/1648 1647/1647/1647
f 1649/1649/1649 1647/1647/1647 1648/1648/1648
f 1648/1648/1648 1650/1650/1650 1649/1649/1649
f 1651/1651/1651 1649/1649/1649 1650/1650/1650
f 1650/1650/1650 1652/1652/1652 1651/1651/1651
f 1653/1653/1653 1651/1651/1651 1652/1652/1652
f 1656/1656/1656 1655/1655/1655 1654/1654/1654
f 1657/1657/1657 1654/1654/1654 1655/1655/1655
f 1660/1660/1660 1659/1659/1659 1658/1658/1658
f 1661/1661/1661 1658/1658/1658 1659/1659/1659
f 1664/1664/1664 1663/1663/1663 1662/1662/1662
f 1665/1665/1665 1662/1662/1662 1663/1663/1663
f 1668/1668/1668 1667/1667/1667 1666/1666/1666
f 1669/1669/1669 1666/1666/1666 1667/1667/1667
f 1672/1672/1672 1671/1671/1671 1670/1670/1670
f 1673/1673/1673 1670/1670/1670 1671/1671/1671
f 1676/1676/1676 1675/1675/1675 1674/1674/1674
f 1677/1677/1677 1674/1674/1674 1675/1675/1675
f 1677/1677/1677 1675/1675/1675 1678/1678/1678
f 1679/1679/1679 1678/1678/1678 1675/1675/1675
f 1679/1679/1679 1680/1680/1680 1678/1678/1678
f 1681/1681/1681 1678/1678/1678 1680/1680/1680
f 1681/1681/1681 1680/1680/1680 1682/1682/1682
f 1683/1683/1683 1682/1682/1682 1680/1680/1680
f 1686/1686/1686 1685/1685/1685 1684/1684/1684
f 1687/1687/1687 1684/1684/1684 1685/1685/1685
f 1690/1690/1690 1689/1689/1689 1688/1688/1688
f 1691/1691/1691 1688/1688/1688 1689/1689/1689
f 1691/1691/1691 1689/1689/1689 1692/1692/1692
f 1693/1693/1693 1692/1692/1692 1689/1689/1689
f 1692/1692/1692 1693/1693/1693 1694/1694/1694
f 1695/1695/1695 1694/1694/1694 1693/1693/1693
f 1694/1694/1694 1695/1695/1695 1696/1696/1696
f 1697/1697/1697 1696/1696/1696 1695/1695/1695
f 1700/1700/1700 1699/1699/1699 1698/1698/1698
f 1701/1701/1701 1698/1698/1698 1699/1699/1699
f 1698/1698/1698 1701/1701/1701 1702/1702/1702
f 1703/1703/1703 1702/1702/1702 1701/1701/1701
f 1702/1702/1702 1703/1703/1703 1704/1704/1704
f 1705/1705/1705 1704/1704/1704 1703/1703/1703
f 1704/1704/1704 1705/1705/1705 1706/1706/1706
f 1707/1707/1707 1706/1706/1706 1705/1705/1705
f 1710/1710/1710 1709/1709/1709 1708/1708/1708
f 1711/1711/1711 1708/1708/1708 1709/1709/1709
f 1711/1711/1711 1709/1709/1709 1712/1712/1712
f 1713/1713/1713 1712/1712/1712 1709/1709/1709
f 1712/1712/1712 1713/1713/1713 1714/1714/1714
f 1715/1715/1715 1714/1714/1714 1713/1713/1713
f 1714/1714/1714 1715/1715/1715 1716/1716/1716
f 1717/1717/1717 1716/1716/1716 1715/1715/1715
f 1720/1720/1720 1719/1719/1719 1718/1718/1718
f 1721/1721/1721 1718/1718/1718 1719/1719/1719
f 1719/1719/1719 1722/1722/1722 1721/1721/1721
f 1723/1723/1723 1721/1721/1721 1722/1722/1722
f 1722/1722/1722 1724/1724/1724 1723/1723/1723
f 1725/1725/1725 1723/1723/1723 1724/1724/1724
f 1724/1724/1724 1726/1726/1726 1725/1725/1725
f 1727/1727/1727 1725/1725/1725 1726/1726/1726
f 1730/1730/1730 1729/1729/1729 1728/1728/1728
f 1731/1731/1731 1728/1728/1728 1729/1729/1729
f 1734/1734/1734 1733/1733/1733 1732/1732/1732
f 1735/1735/1735 1732/1732/1732 1733/1733/1733
f 1738/1738/1738 1737/1737/1737 1736/1736/1736
f 1739/1739/1739 1736/1736/1736 1737/1737/1737
f 1742/1742/1742 1741/1741/1741 1740/1740/1740
f 1743/1743/1743 1740/1740/1740 1741/1741/1741
f 1746/1746/1746 1745/1745/1745 1744/1744/1744
f 1747/1747/1747 1744/1744/1744 1745/1745/1745
f 1750/1750/1750 1749/1749/1749 1748/1748/1748
f 1751/1751/1751 1748/1748/1748 1749/1749/1749
f 1754/1754/1754 1753/1753/1753 1752/1752/1752
f 1755/1755/1755 1752/1752/1752 1753/1753/1753
f 1758/1758/1758 1757/1757/1757 1756/1756/1756
f 1759/1759/1759 1756/1756/1756 1757/1757/1757
f 1757/1757/1757 1760/1760/1760 1759/1759/1759
f 1761/1761/1761 1759/1759/1759 1760/1760/1760
f 1764/1764/1764 1763/1763/1763 1762/1762/1762
f 1765/1765/1765 1762/1762/1762 1763/1763/1763
f 1763/1763/1763 1766/1766/1766 1765/1765/1765
f 1767/1767/1767 1765/1765/1765 1766/1766/1766
f 1770/1770/1770 1769/1769/1769 1768/1768/1768
f 1771/1771/1771 1768/1768/1768 1769/1769/1769
f 1774/1774/1774 1773/1773/1773 1772/1772/1772
f 1775/1775/1775 1772/1772/1772 1773/1773/1773
f 1778/1778/1778 1777/1777/1777 1776/1776/1776
f 1779/1779/1779 1776/1776/1776 1777/1777/1777
f 1777/1777/1777 1780/1780/1780 1779/1779/1779
f 1781/1781/1781 1779/1779/1779 1780/1780/1780
f 1780/1780/1780 1782/1782/1782 1781/1781/1781
f 1783/1783/1783 1781/1781/1781 1782/1782/1782
f 1783/1783/1783 1782/1782/1782 1784/1784/1784
f 1785/1785/1785 1784/1784/1784 1782/1782/1782
f 1788/1788/1788 1787/1787/1787 1786/1786/1786
f 1787/1787/1787 1789/1789/1789 1786/1786/1786
f 1790/1790/1790 1789/1789/1789 1787/1787/1787
f 1789/1789/1789 1791/1791/1791 1786/1786/1786
f 1791/1791/1791 1792/1792/1792 1786/1786/1786
f 1793/1793/1793 1791/1791/1791 1789/1789/1789
f 1796/1796/1796 1795/1795/1795 1794/1794/1794
f 1797/1797/1797 1794/1794/1794 1795/1795/1795
f 1800/1800/1800 1799/1799/1799 1798/1798/1798
f 1801/1801/1801 1798/1798/1798 1799/1799/1799
f 1804/1804/1804 1803/1803/1803 1802/1802/1802
f 1805/1805/1805 1802/1802/1802 1803/1803/1803
f 1808/1808/1808 1807/1807/1807 1806/1806/1806
f 1809/1809/1809 1806/1806/1806 1807/1807/1807
f 1812/1812/1812 1811/1811/1811 1810/1810/1810
f 1813/1813/1813 1810/1810/1810 1811/1811/1811
f 1816/1816/1816 1815/1815/1815 1814/1814/1814
f 1817/1817/1817 1814/1814/1814 1815/1815/1815
f 1820/1820/1820 1819/1819/1819 1818/1818/1818
f 1821/1821/1821 1818/1818/1818 1819/1819/1819
f 1824/1824/1824 1823/1823/1823 1822/1822/1822
f 1825/1825/1825 1822/1822/1822 1823/1823/1823
f 1828/1828/1828 1827/1827/1827 1826/1826/1826
f 1829/1829/1829 1826/1826/1826 1827/1827/1827
f 1832/1832/1832 1831/1831/1831 1830/1830/1830
f 1833/1833/1833 1830/1830/1830 1831/1831/1831
f 1836/1836/1836 1835/1835/1835 1834/1834/1834
f 1837/1837/1837 1834/1834/1834 1835/1835/1835
f 1840/1840/1840 1839/1839/1839 1838/1838/1838
f 1841/1841/1841 1838/1838/1838 1839/1839/1839
f 1844/1844/1844 1843/1843/1843 1842/1842/1842
f 1845/1845/1845 1842/1842/1842 1843/1843/1843
f 1848/1848/1848 1847/1847/1847 1846/1846/1846
f 1849/1849/1849 1846/1846/1846 1847/1847/1847
f 1852/1852/1852 1851/1851/1851 1850/1850/1850
f 1853/1853/1853 1850/1850/1850 1851/1851/1851
f 1856/1856/1856 1855/1855/1855 1854/1854/1854
f 1857/1857/1857 1854/1854/1854 1855/1855/1855
f 1860/1860/1860 1859/1859/1859 1858/1858/1858
f 1861/1861/1861 1858/1858/1858 1859/1859/1859
f 1864/1864/1864 1863/1863/1863 1862/1862/1862
f 1865/1865/1865 1862/1862/1862 1863/1863/1863
f 1868/1868/1868 1867/1867/1867 1866/1866/1866
f 1869/1869/1869 1866/1866/1866 1867/1867/1867
f 1872/1872/1872 1871/1871/1871 1870/1870/1870
f 1873/1873/1873 1870/1870/1870 1871/1871/1871
f 1876/1876/1876 1875/1875/1875 1874/1874/1874
f 1877/1877/1877 1874/1874/1874 1875/1875/1875
f 1880/1880/1880 1879/1879/1879 1878/1878/1878
f 1881/1881/1881 1878/1878/1878 1879/1879/1879
f 1884/1884/1884 1883/1883/1883 1882/1882/1882
f 1885/1885/1885 1882/1882/1882 1883/1883/1883
f 1888/1888/1888 1887/1887/1887 1886/1886/1886
f 1889/1889/1889 1886/1886/1886 1887/1887/1887
f 1892/1892/1892 1891/1891/1891 1890/1890/1890
f 1891/1891/1891 1893/1893/1893 1890/1890/1890
f 1894/1894/1894 1893/1893/1893 1891/1891/1891
f 1893/1893/1893 1895/1895/1895 1890/1890/1890
f 1895/1895/1895 1896/1896/1896 1890/1890/1890
f 1897/1897/1897 1895/1895/1895 1893/1893/1893
f 1900/1900/1900 1899/1899/1899 1898/1898/1898
f 1901/1901/1901 1898/1898/1898 1899/1899/1899
f 1904/1904/1904 1903/1903/1903 1902/1902/1902
f 1905/1905/1905 1902/1902/1902 1903/1903/1903
f 1908/1908/1908 1907/1907/1907 1906/1906/1906
f 1909/1909/1909 1906/1906/1906 1907/1907/1907
f 1912/1912/1912 1911/1911/1911 1910/1910/1910
f 1913/1913/1913 1910/1910/1910 1911/1911/1911
f 1916/1916/1916 1915/1915/1915 1914/1914/1914
f 1917/1917/1917 1914/1914/1914 1915/1915/1915
f 1920/1920/1920 1919/1919/1919 1918/1918/1918
f 1921/1921/1921 1918/1918/1918 1919/1919/1919
f 1924/1924/1924 1923/1923/1923 1922/1922/1922
f 1925/1925/1925 1922/1922/1922 1923/1923/1923
f 1928/1928/1928 1927/1927/1927 1926/1926/1926
f 1929/1929/1929 1926/1926/1926 1927/1927/1927
f 1932/1932/1932 1931/1931/1931 1930/1930/1930
f 1933/1933/1933 1930/1930/1930 1931/1931/1931
f 1936/1936/1936 1935/1935/1935 1934/1934/1934
f 1937/1937/1937 1934/1934/1934 1935/1935/1935
f 1940/1940/1940 1939/1939/1939 1938/1938/1938
f 1941/1941/1941 1938/1938/1938 1939/1939/1939
f 1944/1944/1944 1943/1943/1943 1942/1942/1942
f 1945/1945/1945 1942/1942/1942 1943/1943/1943
f 1948/1948/1948 1947/1947/1947 1946/1946/1946
f 1949/1949/1949 1946/1946/1946 1947/1947/1947
f 1952/1952/1952 1951/1951/1951 1950/1950/1950
f 1953/1953/1953 1950/1950/1950 1951/1951/1951
f 1956/1956/1956 1955/1955/1955 1954/1954/1954
f 1957/1957/1957 1954/1954/1954 1955/1955/1955
f 1960/1960/1960 1959/1959/1959 1958/1958/1958
f 1961/1961/1961 1958/1958/1958 1959/1959/1959
f 1964/1964/1964 1963/1963/1963 1962/1962/1962
f 1965/1965/1965 1962/1962/1962 1963/1963/1963
f 1968/1968/1968 1967/1967/1967 1966/1966/1966
f 1969/1969/1969 1966/1966/1966 1967/1967/1967
f 1972/1972/1972 1971/1971/1971 1970/1970/1970
f 1973/1973/1973 1970/1970/1970 1971/1971/1971
f 1976/1976/1976 1975/1975/1975 1974/1974/1974
f 1977/1977/1977 1974/1974/1974 1975/1975/1975
f 1980/1980/1980 1979/1979/1979 1978/1978/1978
f 1981/1981/1981 1978/1978/1978 1979/1979/1979
f 1984/1984/1984 1983/1983/1983 1982/1982/1982
f 1985/1985/1985 1982/1982/1982 1983/1983/1983
f 1988/1988/1988 1987/1987/1987 1986/1986/1986
f 1989/1989/1989 1986/1986/1986 1987/1987/1987
f 1992/1992/1992 1991/1991/1991 1990/1990/1990
f 1993/1993/1993 1990/1990/1990 1991/1991/1991
f 1996/1996/1996 1995/1995/1995 1994/1994/1994
f 1997/1997/1997 1994/1994/1994 1995/1995/1995
f 2000/2000/2000 1999/1999/1999 1998/1998/1998
f 2001/2001/2001 1998/1998/1998 1999/1999/1999
f 2004/2004/2004 2003/2003/2003 2002/2002/2002
f 2005/2005/2005 2002/2002/2002 2003/2003/2003
f 2008/2008/2008 2007/2007/2007 2006/2006/2006
f 2009/2009/2009 2006/2006/2006 2007/2007/2007
f 2012/2012/2012 2011/2011/2011 2010/2010/2010
f 2013/2013/2013 2010/2010/2010 2011/2011/2011
f 2016/2016/2016 2015/2015/2015 2014/2014/2014
f 2017/2017/2017 2014/2014/2014 2015/2015/2015
f 2020/2020/2020 2019/2019/2019 2018/2018/2018
f 2021/2021/2021 2018/2018/2018 2019/2019/2019
f 2024/2024/2024 2023/2023/2023 2022/2022/2022
f 2025/2025/2025 2022/2022/2022 2023/2023/2023
f 2028/2028/2028 2027/2027/2027 2026/2026/2026
f 2029/2029/2029 2026/2026/2026 2027/2027/2027
f 2032/2032/2032 2031/2031/2031 2030/2030/2030
f 2033/2033/2033 2030/2030/2030 2031/2031/2031
f 2036/2036/2036 2035/2035/2035 2034/2034/2034
f 2037/2037/2037 2034/2034/2034 2035/2035/2035
f 2040/2040/2040 2039/2039/2039 2038/2038/2038
f 2041/2041/2041 2038/2038/2038 2039/2039/2039
f 2044/2044/2044 2043/2043/2043 2042/2042/2042
f 2045/2045/2045 2042/2042/2042 2043/2043/2043
f 2048/2048/2048 2047/2047/2047 2046/2046/2046
f 2049/2049/2049 2046/2046/2046 2047/2047/2047
f 2052/2052/2052 2051/2051/2051 2050/2050/2050
f 2053/2053/2053 2050/2050/2050 2051/2051/2051
f 2056/2056/2056 2055/2055/2055 2054/2054/2054
f 2057/2057/2057 2054/2054/2054 2055/2055/2055
f 2060/2060/2060 2059/2059/2059 2058/2058/2058
f 2061/2061/2061 2058/2058/2058 2059/2059/2059
f 2064/2064/2064 2063/2063/2063 2062/2062/2062
f 2065/2065/2065 2062/2062/2062 2063/2063/2063
f 2068/2068/2068 2067/2067/2067 2066/2066/2066
f 2069/2069/2069 2066/2066/2066 2067/2067/2067
f 2072/2072/2072 2071/2071/2071 2070/2070/2070
f 2073/2073/2073 2070/2070/2070 2071/2071/2071
f 2076/2076/2076 2075/2075/2075 2074/2074/2074
f 2077/2077/2077 2074/2074/2074 2075/2075/2075
f 2080/2080/2080 2079/2079/2079 2078/2078/2078
f 2081/2081/2081 2078/2078/2078 2079/2079/2079
f 2084/2084/2084 2083/2083/2083 2082/2082/2082
f 2085/2085/2085 2082/2082/2082 2083/2083/2083
f 2088/2088/2088 2087/2087/2087 2086/2086/2086
f 2089/2089/2089 2086/2086/2086 2087/2087/2087
f 2092/2092/2092 2091/2091/2091 2090/2090/2090
f 2093/2093/2093 2090/2090/2090 2091/2091/2091
f 2096/2096/2096 2095/2095/2095 2094/2094/2094
f 2097/2097/2097 2094/2094/2094 2095/2095/2095
f 2100/2100/2100 2099/2099/2099 2098/2098/2098
f 2101/2101/2101 2098/2098/2098 2099/2099/2099
f 2104/2104/2104 2103/2103/2103 2102/2102/2102
f 2105/2105/2105 2102/2102/2102 2103/2103/2103
f 2108/2108/2108 2107/2107/2107 2106/2106/2106
f 2109/2109/2109 2106/2106/2106 2107/2107/2107
f 2112/2112/2112 2111/2111/2111 2110/2110/2110
f 2113/2113/2113 2110/2110/2110 2111/2111/2111
f 2116/2116/2116 2115/2115/2115 2114/2114/2114
f 2117/2117/2117 2114/2114/2114 2115/2115/2115
f 2120/2120/2120 2119/2119/2119 2118/2118/2118
f 2121/2121/2121 2118/2118/2118 2119/2119/2119
f 2124/2124/2124 2123/2123/2123 2122/2122/2122
f 2125/2125/2125 2122/2122/2122 2123/2123/2123
f 2128/2128/2128 2127/2127/2127 2126/2126/2126
f 2129/2129/2129 2126/2126/2126 2127/2127/2127
f 2132/2132/2132 2131/2131/2131 2130/2130/2130
f 2133/2133/2133 2130/2130/2130 2131/2131/2131
f 2136/2136/2136 2135/2135/2135 2134/2134/2134
f 2137/2137/2137 2134/2134/2134 2135/2135/2135
f 2140/2140/2140 2139/2139/2139 2138/2138/2138
f 2141/2141/2141 2138/2138/2138 2139/2139/2139
f 2144/2144/2144 2143/2143/2143 2142/2142/2142
f 2145/2145/2145 2142/2142/2142 2143/2143/2143
f 2148/2148/2148 2147/2147/2147 2146/2146/2146
f 2149/2149/2149 2146/2146/2146 2147/2147/2147
f 2152/2152/2152 2151/2151/2151 2150/2150/2150
f 2153/2153/2153 2150/2150/2150 2151/2151/2151
f 2156/2156/2156 2155/2155/2155 2154/2154/2154
f 2157/2157/2157 2154/2154/2154 2155/2155/2155
f 2154/2154/2154 2157/2157/2157 2158/2158/2158
f 2159/2159/2159 2158/2158/2158 2157/2157/2157
f 2162/2162/2162 2161/2161/2161 2160/2160/2160
f 2163/2163/2163 2160/2160/2160 2161/2161/2161
f 2163/2163/2163 2161/2161/2161 2164/2164/2164
f 2165/2165/2165 2164/2164/2164 2161/2161/2161
f 2168/2168/2168 2167/2167/2167 2166/2166/2166
f 2169/2169/2169 2166/2166/2166 2167/2167/2167
f 2172/2172/2172 2171/2171/2171 2170/2170/2170
f 2173/2173/2173 2170/2170/2170 2171/2171/2171
f 2176/2176/2176 2175/2175/2175 2174/2174/2174
f 2177/2177/2177 2174/2174/2174 2175/2175/2175
f 2180/2180/2180 2179/2179/2179 2178/2178/2178
f 2181/2181/2181 2178/2178/2178 2179/2179/2179
f 2184/2184/2184 2183/2183/2183 2182/2182/2182
f 2185/2185/2185 2182/2182/2182 2183/2183/2183
f 2188/2188/2188 2187/2187/2187 2186/2186/2186
f 2189/2189/2189 2186/2186/2186 2187/2187/2187
f 2192/2192/2192 2191/2191/2191 2190/2190/2190
f 2193/2193/2193 2190/2190/2190 2191/2191/2191
f 2196/2196/2196 2195/2195/2195 2194/2194/2194
f 2197/2197/2197 2194/2194/2194 2195/2195/2195
f 2200/2200/2200 2199/2199/2199 2198/2198/2198
f 2199/2199/2199 2201/2201/2201 2198/2198/2198
f 2202/2202/2202 2201/2201/2201 2199/2199/2199
f 2201/2201/2201 2203/2203/2203 2198/2198/2198
f 2203/2203/2203 2204/2204/2204 2198/2198/2198
f 2205/2205/2205 2203/2203/2203 2201/2201/2201
f 2208/2208/2208 2207/2207/2207 2206/2206/2206
f 2209/2209/2209 2206/2206/2206 2207/2207/2207
f 2212/2212/2212 2211/2211/2211 2210/2210/2210
f 2213/2213/2213 2210/2210/2210 2211/2211/2211
f 2216/2216/2216 2215/2215/2215 2214/2214/2214
f 2217/2217/2217 2214/2214/2214 2215/2215/2215
f 2220/2220/2220 2219/2219/2219 2218/2218/2218
f 2221/2221/2221 2218/2218/2218 2219/2219/2219
f 2224/2224/2224 2223/2223/2223 2222/2222/2222
f 2225/2225/2225 2222/2222/2222 2223/2223/2223
f 2228/2228/2228 2227/2227/2227 2226/2226/2226
f 2229/2229/2229 2226/2226/2226 2227/2227/2227
f 2232/2232/2232 2231/2231/2231 2230/2230/2230
f 2233/2233/2233 2230/2230/2230 2231/2231/2231
f 2236/2236/2236 2235/2235/2235 2234/2234/2234
f 2237/2237/2237 2234/2234/2234 2235/2235/2235
f 2240/2240/2240 2239/2239/2239 2238/2238/2238
f 2241/2241/2241 2238/2238/2238 2239/2239/2239
f 2244/2244/2244 2243/2243/2243 2242/2242/2242
f 2245/2245/2245 2242/2242/2242 2243/2243/2243
f 2248/2248/2248 2247/2247/2247 2246/2246/2246
f 2249/2249/2249 2246/2246/2246 2247/2247/2247
f 2252/2252/2252 2251/2251/2251 2250/2250/2250
f 2253/2253/2253 2250/2250/2250 2251/2251/2251
f 2256/2256/2256 2255/2255/2255 2254/2254/2254
f 2257/2257/2257 2254/2254/2254 2255/2255/2255
f 2260/2260/2260 2259/2259/2259 2258/2258/2258
f 2261/2261/2261 2258/2258/2258 2259/2259/2259
f 2264/2264/2264 2263/2263/2263 2262/2262/2262
f 2265/2265/2265 2262/2262/2262 2263/2263/2263
f 2268/2268/2268 2267/2267/2267 2266/2266/2266
f 2269/2269/2269 2266/2266/2266 2267/2267/2267
f 2272/2272/2272 2271/2271/2271 2270/2270/2270
f 2273/2273/2273 2270/2270/2270 2271/2271/2271
f 2276/2276/2276 2275/2275/2275 2274/2274/2274
f 2277/2277/2277 2274/2274/2274 2275/2275/2275
f 2280/2280/2280 2279/2279/2279 2278/2278/2278
f 2281/2281/2281 2278/2278/2278 2279/2279/2279
f 2284/2284/2284 2283/2283/2283 2282/2282/2282
f 2285/2285/2285 2282/2282/2282 2283/2283/2283
f 2288/2288/2288 2287/2287/2287 2286/2286/2286
f 2289/2289/2289 2286/2286/2286 2287/2287/2287
f 2292/2292/2292 2291/2291/2291 2290/2290/2290
f 2293/2293/2293 2290/2290/2290 2291/2291/2291
f 2296/2296/2296 2295/2295/2295 2294/2294/2294
f 2297/2297/2297 2294/2294/2294 2295/2295/2295
f 2300/2300/2300 2299/2299/2299 2298/2298/2298
f 2301/2301/2301 2298/2298/2298 2299/2299/2299
f 2304/2304/2304 2303/2303/2303 2302/2302/2302
f 2303/2303/2303 2305/2305/2305 2302/2302/2302
f 2306/2306/2306 2305/2305/2305 2303/2303/2303
f 2305/2305/2305 2307/2307/2307 2302/2302/2302
f 2307/2307/2307 2308/2308/2308 2302/2302/2302
f 2309/2309/2309 2307/2307/2307 2305/2305/2305
f 2312/2312/2312 2311/2311/2311 2310/2310/2310
f 2313/2313/2313 2310/2310/2310 2311/2311/2311
f 2316/2316/2316 2315/2315/2315 2314/2314/2314
f 2317/2317/2317 2314/2314/2314 2315/2315/2315
f 2320/2320/2320 2319/2319/2319 2318/2318/2318
f 2321/2321/2321 2318/2318/2318 2319/2319/2319
f 2324/2324/2324 2323/2323/2323 2322/2322/2322
f 2325/2325/2325 2322/2322/2322 2323/2323/2323
f 2328/2328/2328 2327/2327/2327 2326/2326/2326
f 2329/2329/2329 2326/2326/2326 2327/2327/2327
f 2332/2332/2332 2331/2331/2331 2330/2330/2330
f 2333/2333/2333 2330/2330/2330 2331/2331/2331
f 2336/2336/2336 2335/2335/2335 2334/2334/2334
f 2337/2337/2337 2334/2334/2334 2335/2335/2335
f 2340/2340/2340 2339/2339/2339 2338/2338/2338
f 2341/2341/2341 2338/2338/2338 2339/2339/2339
f 2344/2344/2344 2343/2343/2343 2342/2342/2342
f 2345/2345/2345 2342/2342/2342 2343/2343/2343
f 2348/2348/2348 2347/2347/2347 2346/2346/2346
f 2349/2349/2349 2346/2346/2346 2347/2347/2347
f 2352/2352/2352 2351/2351/2351 2350/2350/2350
f 2353/2353/2353 2350/2350/2350 2351/2351/2351
f 2356/2356/2356 2355/2355/2355 2354/2354/2354
f 2357/2357/2357 2354/2354/2354 2355/2355/2355
f 2360/2360/2360 2359/2359/2359 2358/2358/2358
f 2361/2361/2361 2358/2358/2358 2359/2359/2359
f 2364/2364/2364 2363/2363/2363 2362/2362/2362
f 2365/2365/2365 2362/2362/2362 2363/2363/2363
f 2368/2368/2368 2367/2367/2367 2366/2366/2366
f 2369/2369/2369 2366/2366/2366 2367/2367/2367
f 2372/2372/2372 2371/2371/2371 2370/2370/2370
f 2373/2373/2373 2370/2370/2370 2371/2371/2371
f 2376/2376/2376 2375/2375/2375 2374/2374/2374
f 2377/2377/2377 2374/2374/2374 2375/2375/2375
f 2380/2380/2380 2379/2379/2379 2378/2378/2378
f 2381/2381/2381 2378/2378/2378 2379/2379/2379
f 2384/2384/2384 2383/2383/2383 2382/2382/2382
f 2385/2385/2385 2382/2382/2382 2383/2383/2383
f 2388/2388/2388 2387/2387/2387 2386/2386/2386
f 2389/2389/2389 2386/2386/2386 2387/2387/2387
f 2392/2392/2392 2391/2391/2391 2390/2390/2390
f 2393/2393/2393 2390/2390/2390 2391/2391/2391
f 2396/2396/2396 2395/2395/2395 2394/2394/2394
f 2397/2397/2397 2394/2394/2394 2395/2395/2395
f 2400/2400/2400 2399/2399/2399 2398/2398/2398
f 2401/2401/2401 2398/2398/2398 2399/2399/2399
f 2404/2404/2404 2403/2403/2403 2402/2402/2402
f 2405/2405/2405 2402/2402/2402 2403/2403/2403
f 2408/2408/2408 2407/2407/2407 2406/2406/2406
f 2409/2409/2409 2406/2406/2406 2407/2407/2407
f 2412/2412/2412 2411/2411/2411 2410/2410/2410
f 2413/2413/2413 2410/2410/2410 2411/2411/2411
f 2416/2416/2416 2415/2415/2415 2414/2414/2414
f 2417/2417/2417 2414/2414/2414 2415/2415/2415
f 2420/2420/2420 2419/2419/2419 2418/2418/2418
f 2421/2421/2421 2418/2418/2418 2419/2419/2419
f 2424/2424/2424 2423/2423/2423 2422/2422/2422
f 2425/2425/2425 2422/2422/2422 2423/2423/2423
f 2428/2428/2428 2427/2427/2427 2426/2426/2426
f 2429/2429/2429 2426/2426/2426 2427/2427/2427
f 2432/2432/2432 2431/2431/2431 2430/2430/2430
f 2433/2433/2433 2430/2430/2430 2431/2431/2431
f 2436/2436/2436 2435/2435/2435 2434/2434/2434
f 2437/2437/2437 2434/2434/2434 2435/2435/2435
f 2440/2440/2440 2439/2439/2439 2438/2438/2438
f 2441/2441/2441 2438/2438/2438 2439/2439/2439
f 2444/2444/2444 2443/2443/2443 2442/2442/2442
f 2445/2445/2445 2442/2442/2442 2443/2443/2443
f 2448/2448/2448 2447/2447/2447 2446/2446/2446
f 2449/2449/2449 2446/2446/2446 2447/2447/2447
f 2452/2452/2452 2451/2451/2451 2450/2450/2450
f 2453/2453/2453 2450/2450/2450 2451/2451/2451
f 2456/2456/2456 2455/2455/2455 2454/2454/2454
f 2457/2457/2457 2454/2454/2454 2455/2455/2455
f 2460/2460/2460 2459/2459/2459 2458/2458/2458
f 2461/2461/2461 2458/2458/2458 2459/2459/2459
f 2464/2464/2464 2463/2463/2463 2462/2462/2462
f 2465/2465/2465 2462/2462/2462 2463/2463/2463
f 2468/2468/2468 2467/2467/2467 2466/2466/2466
f 2469/2469/2469 2466/2466/2466 2467/2467/2467
f 2472/2472/2472 2471/2471/2471 2470/2470/2470
f 2473/2473/2473 2470/2470/2470 2471/2471/2471
f 2476/2476/2476 2475/2475/2475 2474/2474/2474
f 2477/2477/2477 2474/2474/2474 2475/2475/2475
f 2480/2480/2480 2479/2479/2479 2478/2478/2478
f 2481/2481/2481 2478/2478/2478 2479/2479/2479
f 2484/2484/2484 2483/2483/2483 2482/2482/2482
f 2485/2485/2485 2482/2482/2482 2483/2483/2483
f 2488/2488/2488 2487/2487/2487 2486/2486/2486
f 2489/2489/2489 2486/2486/2486 2487/2487/2487
f 2492/2492/2492 2491/2491/2491 2490/2490/2490
f 2493/2493/2493 2490/2490/2490 2491/2491/2491
f 2496/2496/2496 2495/2495/2495 2494/2494/2494
f 2497/2497/2497 2494/2494/2494 2495/2495/2495
f 2500/2500/2500 2499/2499/2499 2498/2498/2498
f 2501/2501/2501 2498/2498/2498 2499/2499/2499
f 2504/2504/2504 2503/2503/2503 2502/2502/2502
f 2505/2505/2505 2502/2502/2502 2503/2503/2503
f 2508/2508/2508 2507/2507/2507 2506/2506/2506
f 2509/2509/2509 2506/2506/2506 2507/2507/2507
f 2512/2512/2512 2511/2511/2511 2510/2510/2510
f 2513/2513/2513 2510/2510/2510 2511/2511/2511
f 2516/2516/2516 2515/2515/2515 2514/2514/2514
f 2517/2517/2517 2514/2514/2514 2515/2515/2515
f 2520/2520/2520 2519/2519/2519 2518/2518/2518
f 2521/2521/2521 2518/2518/2518 2519/2519/2519
f 2524/2524/2524 2523/2523/2523 2522/2522/2522
f 2525/2525/2525 2522/2522/2522 2523/2523/2523
f 2528/2528/2528 2527/2527/2527 2526/2526/2526
f 2529/2529/2529 2526/2526/2526 2527/2527/2527
f 2532/2532/2532 2531/2531/2531 2530/2530/2530
f 2533/2533/2533 2530/2530/2530 2531/2531/2531
f 2536/2536/2536 2535/2535/2535 2534/2534/2534
f 2537/2537/2537 2534/2534/2534 2535/2535/2535
f 2540/2540/2540 2539/2539/2539 2538/2538/2538
f 2541/2541/2541 2538/2538/2538 2539/2539/2539
f 2544/2544/2544 2543/2543/2543 2542/2542/2542
f 2545/2545/2545 2542/2542/2542 2543/2543/2543
f 2548/2548/2548 2547/2547/2547 2546/2546/2546
f 2549/2549/2549 2546/2546/2546 2547/2547/2547
f 2552/2552/2552 2551/2551/2551 2550/2550/2550
f 2553/2553/2553 2550/2550/2550 2551/2551/2551
f 2556/2556/2556 2555/2555/2555 2554/2554/2554
f 2557/2557/2557 2554/2554/2554 2555/2555/2555
f 2560/2560/2560 2559/2559/2559 2558/2558/2558
f 2561/2561/2561 2558/2558/2558 2559/2559/2559
f 2564/2564/2564 2563/2563/2563 2562/2562/2562
f 2565/2565/2565 2562/2562/2562 2563/2563/2563
f 2568/2568/2568 2567/2567/2567 2566/2566/2566
f 2569/2569/2569 2566/2566/2566 2567/2567/2567
f 2566/2566/2566 2569/2569/2569 2570/2570/2570
f 2571/2571/2571 2570/2570/2570 2569/2569/2569
f 2574/2574/2574 2573/2573/2573 2572/2572/2572
f 2575/2575/2575 2572/2572/2572 2573/2573/2573
f 2575/2575/2575 2573/2573/2573 2576/2576/2576
f 2577/2577/2577 2576/2576/2576 2573/2573/2573
f 2580/2580/2580 2579/2579/2579 2578/2578/2578
f 2581/2581/2581 2578/2578/2578 2579/2579/2579
f 2584/2584/2584 2583/2583/2583 2582/2582/2582
f 2585/2585/2585 2582/2582/2582 2583/2583/2583
f 2588/2588/2588 2587/2587/2587 2586/2586/2586
f 2589/2589/2589 2586/2586/2586 2587/2587/2587
f 2592/2592/2592 2591/2591/2591 2590/2590/2590
f 2593/2593/2593 2590/2590/2590 2591/2591/2591
f 2596/2596/2596 2595/2595/2595 2594/2594/2594
f 2597/2597/2597 2594/2594/2594 2595/2595/2595
f 2600/2600/2600 2599/2599/2599 2598/2598/2598
f 2601/2601/2601 2598/2598/2598 2599/2599/2599
f 2604/2604/2604 2603/2603/2603 2602/2602/2602
f 2605/2605/2605 2602/2602/2602 2603/2603/2603
f 2608/2608/2608 2607/2607/2607 2606/2606/2606
f 2609/2609/2609 2606/2606/2606 2607/2607/2607
f 2612/2612/2612 2611/2611/2611 2610/2610/2610
f 2611/2611/2611 2613/2613/2613 2610/2610/2610
f 2614/2614/2614 2613/2613/2613 2611/2611/2611
f 2613/2613/2613 2615/2615/2615 2610/2610/2610
f 2615/2615/2615 2616/2616/2616 2610/2610/2610
f 2617/2617/2617 2615/2615/2615 2613/2613/2613
f 2620/2620/2620 2619/2619/2619 2618/2618/2618
f 2621/2621/2621 2618/2618/2618 2619/2619/2619
f 2624/2624/2624 2623/2623/2623 2622/2622/2622
f 2625/2625/2625 2622/2622/2622 2623/2623/2623
f 2628/2628/2628 2627/2627/2627 2626/2626/2626
f 2629/2629/2629 2626/2626/2626 2627/2627/2627
f 2632/2632/2632 2631/2631/2631 2630/2630/2630
f 2633/2633/2633 2630/2630/2630 2631/2631/2631
f 2636/2636/2636 2635/2635/2635 2634/2634/2634
f 2637/2637/2637 2634/2634/2634 2635/2635/2635
f 2640/2640/2640 2639/2639/2639 2638/2638/2638
f 2641/2641/2641 2638/2638/2638 2639/2639/2639
f 2644/2644/2644 2643/2643/2643 2642/2642/2642
f 2645/2645/2645 2642/2642/2642 2643/2643/2643
f 2648/2648/2648 2647/2647/2647 2646/2646/2646
f 2649/2649/2649 2646/2646/2646 2647/2647/2647
f 2652/2652/2652 2651/2651/2651 2650/2650/2650
f 2653/2653/2653 2650/2650/2650 2651/2651/2651
f 2656/2656/2656 2655/2655/2655 2654/2654/2654
f 2657/2657/2657 2654/2654/2654 2655/2655/2655
f 2660/2660/2660 2659/2659/2659 2658/2658/2658
f 2661/2661/2661 2658/2658/2658 2659/2659/2659
f 2664/2664/2664 2663/2663/2663 2662/2662/2662
f 2665/2665/2665 2662/2662/2662 2663/2663/2663
f 2668/2668/2668 2667/2667/2667 2666/2666/2666
f 2669/2669/2669 2666/2666/2666 2667/2667/2667
f 2672/2672/2672 2671/2671/2671 2670/2670/2670
f 2673/2673/2673 2670/2670/2670 2671/2671/2671
f 2676/2676/2676 2675/2675/2675 2674/2674/2674
f 2677/2677/2677 2674/2674/2674 2675/2675/2675
f 2680/2680/2680 2679/2679/2679 2678/2678/2678
f 2681/2681/2681 2678/2678/2678 2679/2679/2679
f 2684/2684/2684 2683/2683/2683 2682/2682/2682
f 2685/2685/2685 2682/2682/2682 2683/2683/2683
f 2688/2688/2688 2687/2687/2687 2686/2686/2686
f 2689/2689/2689 2686/2686/2686 2687/2687/2687
f 2692/2692/2692 2691/2691/2691 2690/2690/2690
f 2693/2693/2693 2690/2690/2690 2691/2691/2691
f 2696/2696/2696 2695/2695/2695 2694/2694/2694
f 2697/2697/2697 2694/2694/2694 2695/2695/2695
f 2700/2700/2700 2699/2699/2699 2698/2698/2698
f 2701/2701/2701 2698/2698/2698 2699/2699/2699
f 2704/2704/2704 2703/2703/2703 2702/2702/2702
f 2705/2705/2705 2702/2702/2702 2703/2703/2703
f 2708/2708/2708 2707/2707/2707 2706/2706/2706
f 2709/2709/2709 2706/2706/2706 2707/2707/2707
f 2712/2712/2712 2711/2711/2711 2710/2710/2710
f 2713/2713/2713 2710/2710/2710 2711/2711/2711
f 2716/2716/2716 2715/2715/2715 2714/2714/2714
f 2715/2715/2715 2717/2717/2717 2714/2714/2714
f 2718/2718/2718 2717/2717/2717 2715/2715/2715
f 2717/2717/2717 2719/2719/2719 2714/2714/2714
f 2719/2719/2719 2720/2720/2720 2714/2714/2714
f 2721/2721/2721 2719/2719/2719 2717/2717/2717
f 2724/2724/2724 2723/2723/2723 2722/2722/2722
f 2725/2725/2725 2722/2722/2722 2723/2723/2723
f 2728/2728/2728 2727/2727/2727 2726/2726/2726
f 2729/2729/2729 2726/2726/2726 2727/2727/2727
f 2732/2732/2732 2731/2731/2731 2730/2730/2730
f 2733/2733/2733 2730/2730/2730 2731/2731/2731
f 2736/2736/2736 2735/2735/2735 2734/2734/2734
f 2737/2737/2737 2734/2734/2734 2735/2735/2735
f 2740/2740/2740 2739/2739/2739 2738/2738/2738
f 2741/2741/2741 2738/2738/2738 2739/2739/2739
f 2744/2744/2744 2743/2743/2743 2742/2742/2742
f 2745/2745/2745 2742/2742/2742 2743/2743/2743
f 2748/2748/2748 2747/2747/2747 2746/2746/2746
f 2749/2749/2749 2746/2746/2746 2747/2747/2747
f 2752/2752/2752 2751/2751/2751 2750/2750/2750
f 2753/2753/2753 2750/2750/2750 2751/2751/2751
f 2756/2756/2756 2755/2755/2755 2754/2754/2754
f 2757/2757/2757 2754/2754/2754 2755/2755/2755
f 2760/2760/2760 2759/2759/2759 2758/2758/2758
f 2761/2761/2761 2758/2758/2758 2759/2759/2759
f 2764/2764/2764 2763/2763/2763 2762/2762/2762
f 2765/2765/2765 2762/2762/2762 2763/2763/2763
f 2768/2768/2768 2767/2767/2767 2766/2766/2766
f 2769/2769/2769 2766/2766/2766 2767/2767/2767
f 2772/2772/2772 2771/2771/2771 2770/2770/2770
f 2773/2773/2773 2770/2770/2770 2771/2771/2771
f 2776/2776/2776 2775/2775/2775 2774/2774/2774
f 2777/2777/2777 2774/2774/2774 2775/2775/2775
f 2780/2780/2780 2779/2779/2779 2778/2778/2778
f 2781/2781/2781 2778/2778/2778 2779/2779/2779
f 2784/2784/2784 2783/2783/2783 2782/2782/2782
f 2785/2785/2785 2782/2782/2782 2783/2783/2783
f 2788/2788/2788 2787/2787/2787 2786/2786/2786
f 2789/2789/2789 2786/2786/2786 2787/2787/2787
f 2792/2792/2792 2791/2791/2791 2790/2790/2790
f 2793/2793/2793 2790/2790/2790 2791/2791/2791
f 2796/2796/2796 2795/2795/2795 2794/2794/2794
f 2797/2797/2797 2794/2794/2794 2795/2795/2795
f 2800/2800/2800 2799/2799/2799 2798/2798/2798
f 2801/2801/2801 2798/2798/2798 2799/2799/2799
f 2804/2804/2804 2803/2803/2803 2802/2802/2802
f 2805/2805/2805 2802/2802/2802 2803/2803/2803
f 2808/2808/2808 2807/2807/2807 2806/2806/2806
f 2809/2809/2809 2806/2806/2806 2807/2807/2807
f 2812/2812/2812 2811/2811/2811 2810/2810/2810
f 2813/2813/2813 2810/2810/2810 2811/2811/2811
f 2816/2816/2816 2815/2815/2815 2814/2814/2814
f 2817/2817/2817 2814/2814/2814 2815/2815/2815
f 2820/2820/2820 2819/2819/2819 2818/2818/2818
f 2821/2821/2821 2818/2818/2818 2819/2819/2819
f 2824/2824/2824 2823/2823/2823 2822/2822/2822
f 2825/2825/2825 2822/2822/2822 2823/2823/2823
f 2828/2828/2828 2827/2827/2827 2826/2826/2826
f 2829/2829/2829 2826/2826/2826 2827/2827/2827
f 2832/2832/2832 2831/2831/2831 2830/2830/2830
f 2833/2833/2833 2830/2830/2830 2831/2831/2831
f 2836/2836/2836 2835/2835/2835 2834/2834/2834
f 2837/2837/2837 2834/2834/2834 2835/2835/2835
f 2840/2840/2840 2839/2839/2839 2838/2838/2838
f 2841/2841/2841 2838/2838/2838 2839/2839/2839
f 2844/2844/2844 2843/2843/2843 2842/2842/2842
f 2845/2845/2845 2842/2842/2842 2843/2843/2843
f 2848/2848/2848 2847/2847/2847 2846/2846/2846
f 2849/2849/2849 2846/2846/2846 2847/2847/2847
f 2852/2852/2852 2851/2851/2851 2850/2850/2850
f 2853/2853/2853 2850/2850/2850 2851/2851/2851
f 2856/2856/2856 2855/2855/2855 2854/2854/2854
f 2857/2857/2857 2854/2854/2854 2855/2855/2855
f 2860/2860/2860 2859/2859/2859 2858/2858/2858
f 2861/2861/2861 2858/2858/2858 2859/2859/2859
f 2864/2864/2864 2863/2863/2863 2862/2862/2862
f 2865/2865/2865 2862/2862/2862 2863/2863/2863
f 2868/2868/2868 2867/2867/2867 2866/2866/2866
f 2869/2869/2869 2866/2866/2866 2867/2867/2867
f 2872/2872/2872 2871/2871/2871 2870/2870/2870
f 2873/2873/2873 2870/2870/2870 2871/2871/2871
f 2876/2876/2876 2875/2875/2875 2874/2874/2874
f 2877/2877/2877 2874/2874/2874 2875/2875/2875
f 2880/2880/2880 2879/2879/2879 2878/2878/2878
f 2881/2881/2881 2878/2878/2878 2879/2879/2879
f 2884/2884/2884 2883/2883/2883 2882/2882/2882
f 2885/2885/2885 2882/2882/2882 2883/2883/2883
f 2888/2888/2888 2887/2887/2887 2886/2886/2886
f 2889/2889/2889 2886/2886/2886 2887/2887/2887
f 2892/2892/2892 2891/2891/2891 2890/2890/2890
f 2893/2893/2893 2890/2890/2890 2891/2891/2891
f 2896/2896/2896 2895/2895/2895 2894/2894/2894
f 2897/2897/2897 2894/2894/2894 2895/2895/2895
f 2900/2900/2900 2899/2899/2899 2898/2898/2898
f 2901/2901/2901 2898/2898/2898 2899/2899/2899
f 2904/2904/2904 2903/2903/2903 2902/2902/2902
f 2905/2905/2905 2902/2902/2902 2903/2903/2903
f 2908/2908/2908 2907/2907/2907 2906/2906/2906
f 2909/2909/2909 2906/2906/2906 2907/2907/2907
f 2912/2912/2912 2911/2911/2911 2910/2910/2910
f 2913/2913/2913 2910/2910/2910 2911/2911/2911
f 2916/2916/2916 2915/2915/2915 2914/2914/2914
f 2917/2917/2917 2914/2914/2914 2915/2915/2915
f 2920/2920/2920 2919/2919/2919 2918/2918/2918
f 2921/2921/2921 2918/2918/2918 2919/2919/2919
f 2924/2924/2924 2923/2923/2923 2922/2922/2922
f 2925/2925/2925 2922/2922/2922 2923/2923/2923
f 2928/2928/2928 2927/2927/2927 2926/2926/2926
f 2929/2929/2929 2926/2926/2926 2927/2927/2927
f 2932/2932/2932 2931/2931/2931 2930/2930/2930
f 2933/2933/2933 2930/2930/2930 2931/2931/2931
f 2936/2936/2936 2935/2935/2935 2934/2934/2934
f 2937/2937/2937 2934/2934/2934 2935/2935/2935
f 2940/2940/2940 2939/2939/2939 2938/2938/2938
f 2941/2941/2941 2938/2938/2938 2939/2939/2939
f 2944/2944/2944 2943/2943/2943 2942/2942/2942
f 2945/2945/2945 2942/2942/2942 2943/2943/2943
f 2948/2948/2948 2947/2947/2947 2946/2946/2946
f 2949/2949/2949 2946/2946/2946 2947/2947/2947
f 2952/2952/2952 2951/2951/2951 2950/2950/2950
f 2953/2953/2953 2950/2950/2950 2951/2951/2951
f 2956/2956/2956 2955/2955/2955 2954/2954/2954
f 2957/2957/2957 2954/2954/2954 2955/2955/2955
f 2960/2960/2960 2959/2959/2959 2958/2958/2958
f 2961/2961/2961 2958/2958/2958 2959/2959/2959
f 2964/2964/2964 2963/2963/2963 2962/2962/2962
f 2965/2965/2965 2962/2962/2962 2963/2963/2963
f 2968/2968/2968 2967/2967/2967 2966/2966/2966
f 2969/2969/2969 2966/2966/2966 2967/2967/2967
f 2972/2972/2972 2971/2971/2971 2970/2970/2970
f 2973/2973/2973 2970/2970/2970 2971/2971/2971
f 2976/2976/2976 2975/2975/2975 2974/2974/2974
f 2977/2977/2977 2974/2974/2974 2975/2975/2975
f 2980/2980/2980 2979/2979/2979 2978/2978/2978
f 2981/2981/2981 2978/2978/2978 2979/2979/2979
f 2978/2978/2978 2981/2981/2981 2982/2982/2982
f 2983/2983/2983 2982/2982/2982 2981/2981/2981
f 2986/2986/2986 2985/2985/2985 2984/2984/2984
f 2987/2987/2987 2984/2984/2984 2985/2985/2985
f 2987/2987/2987 2985/2985/2985 2988/2988/2988
f 2989/2989/2989 2988/2988/2988 2985/2985/2985
f 2992/2992/2992 2991/2991/2991 2990/2990/2990
f 2993/2993/2993 2990/2990/2990 2991/2991/2991
f 2996/2996/2996 2995/2995/2995 2994/2994/2994
f 2997/2997/2997 2994/2994/2994 2995/2995/2995
f 3000/3000/3000 2999/2999/2999 2998/2998/2998
f 3001/3001/3001 2998/2998/2998 2999/2999/2999
f 3004/3004/3004 3003/3003/3003 3002/3002/3002
f 3005/3005/3005 3002/3002/3002 3003/3003/3003
f 3008/3008/3008 3007/3007/3007 3006/3006/3006
f 3009/3009/3009 3006/3006/3006 3007/3007/3007
f 3012/3012/3012 3011/3011/3011 3010/3010/3010
f 3013/3013/3013 3010/3010/3010 3011/3011/3011
f 3016/3016/3016 3015/3015/3015 3014/3014/3014
f 3017/3017/3017 3014/3014/3014 3015/3015/3015
f 3020/3020/3020 3019/3019/3019 3018/3018/3018
f 3021/3021/3021 3018/3018/3018 3019/3019/3019
f 3024/3024/3024 3023/3023/3023 3022/3022/3022
f 3025/3025/3025 3022/3022/3022 3023/3023/3023
f 3028/3028/3028 3027/3027/3027 3026/3026/3026
f 3029/3029/3029 3026/3026/3026 3027/3027/3027
f 3032/3032/3032 3031/3031/3031 3030/3030/3030
f 3033/3033/3033 3030/3030/3030 3031/3031/3031
f 3036/3036/3036 3035/3035/3035 3034/3034/3034
f 3037/3037/3037 3034/3034/3034 3035/3035/3035
f 3040/3040/3040 3039/3039/3039 3038/3038/3038
f 3041/3041/3041 3038/3038/3038 3039/3039/3039
f 3044/3044/3044 3043/3043/3043 3042/3042/3042
f 3045/3045/3045 3042/3042/3042 3043/3043/3043
f 3048/3048/3048 3047/3047/3047 3046/3046/3046
f 3049/3049/3049 3046/3046/3046 3047/3047/3047
f 3052/3052/3052 3051/3051/3051 3050/3050/3050
f 3053/3053/3053 3050/3050/3050 3051/3051/3051
f 3056/3056/3056 3055/3055/3055 3054/3054/3054
f 3057/3057/3057 3054/3054/3054 3055/3055/3055
f 3060/3060/3060 3059/3059/3059 3058/3058/3058
f 3061/3061/3061 3058/3058/3058 3059/3059/3059
f 3064/3064/3064 3063/3063/3063 3062/3062/3062
f 3065/3065/3065 3062/3062/3062 3063/3063/3063
f 3068/3068/3068 3067/3067/3067 3066/3066/3066
f 3069/3069/3069 3066/3066/3066 3067/3067/3067
f 3066/3066/3066 3069/3069/3069 3070/3070/3070
f 3071/3071/3071 3070/3070/3070 3069/3069/3069
f 3074/3074/3074 3073/3073/3073 3072/3072/3072
f 3075/3075/3075 3072/3072/3072 3073/3073/3073
f 3073/3073/3073 3076/3076/3076 3075/3075/3075
f 3077/3077/3077 3075/3075/3075 3076/3076/3076
f 3080/3080/3080 3079/3079/3079 3078/3078/3078
f 3081/3081/3081 3078/3078/3078 3079/3079/3079
f 3084/3084/3084 3083/3083/3083 3082/3082/3082
f 3085/3085/3085 3082/3082/3082 3083/3083/3083
f 3088/3088/3088 3087/3087/3087 3086/3086/3086
f 3089/3089/3089 3086/3086/3086 3087/3087/3087
f 3087/3087/3087 3090/3090/3090 3089/3089/3089
f 3091/3091/3091 3089/3089/3089 3090/3090/3090
f 3094/3094/3094 3093/3093/3093 3092/3092/3092
f 3095/3095/3095 3092/3092/3092 3093/3093/3093
f 3093/3093/3093 3096/3096/3096 3095/3095/3095
f 3092/3092/3092 3095/3095/3095 3097/3097/3097
f 3098/3098/3098 3095/3095/3095 3096/3096/3096
f 3099/3099/3099 3097/3097/3097 3095/3095/3095
f 3098/3098/3098 3100/3100/3100 3095/3095/3095
f 3099/3099/3099 3095/3095/3095 3100/3100/3100
f 3103/3103/3103 3102/3102/3102 3101/3101/3101
f 3104/3104/3104 3101/3101/3101 3102/3102/3102
f 3102/3102/3102 3105/3105/3105 3104/3104/3104
f 3101/3101/3101 3104/3104/3104 3106/3106/3106
f 3107/3107/3107 3104/3104/3104 3105/3105/3105
f 3108/3108/3108 3106/3106/3106 3104/3104/3104
f 3107/3107/3107 3109/3109/3109 3104/3104/3104
f 3108/3108/3108 3104/3104/3104 3109/3109/3109
f 3112/3112/3112 3111/3111/3111 3110/3110/3110
f 3113/3113/3113 3110/3110/3110 3111/3111/3111
f 3111/3111/3111 3114/3114/3114 3113/3113/3113
f 3110/3110/3110 3113/3113/3113 3115/3115/3115
f 3116/3116/3116 3113/3113/3113 3114/3114/3114
f 3117/3117/3117 3115/3115/3115 3113/3113/3113
f 3116/3116/3116 3118/3118/3118 3113/3113/3113
f 3117/3117/3117 3113/3113/3113 3118/3118/3118
f 3121/3121/3121 3120/3120/3120 3119/3119/3119
f 3122/3122/3122 3119/3119/3119 3120/3120/3120
f 3120/3120/3120 3123/3123/3123 3122/3122/3122
f 3119/3119/3119 3122/3122/3122 3124/3124/3124
f 3125/3125/3125 3122/3122/3122 3123/3123/3123
f 3126/3126/3126 3124/3124/3124 3122/3122/3122
f 3125/3125/3125 3127/3127/3127 3122/3122/3122
f 3126/3126/3126 3122/3122/3122 3127/3127/3127
f 3130/3130/3130 3129/3129/3129 3128/3128/3128
f 3131/3131/3131 3128/3128/3128 3129/3129/3129
f 3134/3134/3134 3133/3133/3133 3132/3132/3132
f 3135/3135/3135 3132/3132/3132 3133/3133/3133
f 3138/3138/3138 3137/3137/3137 3136/3136/3136
f 3139/3139/3139 3136/3136/3136 3137/3137/3137
f 3142/3142/3142 3141/3141/3141 3140/3140/3140
f 3143/3143/3143 3140/3140/3140 3141/3141/3141
f 3146/3146/3146 3145/3145/3145 3144/3144/3144
f 3147/3147/3147 3144/3144/3144 3145/3145/3145
f 3150/3150/3150 3149/3149/3149 3148/3148/3148
f 3151/3151/3151 3148/3148/3148 3149/3149/3149
f 3154/3154/3154 3153/3153/3153 3152/3152/3152
f 3155/3155/3155 3152/3152/3152 3153/3153/3153
f 3158/3158/3158 3157/3157/3157 3156/3156/3156
f 3159/3159/3159 3156/3156/3156 3157/3157/3157
f 3162/3162/3162 3161/3161/3161 3160/3160/3160
f 3163/3163/3163 3160/3160/3160 3161/3161/3161
f 3166/3166/3166 3165/3165/3165 3164/3164/3164
f 3167/3167/3167 3164/3164/3164 3165/3165/3165
f 3170/3170/3170 3169/3169/3169 3168/3168/3168
f 3171/3171/3171 3168/3168/3168 3169/3169/3169
f 3174/3174/3174 3173/3173/3173 3172/3172/3172
f 3175/3175/3175 3172/3172/3172 3173/3173/3173
f 3178/3178/3178 3177/3177/3177 3176/3176/3176
f 3179/3179/3179 3176/3176/3176 3177/3177/3177
f 3182/3182/3182 3181/3181/3181 3180/3180/3180
f 3183/3183/3183 3180/3180/3180 3181/3181/3181
f 3186/3186/3186 3185/3185/3185 3184/3184/3184
f 3187/3187/3187 3184/3184/3184 3185/3185/3185
f 3190/3190/3190 3189/3189/3189 3188/3188/3188
f 3191/3191/3191 3188/3188/3188 3189/3189/3189
f 3194/3194/3194 3193/3193/3193 3192/3192/3192
f 3195/3195/3195 3192/3192/3192 3193/3193/3193
f 3198/3198/3198 3197/3197/3197 3196/3196/3196
f 3199/3199/3199 3196/3196/3196 3197/3197/3197
f 3202/3202/3202 3201/3201/3201 3200/3200/3200
f 3203/3203/3203 3200/3200/3200 3201/3201/3201
f 3206/3206/3206 3205/3205/3205 3204/3204/3204
f 3207/3207/3207 3204/3204/3204 3205/3205/3205
f 3210/3210/3210 3209/3209/3209 3208/3208/3208
f 3211/3211/3211 3208/3208/3208 3209/3209/3209
f 3214/3214/3214 3213/3213/3213 3212/3212/3212
f 3215/3215/3215 3212/3212/3212 3213/3213/3213
f 3218/3218/3218 3217/3217/3217 3216/3216/3216
f 3219/3219/3219 3216/3216/3216 3217/3217/3217
f 3222/3222/3222 3221/3221/3221 3220/3220/3220
f 3223/3223/3223 3220/3220/3220 3221/3221/3221
f 3226/3226/3226 3225/3225/3225 3224/3224/3224
f 3225/3225/3225 3227/3227/3227 3224/3224/3224
f 3228/3228/3228 3227/3227/3227 3225/3225/3225
f 3227/3227/3227 3229/3229/3229 3224/3224/3224
f 3229/3229/3229 3230/3230/3230 3224/3224/3224
f 3231/3231/3231 3229/3229/3229 3227/3227/3227
f 3234/3234/3234 3233/3233/3233 3232/3232/3232
f 3235/3235/3235 3232/3232/3232 3233/3233/3233
f 3238/3238/3238 3237/3237/3237 3236/3236/3236
f 3239/3239/3239 3236/3236/3236 3237/3237/3237
f 3242/3242/3242 3241/3241/3241 3240/3240/3240
f 3243/3243/3243 3240/3240/3240 3241/3241/3241
f 3246/3246/3246 3245/3245/3245 3244/3244/3244
f 3247/3247/3247 3244/3244/3244 3245/3245/3245
f 3250/3250/3250 3249/3249/3249 3248/3248/3248
f 3251/3251/3251 3248/3248/3248 3249/3249/3249
f 3254/3254/3254 3253/3253/3253 3252/3252/3252
f 3255/3255/3255 3252/3252/3252 3253/3253/3253
f 3258/3258/3258 3257/3257/3257 3256/3256/3256
f 3259/3259/3259 3256/3256/3256 3257/3257/3257
f 3262/3262/3262 3261/3261/3261 3260/3260/3260
f 3263/3263/3263 3260/3260/3260 3261/3261/3261
f 3266/3266/3266 3265/3265/3265 3264/3264/3264
f 3267/3267/3267 3264/3264/3264 3265/3265/3265
f 3270/3270/3270 3269/3269/3269 3268/3268/3268
f 3271/3271/3271 3268/3268/3268 3269/3269/3269
f 3274/3274/3274 3273/3273/3273 3272/3272/3272
f 3275/3275/3275 3272/3272/3272 3273/3273/3273
f 3278/3278/3278 3277/3277/3277 3276/3276/3276
f 3279/3279/3279 3276/3276/3276 3277/3277/3277
f 3282/3282/3282 3281/3281/3281 3280/3280/3280
f 3283/3283/3283 3280/3280/3280 3281/3281/3281
f 3286/3286/3286 3285/3285/3285 3284/3284/3284
f 3287/3287/3287 3284/3284/3284 3285/3285/3285
f 3290/3290/3290 3289/3289/3289 3288/3288/3288
f 3291/3291/3291 3288/3288/3288 3289/3289/3289
f 3294/3294/3294 3293/3293/3293 3292/3292/3292
f 3295/3295/3295 3292/3292/3292 3293/3293/3293
f 3298/3298/3298 3297/3297/3297 3296/3296/3296
f 3299/3299/3299 3296/3296/3296 3297/3297/3297
f 3302/3302/3302 3301/3301/3301 3300/3300/3300
f 3303/3303/3303 3300/3300/3300 3301/3301/3301
f 3306/3306/3306 3305/3305/3305 3304/3304/3304
f 3307/3307/3307 3304/3304/3304 3305/3305/3305
f 3310/3310/3310 3309/3309/3309 3308/3308/3308
f 3311/3311/3311 3308/3308/3308 3309/3309/3309
f 3314/3314/3314 3313/3313/3313 3312/3312/3312
f 3315/3315/3315 3312/3312/3312 3313/3313/3313
f 3318/3318/3318 3317/3317/3317 3316/3316/3316
f 3319/3319/3319 3316/3316/3316 3317/3317/3317
f 3322/3322/3322 3321/3321/3321 3320/3320/3320
f 3323/3323/3323 3320/3320/3320 3321/3321/3321
f 3326/3326/3326 3325/3325/3325 3324/3324/3324
f 3327/3327/3327 3324/3324/3324 3325/3325/3325
f 3330/3330/3330 3329/3329/3329 3328/3328/3328
f 3331/3331/3331 3328/3328/3328 3329/3329/3329
f 3334/3334/3334 3333/3333/3333 3332/3332/3332
f 3335/3335/3335 3332/3332/3332 3333/3333/3333
f 3338/3338/3338 3337/3337/3337 3336/3336/3336
f 3339/3339/3339 3336/3336/3336 3337/3337/3337
f 3342/3342/3342 3341/3341/3341 3340/3340/3340
f 3343/3343/3343 3340/3340/3340 3341/3341/3341
f 3346/3346/3346 3345/3345/3345 3344/3344/3344
f 3347/3347/3347 3344/3344/3344 3345/3345/3345
f 3350/3350/3350 3349/3349/3349 3348/3348/3348
f 3351/3351/3351 3348/3348/3348 3349/3349/3349
f 3354/3354/3354 3353/3353/3353 3352/3352/3352
f 3355/3355/3355 3352/3352/3352 3353/3353/3353
f 3358/3358/3358 3357/3357/3357 3356/3356/3356
f 3359/3359/3359 3356/3356/3356 3357/3357/3357
f 3362/3362/3362 3361/3361/3361 3360/3360/3360
f 3361/3361/3361 3363/3363/3363 3360/3360/3360
f 3364/3364/3364 3363/3363/3363 3361/3361/3361
f 3363/3363/3363 3365/3365/3365 3360/3360/3360
f 3365/3365/3365 3366/3366/3366 3360/3360/3360
f 3367/3367/3367 3365/3365/3365 3363/3363/3363
f 3370/3370/3370 3369/3369/3369 3368/3368/3368
f 3371/3371/3371 3368/3368/3368 3369/3369/3369
f 3374/3374/3374 3373/3373/3373 3372/3372/3372
f 3375/3375/3375 3372/3372/3372 3373/3373/3373
f 3378/3378/3378 3377/3377/3377 3376/3376/3376
f 3379/3379/3379 3376/3376/3376 3377/3377/3377
f 3382/3382/3382 3381/3381/3381 3380/3380/3380
f 3383/3383/3383 3380/3380/3380 3381/3381/3381
f 3386/3386/3386 3385/3385/3385 3384/3384/3384
f 3387/3387/3387 3384/3384/3384 3385/3385/3385
f 3390/3390/3390 3389/3389/3389 3388/3388/3388
f 3391/3391/3391 3388/3388/3388 3389/3389/3389
f 3394/3394/3394 3393/3393/3393 3392/3392/3392
f 3395/3395/3395 3392/3392/3392 3393/3393/3393
f 3398/3398/3398 3397/3397/3397 3396/3396/3396
f 3399/3399/3399 3396/3396/3396 3397/3397/3397
f 3402/3402/3402 3401/3401/3401 3400/3400/3400
f 3403/3403/3403 3400/3400/3400 3401/3401/3401
f 3406/3406/3406 3405/3405/3405 3404/3404/3404
f 3407/3407/3407 3404/3404/3404 3405/3405/3405
f 3410/3410/3410 3409/3409/3409 3408/3408/3408
f 3411/3411/3411 3408/3408/3408 3409/3409/3409
f 3414/3414/3414 3413/3413/3413 3412/3412/3412
f 3415/3415/3415 3412/3412/3412 3413/3413/3413
f 3418/3418/3418 3417/3417/3417 3416/3416/3416
f 3419/3419/3419 3416/3416/3416 3417/3417/3417
f 3422/3422/3422 3421/3421/3421 3420/3420/3420
f 3423/3423/3423 3420/3420/3420 3421/3421/3421
f 3426/3426/3426 3425/3425/3425 3424/3424/3424
f 3427/3427/3427 3424/3424/3424 3425/3425/3425
f 3430/3430/3430 3429/3429/3429 3428/3428/3428
f 3431/3431/3431 3428/3428/3428 3429/3429/3429
f 3434/3434/3434 3433/3433/3433 3432/3432/3432
f 3435/3435/3435 3432/3432/3432 3433/3433/3433
f 3438/3438/3438 3437/3437/3437 3436/3436/3436
f 3439/3439/3439 3436/3436/3436 3437/3437/3437
f 3442/3442/3442 3441/3441/3441 3440/3440/3440
f 3443/3443/3443 3440/3440/3440 3441/3441/3441
f 3446/3446/3446 3445/3445/3445 3444/3444/3444
f 3447/3447/3447 3444/3444/3444 3445/3445/3445
f 3450/3450/3450 3449/3449/3449 3448/3448/3448
f 3451/3451/3451 3448/3448/3448 3449/3449/3449
f 3454/3454/3454 3453/3453/3453 3452/3452/3452
f 3455/3455/3455 3452/3452/3452 3453/3453/3453
f 3458/3458/3458 3457/3457/3457 3456/3456/3456
f 3459/3459/3459 3456/3456/3456 3457/3457/3457
f 3462/3462/3462 3461/3461/3461 3460/3460/3460
f 3463/3463/3463 3460/3460/3460 3461/3461/3461
f 3466/3466/3466 3465/3465/3465 3464/3464/3464
f 3467/3467/3467 3464/3464/3464 3465/3465/3465
f 3470/3470/3470 3469/3469/3469 3468/3468/3468
f 3471/3471/3471 3468/3468/3468 3469/3469/3469
f 3474/3474/3474 3473/3473/3473 3472/3472/3472
f 3475/3475/3475 3472/3472/3472 3473/3473/3473
f 3478/3478/3478 3477/3477/3477 3476/3476/3476
f 3479/3479/3479 3476/3476/3476 3477/3477/3477
f 3482/3482/3482 3481/3481/3481 3480/3480/3480
f 3483/3483/3483 3480/3480/3480 3481/3481/3481
f 3486/3486/3486 3485/3485/3485 3484/3484/3484
f 3487/3487/3487 3484/3484/3484 3485/3485/3485
f 3490/3490/3490 3489/3489/3489 3488/3488/3488
f 3491/3491/3491 3488/3488/3488 3489/3489/3489
f 3494/3494/3494 3493/3493/3493 3492/3492/3492
f 3495/3495/3495 3492/3492/3492 3493/3493/3493
f 3498/3498/3498 3497/3497/3497 3496/3496/3496
f 3497/3497/3497 3499/3499/3499 3496/3496/3496
f 3500/3500/3500 3499/3499/3499 3497/3497/3497
f 3499/3499/3499 3501/3501/3501 3496/3496/3496
f 3501/3501/3501 3502/3502/3502 3496/3496/3496
f 3503/3503/3503 3501/3501/3501 3499/3499/3499
f 3506/3506/3506 3505/3505/3505 3504/3504/3504
f 3507/3507/3507 3504/3504/3504 3505/3505/3505
f 3510/3510/3510 3509/3509/3509 3508/3508/3508
f 3511/3511/3511 3508/3508/3508 3509/3509/3509
f 3514/3514/3514 3513/3513/3513 3512/3512/3512
f 3515/3515/3515 3512/3512/3512 3513/3513/3513
f 3518/3518/3518 3517/3517/3517 3516/3516/3516
f 3519/3519/3519 3516/3516/3516 3517/3517/3517
f 3522/3522/3522 3521/3521/3521 3520/3520/3520
f 3523/3523/3523 3520/3520/3520 3521/3521/3521
f 3526/3526/3526 3525/3525/3525 3524/3524/3524
f 3527/3527/3527 3524/3524/3524 3525/3525/3525
f 3530/3530/3530 3529/3529/3529 3528/3528/3528
f 3531/3531/3531 3528/3528/3528 3529/3529/3529
f 3534/3534/3534 3533/3533/3533 3532/3532/3532
f 3535/3535/3535 3532/3532/3532 3533/3533/3533
f 3538/3538/3538 3537/3537/3537 3536/3536/3536
f 3539/3539/3539 3536/3536/3536 3537/3537/3537
f 3542/3542/3542 3541/3541/3541 3540/3540/3540
f 3543/3543/3543 3540/3540/3540 3541/3541/3541
f 3546/3546/3546 3545/3545/3545 3544/3544/3544
f 3547/3547/3547 3544/3544/3544 3545/3545/3545
f 3550/3550/3550 3549/3549/3549 3548/3548/3548
f 3551/3551/3551 3548/3548/3548 3549/3549/3549
f 3554/3554/3554 3553/3553/3553 3552/3552/3552
f 3555/3555/3555 3552/3552/3552 3553/3553/3553
f 3558/3558/3558 3557/3557/3557 3556/3556/3556
f 3559/3559/3559 3556/3556/3556 3557/3557/3557
f 3562/3562/3562 3561/3561/3561 3560/3560/3560
f 3563/3563/3563 3560/3560/3560 3561/3561/3561
f 3566/3566/3566 3565/3565/3565 3564/3564/3564
f 3567/3567/3567 3564/3564/3564 3565/3565/3565
f 3570/3570/3570 3569/3569/3569 3568/3568/3568
f 3571/3571/3571 3568/3568/3568 3569/3569/3569
f 3574/3574/3574 3573/3573/3573 3572/3572/3572
f 3575/3575/3575 3572/3572/3572 3573/3573/3573
f 3578/3578/3578 3577/3577/3577 3576/3576/3576
f 3579/3579/3579 3576/3576/3576 3577/3577/3577
f 3582/3582/3582 3581/3581/3581 3580/3580/3580
f 3583/3583/3583 3580/3580/3580 3581/3581/3581
f 3586/3586/3586 3585/3585/3585 3584/3584/3584
f 3587/3587/3587 3584/3584/3584 3585/3585/3585
f 3590/3590/3590 3589/3589/3589 3588/3588/3588
f 3591/3591/3591 3588/3588/3588 3589/3589/3589
f 3594/3594/3594 3593/3593/3593 3592/3592/3592
f 3595/3595/3595 3592/3592/3592 3593/3593/3593
f 3598/3598/3598 3597/3597/3597 3596/3596/3596
f 3599/3599/3599 3596/3596/3596 3597/3597/3597
f 3602/3602/3602 3601/3601/3601 3600/3600/3600
f 3603/3603/3603 3600/3600/3600 3601/3601/3601
f 3606/3606/3606 3605/3605/3605 3604/3604/3604
f 3607/3607/3607 3604/3604/3604 3605/3605/3605
f 3610/3610/3610 3609/3609/3609 3608/3608/3608
f 3611/3611/3611 3608/3608/3608 3609/3609/3609
f 3614/3614/3614 3613/3613/3613 3612/3612/3612
f 3615/3615/3615 3612/3612/3612 3613/3613/3613
f 3618/3618/3618 3617/3617/3617 3616/3616/3616
f 3619/3619/3619 3616/3616/3616 3617/3617/3617
f 3622/3622/3622 3621/3621/3621 3620/3620/3620
f 3623/3623/3623 3620/3620/3620 3621/3621/3621
f 3626/3626/3626 3625/3625/3625 3624/3624/3624
f 3627/3627/3627 3624/3624/3624 3625/3625/3625
f 3630/3630/3630 3629/3629/3629 3628/3628/3628
f 3631/3631/3631 3628/3628/3628 3629/3629/3629
f 3634/3634/3634 3633/3633/3633 3632/3632/3632
f 3633/3633/3633 3635/3635/3635 3632/3632/3632
f 3636/3636/3636 3635/3635/3635 3633/3633/3633
f 3635/3635/3635 3637/3637/3637 3632/3632/3632
f 3637/3637/3637 3638/3638/3638 3632/3632/3632
f 3639/3639/3639 3637/3637/3637 3635/3635/3635
f 3642/3642/3642 3641/3641/3641 3640/3640/3640
f 3643/3643/3643 3640/3640/3640 3641/3641/3641
f 3646/3646/3646 3645/3645/3645 3644/3644/3644
f 3647/3647/3647 3644/3644/3644 3645/3645/3645
f 3650/3650/3650 3649/3649/3649 3648/3648/3648
f 3651/3651/3651 3648/3648/3648 3649/3649/3649
f 3654/3654/3654 3653/3653/3653 3652/3652/3652
f 3655/3655/3655 3652/3652/3652 3653/3653/3653
f 3658/3658/3658 3657/3657/3657 3656/3656/3656
f 3659/3659/3659 3656/3656/3656 3657/3657/3657
f 3662/3662/3662 3661/3661/3661 3660/3660/3660
f 3663/3663/3663 3660/3660/3660 3661/3661/3661
f 3666/3666/3666 3665/3665/3665 3664/3664/3664
f 3667/3667/3667 3664/3664/3664 3665/3665/3665
f 3670/3670/3670 3669/3669/3669 3668/3668/3668
f 3671/3671/3671 3668/3668/3668 3669/3669/3669
f 3674/3674/3674 3673/3673/3673 3672/3672/3672
f 3675/3675/3675 3672/3672/3672 3673/3673/3673
f 3678/3678/3678 3677/3677/3677 3676/3676/3676
f 3679/3679/3679 3676/3676/3676 3677/3677/3677
f 3682/3682/3682 3681/3681/3681 3680/3680/3680
f 3681/3681/3681 3683/3683/3683 3680/3680/3680
f 3683/3683/3683 3684/3684/3684 3680/3680/3680
f 3684/3684/3684 3683/3683/3683 3685/3685/3685
f 3683/3683/3683 3686/3686/3686 3685/3685/3685
f 3686/3686/3686 3687/3687/3687 3685/3685/3685
f 3690/3690/3690 3689/3689/3689 3688/3688/3688
f 3691/3691/3691 3688/3688/3688 3689/3689/3689
f 3691/3691/3691 3689/3689/3689 3692/3692/3692
f 3693/3693/3693 3692/3692/3692 3689/3689/3689
f 3696/3696/3696 3695/3695/3695 3694/3694/3694
f 3697/3697/3697 3694/3694/3694 3695/3695/3695
f 3695/3695/3695 3698/3698/3698 3697/3697/3697
f 3699/3699/3699 3697/3697/3697 3698/3698/3698
f 3699/3699/3699 3698/3698/3698 3700/3700/3700
f 3701/3701/3701 3700/3700/3700 3698/3698/3698
f 3700/3700/3700 3701/3701/3701 3702/3702/3702
f 3703/3703/3703 3702/3702/3702 3701/3701/3701
f 3706/3706/3706 3705/3705/3705 3704/3704/3704
f 3707/3707/3707 3704/3704/3704 3705/3705/3705
f 3705/3705/3705 3708/3708/3708 3707/3707/3707
f 3709/3709/3709 3707/3707/3707 3708/3708/3708
f 3709/3709/3709 3708/3708/3708 3710/3710/3710
f 3711/3711/3711 3710/3710/3710 3708/3708/3708
f 3710/3710/3710 3711/3711/3711 3712/3712/3712
f 3713/3713/3713 3712/3712/3712 3711/3711/3711
f 3716/3716/3716 3715/3715/3715 3714/3714/3714
f 3717/3717/3717 3714/3714/3714 3715/3715/3715
f 3720/3720/3720 3719/3719/3719 3718/3718/3718
f 3721/3721/3721 3718/3718/3718 3719/3719/3719
f 3724/3724/3724 3723/3723/3723 3722/3722/3722
f 3725/3725/3725 3722/3722/3722 3723/3723/3723
f 3728/3728/3728 3727/3727/3727 3726/3726/3726
f 3729/3729/3729 3726/3726/3726 3727/3727/3727
f 3732/3732/3732 3731/3731/3731 3730/3730/3730
f 3733/3733/3733 3730/3730/3730 3731/3731/3731
f 3736/3736/3736 3735/3735/3735 3734/3734/3734
f 3737/3737/3737 3734/3734/3734 3735/3735/3735
f 3740/3740/3740 3739/3739/3739 3738/3738/3738
f 3741/3741/3741 3738/3738/3738 3739/3739/3739
f 3744/3744/3744 3743/3743/3743 3742/3742/3742
f 3745/3745/3745 3742/3742/3742 3743/3743/3743
f 3748/3748/3748 3747/3747/3747 3746/3746/3746
f 3749/3749/3749 3746/3746/3746 3747/3747/3747
f 3752/3752/3752 3751/3751/3751 3750/3750/3750
f 3753/3753/3753 3750/3750/3750 3751/3751/3751
f 3756/3756/3756 3755/3755/3755 3754/3754/3754
f 3757/3757/3757 3754/3754/3754 3755/3755/3755
f 3760/3760/3760 3759/3759/3759 3758/3758/3758
f 3761/3761/3761 3758/3758/3758 3759/3759/3759
f 3764/3764/3764 3763/3763/3763 3762/3762/3762
f 3765/3765/3765 3762/3762/3762 3763/3763/3763
f 3763/3763/3763 3766/3766/3766 3765/3765/3765
f 3767/3767/3767 3765/3765/3765 3766/3766/3766
f 3766/3766/3766 3768/3768/3768 3767/3767/3767
f 3769/3769/3769 3767/3767/3767 3768/3768/3768
f 3768/3768/3768 3770/3770/3770 3769/3769/3769
f 3771/3771/3771 3769/3769/3769 3770/3770/3770
f 3774/3774/3774 3773/3773/3773 3772/3772/3772
f 3775/3775/3775 3772/3772/3772 3773/3773/3773
f 3773/3773/3773 3776/3776/3776 3775/3775/3775
f 3777/3777/3777 3775/3775/3775 3776/3776/3776
f 3776/3776/3776 3778/3778/3778 3777/3777/3777
f 3779/3779/3779 3777/3777/3777 3778/3778/3778
f 3778/3778/3778 3780/3780/3780 3779/3779/3779
f 3781/3781/3781 3779/3779/3779 3780/3780/3780
f 3784/3784/3784 3783/3783/3783 3782/3782/3782
f 3785/3785/3785 3782/3782/3782 3783/3783/3783
f 3788/3788/3788 3787/3787/3787 3786/3786/3786
f 3789/3789/3789 3786/3786/3786 3787/3787/3787
f 3792/3792/3792 3791/3791/3791 3790/3790/3790
f 3793/3793/3793 3790/3790/3790 3791/3791/3791
f 3793/3793/3793 3794/3794/3794 3790/3790/3790
f 3795/3795/3795 3790/3790/3790 3794/3794/3794
f 3798/3798/3798 3797/3797/3797 3796/3796/3796
f 3799/3799/3799 3796/3796/3796 3797/3797/3797
f 3802/3802/3802 3801/3801/3801 3800/3800/3800
f 3803/3803/3803 3800/3800/3800 3801/3801/3801
f 3803/3803/3803 3804/3804/3804 3800/3800/3800
f 3805/3805/3805 3800/3800/3800 3804/3804/3804
f 3808/3808/3808 3807/3807/3807 3806/3806/3806
f 3809/3809/3809 3806/3806/3806 3807/3807/3807
f 3812/3812/3812 3811/3811/3811 3810/3810/3810
f 3813/3813/3813 3810/3810/3810 3811/3811/3811
f 3816/3816/3816 3815/3815/3815 3814/3814/3814
f 3817/3817/3817 3814/3814/3814 3815/3815/3815
f 3820/3820/3820 3819/3819/3819 3818/3818/3818
f 3821/3821/3821 3818/3818/3818 3819/3819/3819
f 3824/3824/3824 3823/3823/3823 3822/3822/3822
f 3825/3825/3825 3822/3822/3822 3823/3823/3823
f 3828/3828/3828 3827/3827/3827 3826/3826/3826
f 3829/3829/3829 3826/3826/3826 3827/3827/3827
f 3832/3832/3832 3831/3831/3831 3830/3830/3830
f 3833/3833/3833 3830/3830/3830 3831/3831/3831
f 3836/3836/3836 3835/3835/3835 3834/3834/3834
f 3837/3837/3837 3834/3834/3834 3835/3835/3835
f 3840/3840/3840 3839/3839/3839 3838/3838/3838
f 3841/3841/3841 3838/3838/3838 3839/3839/3839
f 3844/3844/3844 3843/3843/3843 3842/3842/3842
f 3845/3845/3845 3842/3842/3842 3843/3843/3843
f 3848/3848/3848 3847/3847/3847 3846/3846/3846
f 3849/3849/3849 3846/3846/3846 3847/3847/3847
f 3852/3852/3852 3851/3851/3851 3850/3850/3850
f 3851/3851/3851 3853/3853/3853 3850/3850/3850
f 3853/3853/3853 3854/3854/3854 3850/3850/3850
f 3853/3853/3853 3851/3851/3851 3855/3855/3855
f 3856/3856/3856 3853/3853/3853 3855/3855/3855
f 3851/3851/3851 3857/3857/3857 3855/3855/3855
f 3860/3860/3860 3859/3859/3859 3858/3858/3858
f 3861/3861/3861 3858/3858/3858 3859/3859/3859
f 3864/3864/3864 3863/3863/3863 3862/3862/3862
f 3865/3865/3865 3862/3862/3862 3863/3863/3863
f 3868/3868/3868 3867/3867/3867 3866/3866/3866
f 3869/3869/3869 3866/3866/3866 3867/3867/3867
f 3872/3872/3872 3871/3871/3871 3870/3870/3870
f 3873/3873/3873 3870/3870/3870 3871/3871/3871
f 3876/3876/3876 3875/3875/3875 3874/3874/3874
f 3877/3877/3877 3874/3874/3874 3875/3875/3875
f 3880/3880/3880 3879/3879/3879 3878/3878/3878
f 3881/3881/3881 3878/3878/3878 3879/3879/3879
f 3884/3884/3884 3883/3883/3883 3882/3882/3882
f 3885/3885/3885 3882/3882/3882 3883/3883/3883
f 3888/3888/3888 3887/3887/3887 3886/3886/3886
f 3889/3889/3889 3886/3886/3886 3887/3887/3887
f 3892/3892/3892 3891/3891/3891 3890/3890/3890
f 3891/3891/3891 3893/3893/3893 3890/3890/3890
f 3893/3893/3893 3894/3894/3894 3890/3890/3890
f 3893/3893/3893 3891/3891/3891 3895/3895/3895
f 3896/3896/3896 3893/3893/3893 3895/3895/3895
f 3891/3891/3891 3897/3897/3897 3895/3895/3895
f 3900/3900/3900 3899/3899/3899 3898/3898/3898
f 3899/3899/3899 3901/3901/3901 3898/3898/3898
f 3901/3901/3901 3902/3902/3902 3898/3898/3898
f 3905/3905/3905 3904/3904/3904 3903/3903/3903
f 3906/3906/3906 3903/3903/3903 3904/3904/3904
f 3909/3909/3909 3908/3908/3908 3907/3907/3907
f 3910/3910/3910 3907/3907/3907 3908/3908/3908
f 3913/3913/3913 3912/3912/3912 3911/3911/3911
f 3914/3914/3914 3911/3911/3911 3912/3912/3912
f 3917/3917/3917 3916/3916/3916 3915/3915/3915
f 3918/3918/3918 3915/3915/3915 3916/3916/3916
f 3921/3921/3921 3920/3920/3920 3919/3919/3919
f 3922/3922/3922 3919/3919/3919 3920/3920/3920
f 3925/3925/3925 3924/3924/3924 3923/3923/3923
f 3926/3926/3926 3923/3923/3923 3924/3924/3924
f 3929/3929/3929 3928/3928/3928 3927/3927/3927
f 3930/3930/3930 3927/3927/3927 3928/3928/3928
f 3933/3933/3933 3932/3932/3932 3931/3931/3931
f 3934/3934/3934 3931/3931/3931 3932/3932/3932
f 3937/3937/3937 3936/3936/3936 3935/3935/3935
f 3938/3938/3938 3935/3935/3935 3936/3936/3936
f 3941/3941/3941 3940/3940/3940 3939/3939/3939
f 3941/3941/3941 3939/3939/3939 3942/3942/3942
f 3945/3945/3945 3944/3944/3944 3943/3943/3943
f 3944/3944/3944 3946/3946/3946 3943/3943/3943
f 3946/3946/3946 3948/3948/3948 3947/3947/3947
f 3948/3948/3948 3949/3949/3949 3947/3947/3947
f 3951/3951/3951 3950/3950/3950 3949/3949/3949
f 3949/3949/3949 3952/3952/3952 3951/3951/3951
f 3952/3952/3952 3953/3953/3953 3951/3951/3951
f 3956/3956/3956 3955/3955/3955 3954/3954/3954
f 3957/3957/3957 3954/3954/3954 3955/3955/3955
f 3960/3960/3960 3959/3959/3959 3958/3958/3958
f 3961/3961/3961 3958/3958/3958 3959/3959/3959
f 3964/3964/3964 3963/3963/3963 3962/3962/3962
f 3965/3965/3965 3962/3962/3962 3963/3963/3963
f 3968/3968/3968 3967/3967/3967 3966/3966/3966
f 3969/3969/3969 3966/3966/3966 3967/3967/3967
f 3972/3972/3972 3971/3971/3971 3970/3970/3970
f 3973/3973/3973 3970/3970/3970 3971/3971/3971
f 3976/3976/3976 3975/3975/3975 3974/3974/3974
f 3975/3975/3975 3977/3977/3977 3974/3974/3974
f 3977/3977/3977 3978/3978/3978 3974/3974/3974
f 3981/3981/3981 3980/3980/3980 3979/3979/3979
f 3982/3982/3982 3979/3979/3979 3980/3980/3980
f 3985/3985/3985 3984/3984/3984 3983/3983/3983
f 3986/3986/3986 3983/3983/3983 3984/3984/3984
f 3989/3989/3989 3988/3988/3988 3987/3987/3987
f 3990/3990/3990 3987/3987/3987 3988/3988/3988
f 3993/3993/3993 3992/3992/3992 3991/3991/3991
f 3994/3994/3994 3991/3991/3991 3992/3992/3992
f 3997/3997/3997 3996/3996/3996 3995/3995/3995
f 3998/3998/3998 3995/3995/3995 3996/3996/3996
f 4001/4001/4001 4000/4000/4000 3999/3999/3999
f 4002/4002/4002 3999/3999/3999 4000/4000/4000
f 4005/4005/4005 4004/4004/4004 4003/4003/4003
f 4006/4006/4006 4003/4003/4003 4004/4004/4004
f 4009/4009/4009 4008/4008/4008 4007/4007/4007
f 4010/4010/4010 4007/4007/4007 4008/4008/4008
f 4013/4013/4013 4012/4012/4012 4011/4011/4011
f 4014/4014/4014 4011/4011/4011 4012/4012/4012
f 4017/4017/4017 4016/4016/4016 4015/4015/4015
f 4018/4018/4018 4015/4015/4015 4016/4016/4016
f 4021/4021/4021 4020/4020/4020 4019/4019/4019
f 4020/4020/4020 4022/4022/4022 4019/4019/4019
f 4022/4022/4022 4023/4023/4023 4019/4019/4019
f 4026/4026/4026 4025/4025/4025 4024/4024/4024
f 4027/4027/4027 4024/4024/4024 4025/4025/4025
f 4030/4030/4030 4029/4029/4029 4028/4028/4028
f 4031/4031/4031 4028/4028/4028 4029/4029/4029
f 4034/4034/4034 4033/4033/4033 4032/4032/4032
f 4035/4035/4035 4032/4032/4032 4033/4033/4033
f 4038/4038/4038 4037/4037/4037 4036/4036/4036
f 4039/4039/4039 4036/4036/4036 4037/4037/4037
f 4042/4042/4042 4041/4041/4041 4040/4040/4040
f 4043/4043/4043 4040/4040/4040 4041/4041/4041
f 4046/4046/4046 4045/4045/4045 4044/4044/4044
f 4047/4047/4047 4044/4044/4044 4045/4045/4045
f 4050/4050/4050 4049/4049/4049 4048/4048/4048
f 4051/4051/4051 4048/4048/4048 4049/4049/4049
f 4054/4054/4054 4053/4053/4053 4052/4052/4052
f 4055/4055/4055 4052/4052/4052 4053/4053/4053
f 4053/4053/4053 4056/4056/4056 4055/4055/4055
f 4057/4057/4057 4055/4055/4055 4056/4056/4056
f 4057/4057/4057 4056/4056/4056 4058/4058/4058
f 4059/4059/4059 4058/4058/4058 4056/4056/4056
f 4058/4058/4058 4059/4059/4059 4060/4060/4060
f 4061/4061/4061 4060/4060/4060 4059/4059/4059
f 4064/4064/4064 4063/4063/4063 4062/4062/4062
f 4065/4065/4065 4062/4062/4062 4063/4063/4063
f 4068/4068/4068 4067/4067/4067 4066/4066/4066
f 4069/4069/4069 4066/4066/4066 4067/4067/4067
f 4072/4072/4072 4071/4071/4071 4070/4070/4070
f 4073/4073/4073 4070/4070/4070 4071/4071/4071
f 4070/4070/4070 4073/4073/4073 4074/4074/4074
f 4075/4075/4075 4074/4074/4074 4073/4073/4073
f 4075/4075/4075 4076/4076/4076 4074/4074/4074
f 4077/4077/4077 4074/4074/4074 4076/4076/4076
f 4076/4076/4076 4078/4078/4078 4077/4077/4077
f 4079/4079/4079 4077/4077/4077 4078/4078/4078
f 4082/4082/4082 4081/4081/4081 4080/4080/4080
f 4083/4083/4083 4080/4080/4080 4081/4081/4081
f 4080/4080/4080 4083/4083/4083 4084/4084/4084
f 4085/4085/4085 4084/4084/4084 4083/4083/4083
f 4084/4084/4084 4085/4085/4085 4086/4086/4086
f 4087/4087/4087 4086/4086/4086 4085/4085/4085
f 4086/4086/4086 4087/4087/4087 4088/4088/4088
f 4089/4089/4089 4088/4088/4088 4087/4087/4087
f 4089/4089/4089 4090/4090/4090 4088/4088/4088
f 4091/4091/4091 4088/4088/4088 4090/4090/4090
f 4090/4090/4090 4092/4092/4092 4091/4091/4091
f 4093/4093/4093 4091/4091/4091 4092/4092/4092
f 4092/4092/4092 4094/4094/4094 4093/4093/4093
f 4095/4095/4095 4093/4093/4093 4094/4094/4094
f 4094/4094/4094 4096/4096/4096 4095/4095/4095
f 4097/4097/4097 4095/4095/4095 4096/4096/4096
f 4100/4100/4100 4099/4099/4099 4098/4098/4098
f 4101/4101/4101 4098/4098/4098 4099/4099/4099
f 4098/4098/4098 4101/4101/4101 4102/4102/4102
f 4103/4103/4103 4102/4102/4102 4101/4101/4101
f 4102/4102/4102 4103/4103/4103 4104/4104/4104
f 4105/4105/4105 4104/4104/4104 4103/4103/4103
f 4104/4104/4104 4105/4105/4105 4106/4106/4106
f 4107/4107/4107 4106/4106/4106 4105/4105/4105
f 4107/4107/4107 4108/4108/4108 4106/4106/4106
f 4109/4109/4109 4106/4106/4106 4108/4108/4108
f 4108/4108/4108 4110/4110/4110 4109/4109/4109
f 4111/4111/4111 4109/4109/4109 4110/4110/4110
f 4110/4110/4110 4112/4112/4112 4111/4111/4111
f 4113/4113/4113 4111/4111/4111 4112/4112/4112
f 4112/4112/4112 4114/4114/4114 4113/4113/4113
f 4115/4115/4115 4113/4113/4113 4114/4114/4114
f 4118/4118/4118 4117/4117/4117 4116/4116/4116
f 4119/4119/4119 4116/4116/4116 4117/4117/4117
f 4122/4122/4122 4121/4121/4121 4120/4120/4120
f 4123/4123/4123 4120/4120/4120 4121/4121/4121
f 4126/4126/4126 4125/4125/4125 4124/4124/4124
f 4127/4127/4127 4124/4124/4124 4125/4125/4125
f 4130/4130/4130 4129/4129/4129 4128/4128/4128
f 4131/4131/4131 4128/4128/4128 4129/4129/4129
f 4134/4134/4134 4133/4133/4133 4132/4132/4132
f 4135/4135/4135 4132/4132/4132 4133/4133/4133
f 4138/4138/4138 4137/4137/4137 4136/4136/4136
f 4137/4137/4137 4139/4139/4139 4136/4136/4136
f 4139/4139/4139 4140/4140/4140 4136/4136/4136
f 4143/4143/4143 4142/4142/4142 4141/4141/4141
f 4144/4144/4144 4141/4141/4141 4142/4142/4142
f 4147/4147/4147 4146/4146/4146 4145/4145/4145
f 4148/4148/4148 4145/4145/4145 4146/4146/4146
f 4151/4151/4151 4150/4150/4150 4149/4149/4149
f 4152/4152/4152 4149/4149/4149 4150/4150/4150
f 4155/4155/4155 4154/4154/4154 4153/4153/4153
f 4156/4156/4156 4153/4153/4153 4154/4154/4154
f 4159/4159/4159 4158/4158/4158 4157/4157/4157
f 4160/4160/4160 4157/4157/4157 4158/4158/4158
f 4163/4163/4163 4162/4162/4162 4161/4161/4161
f 4164/4164/4164 4161/4161/4161 4162/4162/4162
f 4167/4167/4167 4166/4166/4166 4165/4165/4165
f 4168/4168/4168 4165/4165/4165 4166/4166/4166
f 4171/4171/4171 4170/4170/4170 4169/4169/4169
f 4172/4172/4172 4169/4169/4169 4170/4170/4170
f 4175/4175/4175 4174/4174/4174 4173/4173/4173
f 4176/4176/4176 4173/4173/4173 4174/4174/4174
f 4179/4179/4179 4178/4178/4178 4177/4177/4177
f 4178/4178/4178 4179/4179/4179 4180/4180/4180
f 4183/4183/4183 4182/4182/4182 4181/4181/4181
f 4183/4183/4183 4181/4181/4181 4184/4184/4184
f 4186/4186/4186 4184/4184/4184 4185/4185/4185
f 4186/4186/4186 4188/4188/4188 4187/4187/4187
f 4189/4189/4189 4187/4187/4187 4188/4188/4188
f 4190/4190/4190 4187/4187/4187 4189/4189/4189
f 4190/4190/4190 4189/4189/4189 4191/4191/4191
f 4194/4194/4194 4193/4193/4193 4192/4192/4192
f 4195/4195/4195 4192/4192/4192 4193/4193/4193
f 4198/4198/4198 4197/4197/4197 4196/4196/4196
f 4199/4199/4199 4196/4196/4196 4197/4197/4197
f 4202/4202/4202 4201/4201/4201 4200/4200/4200
f 4203/4203/4203 4200/4200/4200 4201/4201/4201
f 4206/4206/4206 4205/4205/4205 4204/4204/4204
f 4207/4207/4207 4204/4204/4204 4205/4205/4205
f 4210/4210/4210 4209/4209/4209 4208/4208/4208
f 4211/4211/4211 4208/4208/4208 4209/4209/4209
f 4214/4214/4214 4213/4213/4213 4212/4212/4212
f 4213/4213/4213 4215/4215/4215 4212/4212/4212
f 4215/4215/4215 4216/4216/4216 4212/4212/4212
f 4219/4219/4219 4218/4218/4218 4217/4217/4217
f 4220/4220/4220 4217/4217/4217 4218/4218/4218
f 4223/4223/4223 4222/4222/4222 4221/4221/4221
f 4224/4224/4224 4221/4221/4221 4222/4222/4222
f 4227/4227/4227 4226/4226/4226 4225/4225/4225
f 4228/4228/4228 4225/4225/4225 4226/4226/4226
f 4231/4231/4231 4230/4230/4230 4229/4229/4229
f 4232/4232/4232 4229/4229/4229 4230/4230/4230
f 4235/4235/4235 4234/4234/4234 4233/4233/4233
f 4236/4236/4236 4233/4233/4233 4234/4234/4234
f 4239/4239/4239 4238/4238/4238 4237/4237/4237
f 4240/4240/4240 4237/4237/4237 4238/4238/4238
f 4243/4243/4243 4242/4242/4242 4241/4241/4241
f 4244/4244/4244 4241/4241/4241 4242/4242/4242
f 4247/4247/4247 4246/4246/4246 4245/4245/4245
f 4248/4248/4248 4245/4245/4245 4246/4246/4246
f 4251/4251/4251 4250/4250/4250 4249/4249/4249
f 4252/4252/4252 4249/4249/4249 4250/4250/4250
f 4255/4255/4255 4254/4254/4254 4253/4253/4253
f 4256/4256/4256 4253/4253/4253 4254/4254/4254
f 4259/4259/4259 4258/4258/4258 4257/4257/4257
f 4258/4258/4258 4260/4260/4260 4257/4257/4257
f 4260/4260/4260 4261/4261/4261 4257/4257/4257
f 4264/4264/4264 4263/4263/4263 4262/4262/4262
f 4265/4265/4265 4262/4262/4262 4263/4263/4263
f 4268/4268/4268 4267/4267/4267 4266/4266/4266
f 4269/4269/4269 4266/4266/4266 4267/4267/4267
f 4272/4272/4272 4271/4271/4271 4270/4270/4270
f 4273/4273/4273 4270/4270/4270 4271/4271/4271
f 4276/4276/4276 4275/4275/4275 4274/4274/4274
f 4277/4277/4277 4274/4274/4274 4275/4275/4275
f 4280/4280/4280 4279/4279/4279 4278/4278/4278
f 4281/4281/4281 4278/4278/4278 4279/4279/4279
f 4284/4284/4284 4283/4283/4283 4282/4282/4282
f 4285/4285/4285 4282/4282/4282 4283/4283/4283
f 4288/4288/4288 4287/4287/4287 4286/4286/4286
f 4289/4289/4289 4286/4286/4286 4287/4287/4287
f 4292/4292/4292 4291/4291/4291 4290/4290/4290
f 4293/4293/4293 4290/4290/4290 4291/4291/4291
f 4296/4296/4296 4295/4295/4295 4294/4294/4294
f 4297/4297/4297 4294/4294/4294 4295/4295/4295
f 4300/4300/4300 4299/4299/4299 4298/4298/4298
f 4301/4301/4301 4298/4298/4298 4299/4299/4299
f 4304/4304/4304 4303/4303/4303 4302/4302/4302
f 4305/4305/4305 4302/4302/4302 4303/4303/4303
f 4308/4308/4308 4307/4307/4307 4306/4306/4306
f 4309/4309/4309 4306/4306/4306 4307/4307/4307
f 4312/4312/4312 4311/4311/4311 4310/4310/4310
f 4313/4313/4313 4310/4310/4310 4311/4311/4311
f 4316/4316/4316 4315/4315/4315 4314/4314/4314
f 4317/4317/4317 4314/4314/4314 4315/4315/4315
f 4320/4320/4320 4319/4319/4319 4318/4318/4318
f 4321/4321/4321 4318/4318/4318 4319/4319/4319
f 4321/4321/4321 4319/4319/4319 4322/4322/4322
f 4323/4323/4323 4322/4322/4322 4319/4319/4319
f 4326/4326/4326 4325/4325/4325 4324/4324/4324
f 4327/4327/4327 4324/4324/4324 4325/4325/4325
f 4330/4330/4330 4329/4329/4329 4328/4328/4328
f 4329/4329/4329 4331/4331/4331 4328/4328/4328
f 4331/4331/4331 4332/4332/4332 4328/4328/4328
f 4332/4332/4332 4331/4331/4331 4333/4333/4333
f 4331/4331/4331 4334/4334/4334 4333/4333/4333
f 4334/4334/4334 4335/4335/4335 4333/4333/4333
f 4338/4338/4338 4337/4337/4337 4336/4336/4336
f 4339/4339/4339 4336/4336/4336 4337/4337/4337
f 4336/4336/4336 4339/4339/4339 4340/4340/4340
f 4341/4341/4341 4340/4340/4340 4339/4339/4339
f 4339/4339/4339 4342/4342/4342 4341/4341/4341
f 4343/4343/4343 4341/4341/4341 4342/4342/4342
f 4346/4346/4346 4345/4345/4345 4344/4344/4344
f 4347/4347/4347 4344/4344/4344 4345/4345/4345
f 4347/4347/4347 4348/4348/4348 4344/4344/4344
f 4349/4349/4349 4344/4344/4344 4348/4348/4348
f 4352/4352/4352 4351/4351/4351 4350/4350/4350
f 4353/4353/4353 4350/4350/4350 4351/4351/4351
f 4353/4353/4353 4351/4351/4351 4354/4354/4354
f 4355/4355/4355 4354/4354/4354 4351/4351/4351
f 4358/4358/4358 4357/4357/4357 4356/4356/4356
f 4359/4359/4359 4356/4356/4356 4357/4357/4357
f 4359/4359/4359 4357/4357/4357 4360/4360/4360
f 4361/4361/4361 4360/4360/4360 4357/4357/4357
f 4359/4359/4359 4362/4362/4362 4356/4356/4356
f 4359/4359/4359 4360/4360/4360 4362/4362/4362
f 4363/4363/4363 4356/4356/4356 4362/4362/4362
f 4364/4364/4364 4362/4362/4362 4360/4360/4360
f 4367/4367/4367 4366/4366/4366 4365/4365/4365
f 4368/4368/4368 4365/4365/4365 4366/4366/4366
f 4368/4368/4368 4366/4366/4366 4369/4369/4369
f 4370/4370/4370 4369/4369/4369 4366/4366/4366
f 4373/4373/4373 4372/4372/4372 4371/4371/4371
f 4374/4374/4374 4371/4371/4371 4372/4372/4372
f 4374/4374/4374 4375/4375/4375 4371/4371/4371
f 4376/4376/4376 4371/4371/4371 4375/4375/4375
f 4379/4379/4379 4378/4378/4378 4377/4377/4377
f 4380/4380/4380 4377/4377/4377 4378/4378/4378
f 4383/4383/4383 4382/4382/4382 4381/4381/4381
f 4384/4384/4384 4381/4381/4381 4382/4382/4382
f 4382/4382/4382 4385/4385/4385 4384/4384/4384
f 4386/4386/4386 4384/4384/4384 4385/4385/4385
f 4384/4384/4384 4386/4386/4386 4387/4387/4387
f 4388/4388/4388 4387/4387/4387 4386/4386/4386
f 4391/4391/4391 4390/4390/4390 4389/4389/4389
f 4390/4390/4390 4392/4392/4392 4389/4389/4389
f 4392/4392/4392 4393/4393/4393 4389/4389/4389
f 4394/4394/4394 4393/4393/4393 4392/4392/4392
f 4397/4397/4397 4396/4396/4396 4395/4395/4395
f 4398/4398/4398 4395/4395/4395 4396/4396/4396
f 4401/4401/4401 4400/4400/4400 4399/4399/4399
f 4402/4402/4402 4399/4399/4399 4400/4400/4400
f 4405/4405/4405 4404/4404/4404 4403/4403/4403
f 4406/4406/4406 4403/4403/4403 4404/4404/4404
f 4409/4409/4409 4408/4408/4408 4407/4407/4407
f 4410/4410/4410 4407/4407/4407 4408/4408/4408
f 4413/4413/4413 4412/4412/4412 4411/4411/4411
f 4414/4414/4414 4411/4411/4411 4412/4412/4412
f 4417/4417/4417 4416/4416/4416 4415/4415/4415
f 4418/4418/4418 4415/4415/4415 4416/4416/4416
f 4421/4421/4421 4420/4420/4420 4419/4419/4419
f 4422/4422/4422 4419/4419/4419 4420/4420/4420
f 4425/4425/4425 4424/4424/4424 4423/4423/4423
f 4426/4426/4426 4423/4423/4423 4424/4424/4424
f 4429/4429/4429 4428/4428/4428 4427/4427/4427
f 4428/4428/4428 4430/4430/4430 4427/4427/4427
f 4431/4431/4431 4430/4430/4430 4428/4428/4428
f 4430/4430/4430 4432/4432/4432 4427/4427/4427
f 4432/4432/4432 4433/4433/4433 4427/4427/4427
f 4434/4434/4434 4432/4432/4432 4430/4430/4430
f 4437/4437/4437 4436/4436/4436 4435/4435/4435
f 4438/4438/4438 4435/4435/4435 4436/4436/4436
f 4441/4441/4441 4440/4440/4440 4439/4439/4439
f 4442/4442/4442 4439/4439/4439 4440/4440/4440
f 4445/4445/4445 4444/4444/4444 4443/4443/4443
f 4446/4446/4446 4443/4443/4443 4444/4444/4444
f 4449/4449/4449 4448/4448/4448 4447/4447/4447
f 4450/4450/4450 4447/4447/4447 4448/4448/4448
f 4453/4453/4453 4452/4452/4452 4451/4451/4451
f 4454/4454/4454 4451/4451/4451 4452/4452/4452
f 4457/4457/4457 4456/4456/4456 4455/4455/4455
f 4458/4458/4458 4455/4455/4455 4456/4456/4456
f 4461/4461/4461 4460/4460/4460 4459/4459/4459
f 4462/4462/4462 4459/4459/4459 4460/4460/4460
f 4465/4465/4465 4464/4464/4464 4463/4463/4463
f 4466/4466/4466 4463/4463/4463 4464/4464/4464
f 4469/4469/4469 4468/4468/4468 4467/4467/4467
f 4470/4470/4470 4467/4467/4467 4468/4468/4468
f 4473/4473/4473 4472/4472/4472 4471/4471/4471
f 4474/4474/4474 4471/4471/4471 4472/4472/4472
f 4477/4477/4477 4476/4476/4476 4475/4475/4475
f 4478/4478/4478 4475/4475/4475 4476/4476/4476
f 4481/4481/4481 4480/4480/4480 4479/4479/4479
f 4482/4482/4482 4479/4479/4479 4480/4480/4480
f 4485/4485/4485 4484/4484/4484 4483/4483/4483
f 4486/4486/4486 4483/4483/4483 4484/4484/4484
f 4489/4489/4489 4488/4488/4488 4487/4487/4487
f 4490/4490/4490 4487/4487/4487 4488/4488/4488
f 4493/4493/4493 4492/4492/4492 4491/4491/4491
f 4494/4494/4494 4491/4491/4491 4492/4492/4492
f 4497/4497/4497 4496/4496/4496 4495/4495/4495
f 4498/4498/4498 4495/4495/4495 4496/4496/4496
f 4501/4501/4501 4500/4500/4500 4499/4499/4499
f 4499/4499/4499 4500/4500/4500 4502/4502/4502
f 4500/4500/4500 4503/4503/4503 4502/4502/4502
f 4503/4503/4503 4504/4504/4504 4502/4502/4502
f 4507/4507/4507 4506/4506/4506 4505/4505/4505
f 4508/4508/4508 4505/4505/4505 4506/4506/4506
f 4511/4511/4511 4510/4510/4510 4509/4509/4509
f 4512/4512/4512 4509/4509/4509 4510/4510/4510
f 4515/4515/4515 4514/4514/4514 4513/4513/4513
f 4516/4516/4516 4513/4513/4513 4514/4514/4514
f 4519/4519/4519 4518/4518/4518 4517/4517/4517
f 4520/4520/4520 4517/4517/4517 4518/4518/4518
f 4523/4523/4523 4522/4522/4522 4521/4521/4521
f 4524/4524/4524 4521/4521/4521 4522/4522/4522
f 4527/4527/4527 4526/4526/4526 4525/4525/4525
f 4528/4528/4528 4525/4525/4525 4526/4526/4526
f 4531/4531/4531 4530/4530/4530 4529/4529/4529
f 4532/4532/4532 4529/4529/4529 4530/4530/4530
f 4535/4535/4535 4534/4534/4534 4533/4533/4533
f 4536/4536/4536 4533/4533/4533 4534/4534/4534
f 4539/4539/4539 4538/4538/4538 4537/4537/4537
f 4538/4538/4538 4540/4540/4540 4537/4537/4537
f 4541/4541/4541 4540/4540/4540 4538/4538/4538
f 4540/4540/4540 4542/4542/4542 4537/4537/4537
f 4542/4542/4542 4543/4543/4543 4537/4537/4537
f 4544/4544/4544 4542/4542/4542 4540/4540/4540
f 4547/4547/4547 4546/4546/4546 4545/4545/4545
f 4548/4548/4548 4545/4545/4545 4546/4546/4546
f 4551/4551/4551 4550/4550/4550 4549/4549/4549
f 4552/4552/4552 4549/4549/4549 4550/4550/4550
f 4555/4555/4555 4554/4554/4554 4553/4553/4553
f 4556/4556/4556 4553/4553/4553 4554/4554/4554
f 4559/4559/4559 4558/4558/4558 4557/4557/4557
f 4560/4560/4560 4557/4557/4557 4558/4558/4558
f 4563/4563/4563 4562/4562/4562 4561/4561/4561
f 4564/4564/4564 4561/4561/4561 4562/4562/4562
f 4567/4567/4567 4566/4566/4566 4565/4565/4565
f 4568/4568/4568 4565/4565/4565 4566/4566/4566
f 4571/4571/4571 4570/4570/4570 4569/4569/4569
f 4572/4572/4572 4569/4569/4569 4570/4570/4570
f 4575/4575/4575 4574/4574/4574 4573/4573/4573
f 4576/4576/4576 4573/4573/4573 4574/4574/4574
f 4579/4579/4579 4578/4578/4578 4577/4577/4577
f 4580/4580/4580 4577/4577/4577 4578/4578/4578
f 4583/4583/4583 4582/4582/4582 4581/4581/4581
f 4584/4584/4584 4581/4581/4581 4582/4582/4582
f 4587/4587/4587 4586/4586/4586 4585/4585/4585
f 4588/4588/4588 4585/4585/4585 4586/4586/4586
f 4591/4591/4591 4590/4590/4590 4589/4589/4589
f 4592/4592/4592 4589/4589/4589 4590/4590/4590
f 4595/4595/4595 4594/4594/4594 4593/4593/4593
f 4596/4596/4596 4593/4593/4593 4594/4594/4594
f 4599/4599/4599 4598/4598/4598 4597/4597/4597
f 4600/4600/4600 4597/4597/4597 4598/4598/4598
f 4603/4603/4603 4602/4602/4602 4601/4601/4601
f 4604/4604/4604 4601/4601/4601 4602/4602/4602
f 4601/4601/4601 4604/4604/4604 4605/4605/4605
f 4608/4608/4608 4607/4607/4607 4606/4606/4606
f 4609/4609/4609 4606/4606/4606 4607/4607/4607
f 4612/4612/4612 4611/4611/4611 4610/4610/4610
f 4613/4613/4613 4610/4610/4610 4611/4611/4611
f 4616/4616/4616 4615/4615/4615 4614/4614/4614
f 4614/4614/4614 4617/4617/4617 4616/4616/4616
f 4620/4620/4620 4619/4619/4619 4618/4618/4618
f 4621/4621/4621 4618/4618/4618 4619/4619/4619
f 4624/4624/4624 4623/4623/4623 4622/4622/4622
f 4625/4625/4625 4622/4622/4622 4623/4623/4623
f 4628/4628/4628 4627/4627/4627 4626/4626/4626
f 4629/4629/4629 4626/4626/4626 4627/4627/4627
f 4632/4632/4632 4631/4631/4631 4630/4630/4630
f 4633/4633/4633 4630/4630/4630 4631/4631/4631
f 4636/4636/4636 4635/4635/4635 4634/4634/4634
f 4637/4637/4637 4634/4634/4634 4635/4635/4635
f 4640/4640/4640 4639/4639/4639 4638/4638/4638
f 4641/4641/4641 4638/4638/4638 4639/4639/4639
f 4644/4644/4644 4643/4643/4643 4642/4642/4642
f 4645/4645/4645 4642/4642/4642 4643/4643/4643
f 4648/4648/4648 4647/4647/4647 4646/4646/4646
f 4649/4649/4649 4646/4646/4646 4647/4647/4647
f 4652/4652/4652 4651/4651/4651 4650/4650/4650
f 4653/4653/4653 4650/4650/4650 4651/4651/4651
f 4656/4656/4656 4655/4655/4655 4654/4654/4654
f 4657/4657/4657 4654/4654/4654 4655/4655/4655
f 4660/4660/4660 4659/4659/4659 4658/4658/4658
f 4658/4658/4658 4661/4661/4661 4660/4660/4660
f 4664/4664/4664 4663/4663/4663 4662/4662/4662
f 4665/4665/4665 4662/4662/4662 4663/4663/4663
f 4668/4668/4668 4667/4667/4667 4666/4666/4666
f 4669/4669/4669 4666/4666/4666 4667/4667/4667
f 4672/4672/4672 4671/4671/4671 4670/4670/4670
f 4673/4673/4673 4670/4670/4670 4671/4671/4671
f 4676/4676/4676 4675/4675/4675 4674/4674/4674
f 4677/4677/4677 4674/4674/4674 4675/4675/4675
f 4680/4680/4680 4679/4679/4679 4678/4678/4678
f 4681/4681/4681 4678/4678/4678 4679/4679/4679
f 4684/4684/4684 4683/4683/4683 4682/4682/4682
f 4685/4685/4685 4682/4682/4682 4683/4683/4683
f 4688/4688/4688 4687/4687/4687 4686/4686/4686
f 4689/4689/4689 4686/4686/4686 4687/4687/4687
f 4692/4692/4692 4691/4691/4691 4690/4690/4690
f 4693/4693/4693 4690/4690/4690 4691/4691/4691
f 4696/4696/4696 4695/4695/4695 4694/4694/4694
f 4697/4697/4697 4694/4694/4694 4695/4695/4695
f 4700/4700/4700 4699/4699/4699 4698/4698/4698
f 4701/4701/4701 4698/4698/4698 4699/4699/4699
f 4704/4704/4704 4703/4703/4703 4702/4702/4702
f 4705/4705/4705 4702/4702/4702 4703/4703/4703
f 4708/4708/4708 4707/4707/4707 4706/4706/4706
f 4709/4709/4709 4706/4706/4706 4707/4707/4707
f 4706/4706/4706 4709/4709/4709 4710/4710/4710
f 4711/4711/4711 4710/4710/4710 4709/4709/4709
f 4714/4714/4714 4713/4713/4713 4712/4712/4712
f 4715/4715/4715 4712/4712/4712 4713/4713/4713
f 4718/4718/4718 4717/4717/4717 4716/4716/4716
f 4719/4719/4719 4716/4716/4716 4717/4717/4717
f 4719/4719/4719 4717/4717/4717 4720/4720/4720
f 4721/4721/4721 4720/4720/4720 4717/4717/4717
f 4724/4724/4724 4723/4723/4723 4722/4722/4722
f 4725/4725/4725 4722/4722/4722 4723/4723/4723
f 4728/4728/4728 4727/4727/4727 4726/4726/4726
f 4729/4729/4729 4726/4726/4726 4727/4727/4727
f 4732/4732/4732 4731/4731/4731 4730/4730/4730
f 4733/4733/4733 4730/4730/4730 4731/4731/4731
f 4736/4736/4736 4735/4735/4735 4734/4734/4734
f 4737/4737/4737 4734/4734/4734 4735/4735/4735
f 4734/4734/4734 4737/4737/4737 4738/4738/4738
f 4739/4739/4739 4738/4738/4738 4737/4737/4737
f 4742/4742/4742 4741/4741/4741 4740/4740/4740
f 4743/4743/4743 4740/4740/4740 4741/4741/4741
f 4743/4743/4743 4744/4744/4744 4740/4740/4740
f 4745/4745/4745 4740/4740/4740 4744/4744/4744
f 4748/4748/4748 4747/4747/4747 4746/4746/4746
f 4749/4749/4749 4746/4746/4746 4747/4747/4747
f 4752/4752/4752 4751/4751/4751 4750/4750/4750
f 4753/4753/4753 4750/4750/4750 4751/4751/4751
f 4753/4753/4753 4754/4754/4754 4750/4750/4750
f 4755/4755/4755 4750/4750/4750 4754/4754/4754
f 4758/4758/4758 4757/4757/4757 4756/4756/4756
f 4759/4759/4759 4756/4756/4756 4757/4757/4757
f 4762/4762/4762 4761/4761/4761 4760/4760/4760
f 4763/4763/4763 4760/4760/4760 4761/4761/4761
f 4763/4763/4763 4764/4764/4764 4760/4760/4760
f 4765/4765/4765 4760/4760/4760 4764/4764/4764
f 4768/4768/4768 4767/4767/4767 4766/4766/4766
f 4769/4769/4769 4766/4766/4766 4767/4767/4767
f 4769/4769/4769 4770/4770/4770 4766/4766/4766
f 4771/4771/4771 4766/4766/4766 4770/4770/4770
f 4774/4774/4774 4773/4773/4773 4772/4772/4772
f 4775/4775/4775 4772/4772/4772 4773/4773/4773
f 4778/4778/4778 4777/4777/4777 4776/4776/4776
f 4779/4779/4779 4776/4776/4776 4777/4777/4777
f 4776/4776/4776 4779/4779/4779 4780/4780/4780
f 4781/4781/4781 4780/4780/4780 4779/4779/4779
f 4784/4784/4784 4783/4783/4783 4782/4782/4782
f 4785/4785/4785 4782/4782/4782 4783/4783/4783
f 4788/4788/4788 4787/4787/4787 4786/4786/4786
f 4789/4789/4789 4786/4786/4786 4787/4787/4787
f 4786/4786/4786 4789/4789/4789 4790/4790/4790
f 4791/4791/4791 4790/4790/4790 4789/4789/4789
f 4794/4794/4794 4793/4793/4793 4792/4792/4792
f 4795/4795/4795 4792/4792/4792 4793/4793/4793
f 4798/4798/4798 4797/4797/4797 4796/4796/4796
f 4799/4799/4799 4796/4796/4796 4797/4797/4797
f 4802/4802/4802 4801/4801/4801 4800/4800/4800
f 4803/4803/4803 4800/4800/4800 4801/4801/4801
f 4806/4806/4806 4805/4805/4805 4804/4804/4804
f 4807/4807/4807 4804/4804/4804 4805/4805/4805
f 4810/4810/4810 4809/4809/4809 4808/4808/4808
f 4811/4811/4811 4808/4808/4808 4809/4809/4809
f 4814/4814/4814 4813/4813/4813 4812/4812/4812
f 4815/4815/4815 4812/4812/4812 4813/4813/4813
f 4818/4818/4818 4817/4817/4817 4816/4816/4816
f 4819/4819/4819 4816/4816/4816 4817/4817/4817
f 4822/4822/4822 4821/4821/4821 4820/4820/4820
f 4823/4823/4823 4820/4820/4820 4821/4821/4821
f 4826/4826/4826 4825/4825/4825 4824/4824/4824
f 4827/4827/4827 4824/4824/4824 4825/4825/4825
f 4830/4830/4830 4829/4829/4829 4828/4828/4828
f 4831/4831/4831 4828/4828/4828 4829/4829/4829
f 4834/4834/4834 4833/4833/4833 4832/4832/4832
f 4835/4835/4835 4832/4832/4832 4833/4833/4833
f 4838/4838/4838 4837/4837/4837 4836/4836/4836
f 4839/4839/4839 4836/4836/4836 4837/4837/4837
f 4842/4842/4842 4841/4841/4841 4840/4840/4840
f 4843/4843/4843 4840/4840/4840 4841/4841/4841
f 4846/4846/4846 4845/4845/4845 4844/4844/4844
f 4847/4847/4847 4844/4844/4844 4845/4845/4845
f 4850/4850/4850 4849/4849/4849 4848/4848/4848
f 4851/4851/4851 4848/4848/4848 4849/4849/4849
f 4854/4854/4854 4853/4853/4853 4852/4852/4852
f 4855/4855/4855 4852/4852/4852 4853/4853/4853
f 4858/4858/4858 4857/4857/4857 4856/4856/4856
f 4859/4859/4859 4856/4856/4856 4857/4857/4857
f 4862/4862/4862 4861/4861/4861 4860/4860/4860
f 4863/4863/4863 4860/4860/4860 4861/4861/4861
f 4866/4866/4866 4865/4865/4865 4864/4864/4864
f 4867/4867/4867 4864/4864/4864 4865/4865/4865
f 4870/4870/4870 4869/4869/4869 4868/4868/4868
f 4871/4871/4871 4868/4868/4868 4869/4869/4869
f 4874/4874/4874 4873/4873/4873 4872/4872/4872
f 4875/4875/4875 4872/4872/4872 4873/4873/4873
f 4878/4878/4878 4877/4877/4877 4876/4876/4876
f 4879/4879/4879 4876/4876/4876 4877/4877/4877
f 4882/4882/4882 4881/4881/4881 4880/4880/4880
f 4883/4883/4883 4880/4880/4880 4881/4881/4881
f 4886/4886/4886 4885/4885/4885 4884/4884/4884
f 4887/4887/4887 4884/4884/4884 4885/4885/4885
f 4890/4890/4890 4889/4889/4889 4888/4888/4888
f 4891/4891/4891 4888/4888/4888 4889/4889/4889
f 4894/4894/4894 4893/4893/4893 4892/4892/4892
f 4895/4895/4895 4892/4892/4892 4893/4893/4893
f 4898/4898/4898 4897/4897/4897 4896/4896/4896
f 4899/4899/4899 4896/4896/4896 4897/4897/4897
f 4902/4902/4902 4901/4901/4901 4900/4900/4900
f 4903/4903/4903 4900/4900/4900 4901/4901/4901
f 4906/4906/4906 4905/4905/4905 4904/4904/4904
f 4907/4907/4907 4904/4904/4904 4905/4905/4905
f 4910/4910/4910 4909/4909/4909 4908/4908/4908
f 4911/4911/4911 4908/4908/4908 4909/4909/4909
f 4914/4914/4914 4913/4913/4913 4912/4912/4912
f 4915/4915/4915 4912/4912/4912 4913/4913/4913
f 4918/4918/4918 4917/4917/4917 4916/4916/4916
f 4919/4919/4919 4916/4916/4916 4917/4917/4917
f 4922/4922/4922 4921/4921/4921 4920/4920/4920
f 4923/4923/4923 4920/4920/4920 4921/4921/4921
f 4926/4926/4926 4925/4925/4925 4924/4924/4924
f 4927/4927/4927 4924/4924/4924 4925/4925/4925
f 4930/4930/4930 4929/4929/4929 4928/4928/4928
f 4931/4931/4931 4928/4928/4928 4929/4929/4929
f 4934/4934/4934 4933/4933/4933 4932/4932/4932
f 4935/4935/4935 4932/4932/4932 4933/4933/4933
f 4938/4938/4938 4937/4937/4937 4936/4936/4936
f 4939/4939/4939 4936/4936/4936 4937/4937/4937
f 4942/4942/4942 4941/4941/4941 4940/4940/4940
f 4943/4943/4943 4940/4940/4940 4941/4941/4941
f 4946/4946/4946 4945/4945/4945 4944/4944/4944
f 4947/4947/4947 4944/4944/4944 4945/4945/4945
f 4950/4950/4950 4949/4949/4949 4948/4948/4948
f 4951/4951/4951 4948/4948/4948 4949/4949/4949
f 4954/4954/4954 4953/4953/4953 4952/4952/4952
f 4955/4955/4955 4952/4952/4952 4953/4953/4953
f 4958/4958/4958 4957/4957/4957 4956/4956/4956
f 4959/4959/4959 4956/4956/4956 4957/4957/4957
f 4962/4962/4962 4961/4961/4961 4960/4960/4960
f 4963/4963/4963 4960/4960/4960 4961/4961/4961
f 4966/4966/4966 4965/4965/4965 4964/4964/4964
f 4967/4967/4967 4964/4964/4964 4965/4965/4965
f 4970/4970/4970 4969/4969/4969 4968/4968/4968
f 4971/4971/4971 4968/4968/4968 4969/4969/4969
f 4974/4974/4974 4973/4973/4973 4972/4972/4972
f 4975/4975/4975 4972/4972/4972 4973/4973/4973
f 4978/4978/4978 4977/4977/4977 4976/4976/4976
f 4979/4979/4979 4976/4976/4976 4977/4977/4977
f 4982/4982/4982 4981/4981/4981 4980/4980/4980
f 4983/4983/4983 4980/4980/4980 4981/4981/4981
f 4986/4986/4986 4985/4985/4985 4984/4984/4984
f 4987/4987/4987 4984/4984/4984 4985/4985/4985
f 4990/4990/4990 4989/4989/4989 4988/4988/4988
f 4991/4991/4991 4988/4988/4988 4989/4989/4989
f 4994/4994/4994 4993/4993/4993 4992/4992/4992
f 4995/4995/4995 4992/4992/4992 4993/4993/4993
f 4998/4998/4998 4997/4997/4997 4996/4996/4996
f 4999/4999/4999 4996/4996/4996 4997/4997/4997
f 5002/5002/5002 5001/5001/5001 5000/5000/5000
f 5003/5003/5003 5000/5000/5000 5001/5001/5001
f 5006/5006/5006 5005/5005/5005 5004/5004/5004
f 5007/5007/5007 5004/5004/5004 5005/5005/5005
f 5010/5010/5010 5009/5009/5009 5008/5008/5008
f 5011/5011/5011 5008/5008/5008 5009/5009/5009
f 5014/5014/5014 5013/5013/5013 5012/5012/5012
f 5015/5015/5015 5012/5012/5012 5013/5013/5013
f 5018/5018/5018 5017/5017/5017 5016/5016/5016
f 5019/5019/5019 5016/5016/5016 5017/5017/5017
f 5022/5022/5022 5021/5021/5021 5020/5020/5020
f 5023/5023/5023 5020/5020/5020 5021/5021/5021
f 5026/5026/5026 5025/5025/5025 5024/5024/5024
f 5027/5027/5027 5024/5024/5024 5025/5025/5025
f 5030/5030/5030 5029/5029/5029 5028/5028/5028
f 5031/5031/5031 5028/5028/5028 5029/5029/5029
f 5034/5034/5034 5033/5033/5033 5032/5032/5032
f 5035/5035/5035 5032/5032/5032 5033/5033/5033
f 5038/5038/5038 5037/5037/5037 5036/5036/5036
f 5039/5039/5039 5036/5036/5036 5037/5037/5037
f 5042/5042/5042 5041/5041/5041 5040/5040/5040
f 5043/5043/5043 5040/5040/5040 5041/5041/5041
f 5046/5046/5046 5045/5045/5045 5044/5044/5044
f 5047/5047/5047 5044/5044/5044 5045/5045/5045
f 5050/5050/5050 5049/5049/5049 5048/5048/5048
f 5051/5051/5051 5048/5048/5048 5049/5049/5049
f 5054/5054/5054 5053/5053/5053 5052/5052/5052
f 5055/5055/5055 5052/5052/5052 5053/5053/5053
f 5058/5058/5058 5057/5057/5057 5056/5056/5056
f 5059/5059/5059 5056/5056/5056 5057/5057/5057
f 5062/5062/5062 5061/5061/5061 5060/5060/5060
f 5063/5063/5063 5060/5060/5060 5061/5061/5061
f 5066/5066/5066 5065/5065/5065 5064/5064/5064
f 5067/5067/5067 5064/5064/5064 5065/5065/5065
f 5070/5070/5070 5069/5069/5069 5068/5068/5068
f 5071/5071/5071 5068/5068/5068 5069/5069/5069
f 5074/5074/5074 5073/5073/5073 5072/5072/5072
f 5075/5075/5075 5072/5072/5072 5073/5073/5073
f 5078/5078/5078 5077/5077/5077 5076/5076/5076
f 5079/5079/5079 5076/5076/5076 5077/5077/5077
f 5082/5082/5082 5081/5081/5081 5080/5080/5080
f 5083/5083/5083 5080/5080/5080 5081/5081/5081
f 5086/5086/5086 5085/5085/5085 5084/5084/5084
f 5087/5087/5087 5084/5084/5084 5085/5085/5085
f 5090/5090/5090 5089/5089/5089 5088/5088/5088
f 5091/5091/5091 5088/5088/5088 5089/5089/5089
f 5094/5094/5094 5093/5093/5093 5092/5092/5092
f 5095/5095/5095 5092/5092/5092 5093/5093/5093
f 5098/5098/5098 5097/5097/5097 5096/5096/5096
f 5099/5099/5099 5096/5096/5096 5097/5097/5097
f 5102/5102/5102 5101/5101/5101 5100/5100/5100
f 5103/5103/5103 5100/5100/5100 5101/5101/5101
f 5106/5106/5106 5105/5105/5105 5104/5104/5104
f 5107/5107/5107 5104/5104/5104 5105/5105/5105
f 5110/5110/5110 5109/5109/5109 5108/5108/5108
f 5111/5111/5111 5108/5108/5108 5109/5109/5109
f 5114/5114/5114 5113/5113/5113 5112/5112/5112
f 5115/5115/5115 5112/5112/5112 5113/5113/5113
f 5118/5118/5118 5117/5117/5117 5116/5116/5116
f 5119/5119/5119 5116/5116/5116 5117/5117/5117
f 5122/5122/5122 5121/5121/5121 5120/5120/5120
f 5123/5123/5123 5120/5120/5120 5121/5121/5121
f 5126/5126/5126 5125/5125/5125 5124/5124/5124
f 5127/5127/5127 5124/5124/5124 5125/5125/5125
f 5130/5130/5130 5129/5129/5129 5128/5128/5128
f 5131/5131/5131 5128/5128/5128 5129/5129/5129
f 5134/5134/5134 5133/5133/5133 5132/5132/5132
f 5135/5135/5135 5132/5132/5132 5133/5133/5133
f 5138/5138/5138 5137/5137/5137 5136/5136/5136
f 5139/5139/5139 5136/5136/5136 5137/5137/5137
f 5142/5142/5142 5141/5141/5141 5140/5140/5140
f 5143/5143/5143 5140/5140/5140 5141/5141/5141
f 5146/5146/5146 5145/5145/5145 5144/5144/5144
f 5147/5147/5147 5144/5144/5144 5145/5145/5145
f 5150/5150/5150 5149/5149/5149 5148/5148/5148
f 5151/5151/5151 5148/5148/5148 5149/5149/5149
f 5154/5154/5154 5153/5153/5153 5152/5152/5152
f 5155/5155/5155 5152/5152/5152 5153/5153/5153
f 5158/5158/5158 5157/5157/5157 5156/5156/5156
f 5159/5159/5159 5156/5156/5156 5157/5157/5157
f 5162/5162/5162 5161/5161/5161 5160/5160/5160
f 5163/5163/5163 5160/5160/5160 5161/5161/5161
f 5166/5166/5166 5165/5165/5165 5164/5164/5164
f 5167/5167/5167 5164/5164/5164 5165/5165/5165
f 5170/5170/5170 5169/5169/5169 5168/5168/5168
f 5171/5171/5171 5168/5168/5168 5169/5169/5169
f 5174/5174/5174 5173/5173/5173 5172/5172/5172
f 5175/5175/5175 5172/5172/5172 5173/5173/5173
f 5178/5178/5178 5177/5177/5177 5176/5176/5176
f 5179/5179/5179 5176/5176/5176 5177/5177/5177
f 5182/5182/5182 5181/5181/5181 5180/5180/5180
f 5183/5183/5183 5180/5180/5180 5181/5181/5181
f 5186/5186/5186 5185/5185/5185 5184/5184/5184
f 5187/5187/5187 5184/5184/5184 5185/5185/5185
f 5190/5190/5190 5189/5189/5189 5188/5188/5188
f 5191/5191/5191 5188/5188/5188 5189/5189/5189
f 5194/5194/5194 5193/5193/5193 5192/5192/5192
f 5195/5195/5195 5192/5192/5192 5193/5193/5193
f 5198/5198/5198 5197/5197/5197 5196/5196/5196
f 5199/5199/5199 5196/5196/5196 5197/5197/5197
f 5202/5202/5202 5201/5201/5201 5200/5200/5200
f 5203/5203/5203 5200/5200/5200 5201/5201/5201
f 5206/5206/5206 5205/5205/5205 5204/5204/5204
f 5207/5207/5207 5204/5204/5204 5205/5205/5205
f 5210/5210/5210 5209/5209/5209 5208/5208/5208
f 5211/5211/5211 5208/5208/5208 5209/5209/5209
f 5214/5214/5214 5213/5213/5213 5212/5212/5212
f 5215/5215/5215 5212/5212/5212 5213/5213/5213
f 5218/5218/5218 5217/5217/5217 5216/5216/5216
f 5219/5219/5219 5216/5216/5216 5217/5217/5217
f 5222/5222/5222 5221/5221/5221 5220/5220/5220
f 5223/5223/5223 5220/5220/5220 5221/5221/5221
f 5226/5226/5226 5225/5225/5225 5224/5224/5224
f 5227/5227/5227 5224/5224/5224 5225/5225/5225
f 5230/5230/5230 5229/5229/5229 5228/5228/5228
f 5231/5231/5231 5228/5228/5228 5229/5229/5229
f 5234/5234/5234 5233/5233/5233 5232/5232/5232
f 5235/5235/5235 5232/5232/5232 5233/5233/5233
f 5238/5238/5238 5237/5237/5237 5236/5236/5236
f 5239/5239/5239 5236/5236/5236 5237/5237/5237
f 5242/5242/5242 5241/5241/5241 5240/5240/5240
f 5243/5243/5243 5240/5240/5240 5241/5241/5241
f 5246/5246/5246 5245/5245/5245 5244/5244/5244
f 5247/5247/5247 5244/5244/5244 5245/5245/5245
f 5250/5250/5250 5249/5249/5249 5248/5248/5248
f 5251/5251/5251 5248/5248/5248 5249/5249/5249
f 5254/5254/5254 5253/5253/5253 5252/5252/5252
f 5255/5255/5255 5252/5252/5252 5253/5253/5253
f 5258/5258/5258 5257/5257/5257 5256/5256/5256
f 5259/5259/5259 5256/5256/5256 5257/5257/5257
f 5262/5262/5262 5261/5261/5261 5260/5260/5260
f 5263/5263/5263 5260/5260/5260 5261/5261/5261
f 5266/5266/5266 5265/5265/5265 5264/5264/5264
f 5267/5267/5267 5264/5264/5264 5265/5265/5265
f 5270/5270/5270 5269/5269/5269 5268/5268/5268
f 5271/5271/5271 5268/5268/5268 5269/5269/5269
f 5274/5274/5274 5273/5273/5273 5272/5272/5272
f 5275/5275/5275 5272/5272/5272 5273/5273/5273
f 5278/5278/5278 5277/5277/5277 5276/5276/5276
f 5279/5279/5279 5276/5276/5276 5277/5277/5277
f 5282/5282/5282 5281/5281/5281 5280/5280/5280
f 5283/5283/5283 5280/5280/5280 5281/5281/5281
f 5286/5286/5286 5285/5285/5285 5284/5284/5284
f 5287/5287/5287 5284/5284/5284 5285/5285/5285
f 5290/5290/5290 5289/5289/5289 5288/5288/5288
f 5291/5291/5291 5288/5288/5288 5289/5289/5289
f 5294/5294/5294 5293/5293/5293 5292/5292/5292
f 5295/5295/5295 5292/5292/5292 5293/5293/5293
f 5298/5298/5298 5297/5297/5297 5296/5296/5296
f 5299/5299/5299 5296/5296/5296 5297/5297/5297
f 5302/5302/5302 5301/5301/5301 5300/5300/5300
f 5303/5303/5303 5300/5300/5300 5301/5301/5301
f 5306/5306/5306 5305/5305/5305 5304/5304/5304
f 5307/5307/5307 5304/5304/5304 5305/5305/5305
f 5310/5310/5310 5309/5309/5309 5308/5308/5308
f 5311/5311/5311 5308/5308/5308 5309/5309/5309
f 5314/5314/5314 5313/5313/5313 5312/5312/5312
f 5315/5315/5315 5312/5312/5312 5313/5313/5313
f 5318/5318/5318 5317/5317/5317 5316/5316/5316
f 5319/5319/5319 5316/5316/5316 5317/5317/5317
f 5322/5322/5322 5321/5321/5321 5320/5320/5320
f 5323/5323/5323 5320/5320/5320 5321/5321/5321
f 5326/5326/5326 5325/5325/5325 5324/5324/5324
f 5327/5327/5327 5324/5324/5324 5325/5325/5325
f 5330/5330/5330 5329/5329/5329 5328/5328/5328
f 5331/5331/5331 5328/5328/5328 5329/5329/5329
f 5334/5334/5334 5333/5333/5333 5332/5332/5332
f 5335/5335/5335 5332/5332/5332 5333/5333/5333
f 5338/5338/5338 5337/5337/5337 5336/5336/5336
f 5339/5339/5339 5336/5336/5336 5337/5337/5337
f 5342/5342/5342 5341/5341/5341 5340/5340/5340
f 5343/5343/5343 5340/5340/5340 5341/5341/5341
f 5346/5346/5346 5345/5345/5345 5344/5344/5344
f 5347/5347/5347 5344/5344/5344 5345/5345/5345
f 5350/5350/5350 5349/5349/5349 5348/5348/5348
f 5351/5351/5351 5348/5348/5348 5349/5349/5349
f 5354/5354/5354 5353/5353/5353 5352/5352/5352
f 5355/5355/5355 5352/5352/5352 5353/5353/5353
f 5355/5355/5355 5353/5353/5353 5356/5356/5356
f 5357/5357/5357 5356/5356/5356 5353/5353/5353
f 5355/5355/5355 5358/5358/5358 5352/5352/5352
f 5359/5359/5359 5352/5352/5352 5358/5358/5358
f 5360/5360/5360 5358/5358/5358 5355/5355/5355
f 5358/5358/5358 5361/5361/5361 5359/5359/5359
f 5361/5361/5361 5362/5362/5362 5359/5359/5359
f 5363/5363/5363 5359/5359/5359 5362/5362/5362
f 5362/5362/5362 5364/5364/5364 5363/5363/5363
f 5365/5365/5365 5360/5360/5360 5355/5355/5355
f 5355/5355/5355 5356/5356/5356 5365/5365/5365
f 5363/5363/5363 5364/5364/5364 5366/5366/5366
f 5364/5364/5364 5367/5367/5367 5366/5366/5366
f 5367/5367/5367 5368/5368/5368 5366/5366/5366
f 5368/5368/5368 5369/5369/5369 5366/5366/5366
f 5368/5368/5368 5370/5370/5370 5369/5369/5369
f 5371/5371/5371 5365/5365/5365 5356/5356/5356
f 5369/5369/5369 5370/5370/5370 5371/5371/5371
f 5372/5372/5372 5365/5365/5365 5371/5371/5371
f 5372/5372/5372 5371/5371/5371 5370/5370/5370
f 5375/5375/5375 5374/5374/5374 5373/5373/5373
f 5374/5374/5374 5376/5376/5376 5373/5373/5373
f 5377/5377/5377 5376/5376/5376 5374/5374/5374
f 5376/5376/5376 5378/5378/5378 5373/5373/5373
f 5378/5378/5378 5379/5379/5379 5373/5373/5373
f 5373/5373/5373 5379/5379/5379 5380/5380/5380
f 5381/5381/5381 5373/5373/5373 5380/5380/5380
f 5379/5379/5379 5382/5382/5382 5380/5380/5380
f 5385/5385/5385 5384/5384/5384 5383/5383/5383
f 5386/5386/5386 5383/5383/5383 5384/5384/5384
f 5389/5389/5389 5388/5388/5388 5387/5387/5387
f 5390/5390/5390 5387/5387/5387 5388/5388/5388
f 5393/5393/5393 5392/5392/5392 5391/5391/5391
f 5394/5394/5394 5391/5391/5391 5392/5392/5392
f 5394/5394/5394 5395/5395/5395 5391/5391/5391
f 5396/5396/5396 5391/5391/5391 5395/5395/5395
f 5399/5399/5399 5398/5398/5398 5397/5397/5397
f 5400/5400/5400 5397/5397/5397 5398/5398/5398
f 5400/5400/5400 5401/5401/5401 5397/5397/5397
f 5402/5402/5402 5397/5397/5397 5401/5401/5401
f 5405/5405/5405 5404/5404/5404 5403/5403/5403
f 5406/5406/5406 5403/5403/5403 5404/5404/5404
f 5409/5409/5409 5408/5408/5408 5407/5407/5407
f 5410/5410/5410 5407/5407/5407 5408/5408/5408
f 5410/5410/5410 5411/5411/5411 5407/5407/5407
f 5412/5412/5412 5407/5407/5407 5411/5411/5411
f 5415/5415/5415 5414/5414/5414 5413/5413/5413
f 5416/5416/5416 5413/5413/5413 5414/5414/5414
f 5413/5413/5413 5416/5416/5416 5417/5417/5417
f 5418/5418/5418 5417/5417/5417 5416/5416/5416
f 5417/5417/5417 5418/5418/5418 5419/5419/5419
f 5420/5420/5420 5419/5419/5419 5418/5418/5418
f 5423/5423/5423 5422/5422/5422 5421/5421/5421
f 5424/5424/5424 5421/5421/5421 5422/5422/5422
f 5424/5424/5424 5425/5425/5425 5421/5421/5421
f 5426/5426/5426 5421/5421/5421 5425/5425/5425
f 5429/5429/5429 5428/5428/5428 5427/5427/5427
f 5430/5430/5430 5427/5427/5427 5428/5428/5428
f 5430/5430/5430 5428/5428/5428 5431/5431/5431
f 5432/5432/5432 5431/5431/5431 5428/5428/5428
f 5435/5435/5435 5434/5434/5434 5433/5433/5433
f 5436/5436/5436 5433/5433/5433 5434/5434/5434
f 5439/5439/5439 5438/5438/5438 5437/5437/5437
f 5440/5440/5440 5437/5437/5437 5438/5438/5438
f 5443/5443/5443 5442/5442/5442 5441/5441/5441
f 5444/5444/5444 5441/5441/5441 5442/5442/5442
f 5447/5447/5447 5446/5446/5446 5445/5445/5445
f 5448/5448/5448 5445/5445/5445 5446/5446/5446
f 5446/5446/5446 5449/5449/5449 5448/5448/5448
f 5450/5450/5450 5448/5448/5448 5449/5449/5449
f 5449/5449/5449 5451/5451/5451 5450/5450/5450
f 5452/5452/5452 5450/5450/5450 5451/5451/5451
f 5455/5455/5455 5454/5454/5454 5453/5453/5453
f 5456/5456/5456 5453/5453/5453 5454/5454/5454
f 5454/5454/5454 5457/5457/5457 5456/5456/5456
f 5458/5458/5458 5456/5456/5456 5457/5457/5457
f 5457/5457/5457 5459/5459/5459 5458/5458/5458
f 5460/5460/5460 5458/5458/5458 5459/5459/5459
f 5463/5463/5463 5462/5462/5462 5461/5461/5461
f 5464/5464/5464 5461/5461/5461 5462/5462/5462
f 5467/5467/5467 5466/5466/5466 5465/5465/5465
f 5468/5468/5468 5465/5465/5465 5466/5466/5466
f 5471/5471/5471 5470/5470/5470 5469/5469/5469
f 5472/5472/5472 5469/5469/5469 5470/5470/5470
f 5475/5475/5475 5474/5474/5474 5473/5473/5473
f 5476/5476/5476 5473/5473/5473 5474/5474/5474
f 5479/5479/5479 5478/5478/5478 5477/5477/5477
f 5480/5480/5480 5477/5477/5477 5478/5478/5478
f 5483/5483/5483 5482/5482/5482 5481/5481/5481
f 5484/5484/5484 5481/5481/5481 5482/5482/5482
f 5487/5487/5487 5486/5486/5486 5485/5485/5485
f 5488/5488/5488 5485/5485/5485 5486/5486/5486
f 5491/5491/5491 5490/5490/5490 5489/5489/5489
f 5492/5492/5492 5489/5489/5489 5490/5490/5490
f 5495/5495/5495 5494/5494/5494 5493/5493/5493
f 5496/5496/5496 5493/5493/5493 5494/5494/5494
f 5494/5494/5494 5497/5497/5497 5496/5496/5496
f 5496/5496/5496 5497/5497/5497 5498/5498/5498
f 5497/5497/5497 5494/5494/5494 5499/5499/5499
f 5500/5500/5500 5498/5498/5498 5497/5497/5497
f 5501/5501/5501 5499/5499/5499 5494/5494/5494
f 5498/5498/5498 5500/5500/5500 5502/5502/5502
f 5499/5499/5499 5501/5501/5501 5503/5503/5503
f 5503/5503/5503 5502/5502/5502 5500/5500/5500
f 5504/5504/5504 5503/5503/5503 5501/5501/5501
f 5502/5502/5502 5503/5503/5503 5504/5504/5504
f 5507/5507/5507 5506/5506/5506 5505/5505/5505
f 5508/5508/5508 5505/5505/5505 5506/5506/5506
f 5511/5511/5511 5510/5510/5510 5509/5509/5509
f 5512/5512/5512 5509/5509/5509 5510/5510/5510
f 5515/5515/5515 5514/5514/5514 5513/5513/5513
f 5516/5516/5516 5513/5513/5513 5514/5514/5514
f 5519/5519/5519 5518/5518/5518 5517/5517/5517
f 5520/5520/5520 5517/5517/5517 5518/5518/5518
f 5523/5523/5523 5522/5522/5522 5521/5521/5521
f 5523/5523/5523 5521/5521/5521 5524/5524/5524
f 5523/5523/5523 5525/5525/5525 5522/5522/5522
f 5523/5523/5523 5524/5524/5524 5526/5526/5526
f 5523/5523/5523 5527/5527/5527 5525/5525/5525
f 5523/5523/5523 5526/5526/5526 5528/5528/5528
f 5523/5523/5523 5529/5529/5529 5527/5527/5527
f 5523/5523/5523 5528/5528/5528 5530/5530/5530
f 5523/5523/5523 5531/5531/5531 5529/5529/5529
f 5523/5523/5523 5530/5530/5530 5532/5532/5532
f 5523/5523/5523 5533/5533/5533 5531/5531/5531
f 5523/5523/5523 5532/5532/5532 5534/5534/5534
f 5523/5523/5523 5535/5535/5535 5533/5533/5533
f 5523/5523/5523 5534/5534/5534 5536/5536/5536
f 5523/5523/5523 5537/5537/5537 5535/5535/5535
f 5523/5523/5523 5536/5536/5536 5537/5537/5537
f 5540/5540/5540 5539/5539/5539 5538/5538/5538
f 5540/5540/5540 5538/5538/5538 5541/5541/5541
f 5540/5540/5540 5542/5542/5542 5539/5539/5539
f 5540/5540/5540 5541/5541/5541 5543/5543/5543
f 5540/5540/5540 5544/5544/5544 5542/5542/5542
f 5540/5540/5540 5543/5543/5543 5545/5545/5545
f 5540/5540/5540 5546/5546/5546 5544/5544/5544
f 5540/5540/5540 5545/5545/5545 5547/5547/5547
f 5540/5540/5540 5548/5548/5548 5546/5546/5546
f 5540/5540/5540 5547/5547/5547 5549/5549/5549
f 5540/5540/5540 5550/5550/5550 5548/5548/5548
f 5540/5540/5540 5549/5549/5549 5551/5551/5551
f 5540/5540/5540 5552/5552/5552 5550/5550/5550
f 5540/5540/5540 5551/5551/5551 5553/5553/5553
f 5540/5540/5540 5554/5554/5554 5552/5552/5552
f 5540/5540/5540 5553/5553/5553 5554/5554/5554
f 5557/5557/5557 5556/5556/5556 5555/5555/5555
f 5555/5555/5555 5556/5556/5556 5558/5558/5558
f 5559/5559/5559 5556/5556/5556 5557/5557/5557
f 5558/5558/5558 5556/5556/5556 5560/5560/5560
f 5561/5561/5561 5556/5556/5556 5559/5559/5559
f 5560/5560/5560 5556/5556/5556 5562/5562/5562
f 5563/5563/5563 5556/5556/5556 5561/5561/5561
f 5562/5562/5562 5556/5556/5556 5564/5564/5564
f 5565/5565/5565 5556/5556/5556 5563/5563/5563
f 5564/5564/5564 5556/5556/5556 5566/5566/5566
f 5567/5567/5567 5556/5556/5556 5565/5565/5565
f 5566/5566/5566 5556/5556/5556 5568/5568/5568
f 5569/5569/5569 5556/5556/5556 5567/5567/5567
f 5568/5568/5568 5556/5556/5556 5570/5570/5570
f 5571/5571/5571 5556/5556/5556 5569/5569/5569
f 5570/5570/5570 5556/5556/5556 5571/5571/5571
f 5574/5574/5574 5573/5573/5573 5572/5572/5572
f 5572/5572/5572 5573/5573/5573 5575/5575/5575
f 5576/5576/5576 5573/5573/5573 5574/5574/5574
f 5575/5575/5575 5573/5573/5573 5577/5577/5577
f 5578/5578/5578 5573/5573/5573 5576/5576/5576
f 5577/5577/5577 5573/5573/5573 5579/5579/5579
f 5580/5580/5580 5573/5573/5573 5578/5578/5578
f 5579/5579/5579 5573/5573/5573 5581/5581/5581
f 5582/5582/5582 5573/5573/5573 5580/5580/5580
f 5581/5581/5581 5573/5573/5573 5583/5583/5583
f 5584/5584/5584 5573/5573/5573 5582/5582/5582
f 5583/5583/5583 5573/5573/5573 5585/5585/5585
f 5586/5586/5586 5573/5573/5573 5584/5584/5584
f 5585/5585/5585 5573/5573/5573 5587/5587/5587
f 5588/5588/5588 5573/5573/5573 5586/5586/5586
f 5587/5587/5587 5573/5573/5573 5588/5588/5588
f 5591/5591/5591 5590/5590/5590 5589/5589/5589
f 5592/5592/5592 5591/5591/5591 5589/5589/5589
f 5590/5590/5590 5593/5593/5593 5589/5589/5589
f 5594/5594/5594 5592/5592/5592 5589/5589/5589
f 5593/5593/5593 5595/5595/5595 5589/5589/5589
f 5595/5595/5595 5594/5594/5594 5589/5589/5589
f 5598/5598/5598 5597/5597/5597 5596/5596/5596
f 5599/5599/5599 5596/5596/5596 5597/5597/5597
f 5596/5596/5596 5600/5600/5600 5598/5598/5598
f 5597/5597/5597 5601/5601/5601 5599/5599/5599
f 5602/5602/5602 5598/5598/5598 5600/5600/5600
f 5603/5603/5603 5599/5599/5599 5601/5601/5601
f 5600/5600/5600 5604/5604/5604 5602/5602/5602
f 5601/5601/5601 5605/5605/5605 5603/5603/5603
f 5606/5606/5606 5602/5602/5602 5604/5604/5604
f 5607/5607/5607 5603/5603/5603 5605/5605/5605
f 5604/5604/5604 5608/5608/5608 5606/5606/5606
f 5605/5605/5605 5609/5609/5609 5607/5607/5607
f 5610/5610/5610 5606/5606/5606 5608/5608/5608
f 5611/5611/5611 5607/5607/5607 5609/5609/5609
f 5608/5608/5608 5612/5612/5612 5610/5610/5610
f 5609/5609/5609 5613/5613/5613 5611/5611/5611
f 5614/5614/5614 5610/5610/5610 5612/5612/5612
f 5615/5615/5615 5611/5611/5611 5613/5613/5613
f 5612/5612/5612 5616/5616/5616 5614/5614/5614
f 5613/5613/5613 5617/5617/5617 5615/5615/5615
f 5618/5618/5618 5614/5614/5614 5616/5616/5616
f 5619/5619/5619 5615/5615/5615 5617/5617/5617
f 5616/5616/5616 5620/5620/5620 5618/5618/5618
f 5617/5617/5617 5621/5621/5621 5619/5619/5619
f 5622/5622/5622 5618/5618/5618 5620/5620/5620
f 5623/5623/5623 5619/5619/5619 5621/5621/5621
f 5620/5620/5620 5624/5624/5624 5622/5622/5622
f 5621/5621/5621 5625/5625/5625 5623/5623/5623
f 5626/5626/5626 5622/5622/5622 5624/5624/5624
f 5627/5627/5627 5623/5623/5623 5625/5625/5625
f 5624/5624/5624 5627/5627/5627 5626/5626/5626
f 5625/5625/5625 5626/5626/5626 5627/5627/5627
f 5630/5630/5630 5629/5629/5629 5628/5628/5628
f 5631/5631/5631 5628/5628/5628 5629/5629/5629
f 5628/5628/5628 5632/5632/5632 5630/5630/5630
f 5629/5629/5629 5633/5633/5633 5631/5631/5631
f 5634/5634/5634 5630/5630/5630 5632/5632/5632
f 5635/5635/5635 5631/5631/5631 5633/5633/5633
f 5632/5632/5632 5636/5636/5636 5634/5634/5634
f 5633/5633/5633 5637/5637/5637 5635/5635/5635
f 5638/5638/5638 5634/5634/5634 5636/5636/5636
f 5639/5639/5639 5635/5635/5635 5637/5637/5637
f 5636/5636/5636 5640/5640/5640 5638/5638/5638
f 5637/5637/5637 5641/5641/5641 5639/5639/5639
f 5642/5642/5642 5638/5638/5638 5640/5640/5640
f 5643/5643/5643 5639/5639/5639 5641/5641/5641
f 5640/5640/5640 5644/5644/5644 5642/5642/5642
f 5641/5641/5641 5645/5645/5645 5643/5643/5643
f 5646/5646/5646 5642/5642/5642 5644/5644/5644
f 5647/5647/5647 5643/5643/5643 5645/5645/5645
f 5644/5644/5644 5648/5648/5648 5646/5646/5646
f 5645/5645/5645 5649/5649/5649 5647/5647/5647
f 5650/5650/5650 5646/5646/5646 5648/5648/5648
f 5651/5651/5651 5647/5647/5647 5649/5649/5649
f 5648/5648/5648 5652/5652/5652 5650/5650/5650
f 5649/5649/5649 5653/5653/5653 5651/5651/5651
f 5654/5654/5654 5650/5650/5650 5652/5652/5652
f 5655/5655/5655 5651/5651/5651 5653/5653/5653
f 5652/5652/5652 5656/5656/5656 5654/5654/5654
f 5653/5653/5653 5657/5657/5657 5655/5655/5655
f 5658/5658/5658 5654/5654/5654 5656/5656/5656
f 5659/5659/5659 5655/5655/5655 5657/5657/5657
f 5656/5656/5656 5659/5659/5659 5658/5658/5658
f 5657/5657/5657 5658/5658/5658 5659/5659/5659
f 5662/5662/5662 5661/5661/5661 5660/5660/5660
f 5663/5663/5663 5660/5660/5660 5661/5661/5661
f 5661/5661/5661 5662/5662/5662 5664/5664/5664
f 5660/5660/5660 5663/5663/5663 5665/5665/5665
f 5666/5666/5666 5664/5664/5664 5662/5662/5662
f 5667/5667/5667 5665/5665/5665 5663/5663/5663
f 5664/5664/5664 5666/5666/5666 5668/5668/5668
f 5665/5665/5665 5667/5667/5667 5669/5669/5669
f 5670/5670/5670 5668/5668/5668 5666/5666/5666
f 5671/5671/5671 5669/5669/5669 5667/5667/5667
f 5668/5668/5668 5670/5670/5670 5672/5672/5672
f 5669/5669/5669 5671/5671/5671 5673/5673/5673
f 5674/5674/5674 5672/5672/5672 5670/5670/5670
f 5675/5675/5675 5673/5673/5673 5671/5671/5671
f 5672/5672/5672 5674/5674/5674 5676/5676/5676
f 5673/5673/5673 5675/5675/5675 5677/5677/5677
f 5678/5678/5678 5676/5676/5676 5674/5674/5674
f 5679/5679/5679 5677/5677/5677 5675/5675/5675
f 5676/5676/5676 5678/5678/5678 5680/5680/5680
f 5677/5677/5677 5679/5679/5679 5681/5681/5681
f 5682/5682/5682 5680/5680/5680 5678/5678/5678
f 5683/5683/5683 5681/5681/5681 5679/5679/5679
f 5680/5680/5680 5682/5682/5682 5684/5684/5684
f 5681/5681/5681 5683/5683/5683 5685/5685/5685
f 5686/5686/5686 5684/5684/5684 5682/5682/5682
f 5687/5687/5687 5685/5685/5685 5683/5683/5683
f 5684/5684/5684 5686/5686/5686 5688/5688/5688
f 5685/5685/5685 5687/5687/5687 5689/5689/5689
f 5690/5690/5690 5688/5688/5688 5686/5686/5686
f 5691/5691/5691 5689/5689/5689 5687/5687/5687
f 5688/5688/5688 5690/5690/5690 5691/5691/5691
f 5689/5689/5689 5691/5691/5691 5690/5690/5690
f 5694/5694/5694 5693/5693/5693 5692/5692/5692
f 5695/5695/5695 5692/5692/5692 5693/5693/5693
f 5693/5693/5693 5694/5694/5694 5696/5696/5696
f 5692/5692/5692 5695/5695/5695 5697/5697/5697
f 5698/5698/5698 5696/5696/5696 5694/5694/5694
f 5699/5699/5699 5697/5697/5697 5695/5695/5695
f 5696/5696/5696 5698/5698/5698 5700/5700/5700
f 5697/5697/5697 5699/5699/5699 5701/5701/5701
f 5702/5702/5702 5700/5700/5700 5698/5698/5698
f 5703/5703/5703 5701/5701/5701 5699/5699/5699
f 5700/5700/5700 5702/5702/5702 5704/5704/5704
f 5701/5701/5701 5703/5703/5703 5705/5705/5705
f 5706/5706/5706 5704/5704/5704 5702/5702/5702
f 5707/5707/5707 5705/5705/5705 5703/5703/5703
f 5704/5704/5704 5706/5706/5706 5708/5708/5708
f 5705/5705/5705 5707/5707/5707 5709/5709/5709
f 5710/5710/5710 5708/5708/5708 5706/5706/5706
f 5711/5711/5711 5709/5709/5709 5707/5707/5707
f 5708/5708/5708 5710/5710/5710 5712/5712/5712
f 5709/5709/5709 5711/5711/5711 5713/5713/5713
f 5714/5714/5714 5712/5712/5712 5710/5710/5710
f 5715/5715/5715 5713/5713/5713 5711/5711/5711
f 5712/5712/5712 5714/5714/5714 5716/5716/5716
f 5713/5713/5713 5715/5715/5715 5717/5717/5717
f 5718/5718/5718 5716/5716/5716 5714/5714/5714
f 5719/5719/5719 5717/5717/5717 5715/5715/5715
f 5716/5716/5716 5718/5718/5718 5720/5720/5720
f 5717/5717/5717 5719/5719/5719 5721/5721/5721
f 5722/5722/5722 5720/5720/5720 5718/5718/5718
f 5723/5723/5723 5721/5721/5721 5719/5719/5719
f 5720/5720/5720 5722/5722/5722 5723/5723/5723
f 5721/5721/5721 5723/5723/5723 5722/5722/5722
f 5726/5726/5726 5725/5725/5725 5724/5724/5724
f 5727/5727/5727 5724/5724/5724 5725/5725/5725
f 5725/5725/5725 5728/5728/5728 5727/5727/5727
f 5724/5724/5724 5729/5729/5729 5726/5726/5726
f 5724/5724/5724 5727/5727/5727 5729/5729/5729
f 5730/5730/5730 5726/5726/5726 5729/5729/5729
f 5731/5731/5731 5727/5727/5727 5728/5728/5728
f 5728/5728/5728 5732/5732/5732 5731/5731/5731
f 5731/5731/5731 5733/5733/5733 5727/5727/5727
f 5733/5733/5733 5731/5731/5731 5732/5732/5732
f 5727/5727/5727 5733/5733/5733 5729/5729/5729
f 5732/5732/5732 5734/5734/5734 5733/5733/5733
f 5729/5729/5729 5735/5735/5735 5730/5730/5730
f 5736/5736/5736 5730/5730/5730 5735/5735/5735
f 5737/5737/5737 5735/5735/5735 5729/5729/5729
f 5735/5735/5735 5737/5737/5737 5736/5736/5736
f 5733/5733/5733 5737/5737/5737 5729/5729/5729
f 5738/5738/5738 5736/5736/5736 5737/5737/5737
f 5734/5734/5734 5738/5738/5738 5739/5739/5739
f 5739/5739/5739 5733/5733/5733 5734/5734/5734
f 5739/5739/5739 5737/5737/5737 5733/5733/5733
f 5737/5737/5737 5739/5739/5739 5738/5738/5738
f 5742/5742/5742 5741/5741/5741 5740/5740/5740
f 5743/5743/5743 5740/5740/5740 5741/5741/5741
f 5740/5740/5740 5743/5743/5743 5744/5744/5744
f 5741/5741/5741 5742/5742/5742 5745/5745/5745
f 5743/5743/5743 5741/5741/5741 5745/5745/5745
f 5746/5746/5746 5745/5745/5745 5742/5742/5742
f 5747/5747/5747 5744/5744/5744 5743/5743/5743
f 5744/5744/5744 5747/5747/5747 5748/5748/5748
f 5747/5747/5747 5743/5743/5743 5749/5749/5749
f 5749/5749/5749 5748/5748/5748 5747/5747/5747
f 5749/5749/5749 5743/5743/5743 5745/5745/5745
f 5748/5748/5748 5749/5749/5749 5750/5750/5750
f 5745/5745/5745 5746/5746/5746 5751/5751/5751
f 5752/5752/5752 5751/5751/5751 5746/5746/5746
f 5751/5751/5751 5753/5753/5753 5745/5745/5745
f 5751/5751/5751 5752/5752/5752 5753/5753/5753
f 5753/5753/5753 5749/5749/5749 5745/5745/5745
f 5754/5754/5754 5753/5753/5753 5752/5752/5752
f 5750/5750/5750 5755/5755/5755 5754/5754/5754
f 5755/5755/5755 5750/5750/5750 5749/5749/5749
f 5755/5755/5755 5749/5749/5749 5753/5753/5753
f 5753/5753/5753 5754/5754/5754 5755/5755/5755
