g bus_01
v 1.772455 -0.7727576 0.1230413
v 1.888387 -0.810653 0.2792982
v 1.888388 -0.7727583 0.1230408
v 1.772455 -0.8106529 0.2792982
v 1.888387 -0.8078279 0.612676
v 1.503737 -0.8106526 0.2792979
v 1.503737 -0.7727575 0.123041
v 1.772455 -0.8078279 0.6126759
v 1.503582 -0.8076999 0.612676
v 1.489145 -0.8101851 0.3507975
v 1.45517 -0.809822 0.4195282
v 1.395234 -0.8095707 0.4882965
v 1.888387 -0.8077682 0.683996
v 1.306754 -0.8093904 0.5310714
v 1.772455 -0.8077682 0.683996
v 1.888387 -0.7860031 1.04778
v 1.772457 -0.7820576 1.047305
v 1.888387 -0.7419736 1.476014
v 1.772456 -0.7438167 1.474965
v 1.888386 -0.6940926 1.696694
v 0.9271957 -0.8076966 0.6126759
v 1.117187 -0.8093904 0.5310713
v 1.028708 -0.8095707 0.4882964
v 0.9757626 -0.8050338 0.4195281
v 0.9417873 -0.8053969 0.3507974
v 0.9271955 -0.8058642 0.2792978
v 1.261913 -0.8077682 0.683996
v 1.444535 -0.8020545 0.764734
v 0.6917096 -0.7791529 1.052396
v 0.6917008 -0.8077681 0.683996
v 0.6917009 -0.8091763 0.4459869
v 0.6917009 -0.7727576 0.1230411
v 0.9271955 -0.7679691 0.123041
v -0.1459472 -0.8091924 0.4459869
v -0.1459471 -0.7727576 0.1230411
v -0.145949 -0.8058075 0.6840056
v -0.1459486 -0.7783318 1.051426
v 0.6917096 -0.73905 1.47551
v -0.1459486 -0.7387781 1.475268
v -0.1459486 -0.6941215 1.706234
v 1.574077 -0.7851546 0.998839
v 1.544256 -0.7920528 0.9040167
v 1.574491 -0.7815256 1.048238
v 1.579583 -0.750954 1.386693
v 1.546196 -0.7428187 1.475079
v 1.544949 -0.7420363 1.478655
v 1.48232 -0.718831 1.584924
v 0.6917094 -0.6940894 1.704983
v 1.772454 -0.6909509 1.709192
v 1.888387 -0.6393561 1.738426
v 1.257837 -0.6924453 1.707188
v 1.772454 -0.6393587 1.771837
v 1.888387 -0.5690848 1.773805
v 0.6917052 -0.6399921 1.767802
v 1.772454 -0.5690848 1.800967
v 1.888387 -0.4030519 1.81148
v 1.772454 -0.4030519 1.838642
v 1.888387 -0.2104716 1.819405
v 1.772454 -0.2104716 1.846567
v 1.888387 -0.01770931 1.823507
v 0.6917008 -0.4030518 1.838642
v 0.6917009 -0.5690848 1.800967
v -0.1459487 -0.6399032 1.76836
v -0.9838064 -0.6398142 1.768919
v -0.9838067 -0.6941537 1.707486
v -0.145949 -0.5690848 1.800967
v -0.145949 -0.4030518 1.838641
v -0.9838064 -0.5690848 1.800967
v -0.9838064 -0.4030519 1.838641
v -1.429672 -0.6396363 1.770036
v -1.429762 -0.5690848 1.800966
v -1.429697 -0.4030519 1.838641
v -0.9838064 -0.2104716 1.846567
v -0.145949 -0.2104715 1.846567
v -1.431931 -0.6942181 1.709989
v -0.983808 -0.7385062 1.475026
v -1.589652 -0.6392806 1.772271
v -1.608585 -0.5690847 1.800966
v -1.623294 -0.4022644 1.824
v -1.629683 -0.2100784 1.831774
v -1.429679 -0.2104716 1.846567
v -1.626824 -0.01770931 1.835723
v -1.429662 -0.01770931 1.850669
v -0.9838064 -0.01770931 1.850669
v -1.429679 0.175053 1.846567
v -1.629683 0.1746598 1.831774
v -0.9838064 0.175053 1.846567
v -1.429697 0.3676333 1.838641
v -1.623294 0.3668458 1.824
v -1.429762 0.5336661 1.800966
v -1.608585 0.5336661 1.800966
v -1.589652 0.6038619 1.772271
v -0.145949 -0.01770931 1.850669
v -0.145949 0.1750529 1.846567
v 0.6917011 -0.2104715 1.846567
v 0.6917011 -0.01770931 1.850669
v 0.6917011 0.1750529 1.846567
v 1.772454 -0.01770931 1.850669
v 1.772454 0.175053 1.846567
v 1.888387 0.175053 1.819405
v 0.6917008 0.3676332 1.838642
v 1.772454 0.3676333 1.838642
v 1.888387 0.3676333 1.81148
v 1.772454 0.5336661 1.800967
v 1.888387 0.5336661 1.773805
v -0.145949 0.3676332 1.838641
v 0.6917009 0.5336661 1.800967
v 1.772454 0.6039401 1.771837
v 1.888387 0.6039375 1.738426
v -0.9838064 0.3676333 1.838641
v -0.145949 0.5336661 1.800967
v -0.9838064 0.5336661 1.800967
v 0.6917052 0.6045735 1.767802
v -0.1459487 0.6044846 1.76836
v 1.772454 0.6555323 1.709192
v 1.888386 0.6586739 1.696694
v -0.9838064 0.6043956 1.768919
v -0.1459486 0.6587029 1.706234
v 0.6917094 0.6586708 1.704983
v 0.6917096 0.7036314 1.47551
v -1.429672 0.6042176 1.770036
v -0.9838067 0.6587351 1.707486
v -1.431931 0.6587995 1.709989
v -0.1459486 0.7033595 1.475268
v -0.983808 0.7030876 1.475026
v 1.444142 0.6767821 1.617376
v 1.272556 0.656984 1.707245
v 1.550153 0.7074176 1.475077
v 1.772456 0.708398 1.474965
v 1.888387 0.706555 1.476014
v 1.588514 0.7155226 1.38649
v 1.772457 0.746639 1.047305
v 1.888387 0.7505845 1.04778
v 1.772455 0.7723496 0.683996
v 1.888387 0.7723497 0.683996
v 1.772455 0.7724093 0.6126759
v 1.888387 0.7724093 0.612676
v 1.503582 0.7722813 0.612676
v 1.503737 0.775234 0.2792979
v 1.772455 0.7752343 0.2792982
v 1.888387 0.7752343 0.2792982
v 1.772455 0.737339 0.1230413
v 1.888388 0.7373397 0.1230408
v 1.503737 0.7373389 0.123041
v 1.489145 0.7747665 0.3507975
v 1.45517 0.7744034 0.4195282
v 1.395234 0.7741521 0.4882965
v 1.306754 0.7739719 0.5310714
v 0.9271957 0.7722781 0.6126759
v 1.117187 0.7739718 0.5310713
v 1.028708 0.7741521 0.4882964
v 0.9757626 0.7696152 0.4195281
v 0.9417873 0.7699783 0.3507974
v 0.9271955 0.7704455 0.2792978
v 1.260481 0.7723495 0.683996
v 0.6917009 0.7737578 0.4459869
v 0.6917008 0.7723495 0.683996
v 0.6917009 0.737339 0.1230411
v 0.9271955 0.7325505 0.123041
v -0.1459472 0.7737737 0.4459869
v -0.1459471 0.737339 0.1230411
v -0.145949 0.7703889 0.6840056
v -0.9837696 0.7737897 0.4459868
v -0.9837672 0.7373389 0.1230411
v -0.9837952 0.770227 0.604168
v -1.126433 0.775234 0.2792978
v -1.127689 0.7373389 0.1230411
v -1.168297 0.7724093 0.6126755
v -1.21016 0.775234 0.2792978
v -1.21016 0.7373389 0.1230411
v -1.224752 0.7747665 0.3507974
v -1.258728 0.7744034 0.4195281
v -1.318663 0.7741521 0.4882964
v -1.407143 0.7739719 0.5310712
v -1.741708 0.7688205 0.5689306
v -1.59671 0.7739718 0.5310712
v -1.685189 0.7741521 0.4882963
v -1.738135 0.7696152 0.4195279
v -1.77211 0.7699783 0.3507973
v -1.828625 0.7510895 0.5859707
v -1.830439 0.7532118 0.2792977
v -1.786702 0.7704456 0.2792977
v -1.786702 0.7492821 0.1230303
v -1.823702 0.7396546 0.1230303
v -1.858038 0.715433 0.1230303
v -1.877933 0.7232175 0.28144
v -1.876379 0.7310021 0.3684526
v -1.876379 0.730615 0.4255799
v -1.876379 0.7302279 0.4704872
v -1.876379 0.7294537 0.6126643
v -1.876379 0.7263568 0.683996
v -1.797915 0.7549961 0.6039315
v -1.827698 0.7477201 0.6839913
v -1.797848 0.7314833 0.9440677
v -1.832736 0.7143109 0.9432498
v -1.791173 0.7076699 1.167073
v -1.639677 0.7673405 0.6084313
v -1.784422 0.7496154 0.6839963
v -1.444393 0.7645077 0.6840346
v -1.758614 0.7211326 1.164934
v -1.744832 0.6975309 1.379998
v -1.730042 0.7332032 0.9641015
v -0.9838083 0.7684286 0.6840153
v -1.695623 0.7250043 1.141601
v -1.711691 0.7105553 1.37854
v -1.691244 0.679027 1.578919
v -1.444329 0.7404502 1.048518
v -0.9838083 0.7420923 1.050457
v -1.444327 0.7135068 1.381313
v -0.1459486 0.7429132 1.051426
v -1.649233 0.6923573 1.573965
v -1.638979 0.641636 1.717095
v -1.649111 0.7112462 1.379189
v -1.623798 0.6986525 1.504139
v -1.438008 0.6915809 1.567772
v 0.6917096 0.7437342 1.052396
v -1.584283 0.6921186 1.57206
v -1.537192 0.6741127 1.648126
v -1.595067 0.6589282 1.714996
v 1.590613 0.7461503 1.048162
v 1.443091 0.7667261 0.7621605
v 1.544884 0.7575444 0.8897851
v -1.21016 -0.8106526 0.2792978
v -1.127689 -0.7727575 0.1230411
v -1.21016 -0.7727575 0.1230411
v -1.126433 -0.8106527 0.2792978
v -0.9837672 -0.7727575 0.1230411
v -0.9837696 -0.8092083 0.4459868
v -1.168297 -0.8078279 0.6126755
v -1.224752 -0.8101851 0.3507974
v -0.9837962 -0.8055288 0.6093519
v -1.258728 -0.809822 0.4195281
v -1.318663 -0.8095707 0.4882964
v -1.407143 -0.8093904 0.5310712
v -1.741708 -0.8042391 0.5689306
v -1.59671 -0.8093904 0.5310712
v -1.685189 -0.8095707 0.4882963
v -1.738135 -0.8050338 0.4195279
v -0.9838083 -0.8038472 0.6840153
v -1.77211 -0.8053969 0.3507973
v -1.828625 -0.7865081 0.5859707
v -1.830439 -0.7886304 0.2792977
v -1.786702 -0.8058642 0.2792977
v -1.786702 -0.7847007 0.1230303
v -1.823702 -0.7750732 0.1230303
v -1.858038 -0.7508516 0.1230303
v -1.877933 -0.7586362 0.28144
v -1.876379 -0.7664207 0.3684526
v -1.876379 -0.7660336 0.4255799
v -1.876379 -0.7656465 0.4704872
v -1.876379 -0.7648724 0.6126643
v -1.876379 -0.7617754 0.683996
v -1.791144 -0.7918389 0.6030927
v -1.639503 -0.8027565 0.6084987
v -1.444393 -0.7999263 0.6840346
v -1.787223 -0.7849113 0.6839959
v -1.827698 -0.7831387 0.6839913
v -1.797848 -0.7669019 0.9440677
v -1.832736 -0.7497296 0.9432498
v -1.791173 -0.7430885 1.167073
v -1.444329 -0.7758688 1.048518
v -0.9838083 -0.7775108 1.050457
v -1.732716 -0.7685539 0.9633115
v -1.758614 -0.7565512 1.164934
v -1.744832 -0.7329494 1.379998
v -1.69874 -0.7602313 1.142756
v -1.444327 -0.7489254 1.381313
v -1.711691 -0.7459739 1.37854
v -1.691244 -0.7144457 1.578919
v -1.652722 -0.7466249 1.379152
v -1.649233 -0.7277759 1.573965
v -1.638979 -0.6770546 1.717095
v -1.438008 -0.7269995 1.567772
v -1.579647 -0.7275201 1.571924
v -1.514772 -0.7061869 1.661656
v -1.595067 -0.6943468 1.714996
v -1.638979 -0.6770546 1.717095
v -1.608585 -0.5690847 1.800966
v -1.589652 -0.6392806 1.772271
v -1.678646 -0.5709568 1.735272
v -1.713028 -0.3055812 1.7515
v -1.623294 -0.4022644 1.824
v -1.629683 -0.2100784 1.831774
v -1.726545 -0.01770931 1.756481
v -1.626824 -0.01770931 1.835723
v -1.629683 0.1746598 1.831774
v -1.713028 0.2701626 1.7515
v -1.623294 0.3668458 1.824
v -1.608585 0.5336661 1.800966
v -1.689658 -0.6542044 1.644906
v -1.709607 -0.5718927 1.660661
v -1.749163 -0.304991 1.674049
v -1.690227 -0.6758177 1.621231
v -1.691244 -0.7144457 1.578919
v -1.762268 -0.687137 1.381598
v -1.744832 -0.7329494 1.379998
v -1.804379 -0.5764925 1.38546
v -1.809772 -0.6955441 1.168293
v -1.791173 -0.7430885 1.167073
v -1.855858 -0.3026913 1.38572
v -1.766325 -0.01770931 1.678179
v -1.854883 -0.5802254 1.171251
v -1.843413 -0.7021213 0.9806709
v -1.832736 -0.7497296 0.9432498
v -1.867514 -0.6571838 0.9431406
v -1.876379 -0.7617754 0.683996
v -1.894445 -0.5855227 0.9430559
v -1.931334 -0.589892 0.683996
v -1.749163 0.2695723 1.674049
v -1.931334 -0.5928075 0.6126638
v -1.876379 -0.7648724 0.6126643
v -1.941394 -0.2996785 0.9469751
v -1.95087 -0.3020395 0.683996
v -1.95087 -0.3044006 0.6126637
v -1.956051 -0.01770931 0.6126636
v -1.907535 -0.3003302 1.171389
v -1.87409 -0.01770931 1.385777
v -1.855858 0.2672727 1.38572
v -1.925618 -0.01770931 1.171398
v -1.957369 -0.01770931 0.9469944
v -1.907535 0.2649116 1.171389
v -1.941394 0.2642599 0.9469751
v -1.956051 -0.01770931 0.683996
v -1.95087 0.2666209 0.683996
v -1.854883 0.5448068 1.171251
v -1.709607 0.5364742 1.660661
v -1.894445 0.5501041 0.9430559
v -1.804379 0.5410739 1.38546
v -1.678646 0.5355381 1.735272
v -1.689658 0.6187857 1.644906
v -1.638979 0.641636 1.717095
v -1.589652 0.6038619 1.772271
v -1.690358 0.6453574 1.6158
v -1.691244 0.679027 1.578919
v -1.760892 0.6553348 1.381471
v -1.744832 0.6975309 1.379998
v -1.791173 0.7076699 1.167073
v -1.809153 0.6617073 1.168252
v -1.845744 0.6662202 0.9694849
v -1.832736 0.7143109 0.9432498
v -1.86749 0.6218297 0.9431406
v -1.876379 0.7263568 0.683996
v -1.931334 0.5544733 0.683996
v -1.931334 0.557389 0.6126638
v -1.876379 0.7294537 0.6126643
v -1.95087 0.268982 0.6126637
v -1.949143 0.3660584 0.5321665
v -1.952597 0.1742667 0.5321665
v -1.931334 0.5588467 0.5321665
v -1.956051 -0.01770931 0.5321664
v -1.906259 0.6458424 0.5320387
v -1.952597 -0.2096853 0.5321665
v -1.893532 0.6876481 0.5212357
v -1.887801 0.7085509 0.5028324
v -1.876379 0.7302279 0.4704872
v -1.949143 -0.401477 0.5321665
v -1.931334 -0.5942653 0.5321665
v -1.906259 -0.6812611 0.5320387
v -1.893532 -0.7230667 0.5212357
v -1.887801 -0.7439696 0.5028324
v -1.876379 -0.7656465 0.4704872
v -1.939761 -0.7665184 0.4260904
v -1.943752 -0.7444543 0.5033429
v -1.939761 -0.7661313 0.4709977
v -1.943865 -0.7456087 0.3833714
v -1.947861 -0.7235515 0.5217462
v -1.947968 -0.7243119 0.3638124
v -1.956673 -0.6817458 0.5325493
v -1.956176 -0.6817185 0.3507696
v -1.972592 -0.5954791 0.3505204
v -1.972591 -0.5947502 0.5326771
v -1.9904 -0.4027493 0.3505204
v -1.9904 -0.4019619 0.5326771
v -1.993855 -0.210326 0.3505204
v -1.993855 -0.2099329 0.532677
v -1.997309 -0.01770931 0.5326769
v -1.997309 -0.01770931 0.3505204
v -1.993855 0.1749074 0.3505204
v -1.993855 0.1745143 0.532677
v -1.9904 0.3665432 0.5326771
v -1.9904 0.3673307 0.3505204
v -1.972591 0.5593316 0.5326771
v -1.972592 0.5600605 0.3505204
v -1.956673 0.6463272 0.5325493
v -1.956176 0.6462999 0.3507696
v -1.947968 0.6888933 0.3638124
v -1.947861 0.6881328 0.5217462
v -1.943865 0.7101901 0.3833714
v -1.943752 0.7090357 0.5033429
v -1.939761 0.7310998 0.4260904
v -1.939761 0.7307127 0.4709977
v -1.889965 -0.7451239 0.3828609
v -1.876379 -0.7660336 0.4255799
v -1.876379 -0.7664207 0.3684526
v -1.897861 -0.7238272 0.3633019
v -1.877933 -0.7586362 0.28144
v -1.914919 -0.6812338 0.3502591
v -1.935696 -0.5953587 0.2823203
v -1.931334 -0.5949942 0.3500099
v -1.912993 -0.5957231 0.1230287
v -1.858038 -0.7508516 0.1230303
v -1.953505 -0.4026581 0.2823203
v -1.949143 -0.4022644 0.3500099
v -1.930802 -0.4030518 0.1230287
v -1.956959 -0.210275 0.2823203
v -1.952597 -0.2100784 0.3500099
v -1.960414 -0.01770931 0.2823203
v -1.934256 -0.2104716 0.1230287
v -1.956051 -0.01770931 0.3500099
v -1.937711 -0.01770931 0.1230287
v -1.952597 0.1746598 0.3500099
v -1.934256 0.175053 0.1230287
v -1.956959 0.1748564 0.2823203
v -1.949143 0.3668458 0.3500099
v -1.930802 0.3676332 0.1230287
v -1.953505 0.3672395 0.2823203
v -1.931334 0.5595756 0.3500099
v -1.912993 0.5603045 0.1230287
v -1.935696 0.55994 0.2823203
v -1.914919 0.6458151 0.3502591
v -1.877933 0.7232175 0.28144
v -1.858038 0.715433 0.1230303
v -1.897861 0.6884086 0.3633019
v -1.876379 0.7310021 0.3684526
v -1.889965 0.7097052 0.3828609
v -1.876379 0.730615 0.4255799
v -1.956051 -0.01770931 0.5321664
v -1.993855 -0.2099329 0.532677
v -1.997309 -0.01770931 0.5326769
v -1.952597 -0.2096853 0.5321665
v -1.9904 -0.4019619 0.5326771
v -1.949143 -0.401477 0.5321665
v -1.931334 -0.5942653 0.5321665
v -1.972591 -0.5947502 0.5326771
v -1.906259 -0.6812611 0.5320387
v -1.956673 -0.6817458 0.5325493
v -1.893532 -0.7230667 0.5212357
v -1.947861 -0.7235515 0.5217462
v -1.887801 -0.7439696 0.5028324
v -1.943752 -0.7444543 0.5033429
v -1.876379 -0.7656465 0.4704872
v -1.939761 -0.7661313 0.4709977
v -1.876379 -0.7660336 0.4255799
v -1.939761 -0.7665184 0.4260904
v -1.889965 -0.7451239 0.3828609
v -1.943865 -0.7456087 0.3833714
v -1.897861 -0.7238272 0.3633019
v -1.947968 -0.7243119 0.3638124
v -1.914919 -0.6812338 0.3502591
v -1.956176 -0.6817185 0.3507696
v -1.931334 -0.5949942 0.3500099
v -1.972592 -0.5954791 0.3505204
v -1.949143 -0.4022644 0.3500099
v -1.9904 -0.4027493 0.3505204
v -1.993855 -0.210326 0.3505204
v -1.952597 -0.2100784 0.3500099
v -1.956051 -0.01770931 0.3500099
v -1.997309 -0.01770931 0.3505204
v -1.993855 0.1749074 0.3505204
v -1.952597 0.1746598 0.3500099
v -1.949143 0.3668458 0.3500099
v -1.9904 0.3673307 0.3505204
v -1.972592 0.5600605 0.3505204
v -1.931334 0.5595756 0.3500099
v -1.956176 0.6462999 0.3507696
v -1.914919 0.6458151 0.3502591
v -1.947968 0.6888933 0.3638124
v -1.897861 0.6884086 0.3633019
v -1.943865 0.7101901 0.3833714
v -1.889965 0.7097052 0.3828609
v -1.939761 0.7310998 0.4260904
v -1.876379 0.730615 0.4255799
v -1.939761 0.7307127 0.4709977
v -1.876379 0.7302279 0.4704872
v -1.943752 0.7090357 0.5033429
v -1.887801 0.7085509 0.5028324
v -1.947861 0.6881328 0.5217462
v -1.893532 0.6876481 0.5212357
v -1.956673 0.6463272 0.5325493
v -1.906259 0.6458424 0.5320387
v -1.972591 0.5593316 0.5326771
v -1.931334 0.5588467 0.5321665
v -1.9904 0.3665432 0.5326771
v -1.949143 0.3660584 0.5321665
v -1.952597 0.1742667 0.5321665
v -1.993855 0.1745143 0.532677
v -1.956051 -0.01770931 0.5321664
v -1.997309 -0.01770931 0.5326769
v -1.786702 -0.7847007 0.1230303
v -1.786702 -0.4099659 0.2792977
v -1.786702 -0.4095108 0.1230303
v -1.786702 -0.8058642 0.2792977
v -1.77211 -0.8053969 0.3507973
v -1.77211 -0.4099603 0.3507973
v -1.738135 -0.8050338 0.4195279
v -1.738135 -0.409956 0.4195279
v -1.685189 -0.4100105 0.4882963
v -1.685189 -0.8095707 0.4882963
v -1.59671 -0.8093904 0.5310712
v -1.59671 -0.4100083 0.5310712
v -1.407143 -0.8093904 0.5310712
v -1.407143 -0.4100083 0.5310712
v -1.318663 -0.8095707 0.4882964
v -1.318663 -0.4100105 0.4882964
v -1.258728 -0.809822 0.4195281
v -1.258728 -0.4100135 0.4195281
v -1.224752 -0.8101851 0.3507974
v -1.224752 -0.4100178 0.3507974
v -1.21016 -0.8106526 0.2792978
v -1.21016 -0.4100235 0.2792978
v -1.21016 -0.7727575 0.1230411
v -1.21016 -0.4095683 0.1230303
v -1.823702 -0.7750732 0.1230303
v -1.912993 -0.5957231 0.1230287
v -1.858038 -0.7508516 0.1230303
v -1.786702 -0.7847007 0.1230303
v -1.786702 -0.4095108 0.1230303
v -1.930802 -0.4030518 0.1230287
v -1.934256 -0.2104716 0.1230287
v -1.786702 -0.01770931 0.1230303
v -1.937711 -0.01770931 0.1230287
v -1.934256 0.175053 0.1230287
v -1.21016 -0.4095683 0.1230303
v -1.786702 0.3740921 0.1230303
v -1.930802 0.3676332 0.1230287
v -1.912993 0.5603045 0.1230287
v -1.786702 0.7492821 0.1230303
v -1.823702 0.7396546 0.1230303
v -1.858038 0.715433 0.1230303
v -1.21016 0.3741497 0.1230303
v -1.21016 -0.01770931 0.1230303
v -1.128944 -0.01770931 0.1230411
v -1.128944 -0.3952334 0.1230411
v -1.21016 -0.7727575 0.1230411
v -1.127689 -0.7727575 0.1230411
v -0.9837669 -0.3988028 0.123041
v -0.9837672 -0.7727575 0.1230411
v -1.128944 0.3598148 0.1230411
v -1.21016 0.7373389 0.1230411
v -1.127689 0.7373389 0.1230411
v -0.9837669 0.3633841 0.123041
v -0.9837672 0.7373389 0.1230411
v -0.9837669 -0.01770931 0.123041
v -0.1458458 -0.4005874 0.123041
v -0.1459471 -0.7727576 0.1230411
v 0.6917009 -0.7727576 0.1230411
v -0.1458456 -0.01770931 0.123041
v 0.6938484 -0.01770931 0.123041
v -0.1458458 0.3651688 0.123041
v -0.1459471 0.737339 0.1230411
v 0.6917009 0.737339 0.1230411
v 0.6938482 -0.402372 0.123041
v 0.9271955 -0.7679691 0.123041
v 0.9271947 -0.4095108 0.123041
v 0.6938482 0.3669535 0.123041
v 0.9271955 0.7325505 0.123041
v 0.9271947 0.3740921 0.123041
v 0.9271952 -0.01770931 0.123041
v 1.503736 -0.4095683 0.123041
v 1.503736 0.3741497 0.123041
v 1.503736 -0.01770931 0.123041
v 1.772455 -0.01770931 0.1230415
v 1.772455 -0.3952334 0.1230415
v 1.888388 -0.01770931 0.1230408
v 1.503737 -0.7727575 0.123041
v 1.772455 -0.7727576 0.1230413
v 1.772455 0.3598148 0.1230415
v 1.503737 0.7373389 0.123041
v 1.772455 0.737339 0.1230413
v 1.888388 -0.3952334 0.1230408
v 1.888388 -0.7727583 0.1230408
v 1.888388 0.3598148 0.1230408
v 1.888388 0.7373397 0.1230408
v 2.010698 -0.5690848 0.123381
v 1.969308 -0.7095168 0.1232186
v 2.032307 -0.4030519 0.1235539
v 2.036853 -0.2104716 0.1235903
v 2.039206 -0.01770931 0.1236091
v 2.036853 0.175053 0.1235903
v 2.032307 0.3676333 0.1235539
v 2.010698 0.5336661 0.123381
v 1.969308 0.6740982 0.1232186
v -1.786702 -0.4095108 0.1230303
v -1.21016 -0.4100235 0.2792978
v -1.21016 -0.4095683 0.1230303
v -1.786702 -0.4099659 0.2792977
v -1.77211 -0.4099603 0.3507973
v -1.224752 -0.4100178 0.3507974
v -1.258728 -0.4100135 0.4195281
v -1.738135 -0.409956 0.4195279
v -1.318663 -0.4100105 0.4882964
v -1.685189 -0.4100105 0.4882963
v -1.407143 -0.4100083 0.5310712
v -1.59671 -0.4100083 0.5310712
v 0.9271955 -0.7679691 0.123041
v 0.9271947 -0.4099659 0.2792976
v 0.9271947 -0.4095108 0.123041
v 0.9271955 -0.8058642 0.2792978
v 0.9417873 -0.8053969 0.3507974
v 0.9417868 -0.4099603 0.3507972
v 0.9757626 -0.8050338 0.4195281
v 0.9757621 -0.409956 0.4195279
v 1.028707 -0.4100105 0.4882962
v 1.028708 -0.8095707 0.4882964
v 1.117187 -0.8093904 0.5310713
v 1.117187 -0.4100083 0.5310711
v 1.306754 -0.8093904 0.5310714
v 1.306754 -0.4100083 0.5310712
v 1.395234 -0.8095707 0.4882965
v 1.395234 -0.4100105 0.4882964
v 1.45517 -0.809822 0.4195282
v 1.455169 -0.4100135 0.419528
v 1.489145 -0.8101851 0.3507975
v 1.489144 -0.4100178 0.3507973
v 1.503737 -0.8106526 0.2792979
v 1.503736 -0.4100235 0.2792977
v 1.503737 -0.7727575 0.123041
v 1.503736 -0.4095683 0.123041
v 0.9271947 -0.4095108 0.123041
v 1.503736 -0.4100235 0.2792977
v 1.503736 -0.4095683 0.123041
v 0.9271947 -0.4099659 0.2792976
v 0.9417868 -0.4099603 0.3507972
v 1.489144 -0.4100178 0.3507973
v 1.455169 -0.4100135 0.419528
v 0.9757621 -0.409956 0.4195279
v 1.395234 -0.4100105 0.4882964
v 1.028707 -0.4100105 0.4882962
v 1.306754 -0.4100083 0.5310712
v 1.117187 -0.4100083 0.5310711
v -0.1459486 -0.7387781 1.475268
v -0.9838067 -0.6941537 1.707486
v -0.1459486 -0.6941215 1.706234
v -0.983808 -0.7385062 1.475026
v -0.1459486 -0.7783318 1.051426
v -0.9838083 -0.7775108 1.050457
v -0.145949 -0.8058075 0.6840056
v -0.9838083 -0.8038472 0.6840153
v -0.9837962 -0.8055288 0.6093519
v -0.1459472 -0.8091924 0.4459869
v -0.9837696 -0.8092083 0.4459868
v -0.1459471 -0.7727576 0.1230411
v -0.9837672 -0.7727575 0.1230411
v -1.976611 -0.6656467 0.5180132
v -1.916429 -0.6371173 0.5123383
v -1.916429 -0.6656468 0.5180132
v -1.976611 -0.6371172 0.5123383
v -1.916429 -0.6129311 0.4961777
v -1.987931 -0.6391667 0.5073903
v -1.987932 -0.6656467 0.5126575
v -1.987931 -0.6167181 0.4923906
v -1.976611 -0.6129311 0.4961777
v -1.916429 -0.5967704 0.4719916
v -1.987931 -0.6017184 0.469942
v -1.976611 -0.5967703 0.4719916
v -1.916429 -0.5910956 0.443462
v -1.987931 -0.5964512 0.443462
v -1.976611 -0.5910955 0.443462
v -1.916429 -0.5967704 0.4149325
v -1.987931 -0.6017184 0.4169821
v -1.976611 -0.5967703 0.4149325
v -1.916429 -0.6129311 0.3907464
v -1.987931 -0.6167181 0.3945335
v -1.976611 -0.612931 0.3907464
v -1.916429 -0.6371172 0.3745857
v -1.987931 -0.6391667 0.3795338
v -1.976611 -0.6371172 0.3745857
v -1.916429 -0.6656468 0.3689108
v -1.987931 -0.6656467 0.3742665
v -1.976611 -0.6656467 0.3689108
v -1.976611 -0.6656467 0.3689108
v -1.916429 -0.6941763 0.3745857
v -1.916429 -0.6656468 0.3689108
v -1.976611 -0.6941763 0.3745857
v -1.916429 -0.7183625 0.3907464
v -1.987931 -0.6921267 0.3795338
v -1.987931 -0.6656467 0.3742665
v -1.987931 -0.7145752 0.3945335
v -1.976611 -0.7183624 0.3907464
v -1.916429 -0.7345231 0.4149325
v -1.987931 -0.729575 0.4169821
v -1.976611 -0.7345231 0.4149325
v -1.916429 -0.740198 0.443462
v -1.987932 -0.7348422 0.443462
v -1.976611 -0.740198 0.443462
v -1.916429 -0.7345231 0.4719916
v -1.987932 -0.729575 0.469942
v -1.976611 -0.7345231 0.4719916
v -1.916429 -0.7183624 0.4961777
v -1.987932 -0.7145752 0.4923906
v -1.976611 -0.7183624 0.4961777
v -1.916429 -0.6941763 0.5123383
v -1.987932 -0.6921267 0.5073903
v -1.976611 -0.6941761 0.5123383
v -1.916429 -0.6656468 0.5180132
v -1.987932 -0.6656467 0.5126575
v -1.976611 -0.6656467 0.5180132
v -1.923154 -0.6885825 0.3058233
v -1.873926 -0.6652456 0.3011814
v -1.873926 -0.6885826 0.3058234
v -1.923154 -0.6652455 0.3011813
v -1.873926 -0.6454614 0.287962
v -1.932414 -0.666922 0.2971338
v -1.932414 -0.6885825 0.3014424
v -1.932414 -0.6485592 0.2848642
v -1.923154 -0.6454613 0.287962
v -1.873926 -0.6322421 0.2681779
v -1.932414 -0.6362895 0.2665013
v -1.923154 -0.632242 0.2681778
v -1.873926 -0.6276001 0.2448408
v -1.932414 -0.631981 0.2448408
v -1.923154 -0.6276 0.2448408
v -1.873926 -0.6322421 0.2215039
v -1.932414 -0.6362895 0.2231803
v -1.923154 -0.632242 0.2215038
v -1.873926 -0.6454614 0.2017197
v -1.932414 -0.6485591 0.2048174
v -1.923154 -0.6454613 0.2017196
v -1.873926 -0.6652456 0.1885003
v -1.932414 -0.666922 0.1925477
v -1.923154 -0.6652455 0.1885002
v -1.873926 -0.6885826 0.1838583
v -1.932414 -0.6885825 0.1882392
v -1.923154 -0.6885825 0.1838582
v -1.923154 -0.6885825 0.1838582
v -1.873926 -0.7119196 0.1885003
v -1.873926 -0.6885826 0.1838583
v -1.923154 -0.7119195 0.1885002
v -1.873926 -0.7317038 0.2017197
v -1.932414 -0.710243 0.1925477
v -1.932414 -0.6885825 0.1882392
v -1.932414 -0.7286059 0.2048174
v -1.923154 -0.7317037 0.2017196
v -1.873926 -0.7449232 0.2215039
v -1.932414 -0.7408756 0.2231803
v -1.923154 -0.7449231 0.2215038
v -1.873926 -0.7495651 0.2448408
v -1.932414 -0.7451841 0.2448408
v -1.923154 -0.7495651 0.2448408
v -1.873926 -0.7449232 0.2681779
v -1.932414 -0.7408756 0.2665013
v -1.923154 -0.7449231 0.2681778
v -1.873926 -0.7317038 0.287962
v -1.932414 -0.7286059 0.2848642
v -1.923154 -0.7317037 0.287962
v -1.873926 -0.7119196 0.3011814
v -1.932414 -0.710243 0.2971338
v -1.923154 -0.7119195 0.3011813
v -1.873926 -0.6885826 0.3058234
v -1.932414 -0.6885825 0.3014424
v -1.923154 -0.6885825 0.3058233
v -1.944525 -0.5775651 0.2796225
v -1.90976 -0.560598 0.2762476
v -1.90976 -0.5775651 0.2796226
v -1.944525 -0.560598 0.2762475
v -1.90976 -0.5462139 0.2666365
v -1.951065 -0.5618169 0.2733048
v -1.951065 -0.5775651 0.2764373
v -1.951065 -0.5484661 0.2643841
v -1.944525 -0.5462139 0.2666364
v -1.90976 -0.5366027 0.2522523
v -1.951065 -0.5395454 0.2510333
v -1.944525 -0.5366027 0.2522523
v -1.90976 -0.5332277 0.2352851
v -1.951065 -0.5364129 0.235285
v -1.944525 -0.5332277 0.235285
v -1.90976 -0.5366027 0.2183179
v -1.951065 -0.5395454 0.2195367
v -1.944525 -0.5366027 0.2183178
v -1.90976 -0.5462139 0.2039338
v -1.951065 -0.5484661 0.206186
v -1.944525 -0.5462139 0.2039337
v -1.90976 -0.560598 0.1943226
v -1.951065 -0.5618169 0.1972653
v -1.944525 -0.560598 0.1943225
v -1.90976 -0.5775651 0.1909476
v -1.951065 -0.5775651 0.1941327
v -1.944525 -0.5775651 0.1909475
v -1.944525 -0.5775651 0.1909475
v -1.90976 -0.5945324 0.1943226
v -1.90976 -0.5775651 0.1909476
v -1.944525 -0.5945324 0.1943225
v -1.90976 -0.6089166 0.2039338
v -1.951065 -0.5933135 0.1972653
v -1.951065 -0.5775651 0.1941327
v -1.951065 -0.6066642 0.206186
v -1.944525 -0.6089165 0.2039337
v -1.90976 -0.6185278 0.2183179
v -1.951065 -0.6155849 0.2195367
v -1.944525 -0.6185277 0.2183178
v -1.90976 -0.6219027 0.2352851
v -1.951065 -0.6187174 0.235285
v -1.944525 -0.6219026 0.235285
v -1.90976 -0.6185277 0.2522523
v -1.951065 -0.6155849 0.2510333
v -1.944525 -0.6185277 0.2522523
v -1.90976 -0.6089166 0.2666365
v -1.951065 -0.6066642 0.2643841
v -1.944525 -0.6089165 0.2666364
v -1.90976 -0.5945324 0.2762476
v -1.951065 -0.5933135 0.2733048
v -1.944525 -0.5945324 0.2762475
v -1.90976 -0.5775651 0.2796226
v -1.951065 -0.5775651 0.2764373
v -1.944525 -0.5775651 0.2796225
v -0.6330197 -0.2284388 1.818294
v -0.6330197 -0.4059697 1.88326
v -0.6330197 -0.4082488 1.818256
v -0.6330197 -0.2284388 1.892568
v -0.6330197 -0.01770935 1.89783
v -0.6330197 -0.01770935 1.818316
v -0.6330197 0.1930202 1.818294
v -0.6330197 0.1930202 1.892568
v -0.6330197 0.370551 1.88326
v -0.6330197 0.3728303 1.818256
v -0.6330197 -0.2284388 1.892568
v -0.5551248 -0.3993073 1.940555
v -0.6330197 -0.4059697 1.88326
v -0.5551245 -0.2284386 1.949862
v -0.5551245 -0.01770935 1.955125
v -0.6330197 -0.01770935 1.89783
v -0.6330197 0.1930202 1.892568
v -0.5551245 0.19302 1.949862
v -0.04390934 -0.01770935 1.955125
v -0.5551248 0.3638887 1.940555
v -0.6330197 0.370551 1.88326
v -0.04390949 -0.3993074 1.940555
v -0.04390935 -0.2284388 1.949862
v -0.04390935 0.1930202 1.949862
v -0.04390949 0.3638888 1.940555
v 0.04677015 -0.01770935 1.974167
v -0.02504339 -0.429519 1.915343
v -0.5451972 -0.4295189 1.908739
v -0.6330197 -0.4059697 1.88326
v -0.5924414 -0.4361812 1.881697
v -0.6330197 -0.4082488 1.818256
v -0.5924414 -0.4384604 1.818249
v 0.001798076 -0.4361814 1.881697
v 0.001876289 -0.4384605 1.818249
v 0.03141446 -0.4295192 1.931969
v 0.04677001 -0.3993078 1.959598
v 0.4438091 -0.4361813 1.881697
v 0.4541376 -0.4384605 1.818249
v 0.4088443 -0.429519 1.927782
v 0.4740611 -0.4059698 1.883261
v 0.4843896 -0.408249 1.818256
v 0.4254437 -0.3993076 1.959598
v 0.04677001 -0.2284392 1.968905
v 0.4254437 -0.228439 1.968905
v 0.4740611 -0.4059698 1.883261
v 0.4254438 -0.01770935 1.974167
v 0.4740613 -0.228439 1.892568
v 0.4843896 -0.408249 1.818256
v 0.4843897 -0.2284389 1.818294
v 0.4843897 -0.01770935 1.818316
v 0.4740613 -0.01770935 1.89783
v 0.04677001 0.1930206 1.968905
v 0.4740613 0.1930204 1.892568
v 0.4843897 0.1930203 1.818294
v 0.4843896 0.3728303 1.818256
v 0.4740611 0.3705513 1.883261
v 0.4254437 0.1930204 1.968905
v 0.4254437 0.3638889 1.959598
v 0.04677001 0.3638892 1.959598
v 0.4088443 0.3941005 1.927782
v 0.03141446 0.3941006 1.931969
v 0.4438091 0.4007627 1.881697
v 0.4740611 0.3705513 1.883261
v -0.02504339 0.3941004 1.915343
v 0.001798076 0.4007628 1.881697
v 0.4541376 0.4030419 1.818249
v 0.4843896 0.3728303 1.818256
v 0.001876289 0.4030419 1.818249
v -0.5924414 0.4030418 1.818249
v -0.5924414 0.4007626 1.881697
v -0.6330197 0.3728303 1.818256
v -0.6330197 0.370551 1.88326
v -0.5451972 0.3941002 1.908739
v -1.408603 -0.3379838 1.865803
v -0.809953 -0.3448968 1.835797
v -1.510368 -0.3448969 1.820061
v -0.8319254 -0.3379841 1.865803
v -1.291439 -0.3278337 1.895809
v -0.8692971 -0.3278343 1.895809
v -1.510367 -0.01770931 1.835797
v -1.408603 -0.3379838 1.865803
v -1.510368 -0.3448969 1.820061
v -1.408603 -0.01770931 1.865803
v -1.291439 -0.3278337 1.895809
v -1.408603 0.3025652 1.865803
v -1.510368 0.3094782 1.820061
v -1.291439 0.2924151 1.895809
v -1.291439 -0.01770931 1.895809
v -0.8692971 -0.3278343 1.895809
v -0.8692971 0.2924157 1.895809
v -0.8692968 -0.01770931 1.895809
v -0.8319254 -0.01770931 1.865803
v -0.8319254 -0.3379841 1.865803
v -0.8319254 0.3025655 1.865803
v -0.809953 -0.01770931 1.835797
v -0.809953 -0.3448968 1.835797
v -0.809953 0.3094782 1.835797
v -1.086946 -0.817541 0.4739663
v -1.10435 -0.8014356 0.4830833
v -1.10435 -0.817541 0.4830833
v -1.086946 -0.8014356 0.4739663
v -1.045867 -0.817541 0.4739663
v -1.045867 -0.8014356 0.4739663
v -1.028462 -0.817541 0.4830833
v -1.028462 -0.8014356 0.4830833
v -1.10435 -0.817541 0.4830833
v -1.10435 -0.8014356 0.5046467
v -1.10435 -0.817541 0.5046467
v -1.10435 -0.8014356 0.4830833
v -1.086946 -0.8014356 0.5137638
v -1.10435 -0.817541 0.5046467
v -1.10435 -0.8014356 0.5046467
v -1.086946 -0.817541 0.5137638
v -1.045867 -0.8014356 0.5137638
v -1.045867 -0.817541 0.5137638
v -1.028462 -0.8014356 0.5046467
v -1.028462 -0.817541 0.5046467
v -1.028462 -0.817541 0.5046467
v -1.028462 -0.8014356 0.4830833
v -1.028462 -0.817541 0.4830833
v -1.028462 -0.8014356 0.5046467
v -1.045867 -0.817541 0.4739663
v -1.028462 -0.817541 0.5046467
v -1.028462 -0.817541 0.4830833
v -1.045867 -0.817541 0.5137638
v -1.086946 -0.817541 0.5137638
v -1.086946 -0.817541 0.4739663
v -1.10435 -0.817541 0.5046467
v -1.10435 -0.817541 0.4830833
v -1.770271 -0.813718 0.4850956
v -1.790854 -0.7976126 0.4969791
v -1.790854 -0.813718 0.4969791
v -1.770271 -0.7976126 0.4850956
v -1.790854 -0.813718 0.4969791
v -1.790854 -0.7976126 0.5207459
v -1.790854 -0.813718 0.5207459
v -1.790854 -0.7976126 0.4969791
v -1.790854 -0.813718 0.5207459
v -1.770271 -0.7976126 0.5326294
v -1.770271 -0.813718 0.5326294
v -1.790854 -0.7976126 0.5207459
v -1.770271 -0.813718 0.5326294
v -1.749688 -0.7976126 0.5207459
v -1.749688 -0.813718 0.5207459
v -1.770271 -0.7976126 0.5326294
v -1.749688 -0.813718 0.5207459
v -1.749688 -0.7976126 0.4969791
v -1.749688 -0.813718 0.4969791
v -1.749688 -0.7976126 0.5207459
v -1.749688 -0.813718 0.4969791
v -1.770271 -0.7976126 0.4850956
v -1.770271 -0.813718 0.4850956
v -1.749688 -0.7976126 0.4969791
v -1.770271 -0.813718 0.4850956
v -1.749688 -0.813718 0.5207459
v -1.749688 -0.813718 0.4969791
v -1.770271 -0.813718 0.5326294
v -1.790854 -0.813718 0.5207459
v -1.790854 -0.813718 0.4969791
v 2.071647 -0.2204842 0.5781297
v 2.05632 -0.2204842 0.9587026
v 2.071647 -0.2204842 0.9587026
v 2.05632 -0.2204842 0.5781297
v 2.05632 -0.2204842 0.9587026
v 2.071647 -0.01770931 0.9587026
v 2.071647 -0.2204842 0.9587026
v 2.05632 -0.01770931 0.9587026
v 2.05632 0.1850656 0.9587026
v 2.071647 0.1850656 0.9587026
v 2.071647 -0.2204842 0.9587026
v 2.071647 -0.01770931 0.5781297
v 2.071647 -0.2204842 0.5781297
v 2.071647 -0.01770931 0.9587026
v 2.071647 0.1850656 0.9587026
v 2.071647 0.1850656 0.5781297
v 2.071647 -0.2204842 0.5781297
v 2.05632 -0.01770931 0.5781297
v 2.05632 -0.2204842 0.5781297
v 2.071647 -0.01770931 0.5781297
v 2.071647 0.1850656 0.5781297
v 2.05632 0.1850656 0.5781297
v -1.786702 0.3745473 0.2792977
v -1.786702 0.7492821 0.1230303
v -1.786702 0.3740921 0.1230303
v -1.786702 0.7704456 0.2792977
v -1.77211 0.7699783 0.3507973
v -1.77211 0.3745417 0.3507973
v -1.738135 0.7696152 0.4195279
v -1.738135 0.3745373 0.4195279
v -1.685189 0.3745919 0.4882963
v -1.685189 0.7741521 0.4882963
v -1.59671 0.7739718 0.5310712
v -1.59671 0.3745897 0.5310712
v -1.407143 0.7739719 0.5310712
v -1.407143 0.3745897 0.5310712
v -1.318663 0.7741521 0.4882964
v -1.318663 0.3745919 0.4882964
v -1.258728 0.7744034 0.4195281
v -1.258728 0.3745949 0.4195281
v -1.224752 0.7747665 0.3507974
v -1.224752 0.3745992 0.3507974
v -1.21016 0.775234 0.2792978
v -1.21016 0.3746048 0.2792978
v -1.21016 0.7373389 0.1230411
v -1.21016 0.3741497 0.1230303
v -1.21016 0.3746048 0.2792978
v -1.786702 0.3740921 0.1230303
v -1.21016 0.3741497 0.1230303
v -1.786702 0.3745473 0.2792977
v -1.77211 0.3745417 0.3507973
v -1.224752 0.3745992 0.3507974
v -1.258728 0.3745949 0.4195281
v -1.738135 0.3745373 0.4195279
v -1.318663 0.3745919 0.4882964
v -1.685189 0.3745919 0.4882963
v -1.407143 0.3745897 0.5310712
v -1.59671 0.3745897 0.5310712
v 0.9271947 0.3745473 0.2792976
v 0.9271955 0.7325505 0.123041
v 0.9271947 0.3740921 0.123041
v 0.9271955 0.7704455 0.2792978
v 0.9417873 0.7699783 0.3507974
v 0.9417868 0.3745417 0.3507972
v 0.9757626 0.7696152 0.4195281
v 0.9757621 0.3745373 0.4195279
v 1.028707 0.3745919 0.4882962
v 1.028708 0.7741521 0.4882964
v 1.117187 0.7739718 0.5310713
v 1.117187 0.3745897 0.5310711
v 1.306754 0.7739719 0.5310714
v 1.306754 0.3745897 0.5310712
v 1.395234 0.7741521 0.4882965
v 1.395234 0.3745919 0.4882964
v 1.45517 0.7744034 0.4195282
v 1.455169 0.3745949 0.419528
v 1.489145 0.7747665 0.3507975
v 1.489144 0.3745992 0.3507973
v 1.503737 0.775234 0.2792979
v 1.503736 0.3746048 0.2792977
v 1.503737 0.7373389 0.123041
v 1.503736 0.3741497 0.123041
v 1.503736 0.3746048 0.2792977
v 0.9271947 0.3740921 0.123041
v 1.503736 0.3741497 0.123041
v 0.9271947 0.3745473 0.2792976
v 0.9417868 0.3745417 0.3507972
v 1.489144 0.3745992 0.3507973
v 1.455169 0.3745949 0.419528
v 0.9757621 0.3745373 0.4195279
v 1.395234 0.3745919 0.4882964
v 1.028707 0.3745919 0.4882962
v 1.306754 0.3745897 0.5310712
v 1.117187 0.3745897 0.5310711
v -1.916429 0.6016987 0.5123383
v -1.976611 0.6302281 0.5180132
v -1.916429 0.6302282 0.5180132
v -1.976611 0.6016986 0.5123383
v -1.916429 0.5775126 0.4961777
v -1.987931 0.6037481 0.5073903
v -1.987932 0.6302281 0.5126575
v -1.987931 0.5812995 0.4923906
v -1.976611 0.5775124 0.4961777
v -1.916429 0.5613518 0.4719916
v -1.987931 0.5662998 0.469942
v -1.976611 0.5613518 0.4719916
v -1.916429 0.555677 0.443462
v -1.987931 0.5610327 0.443462
v -1.976611 0.5556769 0.443462
v -1.916429 0.5613518 0.4149325
v -1.987931 0.5662998 0.4169821
v -1.976611 0.5613518 0.4149325
v -1.916429 0.5775124 0.3907464
v -1.987931 0.5812995 0.3945335
v -1.976611 0.5775124 0.3907464
v -1.916429 0.6016986 0.3745857
v -1.987931 0.6037481 0.3795338
v -1.976611 0.6016986 0.3745857
v -1.916429 0.6302282 0.3689108
v -1.987931 0.6302281 0.3742665
v -1.976611 0.6302281 0.3689108
v -1.916429 0.6587577 0.3745857
v -1.976611 0.6302281 0.3689108
v -1.916429 0.6302282 0.3689108
v -1.976611 0.6587576 0.3745857
v -1.916429 0.6829439 0.3907464
v -1.987931 0.6567081 0.3795338
v -1.987931 0.6302281 0.3742665
v -1.987931 0.6791567 0.3945335
v -1.976611 0.6829438 0.3907464
v -1.916429 0.6991045 0.4149325
v -1.987931 0.6941564 0.4169821
v -1.976611 0.6991044 0.4149325
v -1.916429 0.7047793 0.443462
v -1.987932 0.6994236 0.443462
v -1.976611 0.7047793 0.443462
v -1.916429 0.6991045 0.4719916
v -1.987932 0.6941564 0.469942
v -1.976611 0.6991044 0.4719916
v -1.916429 0.6829438 0.4961777
v -1.987932 0.6791567 0.4923906
v -1.976611 0.6829438 0.4961777
v -1.916429 0.6587576 0.5123383
v -1.987932 0.6567081 0.5073903
v -1.976611 0.6587576 0.5123383
v -1.916429 0.6302282 0.5180132
v -1.987932 0.6302281 0.5126575
v -1.976611 0.6302281 0.5180132
v -1.873926 0.629827 0.3011814
v -1.923154 0.6531639 0.3058233
v -1.873926 0.653164 0.3058234
v -1.923154 0.6298269 0.3011813
v -1.873926 0.6100428 0.287962
v -1.932414 0.6315034 0.2971338
v -1.932414 0.6531639 0.3014424
v -1.932414 0.6131406 0.2848642
v -1.923154 0.6100428 0.287962
v -1.873926 0.5968235 0.2681779
v -1.932414 0.6008709 0.2665013
v -1.923154 0.5968234 0.2681778
v -1.873926 0.5921814 0.2448408
v -1.932414 0.5965623 0.2448408
v -1.923154 0.5921814 0.2448408
v -1.873926 0.5968235 0.2215039
v -1.932414 0.6008709 0.2231803
v -1.923154 0.5968234 0.2215038
v -1.873926 0.6100428 0.2017197
v -1.932414 0.6131405 0.2048174
v -1.923154 0.6100428 0.2017196
v -1.873926 0.629827 0.1885003
v -1.932414 0.6315034 0.1925477
v -1.923154 0.6298269 0.1885002
v -1.873926 0.653164 0.1838583
v -1.932414 0.6531639 0.1882392
v -1.923154 0.6531639 0.1838582
v -1.873926 0.676501 0.1885003
v -1.923154 0.6531639 0.1838582
v -1.873926 0.653164 0.1838583
v -1.923154 0.6765009 0.1885002
v -1.873926 0.6962851 0.2017197
v -1.932414 0.6748244 0.1925477
v -1.932414 0.6531639 0.1882392
v -1.932414 0.6931873 0.2048174
v -1.923154 0.6962851 0.2017196
v -1.873926 0.7095045 0.2215039
v -1.932414 0.705457 0.2231803
v -1.923154 0.7095044 0.2215038
v -1.873926 0.7141466 0.2448408
v -1.932414 0.7097656 0.2448408
v -1.923154 0.7141465 0.2448408
v -1.873926 0.7095045 0.2681779
v -1.932414 0.705457 0.2665013
v -1.923154 0.7095044 0.2681778
v -1.873926 0.6962851 0.287962
v -1.932414 0.6931873 0.2848642
v -1.923154 0.6962851 0.287962
v -1.873926 0.676501 0.3011814
v -1.932414 0.6748244 0.2971338
v -1.923154 0.6765009 0.3011813
v -1.873926 0.653164 0.3058234
v -1.932414 0.6531639 0.3014424
v -1.923154 0.6531639 0.3058233
v -1.90976 0.5251793 0.2762476
v -1.944525 0.5421466 0.2796225
v -1.90976 0.5421466 0.2796226
v -1.944525 0.5251793 0.2762475
v -1.90976 0.5107952 0.2666365
v -1.951065 0.5263982 0.2733048
v -1.951065 0.5421466 0.2764373
v -1.951065 0.5130475 0.2643841
v -1.944525 0.5107952 0.2666364
v -1.90976 0.501184 0.2522523
v -1.951065 0.5041268 0.2510333
v -1.944525 0.501184 0.2522523
v -1.90976 0.4978091 0.2352851
v -1.951065 0.5009943 0.235285
v -1.944525 0.4978091 0.235285
v -1.90976 0.501184 0.2183179
v -1.951065 0.5041268 0.2195367
v -1.944525 0.501184 0.2183178
v -1.90976 0.5107952 0.2039338
v -1.951065 0.5130475 0.206186
v -1.944525 0.5107952 0.2039337
v -1.90976 0.5251793 0.1943226
v -1.951065 0.5263982 0.1972653
v -1.944525 0.5251793 0.1943225
v -1.90976 0.5421466 0.1909476
v -1.951065 0.5421466 0.1941327
v -1.944525 0.5421466 0.1909475
v -1.90976 0.5591137 0.1943226
v -1.944525 0.5421466 0.1909475
v -1.90976 0.5421466 0.1909476
v -1.944525 0.5591137 0.1943225
v -1.90976 0.573498 0.2039338
v -1.951065 0.5578949 0.1972653
v -1.951065 0.5421466 0.1941327
v -1.951065 0.5712456 0.206186
v -1.944525 0.5734979 0.2039337
v -1.90976 0.5831091 0.2183179
v -1.951065 0.5801663 0.2195367
v -1.944525 0.5831091 0.2183178
v -1.90976 0.5864841 0.2352851
v -1.951065 0.5832988 0.235285
v -1.944525 0.5864841 0.235285
v -1.90976 0.5831091 0.2522523
v -1.951065 0.5801663 0.2510333
v -1.944525 0.583109 0.2522523
v -1.90976 0.573498 0.2666365
v -1.951065 0.5712456 0.2643841
v -1.944525 0.5734979 0.2666364
v -1.90976 0.5591137 0.2762476
v -1.951065 0.5578949 0.2733048
v -1.944525 0.5591137 0.2762475
v -1.90976 0.5421466 0.2796226
v -1.951065 0.5421466 0.2764373
v -1.944525 0.5421466 0.2796225
v -0.809953 0.3094782 1.835797
v -1.408603 0.3025652 1.865803
v -1.510368 0.3094782 1.820061
v -0.8319254 0.3025655 1.865803
v -1.291439 0.2924151 1.895809
v -0.8692971 0.2924157 1.895809
v -1.10435 0.7660169 0.4830833
v -1.086946 0.7821224 0.4739663
v -1.10435 0.7821224 0.4830833
v -1.086946 0.7660169 0.4739663
v -1.045867 0.7821224 0.4739663
v -1.045867 0.7660169 0.4739663
v -1.028462 0.7821224 0.4830833
v -1.028462 0.7660169 0.4830833
v -1.10435 0.7821224 0.4830833
v -1.10435 0.7660169 0.5046467
v -1.10435 0.7660169 0.4830833
v -1.10435 0.7821224 0.5046467
v -1.10435 0.7821224 0.5046467
v -1.086946 0.7660169 0.5137638
v -1.10435 0.7660169 0.5046467
v -1.086946 0.7821224 0.5137638
v -1.045867 0.7660169 0.5137638
v -1.045867 0.7821224 0.5137638
v -1.028462 0.7660169 0.5046467
v -1.028462 0.7821224 0.5046467
v -1.028462 0.7821224 0.5046467
v -1.028462 0.7660169 0.4830833
v -1.028462 0.7660169 0.5046467
v -1.028462 0.7821224 0.4830833
v -1.028462 0.7821224 0.5046467
v -1.045867 0.7821224 0.4739663
v -1.028462 0.7821224 0.4830833
v -1.045867 0.7821224 0.5137638
v -1.086946 0.7821224 0.5137638
v -1.086946 0.7821224 0.4739663
v -1.10435 0.7821224 0.5046467
v -1.10435 0.7821224 0.4830833
v -1.770271 0.7782994 0.4850956
v -1.790854 0.762194 0.4969791
v -1.770271 0.762194 0.4850956
v -1.790854 0.7782994 0.4969791
v -1.790854 0.7782994 0.4969791
v -1.790854 0.762194 0.5207459
v -1.790854 0.762194 0.4969791
v -1.790854 0.7782994 0.5207459
v -1.790854 0.7782994 0.5207459
v -1.770271 0.762194 0.5326294
v -1.790854 0.762194 0.5207459
v -1.770271 0.7782994 0.5326294
v -1.770271 0.7782994 0.5326294
v -1.749688 0.762194 0.5207459
v -1.770271 0.762194 0.5326294
v -1.749688 0.7782994 0.5207459
v -1.749688 0.7782994 0.5207459
v -1.749688 0.762194 0.4969791
v -1.749688 0.762194 0.5207459
v -1.749688 0.7782994 0.4969791
v -1.749688 0.7782994 0.4969791
v -1.770271 0.762194 0.4850956
v -1.749688 0.762194 0.4969791
v -1.770271 0.7782994 0.4850956
v -1.749688 0.7782994 0.5207459
v -1.770271 0.7782994 0.4850956
v -1.749688 0.7782994 0.4969791
v -1.770271 0.7782994 0.5326294
v -1.790854 0.7782994 0.5207459
v -1.790854 0.7782994 0.4969791
v 2.071647 0.1850656 0.5781297
v 2.05632 0.1850656 0.9587026
v 2.05632 0.1850656 0.5781297
v 2.071647 0.1850656 0.9587026
v -1.968122 0.1225444 0.1071161
v -1.968122 -0.1683526 0.2721109
v -1.968122 -0.1683526 0.1071161
v -1.968122 0.1225444 0.2721109
v -1.952796 0.1225444 0.1071161
v -1.968122 -0.1683526 0.1071161
v -1.952796 -0.1683526 0.1071161
v -1.968122 0.1225444 0.1071161
v -1.952796 -0.1683526 0.1071161
v -1.968122 -0.1683526 0.2721109
v -1.952796 -0.1683526 0.2721109
v -1.968122 -0.1683526 0.1071161
v -1.952796 -0.1683526 0.2721109
v -1.968122 0.1225444 0.2721109
v -1.952796 0.1225444 0.2721109
v -1.968122 -0.1683526 0.2721109
v -1.952796 0.1225444 0.2721109
v -1.968122 0.1225444 0.1071161
v -1.952796 0.1225444 0.1071161
v -1.968122 0.1225444 0.2721109
v -1.750782 0.7789176 1.288292
v -1.744228 0.9063383 1.310222
v -1.746764 0.8955117 1.297632
v -1.749063 0.7660792 1.298986
v -1.706428 0.7459172 1.532335
v -1.701594 0.8861763 1.543571
v -1.699875 0.8733379 1.554265
v -1.703893 0.7567437 1.544925
v -1.796808 0.8012118 1.376564
v -1.777753 0.7782555 1.482343
v -1.797281 0.78749 1.375464
v -1.777281 0.7919772 1.483442
v -1.746764 0.8955117 1.297632
v -1.770211 0.7793002 1.291875
v -1.750782 0.7789176 1.288292
v -1.766192 0.8958943 1.301215
v -1.744228 0.9063383 1.310222
v -1.763657 0.9067209 1.313804
v -1.749063 0.7660792 1.298986
v -1.725857 0.7462998 1.535918
v -1.706428 0.7459172 1.532335
v -1.768492 0.7664618 1.302569
v -1.703893 0.7567437 1.544925
v -1.719304 0.8737205 1.557848
v -1.699875 0.8733379 1.554265
v -1.723322 0.7571264 1.548508
v -1.706428 0.7459172 1.532335
v -1.725857 0.7462998 1.535918
v -1.701594 0.8861763 1.543571
v -1.763657 0.9067209 1.313804
v -1.744228 0.9063383 1.310222
v -1.721023 0.8865589 1.547153
v -1.750782 0.7789176 1.288292
v -1.768492 0.7664618 1.302569
v -1.749063 0.7660792 1.298986
v -1.770211 0.7793002 1.291875
v -1.699875 0.8733379 1.554265
v -1.721023 0.8865589 1.547153
v -1.701594 0.8861763 1.543571
v -1.719304 0.8737205 1.557848
v -1.755099 0.8143583 1.370079
v -1.786387 0.7795053 1.372784
v -1.756534 0.7727197 1.366743
v -1.785379 0.8087569 1.375127
v -1.797281 0.78749 1.375464
v -1.796808 0.8012118 1.376564
v -1.756534 0.7727197 1.366743
v -1.766859 0.7702706 1.479662
v -1.737006 0.7634852 1.473621
v -1.786387 0.7795053 1.372784
v -1.777753 0.7782555 1.482343
v -1.797281 0.78749 1.375464
v -1.737006 0.7634852 1.473621
v -1.765851 0.7995224 1.482005
v -1.735571 0.8051236 1.476957
v -1.766859 0.7702706 1.479662
v -1.777281 0.7919772 1.483442
v -1.777753 0.7782555 1.482343
v -1.735571 0.8051236 1.476957
v -1.785379 0.8087569 1.375127
v -1.755099 0.8143583 1.370079
v -1.765851 0.7995224 1.482005
v -1.796808 0.8012118 1.376564
v -1.777281 0.7919772 1.483442
v -1.643837 0.7025121 1.59677
v -1.676682 0.7086491 1.554781
v -1.6551 0.701959 1.602459
v -1.666312 0.7104087 1.546228
v -1.699152 0.7274271 1.548066
v -1.69321 0.7327027 1.53696
v -1.732413 0.759026 1.552498
v -1.724427 0.7620994 1.540254
v -1.729223 0.7654851 1.537005
v -1.74029 0.7648582 1.546877
v -1.769075 0.7792218 1.467725
v -1.757088 0.7794563 1.46262
v -1.6551 0.701959 1.602459
v -1.674651 0.7218384 1.561374
v -1.654462 0.7142716 1.604887
v -1.676682 0.7086491 1.554781
v -1.692031 0.7364732 1.556299
v -1.699152 0.7274271 1.548066
v -1.728018 0.7702833 1.559784
v -1.732413 0.759026 1.552498
v -1.74029 0.7648582 1.546877
v -1.7371 0.7769217 1.55331
v -1.768251 0.79182 1.469807
v -1.769075 0.7792218 1.467725
v -1.654462 0.7142716 1.604887
v -1.66378 0.7227461 1.551247
v -1.643265 0.7148899 1.599217
v -1.674651 0.7218384 1.561374
v -1.686151 0.7416327 1.544505
v -1.692031 0.7364732 1.556299
v -1.719456 0.7731828 1.548948
v -1.728018 0.7702833 1.559784
v -1.7371 0.7769217 1.55331
v -1.727163 0.7788747 1.543541
v -1.756688 0.7924942 1.464684
v -1.768251 0.79182 1.469807
v -1.643265 0.7148899 1.599217
v -1.666312 0.7104087 1.546228
v -1.643837 0.7025121 1.59677
v -1.66378 0.7227461 1.551247
v -1.69321 0.7327027 1.53696
v -1.686151 0.7416327 1.544505
v -1.724427 0.7620994 1.540254
v -1.719456 0.7731828 1.548948
v -1.727163 0.7788747 1.543541
v -1.729223 0.7654851 1.537005
v -1.757088 0.7794563 1.46262
v -1.756688 0.7924942 1.464684
v -1.890435 -0.8949954 1.235859
v -1.968888 -0.7928489 1.222782
v -1.898721 -0.8865117 1.223963
v -1.974844 -0.782322 1.234438
v -1.951484 -0.7618458 1.47047
v -1.867075 -0.8745191 1.47189
v -1.943198 -0.7703294 1.482365
v -1.87303 -0.8639922 1.483546
v -1.993803 -0.8450341 1.306825
v -1.991362 -0.8246325 1.414793
v -1.983104 -0.8356556 1.414932
v -2.002061 -0.8340111 1.306686
v -1.898721 -0.8865117 1.223963
v -1.984584 -0.8045748 1.225352
v -1.914417 -0.8982378 1.226534
v -1.968888 -0.7928489 1.222782
v -1.99054 -0.794048 1.237008
v -1.974844 -0.782322 1.234438
v -1.974844 -0.782322 1.234438
v -1.96718 -0.7735717 1.47304
v -1.99054 -0.794048 1.237008
v -1.951484 -0.7618458 1.47047
v -1.943198 -0.7703294 1.482365
v -1.888726 -0.8757182 1.486117
v -1.958893 -0.7820554 1.484936
v -1.87303 -0.8639922 1.483546
v -1.867075 -0.8745191 1.47189
v -1.90613 -0.9067214 1.238429
v -1.882771 -0.8862451 1.474461
v -1.890435 -0.8949954 1.235859
v -1.914417 -0.8982378 1.226534
v -1.890435 -0.8949954 1.235859
v -1.898721 -0.8865117 1.223963
v -1.90613 -0.9067214 1.238429
v -1.951484 -0.7618458 1.47047
v -1.958893 -0.7820554 1.484936
v -1.96718 -0.7735717 1.47304
v -1.943198 -0.7703294 1.482365
v -1.87303 -0.8639922 1.483546
v -1.882771 -0.8862451 1.474461
v -1.888726 -0.8757182 1.486117
v -1.867075 -0.8745191 1.47189
v -1.997717 -0.821037 1.30513
v -1.952096 -0.8313645 1.301512
v -1.977155 -0.7979154 1.301089
v -1.980113 -0.8445354 1.305427
v -2.002061 -0.8340111 1.306686
v -1.993803 -0.8450341 1.306825
v -1.987018 -0.8116584 1.413237
v -1.977155 -0.7979154 1.301089
v -1.966455 -0.7885368 1.409197
v -1.997717 -0.821037 1.30513
v -1.991362 -0.8246325 1.414793
v -2.002061 -0.8340111 1.306686
v -1.969414 -0.8351569 1.413534
v -1.966455 -0.7885368 1.409197
v -1.941397 -0.8219861 1.409618
v -1.987018 -0.8116584 1.413237
v -1.983104 -0.8356556 1.414932
v -1.991362 -0.8246325 1.414793
v -1.980113 -0.8445354 1.305427
v -1.941397 -0.8219861 1.409618
v -1.952096 -0.8313645 1.301512
v -1.969414 -0.8351569 1.413534
v -1.993803 -0.8450341 1.306825
v -1.983104 -0.8356556 1.414932
v -1.671562 -0.7465438 1.551411
v -1.643837 -0.7422655 1.59677
v -1.6551 -0.7417123 1.602459
v -1.661595 -0.750327 1.543182
v -1.681955 -0.7539115 1.532706
v -1.683126 -0.7468207 1.544333
v -1.905051 -0.7605938 1.557783
v -1.899109 -0.7658694 1.546676
v -1.938312 -0.7921927 1.552498
v -1.930326 -0.7952661 1.540254
v -1.935122 -0.7986518 1.537005
v -1.946189 -0.7980249 1.546877
v -1.973271 -0.8123884 1.396589
v -1.961285 -0.8126229 1.391483
v -1.669639 -0.7577296 1.560516
v -1.6551 -0.7417123 1.602459
v -1.654462 -0.754025 1.604887
v -1.671562 -0.7465438 1.551411
v -1.659437 -0.7612513 1.550756
v -1.654462 -0.754025 1.604887
v -1.643265 -0.7546433 1.599217
v -1.669639 -0.7577296 1.560516
v -1.682313 -0.7588661 1.552785
v -1.68145 -0.7655559 1.539429
v -1.892049 -0.7747992 1.554221
v -1.89793 -0.7696398 1.566015
v -1.925355 -0.8063495 1.548948
v -1.933917 -0.8034499 1.559784
v -1.942999 -0.8100884 1.55331
v -1.933061 -0.8120414 1.543541
v -1.960885 -0.8256608 1.393547
v -1.972448 -0.8249866 1.398671
v -1.661595 -0.750327 1.543182
v -1.643265 -0.7546433 1.599217
v -1.643837 -0.7422655 1.59677
v -1.659437 -0.7612513 1.550756
v -1.946189 -0.7980249 1.546877
v -1.972448 -0.8249866 1.398671
v -1.973271 -0.8123884 1.396589
v -1.942999 -0.8100884 1.55331
v -1.933917 -0.8034499 1.559784
v -1.938312 -0.7921927 1.552498
v -1.905051 -0.7605938 1.557783
v -1.89793 -0.7696398 1.566015
v -1.683126 -0.7468207 1.544333
v -1.682313 -0.7588661 1.552785
v -1.669639 -0.7577296 1.560516
v -1.671562 -0.7465438 1.551411
v -1.933061 -0.8120414 1.543541
v -1.961285 -0.8126229 1.391483
v -1.960885 -0.8256608 1.393547
v -1.935122 -0.7986518 1.537005
v -1.930326 -0.7952661 1.540254
v -1.925355 -0.8063495 1.548948
v -1.892049 -0.7747992 1.554221
v -1.899109 -0.7658694 1.546676
v -1.68145 -0.7655559 1.539429
v -1.681955 -0.7539115 1.532706
v -1.661595 -0.750327 1.543182
v -1.659437 -0.7612513 1.550756
v -1.924428 -0.7494417 1.476927
v -1.911999 -0.7190802 1.529018
v -1.927307 -0.7434832 1.4814
v -1.906013 -0.7200857 1.53421
v -1.817171 -0.7898767 1.541415
v -1.835586 -0.8192327 1.484132
v -1.8296 -0.820238 1.489324
v -1.814292 -0.7958351 1.536942
v -1.903404 -0.7664296 1.53514
v -1.860911 -0.7955232 1.544044
v -1.862712 -0.798395 1.53844
v -1.901602 -0.7635577 1.540744
v -1.917218 -0.7252252 1.533845
v -1.927307 -0.7434832 1.4814
v -1.911999 -0.7190802 1.529018
v -1.932526 -0.7496282 1.486227
v -1.924428 -0.7494417 1.476927
v -1.929647 -0.7555865 1.481754
v -1.906013 -0.7200857 1.53421
v -1.822389 -0.7960216 1.546242
v -1.911232 -0.7262306 1.539037
v -1.817171 -0.7898767 1.541415
v -1.834819 -0.8263829 1.494151
v -1.814292 -0.7958351 1.536942
v -1.8296 -0.820238 1.489324
v -1.819511 -0.80198 1.541769
v -1.817171 -0.7898767 1.541415
v -1.822389 -0.7960216 1.546242
v -1.835586 -0.8192327 1.484132
v -1.929647 -0.7555865 1.481754
v -1.840805 -0.8253776 1.488959
v -1.924428 -0.7494417 1.476927
v -1.911999 -0.7190802 1.529018
v -1.911232 -0.7262306 1.539037
v -1.917218 -0.7252252 1.533845
v -1.906013 -0.7200857 1.53421
v -1.8296 -0.820238 1.489324
v -1.840805 -0.8253776 1.488959
v -1.834819 -0.8263829 1.494151
v -1.835586 -0.8192327 1.484132
v -1.897585 -0.7584022 1.541142
v -1.894162 -0.7563115 1.519197
v -1.888695 -0.7475966 1.536202
v -1.901425 -0.7645246 1.529196
v -1.901602 -0.7635577 1.540744
v -1.903404 -0.7664296 1.53514
v -1.856893 -0.7903679 1.544442
v -1.888695 -0.7475966 1.536202
v -1.848004 -0.7795622 1.539502
v -1.897585 -0.7584022 1.541142
v -1.860911 -0.7955232 1.544044
v -1.901602 -0.7635577 1.540744
v -1.860734 -0.7964901 1.532496
v -1.848004 -0.7795622 1.539502
v -1.853471 -0.788277 1.522497
v -1.856893 -0.7903679 1.544442
v -1.862712 -0.798395 1.53844
v -1.860911 -0.7955232 1.544044
v -1.901425 -0.7645246 1.529196
v -1.853471 -0.788277 1.522497
v -1.894162 -0.7563115 1.519197
v -1.860734 -0.7964901 1.532496
v -1.903404 -0.7664296 1.53514
v -1.862712 -0.798395 1.53844
v -2.029613 -0.6773447 1.420136
v -1.988008 -0.6834928 1.41285
v -1.990958 -0.6901805 1.422932
v -2.026663 -0.670657 1.410054
v -2.063232 -0.6908662 1.401331
v -2.060282 -0.6841785 1.391248
v -2.072123 -0.7228242 1.377531
v -2.069173 -0.7161365 1.367449
v -2.051077 -0.7544982 1.36268
v -2.069173 -0.7161365 1.367449
v -2.072123 -0.7228242 1.377531
v -2.048127 -0.7478106 1.352597
v -2.012422 -0.767334 1.365476
v -2.009472 -0.7606463 1.355393
v -1.978802 -0.7538126 1.384281
v -1.975852 -0.7471249 1.374199
v -1.969912 -0.7218545 1.40808
v -1.975852 -0.7471249 1.374199
v -1.978802 -0.7538126 1.384281
v -1.966962 -0.7151667 1.397998
v -1.990958 -0.6901805 1.422932
v -1.988008 -0.6834928 1.41285
v -2.025697 -0.7215302 1.408436
v -2.033224 -0.7295831 1.400893
v -2.03165 -0.7239244 1.405107
v -2.015126 -0.7294114 1.406302
v -2.018852 -0.723803 1.408931
v -2.022653 -0.7374644 1.398758
v -2.029497 -0.7351916 1.398263
v -2.0167 -0.7350701 1.402088
v -2.033608 -0.7228253 1.389646
v -2.03055 -0.7351997 1.393077
v -2.02849 -0.7305281 1.386034
v -2.035669 -0.727497 1.396689
v -2.029497 -0.7351916 1.398263
v -2.031446 -0.7150536 1.395434
v -2.033224 -0.7295831 1.400893
v -2.033507 -0.7197252 1.402477
v -2.02327 -0.7117653 1.400007
v -2.03165 -0.7239244 1.405107
v -2.025331 -0.7164369 1.40705
v -2.01387 -0.7148868 1.400687
v -2.025697 -0.7215302 1.408436
v -2.01593 -0.7195584 1.40773
v -2.008751 -0.7225896 1.397075
v -2.018852 -0.723803 1.408931
v -2.010812 -0.7272611 1.404118
v -2.010913 -0.7303614 1.391288
v -2.015126 -0.7294114 1.406302
v -2.012974 -0.7350329 1.398331
v -2.019089 -0.7336496 1.386714
v -2.0167 -0.7350701 1.402088
v -2.02115 -0.7383213 1.393757
v -2.02849 -0.7305281 1.386034
v -2.022653 -0.7374644 1.398758
v -2.03055 -0.7351997 1.393077
v -2.029497 -0.7351916 1.398263
v -2.020455 -0.7235125 1.40072
v -1.973075 -0.812555 1.404878
v -2.023476 -0.7252569 1.404878
v -1.970053 -0.8108104 1.40072
v -2.025342 -0.726334 1.395985
v -1.977962 -0.8153765 1.400143
v -1.97494 -0.813632 1.395985
v -2.028363 -0.7280785 1.400143
v -2.020455 -0.7235125 1.40072
v -1.97494 -0.813632 1.395985
v -1.970053 -0.8108104 1.40072
v -2.025342 -0.726334 1.395985
v -1.973075 -0.812555 1.404878
v -2.028363 -0.7280785 1.400143
v -2.023476 -0.7252569 1.404878
v -1.977962 -0.8153765 1.400143
v -1.939116 0.3371376 1.000058
v -1.922528 0.4702999 0.895194
v -1.920809 0.4805378 0.9158764
v -1.940513 0.3224782 0.9817764
v -1.946551 0.1937374 1.084239
v -1.947628 0.1746566 1.068359
v -1.946612 0.1520353 1.138532
v -1.945319 0.1784831 1.129409
v -1.922528 0.4702999 0.895194
v -1.928419 0.3213435 0.9793408
v -1.90697 0.4696316 0.892674
v -1.940513 0.3224782 0.9817764
v -1.938997 0.1730555 1.066007
v -1.947628 0.1746566 1.068359
v -1.939826 0.1511718 1.138236
v -1.946612 0.1520353 1.138532
v -1.939826 0.1511718 1.138236
v -1.945319 0.1784831 1.129409
v -1.937708 0.1793541 1.129178
v -1.946612 0.1520353 1.138532
v -1.905298 0.4808275 0.9151346
v -1.922528 0.4702999 0.895194
v -1.90697 0.4696316 0.892674
v -1.920809 0.4805378 0.9158764
v -1.945319 0.1784831 1.129409
v -1.936746 0.1956553 1.084042
v -1.937708 0.1793541 1.129178
v -1.946551 0.1937374 1.084239
v -1.939116 0.3371376 1.000058
v -1.926458 0.3382415 0.9995884
v -1.920809 0.4805378 0.9158764
v -1.905298 0.4808275 0.9151346
v -1.923521 0.3716866 1.13368
v -1.939517 0.2280934 1.120651
v -1.924458 0.3719088 1.118079
v -1.938032 0.2277908 1.144722
v -1.944358 0.09436105 1.117647
v -1.942752 0.09314128 1.143934
v -1.945145 -0.01660263 1.115545
v -1.94395 -0.01768702 1.136355
v -1.940995 -0.1856842 1.113442
v -1.940212 -0.1866333 1.128776
v -1.924458 0.3719088 1.118079
v -1.922361 0.2278033 1.117303
v -1.908888 0.3724718 1.116445
v -1.939517 0.2280934 1.120651
v -1.927086 0.09429606 1.114252
v -1.944358 0.09436105 1.117647
v -1.945145 -0.01660263 1.115545
v -1.92897 -0.01728173 1.113087
v -1.940995 -0.1856842 1.113442
v -1.925917 -0.1869774 1.111921
v -1.925917 -0.1869774 1.111921
v -1.940212 -0.1866333 1.128776
v -1.925342 -0.1879321 1.128568
v -1.940995 -0.1856842 1.113442
v -1.908238 0.3721344 1.133608
v -1.924458 0.3719088 1.118079
v -1.908888 0.3724718 1.116445
v -1.923521 0.3716866 1.13368
v -1.908238 0.3721344 1.133608
v -1.938032 0.2277908 1.144722
v -1.923521 0.3716866 1.13368
v -1.921472 0.2275291 1.14492
v -1.942752 0.09314128 1.143934
v -1.926319 0.09268134 1.144121
v -1.94395 -0.01768702 1.136355
v -1.928299 -0.01856645 1.136344
v -1.940212 -0.1866333 1.128776
v -1.925342 -0.1879321 1.128568
v -1.924266 -0.5191875 0.8962433
v -1.945022 -0.3634217 0.96514
v -1.920583 -0.5237234 0.918635
v -1.948283 -0.3539934 0.943891
v -1.948645 -0.2031201 1.007689
v -1.949722 -0.1887995 0.9874117
v -1.950955 -0.149089 1.064499
v -1.949661 -0.1764295 1.058566
v -1.936466 -0.3535278 0.9402006
v -1.924266 -0.5191875 0.8962433
v -1.908995 -0.5191941 0.8922902
v -1.948283 -0.3539934 0.943891
v -1.941092 -0.1878614 0.9847261
v -1.949722 -0.1887995 0.9874117
v -1.944169 -0.1482665 1.064103
v -1.949661 -0.1764295 1.058566
v -1.950955 -0.149089 1.064499
v -1.942051 -0.1773216 1.058439
v -1.93884 -0.2050236 1.007995
v -1.945022 -0.3634217 0.96514
v -1.948645 -0.2031201 1.007689
v -1.932426 -0.3646094 0.9638698
v -1.920583 -0.5237234 0.918635
v -1.905186 -0.5241954 0.916644
v -1.905186 -0.5241954 0.916644
v -1.924266 -0.5191875 0.8962433
v -1.920583 -0.5237234 0.918635
v -1.908995 -0.5191941 0.8922902
v -1.93884 -0.2050236 1.007995
v -1.949661 -0.1764295 1.058566
v -1.942051 -0.1773216 1.058439
v -1.948645 -0.2031201 1.007689
v -1.949722 -0.1887995 0.9874117
v -1.944169 -0.1482665 1.064103
v -1.950955 -0.149089 1.064499
v -1.941092 -0.1878614 0.9847261
v -1.943405 -0.2491825 1.045849
v -1.927409 -0.3927757 1.058878
v -1.928345 -0.3929979 1.043278
v -1.941919 -0.2488799 1.06992
v -1.948246 -0.1154502 1.042846
v -1.946639 -0.1142304 1.069132
v -1.949032 -0.004486439 1.040743
v -1.947838 -0.003402084 1.061554
v -1.944882 0.1645952 1.038641
v -1.9441 0.1655443 1.053975
v -1.926248 -0.2488924 1.042502
v -1.928345 -0.3929979 1.043278
v -1.912775 -0.3935609 1.041644
v -1.943405 -0.2491825 1.045849
v -1.930974 -0.1153851 1.039451
v -1.948246 -0.1154502 1.042846
v -1.949032 -0.004486439 1.040743
v -1.932858 -0.003807356 1.038285
v -1.944882 0.1645952 1.038641
v -1.929805 0.1658884 1.03712
v -1.929805 0.1658884 1.03712
v -1.9441 0.1655443 1.053975
v -1.944882 0.1645952 1.038641
v -1.929229 0.1668432 1.053766
v -1.912125 -0.3932235 1.058806
v -1.928345 -0.3929979 1.043278
v -1.927409 -0.3927757 1.058878
v -1.912775 -0.3935609 1.041644
v -1.941919 -0.2488799 1.06992
v -1.912125 -0.3932235 1.058806
v -1.927409 -0.3927757 1.058878
v -1.925359 -0.2486181 1.070118
v -1.946639 -0.1142304 1.069132
v -1.930206 -0.1137704 1.069319
v -1.947838 -0.003402084 1.061554
v -1.932186 -0.002522598 1.061543
v -1.9441 0.1655443 1.053975
v -1.929229 0.1668432 1.053766
v -1.391018 -0.8150823 0.4695927
v -1.317376 -0.7753182 0.4373445
v -1.329688 -0.8150823 0.425034
v -1.383114 -0.7753182 0.4851051
v -1.463115 -0.8150823 0.4930186
v -1.383114 -0.6809356 0.4851054
v -1.317377 -0.6809356 0.4373447
v -1.460392 -0.6809355 0.5102149
v -1.460391 -0.7753182 0.5102139
v -1.538924 -0.8150823 0.4930187
v -1.541648 -0.6809356 0.5102149
v -1.541647 -0.7753182 0.5102142
v -1.611021 -0.8150823 0.4695922
v -1.618926 -0.6809356 0.4851057
v -1.618925 -0.7753182 0.4851046
v -1.672352 -0.8150823 0.4250338
v -1.684663 -0.6809355 0.4373449
v -1.684662 -0.775318 0.437344
v -1.71691 -0.8150823 0.3637031
v -1.732423 -0.6809356 0.371608
v -1.732423 -0.775318 0.3716072
v -1.740337 -0.8150823 0.2916057
v -1.757533 -0.6809356 0.2943298
v -1.757532 -0.775318 0.2943289
v -1.740337 -0.8150823 0.2157972
v -1.757533 -0.6809355 0.2130744
v -1.757532 -0.775318 0.2130733
v -1.716911 -0.8150823 0.1436997
v -1.732423 -0.6809355 0.1357958
v -1.732423 -0.775318 0.135795
v -1.672351 -0.8150823 0.08236933
v -1.684663 -0.6809356 0.07005892
v -1.684662 -0.775318 0.07005824
v -1.611021 -0.8150823 0.03781054
v -1.684662 -0.775318 0.07005824
v -1.672351 -0.8150823 0.08236933
v -1.618925 -0.775318 0.02229754
v -1.538923 -0.8150823 0.01438441
v -1.618926 -0.6809356 0.02229823
v -1.684663 -0.6809356 0.07005892
v -1.541647 -0.6809356 -0.002811107
v -1.541646 -0.775318 -0.002811947
v -1.463115 -0.8150823 0.01438471
v -1.460392 -0.6809356 -0.002810872
v -1.460391 -0.775318 -0.002811796
v -1.391017 -0.8150823 0.03781054
v -1.383114 -0.6809356 0.02229869
v -1.383113 -0.775318 0.02229808
v -1.329687 -0.8150823 0.08236933
v -1.317377 -0.6809356 0.07005892
v -1.317376 -0.7753182 0.0700584
v -1.285128 -0.8150823 0.1436993
v -1.269616 -0.6809356 0.1357958
v -1.269616 -0.775318 0.1357954
v -1.261702 -0.8150823 0.2157975
v -1.244507 -0.6809356 0.2130743
v -1.244506 -0.7753182 0.2130734
v -1.261703 -0.8150823 0.2916059
v -1.244507 -0.6809356 0.2943293
v -1.244506 -0.7753182 0.2943284
v -1.285128 -0.8150823 0.3637036
v -1.269616 -0.6809356 0.3716078
v -1.269616 -0.7753182 0.3716074
v -1.329688 -0.8150823 0.425034
v -1.317377 -0.6809356 0.4373447
v -1.317376 -0.7753182 0.4373445
v -1.285128 -0.8150823 0.3637036
v -1.386482 -0.814283 0.3682396
v -1.329688 -0.8150823 0.425034
v -1.356694 -0.814283 0.327239
v -1.394537 -0.8034704 0.3601838
v -1.261703 -0.8150823 0.2916059
v -1.366844 -0.8034704 0.3220669
v -1.341033 -0.814283 0.2790411
v -1.261702 -0.8150823 0.2157975
v -1.352284 -0.8034704 0.2772585
v -1.341033 -0.814283 0.2283621
v -1.285128 -0.8150823 0.1436993
v -1.352284 -0.8034704 0.2301438
v -1.356693 -0.814283 0.1801637
v -1.329687 -0.8150823 0.08236933
v -1.366844 -0.8034704 0.1853354
v -1.386482 -0.814283 0.1391638
v -1.391017 -0.8150823 0.03781054
v -1.394537 -0.8034704 0.1472189
v -1.427481 -0.814283 0.1093757
v -1.463115 -0.8150823 0.01438471
v -1.432653 -0.8034704 0.1195258
v -1.47568 -0.814283 0.09371523
v -1.538923 -0.8150823 0.01438441
v -1.477461 -0.8034704 0.1049664
v -1.526359 -0.814283 0.093715
v -1.611021 -0.8150823 0.03781054
v -1.524576 -0.8034704 0.1049665
v -1.574557 -0.814283 0.1093757
v -1.672351 -0.8150823 0.08236933
v -1.569385 -0.8034704 0.1195256
v -1.615557 -0.814283 0.1391638
v -1.607501 -0.8034704 0.1472187
v -1.716911 -0.8150823 0.1436997
v -1.615557 -0.814283 0.1391638
v -1.672351 -0.8150823 0.08236933
v -1.645345 -0.814283 0.1801634
v -1.607501 -0.8034704 0.1472187
v -1.740337 -0.8150823 0.2157972
v -1.635195 -0.8034704 0.1853355
v -1.661006 -0.814283 0.2283621
v -1.740337 -0.8150823 0.2916057
v -1.649754 -0.8034704 0.2301442
v -1.661006 -0.814283 0.2790408
v -1.71691 -0.8150823 0.3637031
v -1.649754 -0.8034704 0.2772583
v -1.645345 -0.814283 0.3272389
v -1.672352 -0.8150823 0.4250338
v -1.635195 -0.8034704 0.3220671
v -1.615557 -0.814283 0.3682389
v -1.611021 -0.8150823 0.4695922
v -1.607501 -0.8034704 0.3601832
v -1.574557 -0.814283 0.398027
v -1.538924 -0.8150823 0.4930187
v -1.569385 -0.8034704 0.387877
v -1.526359 -0.814283 0.4136882
v -1.463115 -0.8150823 0.4930186
v -1.524576 -0.8034704 0.4024359
v -1.47568 -0.814283 0.4136879
v -1.391018 -0.8150823 0.4695927
v -1.477462 -0.8034704 0.4024362
v -1.427481 -0.814283 0.3980268
v -1.329688 -0.8150823 0.425034
v -1.432654 -0.8034704 0.387877
v -1.386482 -0.814283 0.3682396
v -1.394537 -0.8034704 0.3601838
v -1.285129 -0.5467888 0.363704
v -1.317378 -0.586553 0.4373454
v -1.329688 -0.5467889 0.4250341
v -1.269617 -0.586553 0.371608
v -1.261703 -0.5467889 0.2916064
v -1.269616 -0.6809356 0.3716078
v -1.317377 -0.6809356 0.4373447
v -1.244507 -0.6809356 0.2943293
v -1.244508 -0.586553 0.2943302
v -1.261703 -0.5467888 0.2157981
v -1.244507 -0.6809356 0.2130743
v -1.244508 -0.586553 0.2130746
v -1.28513 -0.5467889 0.1437007
v -1.269616 -0.6809356 0.1357958
v -1.269617 -0.586553 0.1357966
v -1.329688 -0.5467889 0.08236986
v -1.317377 -0.6809356 0.07005892
v -1.317378 -0.5865533 0.0700596
v -1.391019 -0.5467889 0.03781153
v -1.383114 -0.6809356 0.02229869
v -1.383115 -0.5865533 0.02229907
v -1.463116 -0.5467888 0.01438502
v -1.460392 -0.6809356 -0.002810872
v -1.460393 -0.5865533 -0.002810486
v -1.538925 -0.5467889 0.0143851
v -1.541647 -0.6809356 -0.002811107
v -1.541648 -0.5865533 -0.002810183
v -1.611022 -0.5467888 0.03781099
v -1.618926 -0.6809356 0.02229823
v -1.618927 -0.5865533 0.02229907
v -1.672353 -0.5467889 0.08237025
v -1.684663 -0.6809356 0.07005892
v -1.684664 -0.5865533 0.07005984
v -1.716911 -0.5467889 0.1437003
v -1.684664 -0.5865533 0.07005984
v -1.672353 -0.5467889 0.08237025
v -1.732424 -0.5865532 0.1357968
v -1.740337 -0.5467888 0.2157985
v -1.732423 -0.6809355 0.1357958
v -1.684663 -0.6809356 0.07005892
v -1.757533 -0.6809355 0.2130744
v -1.757534 -0.5865533 0.2130755
v -1.740337 -0.5467888 0.2916065
v -1.757533 -0.6809356 0.2943298
v -1.757533 -0.5865532 0.2943307
v -1.716911 -0.5467888 0.3637048
v -1.732423 -0.6809356 0.371608
v -1.732424 -0.5865533 0.3716087
v -1.672353 -0.5467888 0.4250343
v -1.684663 -0.6809355 0.4373449
v -1.684663 -0.586553 0.4373454
v -1.611022 -0.5467888 0.4695936
v -1.618926 -0.6809356 0.4851057
v -1.618927 -0.5865533 0.485106
v -1.538924 -0.5467888 0.4930193
v -1.541648 -0.6809356 0.5102149
v -1.541648 -0.5865529 0.5102152
v -1.463116 -0.5467889 0.4930192
v -1.460392 -0.6809355 0.5102149
v -1.460394 -0.586553 0.5102159
v -1.391018 -0.5467889 0.4695933
v -1.383114 -0.6809356 0.4851054
v -1.383114 -0.586553 0.485106
v -1.329688 -0.5467889 0.4250341
v -1.317377 -0.6809356 0.4373447
v -1.317378 -0.586553 0.4373454
v -1.391018 -0.5467889 0.4695933
v -1.386482 -0.5475882 0.3682396
v -1.329688 -0.5467889 0.4250341
v -1.427483 -0.5475882 0.3980282
v -1.394538 -0.5584009 0.3601846
v -1.463116 -0.5467889 0.4930192
v -1.432655 -0.5584009 0.3878782
v -1.475681 -0.5475882 0.4136885
v -1.538924 -0.5467888 0.4930193
v -1.477463 -0.5584007 0.4024375
v -1.52636 -0.5475882 0.4136889
v -1.611022 -0.5467888 0.4695936
v -1.524578 -0.5584008 0.4024375
v -1.574558 -0.5475882 0.3980284
v -1.672353 -0.5467888 0.4250343
v -1.569386 -0.5584009 0.3878781
v -1.615558 -0.5475882 0.3682398
v -1.716911 -0.5467888 0.3637048
v -1.607503 -0.5584007 0.3601846
v -1.645346 -0.5475882 0.3272404
v -1.740337 -0.5467888 0.2916065
v -1.635196 -0.5584009 0.3220684
v -1.661007 -0.5475882 0.2790421
v -1.740337 -0.5467888 0.2157985
v -1.649755 -0.5584008 0.2772602
v -1.661007 -0.5475882 0.2283631
v -1.716911 -0.5467889 0.1437003
v -1.649755 -0.5584007 0.2301454
v -1.645346 -0.5475882 0.1801649
v -1.672353 -0.5467889 0.08237025
v -1.635196 -0.5584009 0.1853369
v -1.615558 -0.5475882 0.1391648
v -1.607503 -0.5584009 0.1472203
v -1.611022 -0.5467888 0.03781099
v -1.615558 -0.5475882 0.1391648
v -1.672353 -0.5467889 0.08237025
v -1.574559 -0.5475882 0.1093771
v -1.607503 -0.5584009 0.1472203
v -1.538925 -0.5467889 0.0143851
v -1.569386 -0.5584008 0.1195267
v -1.52636 -0.5475883 0.09371606
v -1.463116 -0.5467888 0.01438502
v -1.524578 -0.5584009 0.1049678
v -1.475681 -0.5475883 0.09371591
v -1.391019 -0.5467889 0.03781153
v -1.477463 -0.5584009 0.1049676
v -1.427483 -0.5475882 0.109377
v -1.329688 -0.5467889 0.08236986
v -1.432655 -0.5584009 0.1195268
v -1.386483 -0.5475882 0.1391647
v -1.28513 -0.5467889 0.1437007
v -1.394538 -0.5584009 0.1472203
v -1.356695 -0.5475882 0.180165
v -1.261703 -0.5467888 0.2157981
v -1.366845 -0.5584009 0.1853367
v -1.341034 -0.5475882 0.2283625
v -1.261703 -0.5467889 0.2916064
v -1.352286 -0.5584009 0.2301453
v -1.341034 -0.5475883 0.2790419
v -1.285129 -0.5467888 0.363704
v -1.352286 -0.5584009 0.2772597
v -1.356695 -0.5475882 0.3272406
v -1.329688 -0.5467889 0.4250341
v -1.366845 -0.5584008 0.3220683
v -1.386482 -0.5475882 0.3682396
v -1.394538 -0.5584009 0.3601846
v 1.330019 -0.8150823 0.469596
v 1.40366 -0.7753182 0.4373476
v 1.391349 -0.8150823 0.4250371
v 1.337923 -0.7753182 0.4851082
v 1.257921 -0.8150823 0.4930218
v 1.337923 -0.6809356 0.4851087
v 1.40366 -0.6809356 0.437348
v 1.260644 -0.6809355 0.5102182
v 1.260645 -0.7753182 0.5102171
v 1.182113 -0.8150823 0.493022
v 1.179389 -0.6809356 0.5102182
v 1.17939 -0.7753182 0.5102174
v 1.110016 -0.8150823 0.4695954
v 1.102111 -0.6809356 0.4851089
v 1.102112 -0.7753182 0.4851079
v 1.048685 -0.8150823 0.425037
v 1.036374 -0.6809355 0.437348
v 1.036374 -0.775318 0.4373473
v 1.004126 -0.8150823 0.3637063
v 0.9886133 -0.6809356 0.3716112
v 0.988614 -0.775318 0.3716103
v 0.9806999 -0.8150823 0.2916089
v 0.9635038 -0.6809356 0.2943331
v 0.9635045 -0.775318 0.2943321
v 0.9807 -0.8150823 0.2158005
v 0.9635038 -0.6809355 0.2130777
v 0.9635049 -0.775318 0.2130765
v 1.004126 -0.8150823 0.1437029
v 0.9886132 -0.6809355 0.135799
v 0.988614 -0.775318 0.1357982
v 1.048685 -0.8150823 0.08237253
v 1.036374 -0.6809356 0.07006212
v 1.036375 -0.775318 0.07006144
v 1.110015 -0.8150823 0.03781375
v 1.036375 -0.775318 0.07006144
v 1.048685 -0.8150823 0.08237253
v 1.102112 -0.775318 0.02230075
v 1.182113 -0.8150823 0.01438762
v 1.102111 -0.6809356 0.02230144
v 1.036374 -0.6809356 0.07006212
v 1.179389 -0.6809356 -0.002807815
v 1.17939 -0.775318 -0.002808738
v 1.257922 -0.8150823 0.01438799
v 1.260645 -0.6809356 -0.002807664
v 1.260646 -0.775318 -0.002808587
v 1.33002 -0.8150823 0.03781381
v 1.337923 -0.6809356 0.02230189
v 1.337924 -0.775318 0.02230127
v 1.391349 -0.8150823 0.08237253
v 1.40366 -0.6809356 0.07006212
v 1.40366 -0.7753182 0.07006168
v 1.435908 -0.8150823 0.1437026
v 1.451421 -0.6809356 0.135799
v 1.451421 -0.775318 0.1357986
v 1.459334 -0.8150823 0.2158008
v 1.47653 -0.6809356 0.2130775
v 1.47653 -0.7753182 0.2130767
v 1.459334 -0.8150823 0.2916091
v 1.47653 -0.6809356 0.2943327
v 1.476531 -0.7753182 0.2943316
v 1.435908 -0.8150823 0.3637068
v 1.451421 -0.6809356 0.3716111
v 1.451421 -0.7753182 0.3716107
v 1.391349 -0.8150823 0.4250371
v 1.40366 -0.6809356 0.437348
v 1.40366 -0.7753182 0.4373476
v 1.435908 -0.8150823 0.3637068
v 1.334555 -0.814283 0.3682427
v 1.391349 -0.8150823 0.4250371
v 1.364343 -0.814283 0.3272423
v 1.3265 -0.8034704 0.360187
v 1.459334 -0.8150823 0.2916091
v 1.354193 -0.8034704 0.3220702
v 1.380003 -0.814283 0.2790444
v 1.459334 -0.8150823 0.2158008
v 1.368752 -0.8034704 0.2772617
v 1.380004 -0.814283 0.2283653
v 1.435908 -0.8150823 0.1437026
v 1.368753 -0.8034704 0.230147
v 1.364343 -0.814283 0.1801669
v 1.391349 -0.8150823 0.08237253
v 1.354193 -0.8034704 0.1853386
v 1.334555 -0.814283 0.139167
v 1.33002 -0.8150823 0.03781381
v 1.3265 -0.8034704 0.1472221
v 1.293555 -0.814283 0.1093789
v 1.257922 -0.8150823 0.01438799
v 1.288384 -0.8034704 0.119529
v 1.245357 -0.814283 0.09371844
v 1.182113 -0.8150823 0.01438762
v 1.243575 -0.8034704 0.1049696
v 1.194678 -0.814283 0.09371829
v 1.110015 -0.8150823 0.03781375
v 1.19646 -0.8034704 0.1049697
v 1.14648 -0.814283 0.109379
v 1.048685 -0.8150823 0.08237253
v 1.151652 -0.8034704 0.1195288
v 1.10548 -0.814283 0.1391671
v 1.113535 -0.8034704 0.1472219
v 1.004126 -0.8150823 0.1437029
v 1.10548 -0.814283 0.1391671
v 1.048685 -0.8150823 0.08237253
v 1.075692 -0.814283 0.1801666
v 1.113535 -0.8034704 0.1472219
v 0.9807 -0.8150823 0.2158005
v 1.085842 -0.8034704 0.1853387
v 1.060031 -0.814283 0.2283653
v 0.9806999 -0.8150823 0.2916089
v 1.071283 -0.8034704 0.2301473
v 1.060031 -0.814283 0.279044
v 1.004126 -0.8150823 0.3637063
v 1.071283 -0.8034704 0.2772615
v 1.075692 -0.814283 0.3272421
v 1.048685 -0.8150823 0.425037
v 1.085842 -0.8034704 0.3220703
v 1.10548 -0.814283 0.3682422
v 1.110016 -0.8150823 0.4695954
v 1.113535 -0.8034704 0.3601864
v 1.14648 -0.814283 0.3980302
v 1.182113 -0.8150823 0.493022
v 1.151652 -0.8034704 0.3878802
v 1.194677 -0.814283 0.4136914
v 1.257921 -0.8150823 0.4930218
v 1.19646 -0.8034704 0.4024391
v 1.245357 -0.814283 0.413691
v 1.330019 -0.8150823 0.469596
v 1.243575 -0.8034704 0.4024393
v 1.293555 -0.814283 0.3980301
v 1.391349 -0.8150823 0.4250371
v 1.288383 -0.8034704 0.3878802
v 1.334555 -0.814283 0.3682427
v 1.3265 -0.8034704 0.360187
v 1.435908 -0.5467888 0.3637073
v 1.403659 -0.586553 0.4373486
v 1.391349 -0.5467889 0.4250374
v 1.45142 -0.586553 0.3716114
v 1.459333 -0.5467889 0.2916097
v 1.451421 -0.6809356 0.3716111
v 1.40366 -0.6809356 0.437348
v 1.47653 -0.6809356 0.2943327
v 1.476529 -0.586553 0.2943335
v 1.459334 -0.5467888 0.2158013
v 1.47653 -0.6809356 0.2130775
v 1.476529 -0.586553 0.2130778
v 1.435907 -0.5467889 0.1437039
v 1.451421 -0.6809356 0.135799
v 1.45142 -0.586553 0.1357998
v 1.391349 -0.5467889 0.08237308
v 1.40366 -0.6809356 0.07006212
v 1.403659 -0.5865533 0.07006281
v 1.330018 -0.5467889 0.03781474
v 1.337923 -0.6809356 0.02230189
v 1.337922 -0.5865533 0.02230226
v 1.257921 -0.5467888 0.01438822
v 1.260645 -0.6809356 -0.002807664
v 1.260644 -0.5865533 -0.00280721
v 1.182112 -0.5467889 0.01438837
v 1.179389 -0.6809356 -0.002807815
v 1.179388 -0.5865533 -0.002806975
v 1.110015 -0.5467888 0.03781429
v 1.102111 -0.6809356 0.02230144
v 1.10211 -0.5865533 0.02230226
v 1.048684 -0.5467889 0.08237352
v 1.036374 -0.6809356 0.07006212
v 1.036373 -0.5865533 0.07006311
v 1.004125 -0.5467889 0.1437035
v 1.036373 -0.5865533 0.07006311
v 1.048684 -0.5467889 0.08237352
v 0.9886124 -0.5865532 0.1358001
v 0.9806994 -0.5467888 0.2158017
v 0.9886132 -0.6809355 0.135799
v 1.036374 -0.6809356 0.07006212
v 0.9635038 -0.6809355 0.2130777
v 0.963503 -0.5865533 0.2130787
v 0.9806997 -0.5467888 0.2916097
v 0.9635038 -0.6809356 0.2943331
v 0.9635033 -0.5865532 0.2943341
v 1.004125 -0.5467888 0.363708
v 0.9886133 -0.6809356 0.3716112
v 0.9886129 -0.5865533 0.3716119
v 1.048684 -0.5467888 0.4250376
v 1.036374 -0.6809355 0.437348
v 1.036373 -0.586553 0.4373487
v 1.110014 -0.5467888 0.4695968
v 1.102111 -0.6809356 0.4851089
v 1.10211 -0.5865533 0.4851092
v 1.182112 -0.5467888 0.4930226
v 1.179389 -0.6809356 0.5102182
v 1.179389 -0.5865529 0.5102186
v 1.257921 -0.5467889 0.4930223
v 1.260644 -0.6809355 0.5102182
v 1.260643 -0.586553 0.510219
v 1.330018 -0.5467889 0.4695965
v 1.337923 -0.6809356 0.4851087
v 1.337922 -0.586553 0.4851093
v 1.391349 -0.5467889 0.4250374
v 1.40366 -0.6809356 0.437348
v 1.403659 -0.586553 0.4373486
v 1.330018 -0.5467889 0.4695965
v 1.334554 -0.5475882 0.3682429
v 1.391349 -0.5467889 0.4250374
v 1.293554 -0.5475882 0.3980314
v 1.326499 -0.5584009 0.3601877
v 1.257921 -0.5467889 0.4930223
v 1.288382 -0.5584009 0.3878814
v 1.245356 -0.5475882 0.4136916
v 1.182112 -0.5467888 0.4930226
v 1.243573 -0.5584007 0.4024408
v 1.194677 -0.5475882 0.4136921
v 1.110014 -0.5467888 0.4695968
v 1.196459 -0.5584008 0.4024408
v 1.146478 -0.5475882 0.3980316
v 1.048684 -0.5467888 0.4250376
v 1.15165 -0.5584009 0.3878813
v 1.105479 -0.5475882 0.3682431
v 1.004125 -0.5467888 0.363708
v 1.113534 -0.5584007 0.3601879
v 1.075691 -0.5475882 0.3272436
v 0.9806997 -0.5467888 0.2916097
v 1.085841 -0.5584009 0.3220717
v 1.06003 -0.5475882 0.2790453
v 0.9806994 -0.5467888 0.2158017
v 1.071281 -0.5584008 0.2772634
v 1.06003 -0.5475882 0.2283663
v 1.004125 -0.5467889 0.1437035
v 1.071281 -0.5584007 0.2301487
v 1.075691 -0.5475882 0.1801681
v 1.048684 -0.5467889 0.08237352
v 1.085841 -0.5584009 0.1853402
v 1.105479 -0.5475882 0.139168
v 1.113534 -0.5584009 0.1472235
v 1.110015 -0.5467888 0.03781429
v 1.105479 -0.5475882 0.139168
v 1.048684 -0.5467889 0.08237352
v 1.146478 -0.5475882 0.1093804
v 1.113534 -0.5584009 0.1472235
v 1.182112 -0.5467889 0.01438837
v 1.15165 -0.5584008 0.11953
v 1.194677 -0.5475883 0.09371936
v 1.257921 -0.5467888 0.01438822
v 1.196459 -0.5584009 0.104971
v 1.245356 -0.5475883 0.09371919
v 1.330018 -0.5467889 0.03781474
v 1.243573 -0.5584009 0.1049708
v 1.293554 -0.5475882 0.1093802
v 1.391349 -0.5467889 0.08237308
v 1.288382 -0.5584009 0.1195301
v 1.334554 -0.5475882 0.1391679
v 1.435907 -0.5467889 0.1437039
v 1.326498 -0.5584009 0.1472235
v 1.364341 -0.5475882 0.1801683
v 1.459334 -0.5467888 0.2158013
v 1.354192 -0.5584009 0.1853399
v 1.380003 -0.5475882 0.2283659
v 1.459333 -0.5467889 0.2916097
v 1.368751 -0.5584009 0.2301485
v 1.380003 -0.5475883 0.2790451
v 1.435908 -0.5467888 0.3637073
v 1.368751 -0.5584009 0.2772629
v 1.364341 -0.5475882 0.3272438
v 1.391349 -0.5467889 0.4250374
v 1.354192 -0.5584008 0.3220715
v 1.334554 -0.5475882 0.3682429
v 1.326499 -0.5584009 0.3601877
v -1.317376 0.7398996 0.4373445
v -1.391018 0.7796637 0.4695927
v -1.329688 0.7796637 0.425034
v -1.383114 0.7398996 0.4851051
v -1.463115 0.7796637 0.4930186
v -1.383114 0.6455169 0.4851054
v -1.317377 0.6455169 0.4373447
v -1.460392 0.6455169 0.5102149
v -1.460391 0.7398996 0.5102139
v -1.538924 0.7796637 0.4930187
v -1.541648 0.6455169 0.5102149
v -1.541647 0.7398996 0.5102142
v -1.611021 0.7796637 0.4695922
v -1.618926 0.6455169 0.4851057
v -1.618925 0.7398996 0.4851046
v -1.672352 0.7796637 0.4250338
v -1.684663 0.6455169 0.4373449
v -1.684662 0.7398993 0.437344
v -1.71691 0.7796637 0.3637031
v -1.732423 0.6455169 0.371608
v -1.732423 0.7398993 0.3716072
v -1.740337 0.7796637 0.2916057
v -1.757533 0.6455169 0.2943298
v -1.757532 0.7398993 0.2943289
v -1.740337 0.7796637 0.2157972
v -1.757533 0.6455169 0.2130744
v -1.757532 0.7398993 0.2130733
v -1.716911 0.7796637 0.1436997
v -1.732423 0.6455169 0.1357958
v -1.732423 0.7398993 0.135795
v -1.672351 0.7796637 0.08236933
v -1.684663 0.6455169 0.07005892
v -1.684662 0.7398993 0.07005824
v -1.684662 0.7398993 0.07005824
v -1.611021 0.7796637 0.03781054
v -1.672351 0.7796637 0.08236933
v -1.618925 0.7398993 0.02229754
v -1.538923 0.7796637 0.01438441
v -1.618926 0.6455169 0.02229823
v -1.684663 0.6455169 0.07005892
v -1.541647 0.6455169 -0.002811107
v -1.541646 0.7398993 -0.002811947
v -1.463115 0.7796637 0.01438471
v -1.460392 0.6455169 -0.002810872
v -1.460391 0.7398993 -0.002811796
v -1.391017 0.7796637 0.03781054
v -1.383114 0.6455169 0.02229869
v -1.383113 0.7398993 0.02229808
v -1.329687 0.7796637 0.08236933
v -1.317377 0.6455169 0.07005892
v -1.317376 0.7398996 0.0700584
v -1.285128 0.7796637 0.1436993
v -1.269616 0.6455169 0.1357958
v -1.269616 0.7398993 0.1357954
v -1.261702 0.7796637 0.2157975
v -1.244507 0.6455169 0.2130743
v -1.244506 0.7398996 0.2130734
v -1.261703 0.7796637 0.2916059
v -1.244507 0.6455169 0.2943293
v -1.244506 0.7398996 0.2943284
v -1.285128 0.7796637 0.3637036
v -1.269616 0.6455169 0.3716078
v -1.269616 0.7398996 0.3716074
v -1.329688 0.7796637 0.425034
v -1.317377 0.6455169 0.4373447
v -1.317376 0.7398996 0.4373445
v -1.386482 0.7788643 0.3682396
v -1.285128 0.7796637 0.3637036
v -1.329688 0.7796637 0.425034
v -1.356694 0.7788643 0.327239
v -1.394537 0.7680517 0.3601838
v -1.261703 0.7796637 0.2916059
v -1.366844 0.7680517 0.3220669
v -1.341033 0.7788643 0.2790411
v -1.261702 0.7796637 0.2157975
v -1.352284 0.7680517 0.2772585
v -1.341033 0.7788643 0.2283621
v -1.285128 0.7796637 0.1436993
v -1.352284 0.7680517 0.2301438
v -1.356693 0.7788643 0.1801637
v -1.329687 0.7796637 0.08236933
v -1.366844 0.7680517 0.1853354
v -1.386482 0.7788643 0.1391638
v -1.391017 0.7796637 0.03781054
v -1.394537 0.7680517 0.1472189
v -1.427481 0.7788643 0.1093757
v -1.463115 0.7796637 0.01438471
v -1.432653 0.7680517 0.1195258
v -1.47568 0.7788643 0.09371523
v -1.538923 0.7796637 0.01438441
v -1.477461 0.7680517 0.1049664
v -1.526359 0.7788643 0.093715
v -1.611021 0.7796637 0.03781054
v -1.524576 0.7680517 0.1049665
v -1.574557 0.7788643 0.1093757
v -1.672351 0.7796637 0.08236933
v -1.569385 0.7680517 0.1195256
v -1.615557 0.7788643 0.1391638
v -1.607501 0.7680517 0.1472187
v -1.615557 0.7788643 0.1391638
v -1.716911 0.7796637 0.1436997
v -1.672351 0.7796637 0.08236933
v -1.645345 0.7788643 0.1801634
v -1.607501 0.7680517 0.1472187
v -1.740337 0.7796637 0.2157972
v -1.635195 0.7680517 0.1853355
v -1.661006 0.7788643 0.2283621
v -1.740337 0.7796637 0.2916057
v -1.649754 0.7680517 0.2301442
v -1.661006 0.7788643 0.2790408
v -1.71691 0.7796637 0.3637031
v -1.649754 0.7680517 0.2772583
v -1.645345 0.7788643 0.3272389
v -1.672352 0.7796637 0.4250338
v -1.635195 0.7680517 0.3220671
v -1.615557 0.7788643 0.3682389
v -1.611021 0.7796637 0.4695922
v -1.607501 0.7680517 0.3601832
v -1.574557 0.7788643 0.398027
v -1.538924 0.7796637 0.4930187
v -1.569385 0.7680517 0.387877
v -1.526359 0.7788643 0.4136882
v -1.463115 0.7796637 0.4930186
v -1.524576 0.7680517 0.4024359
v -1.47568 0.7788643 0.4136879
v -1.391018 0.7796637 0.4695927
v -1.477462 0.7680517 0.4024362
v -1.427481 0.7788643 0.3980268
v -1.329688 0.7796637 0.425034
v -1.432654 0.7680517 0.387877
v -1.386482 0.7788643 0.3682396
v -1.394537 0.7680517 0.3601838
v -1.317378 0.5511343 0.4373454
v -1.285129 0.5113701 0.363704
v -1.329688 0.5113702 0.4250341
v -1.269617 0.5511343 0.371608
v -1.261703 0.5113704 0.2916064
v -1.269616 0.6455169 0.3716078
v -1.317377 0.6455169 0.4373447
v -1.244507 0.6455169 0.2943293
v -1.244508 0.5511343 0.2943302
v -1.261703 0.5113701 0.2157981
v -1.244507 0.6455169 0.2130743
v -1.244508 0.5511345 0.2130746
v -1.28513 0.5113702 0.1437007
v -1.269616 0.6455169 0.1357958
v -1.269617 0.5511343 0.1357966
v -1.329688 0.5113702 0.08236986
v -1.317377 0.6455169 0.07005892
v -1.317378 0.5511346 0.0700596
v -1.391019 0.5113702 0.03781153
v -1.383114 0.6455169 0.02229869
v -1.383115 0.5511346 0.02229907
v -1.463116 0.5113701 0.01438502
v -1.460392 0.6455169 -0.002810872
v -1.460393 0.5511347 -0.002810486
v -1.538925 0.5113704 0.0143851
v -1.541647 0.6455169 -0.002811107
v -1.541648 0.5511346 -0.002810183
v -1.611022 0.5113701 0.03781099
v -1.618926 0.6455169 0.02229823
v -1.618927 0.5511346 0.02229907
v -1.672353 0.5113702 0.08237025
v -1.684663 0.6455169 0.07005892
v -1.684664 0.5511346 0.07005984
v -1.684664 0.5511346 0.07005984
v -1.716911 0.5113702 0.1437003
v -1.672353 0.5113702 0.08237025
v -1.732424 0.5511345 0.1357968
v -1.740337 0.5113701 0.2157985
v -1.732423 0.6455169 0.1357958
v -1.684663 0.6455169 0.07005892
v -1.757533 0.6455169 0.2130744
v -1.757534 0.5511346 0.2130755
v -1.740337 0.5113701 0.2916065
v -1.757533 0.6455169 0.2943298
v -1.757533 0.5511345 0.2943307
v -1.716911 0.5113701 0.3637048
v -1.732423 0.6455169 0.371608
v -1.732424 0.5511346 0.3716087
v -1.672353 0.5113701 0.4250343
v -1.684663 0.6455169 0.4373449
v -1.684663 0.5511343 0.4373454
v -1.611022 0.5113701 0.4695936
v -1.618926 0.6455169 0.4851057
v -1.618927 0.5511346 0.485106
v -1.538924 0.5113701 0.4930193
v -1.541648 0.6455169 0.5102149
v -1.541648 0.5511342 0.5102152
v -1.463116 0.5113702 0.4930192
v -1.460392 0.6455169 0.5102149
v -1.460394 0.5511343 0.5102159
v -1.391018 0.5113702 0.4695933
v -1.383114 0.6455169 0.4851054
v -1.383114 0.5511343 0.485106
v -1.329688 0.5113702 0.4250341
v -1.317377 0.6455169 0.4373447
v -1.317378 0.5511343 0.4373454
v -1.386482 0.5121696 0.3682396
v -1.391018 0.5113702 0.4695933
v -1.329688 0.5113702 0.4250341
v -1.427483 0.5121696 0.3980282
v -1.394538 0.5229822 0.3601846
v -1.463116 0.5113702 0.4930192
v -1.432655 0.5229822 0.3878782
v -1.475681 0.5121696 0.4136885
v -1.538924 0.5113701 0.4930193
v -1.477463 0.5229821 0.4024375
v -1.52636 0.5121695 0.4136889
v -1.611022 0.5113701 0.4695936
v -1.524578 0.5229822 0.4024375
v -1.574558 0.5121695 0.3980284
v -1.672353 0.5113701 0.4250343
v -1.569386 0.5229822 0.3878781
v -1.615558 0.5121695 0.3682398
v -1.716911 0.5113701 0.3637048
v -1.607503 0.5229821 0.3601846
v -1.645346 0.5121695 0.3272404
v -1.740337 0.5113701 0.2916065
v -1.635196 0.5229822 0.3220684
v -1.661007 0.5121695 0.2790421
v -1.740337 0.5113701 0.2157985
v -1.649755 0.5229822 0.2772602
v -1.661007 0.5121695 0.2283631
v -1.716911 0.5113702 0.1437003
v -1.649755 0.5229821 0.2301454
v -1.645346 0.5121696 0.1801649
v -1.672353 0.5113702 0.08237025
v -1.635196 0.5229822 0.1853369
v -1.615558 0.5121696 0.1391648
v -1.607503 0.5229822 0.1472203
v -1.615558 0.5121696 0.1391648
v -1.611022 0.5113701 0.03781099
v -1.672353 0.5113702 0.08237025
v -1.574559 0.5121696 0.1093771
v -1.607503 0.5229822 0.1472203
v -1.538925 0.5113704 0.0143851
v -1.569386 0.5229822 0.1195267
v -1.52636 0.5121697 0.09371606
v -1.463116 0.5113701 0.01438502
v -1.524578 0.5229822 0.1049678
v -1.475681 0.5121697 0.09371591
v -1.391019 0.5113702 0.03781153
v -1.477463 0.5229822 0.1049676
v -1.427483 0.5121696 0.109377
v -1.329688 0.5113702 0.08236986
v -1.432655 0.5229822 0.1195268
v -1.386483 0.5121696 0.1391647
v -1.28513 0.5113702 0.1437007
v -1.394538 0.5229822 0.1472203
v -1.356695 0.5121696 0.180165
v -1.261703 0.5113701 0.2157981
v -1.366845 0.5229822 0.1853367
v -1.341034 0.5121696 0.2283625
v -1.261703 0.5113704 0.2916064
v -1.352286 0.5229822 0.2301453
v -1.341034 0.5121697 0.2790419
v -1.285129 0.5113701 0.363704
v -1.352286 0.5229822 0.2772597
v -1.356695 0.5121696 0.3272406
v -1.329688 0.5113702 0.4250341
v -1.366845 0.5229822 0.3220683
v -1.386482 0.5121696 0.3682396
v -1.394538 0.5229822 0.3601846
v 1.40366 0.7398996 0.4373476
v 1.330019 0.7796637 0.469596
v 1.391349 0.7796637 0.4250371
v 1.337923 0.7398996 0.4851082
v 1.257921 0.7796637 0.4930218
v 1.337923 0.6455169 0.4851087
v 1.40366 0.6455169 0.437348
v 1.260644 0.6455169 0.5102182
v 1.260645 0.7398996 0.5102171
v 1.182113 0.7796637 0.493022
v 1.179389 0.6455169 0.5102182
v 1.17939 0.7398996 0.5102174
v 1.110016 0.7796637 0.4695954
v 1.102111 0.6455169 0.4851089
v 1.102112 0.7398996 0.4851079
v 1.048685 0.7796637 0.425037
v 1.036374 0.6455169 0.437348
v 1.036374 0.7398993 0.4373473
v 1.004126 0.7796637 0.3637063
v 0.9886133 0.6455169 0.3716112
v 0.988614 0.7398993 0.3716103
v 0.9806999 0.7796637 0.2916089
v 0.9635038 0.6455169 0.2943331
v 0.9635045 0.7398993 0.2943321
v 0.9807 0.7796637 0.2158005
v 0.9635038 0.6455169 0.2130777
v 0.9635049 0.7398993 0.2130765
v 1.004126 0.7796637 0.1437029
v 0.9886132 0.6455169 0.135799
v 0.988614 0.7398993 0.1357982
v 1.048685 0.7796637 0.08237253
v 1.036374 0.6455169 0.07006212
v 1.036375 0.7398993 0.07006144
v 1.036375 0.7398993 0.07006144
v 1.110015 0.7796637 0.03781375
v 1.048685 0.7796637 0.08237253
v 1.102112 0.7398993 0.02230075
v 1.182113 0.7796637 0.01438762
v 1.102111 0.6455169 0.02230144
v 1.036374 0.6455169 0.07006212
v 1.179389 0.6455169 -0.002807815
v 1.17939 0.7398993 -0.002808738
v 1.257922 0.7796637 0.01438799
v 1.260645 0.6455169 -0.002807664
v 1.260646 0.7398993 -0.002808587
v 1.33002 0.7796637 0.03781381
v 1.337923 0.6455169 0.02230189
v 1.337924 0.7398993 0.02230127
v 1.391349 0.7796637 0.08237253
v 1.40366 0.6455169 0.07006212
v 1.40366 0.7398996 0.07006168
v 1.435908 0.7796637 0.1437026
v 1.451421 0.6455169 0.135799
v 1.451421 0.7398993 0.1357986
v 1.459334 0.7796637 0.2158008
v 1.47653 0.6455169 0.2130775
v 1.47653 0.7398996 0.2130767
v 1.459334 0.7796637 0.2916091
v 1.47653 0.6455169 0.2943327
v 1.476531 0.7398996 0.2943316
v 1.435908 0.7796637 0.3637068
v 1.451421 0.6455169 0.3716111
v 1.451421 0.7398996 0.3716107
v 1.391349 0.7796637 0.4250371
v 1.40366 0.6455169 0.437348
v 1.40366 0.7398996 0.4373476
v 1.334555 0.7788643 0.3682427
v 1.435908 0.7796637 0.3637068
v 1.391349 0.7796637 0.4250371
v 1.364343 0.7788643 0.3272423
v 1.3265 0.7680517 0.360187
v 1.459334 0.7796637 0.2916091
v 1.354193 0.7680517 0.3220702
v 1.380003 0.7788643 0.2790444
v 1.459334 0.7796637 0.2158008
v 1.368752 0.7680517 0.2772617
v 1.380004 0.7788643 0.2283653
v 1.435908 0.7796637 0.1437026
v 1.368753 0.7680517 0.230147
v 1.364343 0.7788643 0.1801669
v 1.391349 0.7796637 0.08237253
v 1.354193 0.7680517 0.1853386
v 1.334555 0.7788643 0.139167
v 1.33002 0.7796637 0.03781381
v 1.3265 0.7680517 0.1472221
v 1.293555 0.7788643 0.1093789
v 1.257922 0.7796637 0.01438799
v 1.288384 0.7680517 0.119529
v 1.245357 0.7788643 0.09371844
v 1.182113 0.7796637 0.01438762
v 1.243575 0.7680517 0.1049696
v 1.194678 0.7788643 0.09371829
v 1.110015 0.7796637 0.03781375
v 1.19646 0.7680517 0.1049697
v 1.14648 0.7788643 0.109379
v 1.048685 0.7796637 0.08237253
v 1.151652 0.7680517 0.1195288
v 1.10548 0.7788643 0.1391671
v 1.113535 0.7680517 0.1472219
v 1.10548 0.7788643 0.1391671
v 1.004126 0.7796637 0.1437029
v 1.048685 0.7796637 0.08237253
v 1.075692 0.7788643 0.1801666
v 1.113535 0.7680517 0.1472219
v 0.9807 0.7796637 0.2158005
v 1.085842 0.7680517 0.1853387
v 1.060031 0.7788643 0.2283653
v 0.9806999 0.7796637 0.2916089
v 1.071283 0.7680517 0.2301473
v 1.060031 0.7788643 0.279044
v 1.004126 0.7796637 0.3637063
v 1.071283 0.7680517 0.2772615
v 1.075692 0.7788643 0.3272421
v 1.048685 0.7796637 0.425037
v 1.085842 0.7680517 0.3220703
v 1.10548 0.7788643 0.3682422
v 1.110016 0.7796637 0.4695954
v 1.113535 0.7680517 0.3601864
v 1.14648 0.7788643 0.3980302
v 1.182113 0.7796637 0.493022
v 1.151652 0.7680517 0.3878802
v 1.194677 0.7788643 0.4136914
v 1.257921 0.7796637 0.4930218
v 1.19646 0.7680517 0.4024391
v 1.245357 0.7788643 0.413691
v 1.330019 0.7796637 0.469596
v 1.243575 0.7680517 0.4024393
v 1.293555 0.7788643 0.3980301
v 1.391349 0.7796637 0.4250371
v 1.288383 0.7680517 0.3878802
v 1.334555 0.7788643 0.3682427
v 1.3265 0.7680517 0.360187
v 1.403659 0.5511343 0.4373486
v 1.435908 0.5113701 0.3637073
v 1.391349 0.5113702 0.4250374
v 1.45142 0.5511343 0.3716114
v 1.459333 0.5113704 0.2916097
v 1.451421 0.6455169 0.3716111
v 1.40366 0.6455169 0.437348
v 1.47653 0.6455169 0.2943327
v 1.476529 0.5511343 0.2943335
v 1.459334 0.5113701 0.2158013
v 1.47653 0.6455169 0.2130775
v 1.476529 0.5511345 0.2130778
v 1.435907 0.5113702 0.1437039
v 1.451421 0.6455169 0.135799
v 1.45142 0.5511343 0.1357998
v 1.391349 0.5113702 0.08237308
v 1.40366 0.6455169 0.07006212
v 1.403659 0.5511346 0.07006281
v 1.330018 0.5113702 0.03781474
v 1.337923 0.6455169 0.02230189
v 1.337922 0.5511346 0.02230226
v 1.257921 0.5113701 0.01438822
v 1.260645 0.6455169 -0.002807664
v 1.260644 0.5511347 -0.00280721
v 1.182112 0.5113704 0.01438837
v 1.179389 0.6455169 -0.002807815
v 1.179388 0.5511346 -0.002806975
v 1.110015 0.5113701 0.03781429
v 1.102111 0.6455169 0.02230144
v 1.10211 0.5511346 0.02230226
v 1.048684 0.5113702 0.08237352
v 1.036374 0.6455169 0.07006212
v 1.036373 0.5511346 0.07006311
v 1.036373 0.5511346 0.07006311
v 1.004125 0.5113702 0.1437035
v 1.048684 0.5113702 0.08237352
v 0.9886124 0.5511345 0.1358001
v 0.9806994 0.5113701 0.2158017
v 0.9886132 0.6455169 0.135799
v 1.036374 0.6455169 0.07006212
v 0.9635038 0.6455169 0.2130777
v 0.963503 0.5511346 0.2130787
v 0.9806997 0.5113701 0.2916097
v 0.9635038 0.6455169 0.2943331
v 0.9635033 0.5511345 0.2943341
v 1.004125 0.5113701 0.363708
v 0.9886133 0.6455169 0.3716112
v 0.9886129 0.5511346 0.3716119
v 1.048684 0.5113701 0.4250376
v 1.036374 0.6455169 0.437348
v 1.036373 0.5511343 0.4373487
v 1.110014 0.5113701 0.4695968
v 1.102111 0.6455169 0.4851089
v 1.10211 0.5511346 0.4851092
v 1.182112 0.5113701 0.4930226
v 1.179389 0.6455169 0.5102182
v 1.179389 0.5511342 0.5102186
v 1.257921 0.5113702 0.4930223
v 1.260644 0.6455169 0.5102182
v 1.260643 0.5511343 0.510219
v 1.330018 0.5113702 0.4695965
v 1.337923 0.6455169 0.4851087
v 1.337922 0.5511343 0.4851093
v 1.391349 0.5113702 0.4250374
v 1.40366 0.6455169 0.437348
v 1.403659 0.5511343 0.4373486
v 1.334554 0.5121696 0.3682429
v 1.330018 0.5113702 0.4695965
v 1.391349 0.5113702 0.4250374
v 1.293554 0.5121696 0.3980314
v 1.326499 0.5229822 0.3601877
v 1.257921 0.5113702 0.4930223
v 1.288382 0.5229822 0.3878814
v 1.245356 0.5121696 0.4136916
v 1.182112 0.5113701 0.4930226
v 1.243573 0.5229821 0.4024408
v 1.194677 0.5121695 0.4136921
v 1.110014 0.5113701 0.4695968
v 1.196459 0.5229822 0.4024408
v 1.146478 0.5121695 0.3980316
v 1.048684 0.5113701 0.4250376
v 1.15165 0.5229822 0.3878813
v 1.105479 0.5121695 0.3682431
v 1.004125 0.5113701 0.363708
v 1.113534 0.5229821 0.3601879
v 1.075691 0.5121695 0.3272436
v 0.9806997 0.5113701 0.2916097
v 1.085841 0.5229822 0.3220717
v 1.06003 0.5121695 0.2790453
v 0.9806994 0.5113701 0.2158017
v 1.071281 0.5229822 0.2772634
v 1.06003 0.5121695 0.2283663
v 1.004125 0.5113702 0.1437035
v 1.071281 0.5229821 0.2301487
v 1.075691 0.5121696 0.1801681
v 1.048684 0.5113702 0.08237352
v 1.085841 0.5229822 0.1853402
v 1.105479 0.5121696 0.139168
v 1.113534 0.5229822 0.1472235
v 1.105479 0.5121696 0.139168
v 1.110015 0.5113701 0.03781429
v 1.048684 0.5113702 0.08237352
v 1.146478 0.5121696 0.1093804
v 1.113534 0.5229822 0.1472235
v 1.182112 0.5113704 0.01438837
v 1.15165 0.5229822 0.11953
v 1.194677 0.5121697 0.09371936
v 1.257921 0.5113701 0.01438822
v 1.196459 0.5229822 0.104971
v 1.245356 0.5121697 0.09371919
v 1.330018 0.5113702 0.03781474
v 1.243573 0.5229822 0.1049708
v 1.293554 0.5121696 0.1093802
v 1.391349 0.5113702 0.08237308
v 1.288382 0.5229822 0.1195301
v 1.334554 0.5121696 0.1391679
v 1.435907 0.5113702 0.1437039
v 1.326498 0.5229822 0.1472235
v 1.364341 0.5121696 0.1801683
v 1.459334 0.5113701 0.2158013
v 1.354192 0.5229822 0.1853399
v 1.380003 0.5121696 0.2283659
v 1.459333 0.5113704 0.2916097
v 1.368751 0.5229822 0.2301485
v 1.380003 0.5121697 0.2790451
v 1.435908 0.5113701 0.3637073
v 1.368751 0.5229822 0.2772629
v 1.364341 0.5121696 0.3272438
v 1.391349 0.5113702 0.4250374
v 1.354192 0.5229822 0.3220715
v 1.334554 0.5121696 0.3682429
v 1.326499 0.5229822 0.3601877
v -1.625688 0.7319623 1.588255
v -1.683167 0.6188281 1.589866
v -1.633099 0.6187504 1.57001
v -1.675756 0.73204 1.608111
v -1.620612 0.7416264 1.601016
v -1.67068 0.7417042 1.620872
v -1.646837 0.6016757 1.681544
v -1.589357 0.71481 1.679932
v -1.596768 0.601598 1.661688
v -1.639426 0.7148877 1.699788
v -1.596768 0.601598 1.661688
v -1.625688 0.7319623 1.588255
v -1.633099 0.6187504 1.57001
v -1.589357 0.71481 1.679932
v -1.592901 0.7285436 1.670941
v -1.620612 0.7416264 1.601016
v -1.620612 0.7416264 1.601016
v -1.642969 0.7286214 1.690797
v -1.67068 0.7417042 1.620872
v -1.592901 0.7285436 1.670941
v -1.642969 0.7286214 1.690797
v -1.675756 0.73204 1.608111
v -1.67068 0.7417042 1.620872
v -1.639426 0.7148877 1.699788
v -1.646837 0.6016757 1.681544
v -1.683167 0.6188281 1.589866
v -1.589357 0.71481 1.679932
v -1.642969 0.7286214 1.690797
v -1.592901 0.7285436 1.670941
v -1.639426 0.7148877 1.699788
v -1.683167 -0.6558915 1.589866
v -1.625688 -0.7690258 1.588255
v -1.633099 -0.6558139 1.57001
v -1.675756 -0.7691035 1.608111
v -1.620612 -0.7786899 1.601016
v -1.67068 -0.7787676 1.620872
v -1.589357 -0.7518734 1.679932
v -1.646837 -0.6387392 1.681544
v -1.596768 -0.6386614 1.661688
v -1.639426 -0.7519511 1.699788
v -1.642969 -0.765685 1.690797
v -1.592901 -0.7656071 1.670941
v -1.625688 -0.7690258 1.588255
v -1.596768 -0.6386614 1.661688
v -1.633099 -0.6558139 1.57001
v -1.589357 -0.7518734 1.679932
v -1.592901 -0.7656071 1.670941
v -1.620612 -0.7786899 1.601016
v -1.620612 -0.7786899 1.601016
v -1.642969 -0.765685 1.690797
v -1.592901 -0.7656071 1.670941
v -1.67068 -0.7787676 1.620872
v -1.675756 -0.7691035 1.608111
v -1.642969 -0.765685 1.690797
v -1.67068 -0.7787676 1.620872
v -1.639426 -0.7519511 1.699788
v -1.646837 -0.6387392 1.681544
v -1.683167 -0.6558915 1.589866
v 1.568997 -0.813718 0.4850956
v 1.548414 -0.7976126 0.4969791
v 1.548414 -0.813718 0.4969791
v 1.568997 -0.7976126 0.4850956
v 1.548414 -0.813718 0.4969791
v 1.548414 -0.7976126 0.5207459
v 1.548414 -0.813718 0.5207459
v 1.548414 -0.7976126 0.4969791
v 1.548414 -0.813718 0.5207459
v 1.568997 -0.7976126 0.5326294
v 1.568997 -0.813718 0.5326294
v 1.548414 -0.7976126 0.5207459
v 1.568997 -0.813718 0.5326294
v 1.58958 -0.7976126 0.5207459
v 1.58958 -0.813718 0.5207459
v 1.568997 -0.7976126 0.5326294
v 1.58958 -0.813718 0.5207459
v 1.58958 -0.7976126 0.4969791
v 1.58958 -0.813718 0.4969791
v 1.58958 -0.7976126 0.5207459
v 1.58958 -0.813718 0.4969791
v 1.568997 -0.7976126 0.4850956
v 1.568997 -0.813718 0.4850956
v 1.58958 -0.7976126 0.4969791
v 1.568997 -0.813718 0.4850956
v 1.58958 -0.813718 0.5207459
v 1.58958 -0.813718 0.4969791
v 1.568997 -0.813718 0.5326294
v 1.548414 -0.813718 0.5207459
v 1.548414 -0.813718 0.4969791
v 1.568997 0.7782994 0.4850956
v 1.548414 0.762194 0.4969791
v 1.568997 0.762194 0.4850956
v 1.548414 0.7782994 0.4969791
v 1.548414 0.7782994 0.4969791
v 1.548414 0.762194 0.5207459
v 1.548414 0.762194 0.4969791
v 1.548414 0.7782994 0.5207459
v 1.548414 0.7782994 0.5207459
v 1.568997 0.762194 0.5326294
v 1.548414 0.762194 0.5207459
v 1.568997 0.7782994 0.5326294
v 1.568997 0.7782994 0.5326294
v 1.58958 0.762194 0.5207459
v 1.568997 0.762194 0.5326294
v 1.58958 0.7782994 0.5207459
v 1.58958 0.7782994 0.5207459
v 1.58958 0.762194 0.4969791
v 1.58958 0.762194 0.5207459
v 1.58958 0.7782994 0.4969791
v 1.58958 0.7782994 0.4969791
v 1.568997 0.762194 0.4850956
v 1.58958 0.762194 0.4969791
v 1.568997 0.7782994 0.4850956
v 1.58958 0.7782994 0.5207459
v 1.568997 0.7782994 0.4850956
v 1.58958 0.7782994 0.4969791
v 1.568997 0.7782994 0.5326294
v 1.548414 0.7782994 0.5207459
v 1.548414 0.7782994 0.4969791
v -0.06324571 0.7450661 0.2757462
v -0.05360082 0.7603157 0.2652602
v -0.06324571 0.7611103 0.2743424
v -0.05360082 0.7442715 0.2666639
v -0.03652824 0.7603157 0.2652602
v -0.03652824 0.7442715 0.2666639
v -0.02688263 0.7611103 0.2743424
v -0.02688263 0.7450661 0.2757462
v -0.06324571 0.7611103 0.2743424
v -0.06324571 0.7469456 0.2972275
v -0.06324571 0.7450661 0.2757462
v -0.06324571 0.7629897 0.2958238
v -0.06324571 0.7629897 0.2958238
v -0.05360082 0.7477401 0.3063099
v -0.06324571 0.7469456 0.2972275
v -0.05360082 0.7637843 0.3049062
v -0.03652824 0.7477401 0.3063099
v -0.03652824 0.7637843 0.3049062
v -0.02688263 0.7469456 0.2972275
v -0.02688263 0.7629897 0.2958238
v -0.02688263 0.7629897 0.2958238
v -0.02688263 0.7450661 0.2757462
v -0.02688263 0.7469456 0.2972275
v -0.02688263 0.7611103 0.2743424
v -0.02688263 0.7629897 0.2958238
v -0.03652824 0.7603157 0.2652602
v -0.02688263 0.7611103 0.2743424
v -0.03652824 0.7637843 0.3049062
v -0.05360082 0.7637843 0.3049062
v -0.05360082 0.7603157 0.2652602
v -0.06324571 0.7629897 0.2958238
v -0.06324571 0.7611103 0.2743424
v 0.2053463 0.7450661 0.2757462
v 0.2233272 0.7603157 0.2652602
v 0.2053463 0.7611103 0.2743424
v 0.2233272 0.7442715 0.2666639
v 0.2551552 0.7603157 0.2652602
v 0.2551552 0.7442715 0.2666639
v 0.2731373 0.7611103 0.2743424
v 0.2731373 0.7450661 0.2757462
v 0.2053463 0.7611103 0.2743424
v 0.2053463 0.7469456 0.2972275
v 0.2053463 0.7450661 0.2757462
v 0.2053463 0.7629897 0.2958238
v 0.2053463 0.7629897 0.2958238
v 0.2233272 0.7477401 0.3063099
v 0.2053463 0.7469456 0.2972275
v 0.2233272 0.7637843 0.3049062
v 0.2551552 0.7477401 0.3063099
v 0.2551552 0.7637843 0.3049062
v 0.2731373 0.7469456 0.2972275
v 0.2731373 0.7629897 0.2958238
v 0.2731373 0.7629897 0.2958238
v 0.2731373 0.7450661 0.2757462
v 0.2731373 0.7469456 0.2972275
v 0.2731373 0.7611103 0.2743424
v 0.2731373 0.7629897 0.2958238
v 0.2551552 0.7603157 0.2652602
v 0.2731373 0.7611103 0.2743424
v 0.2551552 0.7637843 0.3049062
v 0.2233272 0.7637843 0.3049062
v 0.2233272 0.7603157 0.2652602
v 0.2053463 0.7629897 0.2958238
v 0.2053463 0.7611103 0.2743424
v 2.084743 0.2333285 0.3853074
v 2.05939 0.5231187 0.5503023
v 2.05939 0.5231187 0.3853074
v 2.084743 0.2333285 0.5503023
v 2.069475 0.2319927 0.3853074
v 2.05939 0.5231187 0.3853074
v 2.044122 0.5217829 0.3853074
v 2.084743 0.2333285 0.3853074
v 2.044122 0.5217829 0.3853074
v 2.05939 0.5231187 0.5503023
v 2.044122 0.5217829 0.5503023
v 2.05939 0.5231187 0.3853074
v 2.044122 0.5217829 0.5503023
v 2.084743 0.2333285 0.5503023
v 2.069475 0.2319927 0.5503023
v 2.05939 0.5231187 0.5503023
v 2.069475 0.2319927 0.5503023
v 2.084743 0.2333285 0.3853074
v 2.069475 0.2319927 0.3853074
v 2.084743 0.2333285 0.5503023
v 1.928383 0.6735439 0.4962801
v 2.048868 0.6213863 0.5165631
v 1.928383 0.6213862 0.516563
v 2.048868 0.673544 0.4962801
v 1.928383 0.6960827 0.4450568
v 2.060188 0.6699116 0.4924857
v 2.060188 0.621501 0.5113115
v 2.060188 0.6908312 0.4449424
v 2.048868 0.6960828 0.445057
v 1.928383 0.6757996 0.3928994
v 2.060188 0.6720054 0.3965317
v 2.048868 0.6757998 0.3928992
v 1.928383 0.6245763 0.3703605
v 2.060188 0.6244619 0.3756121
v 2.048868 0.6245764 0.3703605
v 1.928383 0.5724188 0.3906434
v 2.048868 0.6245764 0.3703605
v 1.928383 0.6245763 0.3703605
v 2.048868 0.5724189 0.3906435
v 1.928383 0.54988 0.4418667
v 2.060188 0.5760513 0.3944379
v 2.060188 0.6244619 0.3756121
v 2.060188 0.5551317 0.4419814
v 2.048868 0.5498801 0.4418668
v 1.928383 0.570163 0.4940243
v 2.060188 0.5739575 0.490392
v 2.048868 0.5701631 0.4940245
v 1.928383 0.6213862 0.516563
v 2.060188 0.621501 0.5113115
v 2.048868 0.6213863 0.5165631
v 2.05196 0.6218162 0.4968605
v 2.060188 0.5739575 0.490392
v 2.060188 0.621501 0.5113115
v 2.05196 0.584399 0.4803965
v 2.060188 0.5551317 0.4419814
v 2.05196 0.5695828 0.4422967
v 2.060188 0.5760513 0.3944379
v 2.05196 0.5860468 0.4048794
v 2.060188 0.6244619 0.3756121
v 2.05196 0.6241466 0.3900632
v 2.060188 0.621501 0.5113115
v 2.05196 0.6599162 0.4820443
v 2.05196 0.6218162 0.4968605
v 2.060188 0.6699116 0.4924857
v 2.05196 0.6763802 0.444627
v 2.060188 0.6908312 0.4449424
v 2.05196 0.6615639 0.4065272
v 2.060188 0.6720054 0.3965317
v 2.05196 0.6241466 0.3900632
v 2.060188 0.6244619 0.3756121
v 1.98335 0.5830202 0.2615783
v 2.041445 0.5588191 0.273513
v 1.98335 0.5588189 0.273513
v 2.041445 0.5830203 0.2615784
v 1.98335 0.5916939 0.2360264
v 2.046903 0.581116 0.2599083
v 2.046903 0.5586534 0.2709857
v 2.046903 0.5891665 0.2361921
v 2.041445 0.5916939 0.2360264
v 1.98335 0.5797592 0.2118252
v 2.046903 0.5780892 0.2137296
v 2.041445 0.5797592 0.2118252
v 1.98335 0.5542072 0.2031516
v 2.046903 0.5543729 0.205679
v 2.041445 0.5542073 0.2031516
v 1.98335 0.5300061 0.2150863
v 2.041445 0.5542073 0.2031516
v 1.98335 0.5542072 0.2031516
v 2.041445 0.5300061 0.2150863
v 1.98335 0.5213324 0.2406381
v 2.046903 0.5319104 0.2167563
v 2.046903 0.5543729 0.205679
v 2.046903 0.5238599 0.2404725
v 2.041445 0.5213324 0.2406381
v 1.98335 0.533267 0.2648392
v 2.046903 0.5349371 0.262935
v 2.041445 0.5332672 0.2648393
v 1.98335 0.5588189 0.273513
v 2.046903 0.5586534 0.2709857
v 2.041445 0.5588191 0.273513
v 2.042936 0.5581976 0.2640309
v 2.046903 0.5349371 0.262935
v 2.046903 0.5586534 0.2709857
v 2.042936 0.5395325 0.257695
v 2.046903 0.5238599 0.2404725
v 2.042936 0.5308145 0.2400166
v 2.046903 0.5319104 0.2167563
v 2.042936 0.5371504 0.2213517
v 2.046903 0.5543729 0.205679
v 2.042936 0.5548288 0.2126336
v 2.046903 0.5586534 0.2709857
v 2.042936 0.5758759 0.255313
v 2.042936 0.5581976 0.2640309
v 2.046903 0.581116 0.2599083
v 2.042936 0.5822118 0.2366479
v 2.046903 0.5891665 0.2361921
v 2.042936 0.5734938 0.2189696
v 2.046903 0.5780892 0.2137296
v 2.042936 0.5548288 0.2126336
v 2.046903 0.5543729 0.205679
v 1.98335 0.5830202 0.3427804
v 2.041445 0.5588191 0.3547151
v 1.98335 0.558819 0.354715
v 2.041445 0.5830203 0.3427805
v 1.98335 0.5916939 0.3172285
v 2.046903 0.581116 0.3411104
v 2.046903 0.5586534 0.3521877
v 2.046903 0.5891666 0.3173942
v 2.041445 0.5916939 0.3172285
v 1.98335 0.5797592 0.2930273
v 2.046903 0.5780892 0.2949317
v 2.041445 0.5797592 0.2930273
v 1.98335 0.5542073 0.2843536
v 2.046903 0.554373 0.286881
v 2.041445 0.5542073 0.2843537
v 1.98335 0.5300062 0.2962884
v 2.041445 0.5542073 0.2843537
v 1.98335 0.5542073 0.2843536
v 2.041445 0.5300062 0.2962884
v 1.98335 0.5213324 0.3218402
v 2.046903 0.5319104 0.2979584
v 2.046903 0.554373 0.286881
v 2.046903 0.5238599 0.3216746
v 2.041445 0.5213324 0.3218402
v 1.98335 0.5332671 0.3460413
v 2.046903 0.5349371 0.3441371
v 2.041445 0.5332672 0.3460414
v 1.98335 0.558819 0.354715
v 2.046903 0.5586534 0.3521877
v 2.041445 0.5588191 0.3547151
v 2.042936 0.5581976 0.345233
v 2.046903 0.5349371 0.3441371
v 2.046903 0.5586534 0.3521877
v 2.042936 0.5395326 0.3388971
v 2.046903 0.5238599 0.3216746
v 2.042936 0.5308146 0.3212188
v 2.046903 0.5319104 0.2979584
v 2.042936 0.5371504 0.3025537
v 2.046903 0.554373 0.286881
v 2.042936 0.5548288 0.2938358
v 2.046903 0.5586534 0.3521877
v 2.042936 0.5758759 0.336515
v 2.042936 0.5581976 0.345233
v 2.046903 0.581116 0.3411104
v 2.042936 0.5822119 0.31785
v 2.046903 0.5891666 0.3173942
v 2.042936 0.5734938 0.3001717
v 2.046903 0.5780892 0.2949317
v 2.042936 0.5548288 0.2938358
v 2.046903 0.554373 0.286881
v 2.043632 0.6158732 0.9408065
v 1.955185 0.5775847 0.925917
v 1.955185 0.6158732 0.9408065
v 2.043632 0.5775847 0.925917
v 1.955185 0.5610391 0.8883144
v 2.051942 0.5802512 0.9231314
v 2.051942 0.6157889 0.9369513
v 2.051942 0.5648944 0.8882303
v 2.043632 0.5610391 0.8883144
v 1.955185 0.5759288 0.8500261
v 2.051942 0.5787143 0.8526923
v 2.043632 0.5759288 0.8500259
v 1.955185 0.6135312 0.8334806
v 2.051942 0.6136154 0.8373356
v 2.043632 0.6135312 0.8334804
v 2.043632 0.6135312 0.8334804
v 1.955185 0.6518198 0.8483701
v 1.955185 0.6135312 0.8334806
v 2.043632 0.6518198 0.8483699
v 1.955185 0.6683652 0.8859725
v 2.051942 0.6491531 0.8511554
v 2.051942 0.6136154 0.8373356
v 2.051942 0.6645102 0.8860567
v 2.043632 0.6683652 0.8859725
v 1.955185 0.6534756 0.9242611
v 2.051942 0.6506901 0.9215946
v 2.043632 0.6534756 0.924261
v 1.955185 0.6158732 0.9408065
v 2.051942 0.6157889 0.9369513
v 2.043632 0.6158732 0.9408065
v 2.045902 0.5875888 0.9154665
v 2.051942 0.6157889 0.9369513
v 2.045902 0.6155576 0.926343
v 2.051942 0.5802512 0.9231314
v 2.045902 0.5755027 0.8879988
v 2.051942 0.5648944 0.8882303
v 2.045902 0.5863792 0.8600301
v 2.051942 0.5787143 0.8526923
v 2.045902 0.6138469 0.847944
v 2.051942 0.6136154 0.8373356
v 2.045902 0.6418156 0.8588203
v 2.051942 0.6136154 0.8373356
v 2.045902 0.6138469 0.847944
v 2.051942 0.6491531 0.8511554
v 2.045902 0.6539016 0.8862881
v 2.051942 0.6645102 0.8860567
v 2.045902 0.6430253 0.9142569
v 2.051942 0.6506901 0.9215946
v 2.045902 0.6155576 0.926343
v 2.051942 0.6157889 0.9369513
v 2.043632 0.4922461 0.9408074
v 1.955185 0.4539576 0.9259178
v 1.955185 0.4922461 0.9408074
v 2.043632 0.4539576 0.9259178
v 1.955185 0.4374121 0.8883153
v 2.051942 0.4566242 0.9231323
v 2.051942 0.492162 0.9369523
v 2.051942 0.4412673 0.8882312
v 2.043632 0.4374121 0.8883153
v 1.955185 0.4523017 0.8500269
v 2.051942 0.4550872 0.8526933
v 2.043632 0.4523017 0.8500268
v 1.955185 0.4899042 0.8334814
v 2.051942 0.4899884 0.8373364
v 2.043632 0.4899043 0.8334813
v 2.043632 0.4899043 0.8334813
v 1.955185 0.5281927 0.848371
v 1.955185 0.4899042 0.8334814
v 2.043632 0.5281927 0.8483708
v 1.955185 0.5447384 0.8859734
v 2.051942 0.5255262 0.8511563
v 2.051942 0.4899884 0.8373364
v 2.051942 0.5408831 0.8860574
v 2.043632 0.5447384 0.8859734
v 1.955185 0.5298486 0.924262
v 2.051942 0.5270632 0.9215953
v 2.043632 0.5298488 0.9242618
v 1.955185 0.4922461 0.9408074
v 2.051942 0.492162 0.9369523
v 2.043632 0.4922461 0.9408074
v 2.045902 0.4639619 0.9154674
v 2.051942 0.492162 0.9369523
v 2.045902 0.4919305 0.9263439
v 2.051942 0.4566242 0.9231323
v 2.045902 0.4518757 0.8879997
v 2.051942 0.4412673 0.8882312
v 2.045902 0.4627521 0.8600309
v 2.051942 0.4550872 0.8526933
v 2.045902 0.4902199 0.8479448
v 2.051942 0.4899884 0.8373364
v 2.051942 0.4899884 0.8373364
v 2.045902 0.4902199 0.8479448
v 2.045902 0.5181887 0.8588212
v 2.051942 0.5255262 0.8511563
v 2.045902 0.5302746 0.8862889
v 2.051942 0.5408831 0.8860574
v 2.045902 0.5193982 0.9142577
v 2.051942 0.5270632 0.9215953
v 2.045902 0.4919305 0.9263439
v 2.051942 0.492162 0.9369523
v 2.048868 -0.6590072 0.5165631
v 1.928383 -0.7111648 0.4962801
v 1.928383 -0.6590071 0.5165631
v 2.048868 -0.7111648 0.4962801
v 1.928383 -0.7337036 0.4450569
v 2.060188 -0.7075324 0.4924858
v 2.060188 -0.6591219 0.5113115
v 2.060188 -0.728452 0.4449424
v 2.048868 -0.7337036 0.445057
v 1.928383 -0.7134206 0.3928994
v 2.060188 -0.7096262 0.3965317
v 2.048868 -0.7134206 0.3928993
v 1.928383 -0.6621972 0.3703605
v 2.060188 -0.6620827 0.3756121
v 2.048868 -0.6621974 0.3703605
v 2.048868 -0.6621974 0.3703605
v 1.928383 -0.6100397 0.3906434
v 1.928383 -0.6621972 0.3703605
v 2.048868 -0.6100397 0.3906435
v 1.928383 -0.5875009 0.4418667
v 2.060188 -0.6136721 0.3944379
v 2.060188 -0.6620827 0.3756121
v 2.060188 -0.5927526 0.4419815
v 2.048868 -0.587501 0.4418668
v 1.928383 -0.6077839 0.4940243
v 2.060188 -0.6115783 0.490392
v 2.048868 -0.607784 0.4940245
v 1.928383 -0.6590071 0.5165631
v 2.060188 -0.6591219 0.5113115
v 2.048868 -0.6590072 0.5165631
v 2.060188 -0.6115783 0.490392
v 2.05196 -0.6594371 0.4968605
v 2.060188 -0.6591219 0.5113115
v 2.05196 -0.6220198 0.4803965
v 2.060188 -0.5927526 0.4419815
v 2.05196 -0.6072037 0.4422967
v 2.060188 -0.6136721 0.3944379
v 2.05196 -0.6236677 0.4048794
v 2.060188 -0.6620827 0.3756121
v 2.05196 -0.6617675 0.3900633
v 2.05196 -0.6975371 0.4820443
v 2.060188 -0.6591219 0.5113115
v 2.05196 -0.6594371 0.4968605
v 2.060188 -0.7075324 0.4924858
v 2.05196 -0.714001 0.444627
v 2.060188 -0.728452 0.4449424
v 2.05196 -0.6991847 0.4065272
v 2.060188 -0.7096262 0.3965317
v 2.05196 -0.6617675 0.3900633
v 2.060188 -0.6620827 0.3756121
v 2.041445 -0.5964399 0.273513
v 1.98335 -0.620641 0.2615783
v 1.98335 -0.5964398 0.273513
v 2.041445 -0.6206412 0.2615784
v 1.98335 -0.6293148 0.2360264
v 2.046903 -0.6187368 0.2599083
v 2.046903 -0.5962743 0.2709857
v 2.046903 -0.6267874 0.2361921
v 2.041445 -0.6293148 0.2360264
v 1.98335 -0.61738 0.2118252
v 2.046903 -0.6157101 0.2137296
v 2.041445 -0.61738 0.2118252
v 1.98335 -0.591828 0.2031516
v 2.046903 -0.5919937 0.205679
v 2.041445 -0.5918282 0.2031516
v 2.041445 -0.5918282 0.2031516
v 1.98335 -0.567627 0.2150863
v 1.98335 -0.591828 0.2031516
v 2.041445 -0.567627 0.2150863
v 1.98335 -0.5589533 0.2406381
v 2.046903 -0.5695313 0.2167563
v 2.046903 -0.5919937 0.205679
v 2.046903 -0.5614808 0.2404725
v 2.041445 -0.5589533 0.2406381
v 1.98335 -0.5708879 0.2648392
v 2.046903 -0.5725579 0.262935
v 2.041445 -0.5708881 0.2648393
v 1.98335 -0.5964398 0.273513
v 2.046903 -0.5962743 0.2709857
v 2.041445 -0.5964399 0.273513
v 2.046903 -0.5725579 0.262935
v 2.042936 -0.5958184 0.2640309
v 2.046903 -0.5962743 0.2709857
v 2.042936 -0.5771534 0.257695
v 2.046903 -0.5614808 0.2404725
v 2.042936 -0.5684354 0.2400166
v 2.046903 -0.5695313 0.2167563
v 2.042936 -0.5747713 0.2213517
v 2.046903 -0.5919937 0.205679
v 2.042936 -0.5924497 0.2126336
v 2.042936 -0.6134968 0.255313
v 2.046903 -0.5962743 0.2709857
v 2.042936 -0.5958184 0.2640309
v 2.046903 -0.6187368 0.2599083
v 2.042936 -0.6198326 0.2366479
v 2.046903 -0.6267874 0.2361921
v 2.042936 -0.6111147 0.2189696
v 2.046903 -0.6157101 0.2137296
v 2.042936 -0.5924497 0.2126336
v 2.046903 -0.5919937 0.205679
v 2.041445 -0.59644 0.3547152
v 1.98335 -0.6206411 0.3427804
v 1.98335 -0.5964398 0.354715
v 2.041445 -0.6206412 0.3427805
v 1.98335 -0.6293148 0.3172285
v 2.046903 -0.6187368 0.3411104
v 2.046903 -0.5962743 0.3521877
v 2.046903 -0.6267875 0.3173942
v 2.041445 -0.6293148 0.3172285
v 1.98335 -0.6173801 0.2930273
v 2.046903 -0.6157101 0.2949317
v 2.041445 -0.6173801 0.2930273
v 1.98335 -0.5918282 0.2843536
v 2.046903 -0.5919939 0.286881
v 2.041445 -0.5918282 0.2843537
v 2.041445 -0.5918282 0.2843537
v 1.98335 -0.567627 0.2962884
v 1.98335 -0.5918282 0.2843536
v 2.041445 -0.567627 0.2962884
v 1.98335 -0.5589533 0.3218402
v 2.046903 -0.5695313 0.2979584
v 2.046903 -0.5919939 0.286881
v 2.046903 -0.5614808 0.3216746
v 2.041445 -0.5589533 0.3218402
v 1.98335 -0.5708879 0.3460413
v 2.046903 -0.572558 0.3441371
v 2.041445 -0.5708881 0.3460414
v 1.98335 -0.5964398 0.354715
v 2.046903 -0.5962743 0.3521877
v 2.041445 -0.59644 0.3547152
v 2.046903 -0.572558 0.3441371
v 2.042936 -0.5958184 0.345233
v 2.046903 -0.5962743 0.3521877
v 2.042936 -0.5771534 0.3388971
v 2.046903 -0.5614808 0.3216746
v 2.042936 -0.5684355 0.3212188
v 2.046903 -0.5695313 0.2979584
v 2.042936 -0.5747713 0.3025537
v 2.046903 -0.5919939 0.286881
v 2.042936 -0.5924497 0.2938358
v 2.042936 -0.6134968 0.336515
v 2.046903 -0.5962743 0.3521877
v 2.042936 -0.5958184 0.345233
v 2.046903 -0.6187368 0.3411104
v 2.042936 -0.6198327 0.31785
v 2.046903 -0.6267875 0.3173942
v 2.042936 -0.6111147 0.3001717
v 2.046903 -0.6157101 0.2949317
v 2.042936 -0.5924497 0.2938358
v 2.046903 -0.5919939 0.286881
v 1.955185 -0.6152056 0.925917
v 2.043632 -0.6534939 0.9408065
v 1.955185 -0.6534939 0.9408065
v 2.043632 -0.6152056 0.925917
v 1.955185 -0.5986599 0.8883144
v 2.051942 -0.6178721 0.9231314
v 2.051942 -0.6534098 0.9369513
v 2.051942 -0.6025153 0.8882303
v 2.043632 -0.5986599 0.8883144
v 1.955185 -0.6135496 0.8500261
v 2.051942 -0.6163352 0.8526923
v 2.043632 -0.6135496 0.8500259
v 1.955185 -0.651152 0.8334806
v 2.051942 -0.6512362 0.8373356
v 2.043632 -0.651152 0.8334804
v 1.955185 -0.6894407 0.8483702
v 2.043632 -0.651152 0.8334804
v 1.955185 -0.651152 0.8334806
v 2.043632 -0.6894407 0.8483699
v 1.955185 -0.7059861 0.8859726
v 2.051942 -0.686774 0.8511554
v 2.051942 -0.6512362 0.8373356
v 2.051942 -0.702131 0.8860567
v 2.043632 -0.7059861 0.8859726
v 1.955185 -0.6910965 0.9242611
v 2.051942 -0.688311 0.9215946
v 2.043632 -0.6910965 0.9242611
v 1.955185 -0.6534939 0.9408065
v 2.051942 -0.6534098 0.9369513
v 2.043632 -0.6534939 0.9408065
v 2.051942 -0.6534098 0.9369513
v 2.045902 -0.6252097 0.9154666
v 2.045902 -0.6531785 0.926343
v 2.051942 -0.6178721 0.9231314
v 2.045902 -0.6131235 0.8879988
v 2.051942 -0.6025153 0.8882303
v 2.045902 -0.6240001 0.8600301
v 2.051942 -0.6163352 0.8526923
v 2.045902 -0.6514678 0.847944
v 2.051942 -0.6512362 0.8373356
v 2.051942 -0.6512362 0.8373356
v 2.045902 -0.6794365 0.8588204
v 2.045902 -0.6514678 0.847944
v 2.051942 -0.686774 0.8511554
v 2.045902 -0.6915226 0.8862881
v 2.051942 -0.702131 0.8860567
v 2.045902 -0.6806461 0.9142569
v 2.051942 -0.688311 0.9215946
v 2.045902 -0.6531785 0.926343
v 2.051942 -0.6534098 0.9369513
v 1.955185 -0.4915785 0.9259178
v 2.043632 -0.529867 0.9408074
v 1.955185 -0.529867 0.9408074
v 2.043632 -0.4915785 0.9259178
v 1.955185 -0.475033 0.8883153
v 2.051942 -0.4942451 0.9231323
v 2.051942 -0.5297828 0.9369523
v 2.051942 -0.4788882 0.8882312
v 2.043632 -0.475033 0.8883153
v 1.955185 -0.4899226 0.8500269
v 2.051942 -0.4927081 0.8526933
v 2.043632 -0.4899226 0.8500268
v 1.955185 -0.5275251 0.8334814
v 2.051942 -0.5276093 0.8373364
v 2.043632 -0.5275251 0.8334813
v 1.955185 -0.5658135 0.848371
v 2.043632 -0.5275251 0.8334813
v 1.955185 -0.5275251 0.8334814
v 2.043632 -0.5658135 0.8483708
v 1.955185 -0.5823593 0.8859734
v 2.051942 -0.5631471 0.8511563
v 2.051942 -0.5276093 0.8373364
v 2.051942 -0.578504 0.8860574
v 2.043632 -0.5823593 0.8859734
v 1.955185 -0.5674695 0.924262
v 2.051942 -0.564684 0.9215953
v 2.043632 -0.5674696 0.9242618
v 1.955185 -0.529867 0.9408074
v 2.051942 -0.5297828 0.9369523
v 2.043632 -0.529867 0.9408074
v 2.051942 -0.5297828 0.9369523
v 2.045902 -0.5015828 0.9154674
v 2.045902 -0.5295514 0.9263439
v 2.051942 -0.4942451 0.9231323
v 2.045902 -0.4894966 0.8879997
v 2.051942 -0.4788882 0.8882312
v 2.045902 -0.500373 0.8600309
v 2.051942 -0.4927081 0.8526933
v 2.045902 -0.5278408 0.8479448
v 2.051942 -0.5276093 0.8373364
v 2.051942 -0.5276093 0.8373364
v 2.045902 -0.5558096 0.8588212
v 2.045902 -0.5278408 0.8479448
v 2.051942 -0.5631471 0.8511563
v 2.045902 -0.5678955 0.8862889
v 2.051942 -0.578504 0.8860574
v 2.045902 -0.5570191 0.9142577
v 2.051942 -0.564684 0.9215953
v 2.045902 -0.5295514 0.9263439
v 2.051942 -0.5297828 0.9369523
v 2.045902 -0.4894966 0.8879997
v 2.045902 -0.5286961 0.8871443
v 2.045902 -0.5015828 0.9154674
v 2.045902 -0.500373 0.8600309
v 2.045902 -0.5295514 0.9263439
v 2.045902 -0.5278408 0.8479448
v 2.045902 -0.5570191 0.9142577
v 2.045902 -0.5558096 0.8588212
v 2.045902 -0.5678955 0.8862889
v 2.045902 -0.6131235 0.8879988
v 2.045902 -0.6523231 0.8871436
v 2.045902 -0.6252097 0.9154666
v 2.045902 -0.6240001 0.8600301
v 2.045902 -0.6531785 0.926343
v 2.045902 -0.6514678 0.847944
v 2.045902 -0.6806461 0.9142569
v 2.045902 -0.6794365 0.8588204
v 2.045902 -0.6915226 0.8862881
v 2.042936 -0.6111147 0.3001717
v 2.042936 -0.5941342 0.3195344
v 2.042936 -0.5924497 0.2938358
v 2.042936 -0.6198327 0.31785
v 2.042936 -0.5747713 0.3025537
v 2.042936 -0.6134968 0.336515
v 2.042936 -0.5684355 0.3212188
v 2.042936 -0.5958184 0.345233
v 2.042936 -0.5771534 0.3388971
v 2.042936 -0.6111147 0.2189696
v 2.042936 -0.594134 0.2383323
v 2.042936 -0.5924497 0.2126336
v 2.042936 -0.6198326 0.2366479
v 2.042936 -0.5747713 0.2213517
v 2.042936 -0.6134968 0.255313
v 2.042936 -0.5684354 0.2400166
v 2.042936 -0.5958184 0.2640309
v 2.042936 -0.5771534 0.257695
v 2.05196 -0.6991847 0.4065272
v 2.05196 -0.6606023 0.4434618
v 2.05196 -0.6617675 0.3900633
v 2.05196 -0.714001 0.444627
v 2.05196 -0.6236677 0.4048794
v 2.05196 -0.6975371 0.4820443
v 2.05196 -0.6072037 0.4422967
v 2.05196 -0.6594371 0.4968605
v 2.05196 -0.6220198 0.4803965
v 2.045902 0.4518757 0.8879997
v 2.045902 0.4639619 0.9154674
v 2.045902 0.4910752 0.8871444
v 2.045902 0.4627521 0.8600309
v 2.045902 0.4919305 0.9263439
v 2.045902 0.4902199 0.8479448
v 2.045902 0.5193982 0.9142577
v 2.045902 0.5181887 0.8588212
v 2.045902 0.5302746 0.8862889
v 2.045902 0.5755027 0.8879988
v 2.045902 0.5875888 0.9154665
v 2.045902 0.6147022 0.8871436
v 2.045902 0.5863792 0.8600301
v 2.045902 0.6155576 0.926343
v 2.045902 0.6138469 0.847944
v 2.045902 0.6430253 0.9142569
v 2.045902 0.6418156 0.8588203
v 2.045902 0.6539016 0.8862881
v 2.042936 0.5734938 0.3001717
v 2.042936 0.5548288 0.2938358
v 2.042936 0.5565132 0.3195344
v 2.042936 0.5822119 0.31785
v 2.042936 0.5371504 0.3025537
v 2.042936 0.5758759 0.336515
v 2.042936 0.5308146 0.3212188
v 2.042936 0.5581976 0.345233
v 2.042936 0.5395326 0.3388971
v 2.042936 0.5734938 0.2189696
v 2.042936 0.5548288 0.2126336
v 2.042936 0.5565132 0.2383323
v 2.042936 0.5822118 0.2366479
v 2.042936 0.5371504 0.2213517
v 2.042936 0.5758759 0.255313
v 2.042936 0.5308145 0.2400166
v 2.042936 0.5581976 0.2640309
v 2.042936 0.5395325 0.257695
v 2.05196 0.6615639 0.4065272
v 2.05196 0.6241466 0.3900632
v 2.05196 0.6229814 0.4434618
v 2.05196 0.6763802 0.444627
v 2.05196 0.5860468 0.4048794
v 2.05196 0.6599162 0.4820443
v 2.05196 0.5695828 0.4422967
v 2.05196 0.6218162 0.4968605
v 2.05196 0.584399 0.4803965
v 1.121209 0.4987273 0.3040513
v 1.220015 0.4987276 0.253707
v 1.110487 0.4987272 0.271055
v 1.141602 0.4987273 0.3321196
v 1.110488 0.4987273 0.2363597
v 1.169671 0.4987273 0.3525128
v 1.121208 0.4987273 0.2033638
v 1.202667 0.4987272 0.3632344
v 1.141602 0.4987273 0.1752945
v 1.237362 0.4987273 0.3632338
v 1.16967 0.4987273 0.1549019
v 1.270358 0.4987273 0.3525134
v 1.202667 0.4987273 0.1441805
v 1.298427 0.4987273 0.3321196
v 1.237362 0.4987273 0.14418
v 1.31882 0.4987273 0.3040515
v 1.270358 0.4987273 0.1549015
v 1.329541 0.4987273 0.2710547
v 1.298427 0.4987273 0.1752945
v 1.329542 0.4987273 0.2363596
v 1.31882 0.4987273 0.2033632
v 1.270363 0.7923067 0.1548976
v 1.220019 0.7923064 0.2537031
v 1.237366 0.7923067 0.144176
v 1.298431 0.7923067 0.1752905
v 1.202671 0.7923067 0.1441763
v 1.318824 0.7923067 0.2033592
v 1.169675 0.7923067 0.154897
v 1.329546 0.7923067 0.2363555
v 1.141606 0.7923067 0.1752906
v 1.329546 0.7923067 0.2710505
v 1.121213 0.7923067 0.2033589
v 1.318825 0.7923067 0.3040465
v 1.110492 0.7923067 0.2363557
v 1.298431 0.7923067 0.3321157
v 1.110492 0.7923067 0.2710507
v 1.270363 0.7923067 0.3525084
v 1.121213 0.7923067 0.304047
v 1.237366 0.7923067 0.3632299
v 1.141606 0.7923067 0.3321156
v 1.202671 0.7923067 0.3632303
v 1.169675 0.7923067 0.3525087
v -1.599828 0.4987273 0.3040479
v -1.501022 0.4987276 0.2537038
v -1.610549 0.4987272 0.2710518
v -1.579435 0.4987273 0.3321163
v -1.610548 0.4987273 0.2363565
v -1.551366 0.4987273 0.3525096
v -1.599828 0.4987273 0.2033605
v -1.51837 0.4987272 0.3632313
v -1.579435 0.4987273 0.1752913
v -1.483674 0.4987273 0.3632307
v -1.551366 0.4987273 0.1548987
v -1.450679 0.4987273 0.3525102
v -1.518369 0.4987273 0.1441773
v -1.422609 0.4987273 0.3321163
v -1.483674 0.4987273 0.1441768
v -1.402217 0.4987273 0.3040482
v -1.450678 0.4987273 0.1548982
v -1.391495 0.4987273 0.2710514
v -1.422609 0.4987273 0.1752913
v -1.391495 0.4987273 0.2363564
v -1.402216 0.4987273 0.2033599
v -1.450674 0.7923067 0.1548944
v -1.501018 0.7923064 0.2536999
v -1.48367 0.7923067 0.1441728
v -1.422605 0.7923067 0.1752873
v -1.518365 0.7923067 0.1441731
v -1.402212 0.7923067 0.203356
v -1.551361 0.7923067 0.1548938
v -1.391491 0.7923067 0.2363522
v -1.57943 0.7923067 0.1752873
v -1.391491 0.7923067 0.2710473
v -1.599823 0.7923067 0.2033557
v -1.402212 0.7923067 0.3040434
v -1.610545 0.7923067 0.2363525
v -1.422605 0.7923067 0.3321125
v -1.610545 0.7923067 0.2710475
v -1.450674 0.7923067 0.3525053
v -1.599824 0.7923067 0.3040437
v -1.483671 0.7923067 0.3632267
v -1.57943 0.7923067 0.3321124
v -1.518366 0.7923067 0.363227
v -1.551362 0.7923067 0.3525054
v 1.121209 -0.5341459 0.3040513
v 1.110487 -0.5341458 0.271055
v 1.220015 -0.5341462 0.253707
v 1.141602 -0.5341459 0.3321196
v 1.110488 -0.5341459 0.2363597
v 1.169671 -0.5341459 0.3525128
v 1.121208 -0.5341459 0.2033638
v 1.202667 -0.5341458 0.3632344
v 1.141602 -0.5341459 0.1752945
v 1.237362 -0.5341459 0.3632338
v 1.16967 -0.5341459 0.1549019
v 1.270358 -0.5341459 0.3525134
v 1.202667 -0.5341459 0.1441805
v 1.298427 -0.5341459 0.3321196
v 1.237362 -0.5341459 0.14418
v 1.31882 -0.5341459 0.3040515
v 1.270358 -0.5341459 0.1549015
v 1.329541 -0.5341459 0.2710547
v 1.298427 -0.5341459 0.1752945
v 1.329542 -0.5341459 0.2363596
v 1.31882 -0.5341459 0.2033632
v 1.270363 -0.8277253 0.1548976
v 1.237366 -0.8277253 0.144176
v 1.220019 -0.8277251 0.2537031
v 1.298431 -0.8277253 0.1752905
v 1.202671 -0.8277253 0.1441763
v 1.318824 -0.8277253 0.2033592
v 1.169675 -0.8277253 0.154897
v 1.329546 -0.8277253 0.2363555
v 1.141606 -0.8277253 0.1752906
v 1.329546 -0.8277253 0.2710505
v 1.121213 -0.8277253 0.2033589
v 1.318825 -0.8277253 0.3040465
v 1.110492 -0.8277253 0.2363557
v 1.298431 -0.8277253 0.3321157
v 1.110492 -0.8277253 0.2710507
v 1.270363 -0.8277253 0.3525084
v 1.121213 -0.8277253 0.304047
v 1.237366 -0.8277253 0.3632299
v 1.141606 -0.8277253 0.3321156
v 1.202671 -0.8277253 0.3632303
v 1.169675 -0.8277253 0.3525087
v -1.599828 -0.5341459 0.3040479
v -1.610549 -0.5341458 0.2710518
v -1.501022 -0.5341462 0.2537038
v -1.579435 -0.5341459 0.3321163
v -1.610548 -0.5341459 0.2363565
v -1.551366 -0.5341459 0.3525096
v -1.599828 -0.5341459 0.2033605
v -1.51837 -0.5341458 0.3632313
v -1.579435 -0.5341459 0.1752913
v -1.483674 -0.5341459 0.3632307
v -1.551366 -0.5341459 0.1548987
v -1.450679 -0.5341459 0.3525102
v -1.518369 -0.5341459 0.1441773
v -1.422609 -0.5341459 0.3321163
v -1.483674 -0.5341459 0.1441768
v -1.402217 -0.5341459 0.3040482
v -1.450678 -0.5341459 0.1548982
v -1.391495 -0.5341459 0.2710514
v -1.422609 -0.5341459 0.1752913
v -1.391495 -0.5341459 0.2363564
v -1.402216 -0.5341459 0.2033599
v -1.450674 -0.8277253 0.1548944
v -1.48367 -0.8277253 0.1441728
v -1.501018 -0.8277251 0.2536999
v -1.422605 -0.8277253 0.1752873
v -1.518365 -0.8277253 0.1441731
v -1.402212 -0.8277253 0.203356
v -1.551361 -0.8277253 0.1548938
v -1.391491 -0.8277253 0.2363522
v -1.57943 -0.8277253 0.1752873
v -1.391491 -0.8277253 0.2710473
v -1.599823 -0.8277253 0.2033557
v -1.402212 -0.8277253 0.3040434
v -1.610545 -0.8277253 0.2363525
v -1.422605 -0.8277253 0.3321125
v -1.610545 -0.8277253 0.2710475
v -1.450674 -0.8277253 0.3525053
v -1.599824 -0.8277253 0.3040437
v -1.483671 -0.8277253 0.3632267
v -1.57943 -0.8277253 0.3321124
v -1.518366 -0.8277253 0.363227
v -1.551362 -0.8277253 0.3525054
v -2.069173 -0.7161365 1.367449
v -2.018067 -0.7156516 1.382724
v -2.060282 -0.6841785 1.391248
v -2.048127 -0.7478106 1.352597
v -2.026663 -0.670657 1.410054
v -2.009472 -0.7606463 1.355393
v -1.988008 -0.6834928 1.41285
v -1.975852 -0.7471249 1.374199
v -1.966962 -0.7151667 1.397998
v -1.894162 -0.7563115 1.519197
v -1.840805 -0.8253776 1.488959
v -1.929647 -0.7555865 1.481754
v -1.932526 -0.7496282 1.486227
v -1.853471 -0.788277 1.522497
v -1.834819 -0.8263829 1.494151
v -1.819511 -0.80198 1.541769
v -1.888695 -0.7475966 1.536202
v -1.917218 -0.7252252 1.533845
v -1.911232 -0.7262306 1.539037
v -1.848004 -0.7795622 1.539502
v -1.822389 -0.7960216 1.546242
v -1.952096 -0.8313645 1.301512
v -1.882771 -0.8862451 1.474461
v -1.90613 -0.9067214 1.238429
v -1.914417 -0.8982378 1.226534
v -1.941397 -0.8219861 1.409618
v -1.888726 -0.8757182 1.486117
v -1.958893 -0.7820554 1.484936
v -1.977155 -0.7979154 1.301089
v -1.984584 -0.8045748 1.225352
v -1.99054 -0.794048 1.237008
v -1.966455 -0.7885368 1.409197
v -1.96718 -0.7735717 1.47304
v -1.721023 0.8865589 1.547153
v -1.755099 0.8143583 1.370079
v -1.763657 0.9067209 1.313804
v -1.766192 0.8958943 1.301215
v -1.735571 0.8051236 1.476957
v -1.719304 0.8737205 1.557848
v -1.723322 0.7571264 1.548508
v -1.756534 0.7727197 1.366743
v -1.770211 0.7793002 1.291875
v -1.768492 0.7664618 1.302569
v -1.737006 0.7634852 1.473621
v -1.725857 0.7462998 1.535918
v 1.983358 0.6865124 0.1994854
v 1.888388 0.7373397 0.1230408
v 1.969308 0.6740982 0.1232186
v 2.010698 0.5336661 0.123381
v 1.888387 0.7752343 0.2792982
v 2.027157 0.5336661 0.1996147
v 2.032307 0.3676333 0.1235539
v 1.999818 0.6865124 0.3574257
v 1.888387 0.7724093 0.612676
v 1.987288 0.6865124 0.6524745
v 1.888387 0.7723497 0.683996
v 1.888387 0.7505845 1.04778
v 1.980914 0.6756842 1.052348
v 1.888387 0.706555 1.476014
v 1.944951 0.624721 1.480764
v 1.888386 0.6586739 1.696694
v 2.018272 0.5336661 1.052378
v 2.031087 0.5336661 0.6525458
v 2.043617 0.5336661 0.3575218
v 1.898244 0.6039375 1.710997
v 1.888387 0.6039375 1.738426
v 1.888387 0.5336661 1.773805
v 1.979535 0.5336661 1.483762
v 1.918537 0.5336661 1.739977
v 1.888387 0.3676333 1.81148
v 2.039882 0.3676333 1.05241
v 1.940146 0.3676333 1.770839
v 1.888387 0.175053 1.819405
v 2.001751 0.3676333 1.492088
v 1.944692 0.175053 1.777331
v 1.888387 -0.01770931 1.823507
v 2.006384 0.175053 1.494131
v 2.052696 0.3676333 0.6526214
v 1.947045 -0.01770931 1.785995
v 2.044427 0.175053 1.052416
v 1.944692 -0.2104716 1.777331
v 1.888387 -0.2104716 1.819405
v 2.008781 -0.01770931 1.495189
v 1.940146 -0.4030519 1.770839
v 1.888387 -0.4030519 1.81148
v 2.006384 -0.2104716 1.494131
v 1.918537 -0.5690848 1.739977
v 1.888387 -0.5690848 1.773805
v 2.001751 -0.4030519 1.492088
v 1.898244 -0.6393561 1.710997
v 1.888387 -0.6393561 1.738426
v 1.888386 -0.6940926 1.696694
v 1.979535 -0.5690848 1.483762
v 1.944951 -0.6601396 1.480764
v 1.888387 -0.7419736 1.476014
v 2.039882 -0.4030519 1.05241
v 2.044427 -0.2104716 1.052416
v 2.018272 -0.5690848 1.052378
v 1.980914 -0.7111028 1.052348
v 1.888387 -0.7860031 1.04778
v 1.987288 -0.721931 0.6524745
v 1.888387 -0.8077682 0.683996
v 1.888387 -0.8078279 0.612676
v 2.031087 -0.5690848 0.6525458
v 1.999818 -0.721931 0.3574257
v 1.888387 -0.810653 0.2792982
v 2.052696 -0.4030519 0.6526214
v 2.043617 -0.5690848 0.3575218
v 1.983358 -0.721931 0.1994854
v 1.888388 -0.7727583 0.1230408
v 1.969308 -0.7095168 0.1232186
v 2.010698 -0.5690848 0.123381
v 2.027157 -0.5690848 0.1996147
v 2.032307 -0.4030519 0.1235539
v 2.048767 -0.4030519 0.1997523
v 2.065226 -0.4030519 0.3576241
v 2.057242 -0.2104716 0.6526374
v 2.053313 -0.2104716 0.1997812
v 2.036853 -0.2104716 0.1235903
v 2.069772 -0.2104716 0.3576456
v 2.04678 -0.01770931 1.05242
v 2.055665 -0.01770931 0.1997962
v 2.039206 -0.01770931 0.1236091
v 2.036853 0.175053 0.1235903
v 2.072125 -0.01770931 0.3576567
v 2.059595 -0.01770931 0.6526456
v 2.057242 0.175053 0.6526374
v 2.053313 0.175053 0.1997812
v 2.069772 0.175053 0.3576456
v 2.065226 0.3676333 0.3576241
v 2.048767 0.3676333 0.1997523
v 1.12121 0.507805 0.3040508
v 1.110487 0.4987272 0.271055
v 1.110488 0.507805 0.2710545
v 1.121209 0.4987273 0.3040513
v 1.110488 0.4987273 0.2363597
v 1.141603 0.507805 0.3321193
v 1.110489 0.507805 0.2363594
v 1.141602 0.4987273 0.3321196
v 1.121208 0.4987273 0.2033638
v 1.169671 0.507805 0.3525122
v 1.121209 0.507805 0.2033633
v 1.169671 0.4987273 0.3525128
v 1.141602 0.4987273 0.1752945
v 1.202667 0.507805 0.3632339
v 1.141602 0.507805 0.1752945
v 1.202667 0.4987272 0.3632344
v 1.16967 0.4987273 0.1549019
v 1.237363 0.507805 0.3632334
v 1.169671 0.507805 0.1549014
v 1.237362 0.4987273 0.3632338
v 1.202667 0.4987273 0.1441805
v 1.270359 0.507805 0.3525128
v 1.202668 0.507805 0.1441799
v 1.270358 0.4987273 0.3525134
v 1.237362 0.4987273 0.14418
v 1.298428 0.507805 0.3321193
v 1.237363 0.507805 0.1441795
v 1.298427 0.4987273 0.3321196
v 1.270358 0.4987273 0.1549015
v 1.318821 0.507805 0.3040509
v 1.270359 0.507805 0.1549011
v 1.31882 0.4987273 0.3040515
v 1.298427 0.4987273 0.1752945
v 1.329542 0.507805 0.2710541
v 1.298428 0.507805 0.1752939
v 1.329541 0.4987273 0.2710547
v 1.31882 0.4987273 0.2033632
v 1.329542 0.507805 0.236359
v 1.318821 0.507805 0.2033628
v 1.329542 0.4987273 0.2363596
v 1.085841 0.5229822 0.3220717
v 1.110488 0.507805 0.2710545
v 1.071281 0.5229822 0.2772634
v 1.12121 0.507805 0.3040508
v 1.110489 0.507805 0.2363594
v 1.113534 0.5229821 0.3601879
v 1.071281 0.5229821 0.2301487
v 1.141603 0.507805 0.3321193
v 1.121209 0.507805 0.2033633
v 1.15165 0.5229822 0.3878813
v 1.085841 0.5229822 0.1853402
v 1.169671 0.507805 0.3525122
v 1.141602 0.507805 0.1752945
v 1.196459 0.5229822 0.4024408
v 1.113534 0.5229822 0.1472235
v 1.202667 0.507805 0.3632339
v 1.169671 0.507805 0.1549014
v 1.243573 0.5229821 0.4024408
v 1.15165 0.5229822 0.11953
v 1.237363 0.507805 0.3632334
v 1.202668 0.507805 0.1441799
v 1.288382 0.5229822 0.3878814
v 1.196459 0.5229822 0.104971
v 1.270359 0.507805 0.3525128
v 1.237363 0.507805 0.1441795
v 1.326499 0.5229822 0.3601877
v 1.243573 0.5229822 0.1049708
v 1.298428 0.507805 0.3321193
v 1.270359 0.507805 0.1549011
v 1.354192 0.5229822 0.3220715
v 1.288382 0.5229822 0.1195301
v 1.318821 0.507805 0.3040509
v 1.298428 0.507805 0.1752939
v 1.368751 0.5229822 0.2772629
v 1.326498 0.5229822 0.1472235
v 1.329542 0.507805 0.2710541
v 1.318821 0.507805 0.2033628
v 1.368751 0.5229822 0.2301485
v 1.354192 0.5229822 0.1853399
v 1.329542 0.507805 0.236359
v 1.270362 0.783229 0.1548981
v 1.237366 0.7923067 0.144176
v 1.237366 0.783229 0.1441763
v 1.270363 0.7923067 0.1548976
v 1.202671 0.7923067 0.1441763
v 1.298431 0.783229 0.1752909
v 1.202671 0.783229 0.1441767
v 1.298431 0.7923067 0.1752905
v 1.169675 0.7923067 0.154897
v 1.318824 0.783229 0.2033596
v 1.169675 0.783229 0.1548974
v 1.318824 0.7923067 0.2033592
v 1.141606 0.7923067 0.1752906
v 1.329546 0.783229 0.2363559
v 1.141606 0.783229 0.1752906
v 1.329546 0.7923067 0.2363555
v 1.121213 0.7923067 0.2033589
v 1.329545 0.783229 0.2710509
v 1.121213 0.783229 0.2033592
v 1.329546 0.7923067 0.2710505
v 1.110492 0.7923067 0.2363557
v 1.318824 0.783229 0.3040469
v 1.110492 0.783229 0.2363561
v 1.318825 0.7923067 0.3040465
v 1.110492 0.7923067 0.2710507
v 1.298431 0.783229 0.3321161
v 1.110491 0.783229 0.2710511
v 1.298431 0.7923067 0.3321157
v 1.121213 0.7923067 0.304047
v 1.270362 0.783229 0.3525088
v 1.121213 0.783229 0.3040473
v 1.270363 0.7923067 0.3525084
v 1.141606 0.7923067 0.3321156
v 1.237366 0.783229 0.3632303
v 1.141606 0.783229 0.332116
v 1.237366 0.7923067 0.3632299
v 1.169675 0.7923067 0.3525087
v 1.202671 0.783229 0.3632307
v 1.169675 0.783229 0.352509
v 1.202671 0.7923067 0.3632303
v 1.288384 0.7680517 0.119529
v 1.237366 0.783229 0.1441763
v 1.243575 0.7680517 0.1049696
v 1.270362 0.783229 0.1548981
v 1.202671 0.783229 0.1441767
v 1.3265 0.7680517 0.1472221
v 1.19646 0.7680517 0.1049697
v 1.298431 0.783229 0.1752909
v 1.169675 0.783229 0.1548974
v 1.354193 0.7680517 0.1853386
v 1.151652 0.7680517 0.1195288
v 1.318824 0.783229 0.2033596
v 1.141606 0.783229 0.1752906
v 1.368753 0.7680517 0.230147
v 1.113535 0.7680517 0.1472219
v 1.329546 0.783229 0.2363559
v 1.121213 0.783229 0.2033592
v 1.368752 0.7680517 0.2772617
v 1.085842 0.7680517 0.1853387
v 1.329545 0.783229 0.2710509
v 1.110492 0.783229 0.2363561
v 1.354193 0.7680517 0.3220702
v 1.071283 0.7680517 0.2301473
v 1.318824 0.783229 0.3040469
v 1.110491 0.783229 0.2710511
v 1.3265 0.7680517 0.360187
v 1.071283 0.7680517 0.2772615
v 1.298431 0.783229 0.3321161
v 1.121213 0.783229 0.3040473
v 1.288383 0.7680517 0.3878802
v 1.085842 0.7680517 0.3220703
v 1.270362 0.783229 0.3525088
v 1.141606 0.783229 0.332116
v 1.243575 0.7680517 0.4024393
v 1.113535 0.7680517 0.3601864
v 1.237366 0.783229 0.3632303
v 1.169675 0.783229 0.352509
v 1.19646 0.7680517 0.4024391
v 1.151652 0.7680517 0.3878802
v 1.202671 0.783229 0.3632307
v -1.599827 0.507805 0.3040476
v -1.610549 0.4987272 0.2710518
v -1.610549 0.507805 0.2710512
v -1.599828 0.4987273 0.3040479
v -1.610548 0.4987273 0.2363565
v -1.579434 0.507805 0.3321159
v -1.610548 0.507805 0.2363561
v -1.579435 0.4987273 0.3321163
v -1.599828 0.4987273 0.2033605
v -1.551365 0.507805 0.3525089
v -1.599828 0.507805 0.2033601
v -1.551366 0.4987273 0.3525096
v -1.579435 0.4987273 0.1752913
v -1.518369 0.507805 0.3632307
v -1.579435 0.507805 0.1752913
v -1.51837 0.4987272 0.3632313
v -1.551366 0.4987273 0.1548987
v -1.483674 0.507805 0.3632302
v -1.551366 0.507805 0.1548981
v -1.483674 0.4987273 0.3632307
v -1.518369 0.4987273 0.1441773
v -1.450678 0.507805 0.3525096
v -1.518369 0.507805 0.1441767
v -1.450679 0.4987273 0.3525102
v -1.483674 0.4987273 0.1441768
v -1.422609 0.507805 0.332116
v -1.483674 0.507805 0.1441763
v -1.422609 0.4987273 0.3321163
v -1.450678 0.4987273 0.1548982
v -1.402216 0.507805 0.3040476
v -1.450678 0.507805 0.1548978
v -1.402217 0.4987273 0.3040482
v -1.422609 0.4987273 0.1752913
v -1.391495 0.507805 0.2710508
v -1.422609 0.507805 0.1752906
v -1.391495 0.4987273 0.2710514
v -1.402216 0.4987273 0.2033599
v -1.391494 0.507805 0.2363558
v -1.402216 0.507805 0.2033595
v -1.391495 0.4987273 0.2363564
v -1.635196 0.5229822 0.3220684
v -1.610549 0.507805 0.2710512
v -1.649755 0.5229822 0.2772602
v -1.599827 0.507805 0.3040476
v -1.610548 0.507805 0.2363561
v -1.607503 0.5229821 0.3601846
v -1.649755 0.5229821 0.2301454
v -1.579434 0.507805 0.3321159
v -1.599828 0.507805 0.2033601
v -1.569386 0.5229822 0.3878781
v -1.635196 0.5229822 0.1853369
v -1.551365 0.507805 0.3525089
v -1.579435 0.507805 0.1752913
v -1.524578 0.5229822 0.4024375
v -1.607503 0.5229822 0.1472203
v -1.518369 0.507805 0.3632307
v -1.551366 0.507805 0.1548981
v -1.477463 0.5229821 0.4024375
v -1.569386 0.5229822 0.1195267
v -1.483674 0.507805 0.3632302
v -1.518369 0.507805 0.1441767
v -1.432655 0.5229822 0.3878782
v -1.524578 0.5229822 0.1049678
v -1.450678 0.507805 0.3525096
v -1.483674 0.507805 0.1441763
v -1.394538 0.5229822 0.3601846
v -1.477463 0.5229822 0.1049676
v -1.422609 0.507805 0.332116
v -1.450678 0.507805 0.1548978
v -1.366845 0.5229822 0.3220683
v -1.432655 0.5229822 0.1195268
v -1.402216 0.507805 0.3040476
v -1.422609 0.507805 0.1752906
v -1.352286 0.5229822 0.2772597
v -1.394538 0.5229822 0.1472203
v -1.391495 0.507805 0.2710508
v -1.402216 0.507805 0.2033595
v -1.352286 0.5229822 0.2301453
v -1.366845 0.5229822 0.1853367
v -1.391494 0.507805 0.2363558
v -1.450674 0.783229 0.1548949
v -1.48367 0.7923067 0.1441728
v -1.483671 0.783229 0.1441731
v -1.450674 0.7923067 0.1548944
v -1.518365 0.7923067 0.1441731
v -1.422606 0.783229 0.1752876
v -1.518366 0.783229 0.1441735
v -1.422605 0.7923067 0.1752873
v -1.551361 0.7923067 0.1548938
v -1.402213 0.783229 0.2033563
v -1.551362 0.783229 0.1548942
v -1.402212 0.7923067 0.203356
v -1.57943 0.7923067 0.1752873
v -1.391491 0.783229 0.2363526
v -1.57943 0.783229 0.1752873
v -1.391491 0.7923067 0.2363522
v -1.599823 0.7923067 0.2033557
v -1.391492 0.783229 0.2710477
v -1.599824 0.783229 0.203356
v -1.391491 0.7923067 0.2710473
v -1.610545 0.7923067 0.2363525
v -1.402212 0.783229 0.3040437
v -1.610545 0.783229 0.2363529
v -1.402212 0.7923067 0.3040434
v -1.610545 0.7923067 0.2710475
v -1.422606 0.783229 0.3321128
v -1.610546 0.783229 0.2710479
v -1.422605 0.7923067 0.3321125
v -1.599824 0.7923067 0.3040437
v -1.450674 0.783229 0.3525056
v -1.599824 0.783229 0.304044
v -1.450674 0.7923067 0.3525053
v -1.57943 0.7923067 0.3321124
v -1.483671 0.783229 0.363227
v -1.579431 0.783229 0.3321128
v -1.483671 0.7923067 0.3632267
v -1.551362 0.7923067 0.3525054
v -1.518366 0.783229 0.3632275
v -1.551362 0.783229 0.3525057
v -1.518366 0.7923067 0.363227
v -1.432653 0.7680517 0.1195258
v -1.483671 0.783229 0.1441731
v -1.477461 0.7680517 0.1049664
v -1.450674 0.783229 0.1548949
v -1.518366 0.783229 0.1441735
v -1.394537 0.7680517 0.1472189
v -1.524576 0.7680517 0.1049665
v -1.422606 0.783229 0.1752876
v -1.551362 0.783229 0.1548942
v -1.366844 0.7680517 0.1853354
v -1.569385 0.7680517 0.1195256
v -1.402213 0.783229 0.2033563
v -1.57943 0.783229 0.1752873
v -1.352284 0.7680517 0.2301438
v -1.607501 0.7680517 0.1472187
v -1.391491 0.783229 0.2363526
v -1.599824 0.783229 0.203356
v -1.352284 0.7680517 0.2772585
v -1.635195 0.7680517 0.1853355
v -1.391492 0.783229 0.2710477
v -1.610545 0.783229 0.2363529
v -1.366844 0.7680517 0.3220669
v -1.649754 0.7680517 0.2301442
v -1.402212 0.783229 0.3040437
v -1.610546 0.783229 0.2710479
v -1.394537 0.7680517 0.3601838
v -1.649754 0.7680517 0.2772583
v -1.422606 0.783229 0.3321128
v -1.599824 0.783229 0.304044
v -1.432654 0.7680517 0.387877
v -1.635195 0.7680517 0.3220671
v -1.450674 0.783229 0.3525056
v -1.579431 0.783229 0.3321128
v -1.477462 0.7680517 0.4024362
v -1.607501 0.7680517 0.3601832
v -1.483671 0.783229 0.363227
v -1.551362 0.783229 0.3525057
v -1.524576 0.7680517 0.4024359
v -1.569385 0.7680517 0.387877
v -1.518366 0.783229 0.3632275
v 1.12121 -0.5432236 0.3040508
v 1.110487 -0.5341458 0.271055
v 1.121209 -0.5341459 0.3040513
v 1.110488 -0.5432236 0.2710545
v 1.141603 -0.5432236 0.3321193
v 1.110488 -0.5341459 0.2363597
v 1.141602 -0.5341459 0.3321196
v 1.110489 -0.5432236 0.2363594
v 1.169671 -0.5432236 0.3525122
v 1.121208 -0.5341459 0.2033638
v 1.169671 -0.5341459 0.3525128
v 1.121209 -0.5432236 0.2033633
v 1.202667 -0.5432236 0.3632339
v 1.141602 -0.5341459 0.1752945
v 1.202667 -0.5341458 0.3632344
v 1.141602 -0.5432236 0.1752945
v 1.237363 -0.5432236 0.3632334
v 1.16967 -0.5341459 0.1549019
v 1.237362 -0.5341459 0.3632338
v 1.169671 -0.5432236 0.1549014
v 1.270359 -0.5432236 0.3525128
v 1.202667 -0.5341459 0.1441805
v 1.270358 -0.5341459 0.3525134
v 1.202668 -0.5432236 0.1441799
v 1.298428 -0.5432236 0.3321193
v 1.237362 -0.5341459 0.14418
v 1.298427 -0.5341459 0.3321196
v 1.237363 -0.5432236 0.1441795
v 1.318821 -0.5432236 0.3040509
v 1.270358 -0.5341459 0.1549015
v 1.31882 -0.5341459 0.3040515
v 1.270359 -0.5432236 0.1549011
v 1.329542 -0.5432236 0.2710541
v 1.298427 -0.5341459 0.1752945
v 1.329541 -0.5341459 0.2710547
v 1.298428 -0.5432236 0.1752939
v 1.329542 -0.5432236 0.236359
v 1.31882 -0.5341459 0.2033632
v 1.329542 -0.5341459 0.2363596
v 1.318821 -0.5432236 0.2033628
v 1.085841 -0.5584009 0.3220717
v 1.110488 -0.5432236 0.2710545
v 1.12121 -0.5432236 0.3040508
v 1.071281 -0.5584008 0.2772634
v 1.113534 -0.5584007 0.3601879
v 1.110489 -0.5432236 0.2363594
v 1.141603 -0.5432236 0.3321193
v 1.071281 -0.5584007 0.2301487
v 1.15165 -0.5584009 0.3878813
v 1.121209 -0.5432236 0.2033633
v 1.169671 -0.5432236 0.3525122
v 1.085841 -0.5584009 0.1853402
v 1.196459 -0.5584008 0.4024408
v 1.141602 -0.5432236 0.1752945
v 1.202667 -0.5432236 0.3632339
v 1.113534 -0.5584009 0.1472235
v 1.243573 -0.5584007 0.4024408
v 1.169671 -0.5432236 0.1549014
v 1.237363 -0.5432236 0.3632334
v 1.15165 -0.5584008 0.11953
v 1.288382 -0.5584009 0.3878814
v 1.202668 -0.5432236 0.1441799
v 1.270359 -0.5432236 0.3525128
v 1.196459 -0.5584009 0.104971
v 1.326499 -0.5584009 0.3601877
v 1.237363 -0.5432236 0.1441795
v 1.298428 -0.5432236 0.3321193
v 1.243573 -0.5584009 0.1049708
v 1.354192 -0.5584008 0.3220715
v 1.270359 -0.5432236 0.1549011
v 1.318821 -0.5432236 0.3040509
v 1.288382 -0.5584009 0.1195301
v 1.368751 -0.5584009 0.2772629
v 1.298428 -0.5432236 0.1752939
v 1.329542 -0.5432236 0.2710541
v 1.326498 -0.5584009 0.1472235
v 1.368751 -0.5584009 0.2301485
v 1.318821 -0.5432236 0.2033628
v 1.329542 -0.5432236 0.236359
v 1.354192 -0.5584009 0.1853399
v 1.270362 -0.8186476 0.1548981
v 1.237366 -0.8277253 0.144176
v 1.270363 -0.8277253 0.1548976
v 1.237366 -0.8186476 0.1441763
v 1.298431 -0.8186476 0.1752909
v 1.202671 -0.8277253 0.1441763
v 1.298431 -0.8277253 0.1752905
v 1.202671 -0.8186476 0.1441767
v 1.318824 -0.8186476 0.2033596
v 1.169675 -0.8277253 0.154897
v 1.318824 -0.8277253 0.2033592
v 1.169675 -0.8186476 0.1548974
v 1.329546 -0.8186476 0.2363559
v 1.141606 -0.8277253 0.1752906
v 1.329546 -0.8277253 0.2363555
v 1.141606 -0.8186476 0.1752906
v 1.329545 -0.8186476 0.2710509
v 1.121213 -0.8277253 0.2033589
v 1.329546 -0.8277253 0.2710505
v 1.121213 -0.8186476 0.2033592
v 1.318824 -0.8186476 0.3040469
v 1.110492 -0.8277253 0.2363557
v 1.318825 -0.8277253 0.3040465
v 1.110492 -0.8186476 0.2363561
v 1.298431 -0.8186476 0.3321161
v 1.110492 -0.8277253 0.2710507
v 1.298431 -0.8277253 0.3321157
v 1.110491 -0.8186476 0.2710511
v 1.270362 -0.8186476 0.3525088
v 1.121213 -0.8277253 0.304047
v 1.270363 -0.8277253 0.3525084
v 1.121213 -0.8186476 0.3040473
v 1.237366 -0.8186476 0.3632303
v 1.141606 -0.8277253 0.3321156
v 1.237366 -0.8277253 0.3632299
v 1.141606 -0.8186476 0.332116
v 1.202671 -0.8186476 0.3632307
v 1.169675 -0.8277253 0.3525087
v 1.202671 -0.8277253 0.3632303
v 1.169675 -0.8186476 0.352509
v 1.288384 -0.8034704 0.119529
v 1.237366 -0.8186476 0.1441763
v 1.270362 -0.8186476 0.1548981
v 1.243575 -0.8034704 0.1049696
v 1.3265 -0.8034704 0.1472221
v 1.202671 -0.8186476 0.1441767
v 1.298431 -0.8186476 0.1752909
v 1.19646 -0.8034704 0.1049697
v 1.354193 -0.8034704 0.1853386
v 1.169675 -0.8186476 0.1548974
v 1.318824 -0.8186476 0.2033596
v 1.151652 -0.8034704 0.1195288
v 1.368753 -0.8034704 0.230147
v 1.141606 -0.8186476 0.1752906
v 1.329546 -0.8186476 0.2363559
v 1.113535 -0.8034704 0.1472219
v 1.368752 -0.8034704 0.2772617
v 1.121213 -0.8186476 0.2033592
v 1.329545 -0.8186476 0.2710509
v 1.085842 -0.8034704 0.1853387
v 1.354193 -0.8034704 0.3220702
v 1.110492 -0.8186476 0.2363561
v 1.318824 -0.8186476 0.3040469
v 1.071283 -0.8034704 0.2301473
v 1.3265 -0.8034704 0.360187
v 1.110491 -0.8186476 0.2710511
v 1.298431 -0.8186476 0.3321161
v 1.071283 -0.8034704 0.2772615
v 1.288383 -0.8034704 0.3878802
v 1.121213 -0.8186476 0.3040473
v 1.270362 -0.8186476 0.3525088
v 1.085842 -0.8034704 0.3220703
v 1.243575 -0.8034704 0.4024393
v 1.141606 -0.8186476 0.332116
v 1.237366 -0.8186476 0.3632303
v 1.113535 -0.8034704 0.3601864
v 1.19646 -0.8034704 0.4024391
v 1.169675 -0.8186476 0.352509
v 1.202671 -0.8186476 0.3632307
v 1.151652 -0.8034704 0.3878802
v -1.599827 -0.5432236 0.3040476
v -1.610549 -0.5341458 0.2710518
v -1.599828 -0.5341459 0.3040479
v -1.610549 -0.5432236 0.2710512
v -1.579434 -0.5432236 0.3321159
v -1.610548 -0.5341459 0.2363565
v -1.579435 -0.5341459 0.3321163
v -1.610548 -0.5432236 0.2363561
v -1.551365 -0.5432236 0.3525089
v -1.599828 -0.5341459 0.2033605
v -1.551366 -0.5341459 0.3525096
v -1.599828 -0.5432236 0.2033601
v -1.518369 -0.5432236 0.3632307
v -1.579435 -0.5341459 0.1752913
v -1.51837 -0.5341458 0.3632313
v -1.579435 -0.5432236 0.1752913
v -1.483674 -0.5432236 0.3632302
v -1.551366 -0.5341459 0.1548987
v -1.483674 -0.5341459 0.3632307
v -1.551366 -0.5432236 0.1548981
v -1.450678 -0.5432236 0.3525096
v -1.518369 -0.5341459 0.1441773
v -1.450679 -0.5341459 0.3525102
v -1.518369 -0.5432236 0.1441767
v -1.422609 -0.5432236 0.332116
v -1.483674 -0.5341459 0.1441768
v -1.422609 -0.5341459 0.3321163
v -1.483674 -0.5432236 0.1441763
v -1.402216 -0.5432236 0.3040476
v -1.450678 -0.5341459 0.1548982
v -1.402217 -0.5341459 0.3040482
v -1.450678 -0.5432236 0.1548978
v -1.391495 -0.5432236 0.2710508
v -1.422609 -0.5341459 0.1752913
v -1.391495 -0.5341459 0.2710514
v -1.422609 -0.5432236 0.1752906
v -1.391494 -0.5432236 0.2363558
v -1.402216 -0.5341459 0.2033599
v -1.391495 -0.5341459 0.2363564
v -1.402216 -0.5432236 0.2033595
v -1.635196 -0.5584009 0.3220684
v -1.610549 -0.5432236 0.2710512
v -1.599827 -0.5432236 0.3040476
v -1.649755 -0.5584008 0.2772602
v -1.607503 -0.5584007 0.3601846
v -1.610548 -0.5432236 0.2363561
v -1.579434 -0.5432236 0.3321159
v -1.649755 -0.5584007 0.2301454
v -1.569386 -0.5584009 0.3878781
v -1.599828 -0.5432236 0.2033601
v -1.551365 -0.5432236 0.3525089
v -1.635196 -0.5584009 0.1853369
v -1.524578 -0.5584008 0.4024375
v -1.579435 -0.5432236 0.1752913
v -1.518369 -0.5432236 0.3632307
v -1.607503 -0.5584009 0.1472203
v -1.477463 -0.5584007 0.4024375
v -1.551366 -0.5432236 0.1548981
v -1.483674 -0.5432236 0.3632302
v -1.569386 -0.5584008 0.1195267
v -1.432655 -0.5584009 0.3878782
v -1.518369 -0.5432236 0.1441767
v -1.450678 -0.5432236 0.3525096
v -1.524578 -0.5584009 0.1049678
v -1.394538 -0.5584009 0.3601846
v -1.483674 -0.5432236 0.1441763
v -1.422609 -0.5432236 0.332116
v -1.477463 -0.5584009 0.1049676
v -1.366845 -0.5584008 0.3220683
v -1.450678 -0.5432236 0.1548978
v -1.402216 -0.5432236 0.3040476
v -1.432655 -0.5584009 0.1195268
v -1.352286 -0.5584009 0.2772597
v -1.422609 -0.5432236 0.1752906
v -1.391495 -0.5432236 0.2710508
v -1.394538 -0.5584009 0.1472203
v -1.352286 -0.5584009 0.2301453
v -1.402216 -0.5432236 0.2033595
v -1.391494 -0.5432236 0.2363558
v -1.366845 -0.5584009 0.1853367
v -1.450674 -0.8186476 0.1548949
v -1.48367 -0.8277253 0.1441728
v -1.450674 -0.8277253 0.1548944
v -1.483671 -0.8186476 0.1441731
v -1.422606 -0.8186476 0.1752876
v -1.518365 -0.8277253 0.1441731
v -1.422605 -0.8277253 0.1752873
v -1.518366 -0.8186476 0.1441735
v -1.402213 -0.8186476 0.2033563
v -1.551361 -0.8277253 0.1548938
v -1.402212 -0.8277253 0.203356
v -1.551362 -0.8186476 0.1548942
v -1.391491 -0.8186476 0.2363526
v -1.57943 -0.8277253 0.1752873
v -1.391491 -0.8277253 0.2363522
v -1.57943 -0.8186476 0.1752873
v -1.391492 -0.8186476 0.2710477
v -1.599823 -0.8277253 0.2033557
v -1.391491 -0.8277253 0.2710473
v -1.599824 -0.8186476 0.203356
v -1.402212 -0.8186476 0.3040437
v -1.610545 -0.8277253 0.2363525
v -1.402212 -0.8277253 0.3040434
v -1.610545 -0.8186476 0.2363529
v -1.422606 -0.8186476 0.3321128
v -1.610545 -0.8277253 0.2710475
v -1.422605 -0.8277253 0.3321125
v -1.610546 -0.8186476 0.2710479
v -1.450674 -0.8186476 0.3525056
v -1.599824 -0.8277253 0.3040437
v -1.450674 -0.8277253 0.3525053
v -1.599824 -0.8186476 0.304044
v -1.483671 -0.8186476 0.363227
v -1.57943 -0.8277253 0.3321124
v -1.483671 -0.8277253 0.3632267
v -1.579431 -0.8186476 0.3321128
v -1.518366 -0.8186476 0.3632275
v -1.551362 -0.8277253 0.3525054
v -1.518366 -0.8277253 0.363227
v -1.551362 -0.8186476 0.3525057
v -1.432653 -0.8034704 0.1195258
v -1.483671 -0.8186476 0.1441731
v -1.450674 -0.8186476 0.1548949
v -1.477461 -0.8034704 0.1049664
v -1.394537 -0.8034704 0.1472189
v -1.518366 -0.8186476 0.1441735
v -1.422606 -0.8186476 0.1752876
v -1.524576 -0.8034704 0.1049665
v -1.366844 -0.8034704 0.1853354
v -1.551362 -0.8186476 0.1548942
v -1.402213 -0.8186476 0.2033563
v -1.569385 -0.8034704 0.1195256
v -1.352284 -0.8034704 0.2301438
v -1.57943 -0.8186476 0.1752873
v -1.391491 -0.8186476 0.2363526
v -1.607501 -0.8034704 0.1472187
v -1.352284 -0.8034704 0.2772585
v -1.599824 -0.8186476 0.203356
v -1.391492 -0.8186476 0.2710477
v -1.635195 -0.8034704 0.1853355
v -1.366844 -0.8034704 0.3220669
v -1.610545 -0.8186476 0.2363529
v -1.402212 -0.8186476 0.3040437
v -1.649754 -0.8034704 0.2301442
v -1.394537 -0.8034704 0.3601838
v -1.610546 -0.8186476 0.2710479
v -1.422606 -0.8186476 0.3321128
v -1.649754 -0.8034704 0.2772583
v -1.432654 -0.8034704 0.387877
v -1.599824 -0.8186476 0.304044
v -1.450674 -0.8186476 0.3525056
v -1.635195 -0.8034704 0.3220671
v -1.477462 -0.8034704 0.4024362
v -1.579431 -0.8186476 0.3321128
v -1.483671 -0.8186476 0.363227
v -1.607501 -0.8034704 0.3601832
v -1.524576 -0.8034704 0.4024359
v -1.551362 -0.8186476 0.3525057
v -1.518366 -0.8186476 0.3632275
v -1.569385 -0.8034704 0.387877
v -1.978802 -0.7538126 1.384281
v -2.008751 -0.7225896 1.397075
v -1.969912 -0.7218545 1.40808
v -2.010913 -0.7303614 1.391288
v -2.01387 -0.7148868 1.400687
v -2.012422 -0.767334 1.365476
v -1.990958 -0.6901805 1.422932
v -2.019089 -0.7336496 1.386714
v -2.02327 -0.7117653 1.400007
v -2.051077 -0.7544982 1.36268
v -2.029613 -0.6773447 1.420136
v -2.02849 -0.7305281 1.386034
v -2.031446 -0.7150536 1.395434
v -2.072123 -0.7228242 1.377531
v -2.063232 -0.6908662 1.401331
v -2.033608 -0.7228253 1.389646
v -1.929961 0.687954 0.2304303
v -1.932414 0.6931873 0.2048174
v -1.932414 0.705457 0.2231803
v -1.929961 0.6797912 0.2182136
v -1.925091 0.6531638 0.2448407
v -1.932414 0.6748244 0.1925477
v -1.929961 0.6908205 0.2448408
v -1.932414 0.7097656 0.2448408
v -1.929961 0.6675745 0.2100506
v -1.932414 0.6531639 0.1882392
v -1.929961 0.687954 0.2592513
v -1.932414 0.705457 0.2665013
v -1.929961 0.6531639 0.2071842
v -1.932414 0.6315034 0.1925477
v -1.929961 0.6797912 0.271468
v -1.932414 0.6931873 0.2848642
v -1.929961 0.6387534 0.2100506
v -1.929961 0.6675745 0.2796309
v -1.929961 0.6265367 0.2182136
v -1.932414 0.6131405 0.2048174
v -1.932414 0.6748244 0.2971338
v -1.932414 0.6008709 0.2231803
v -1.929961 0.6531639 0.2824974
v -1.932414 0.6531639 0.3014424
v -1.929961 0.6183738 0.2304303
v -1.932414 0.5965623 0.2448408
v -1.929961 0.6387534 0.2796309
v -1.932414 0.6315034 0.2971338
v -1.929961 0.6155074 0.2448408
v -1.932414 0.6008709 0.2665013
v -1.929961 0.6265367 0.271468
v -1.932414 0.6131406 0.2848642
v -1.929961 0.6183738 0.2592513
v -1.979703 0.6805405 0.422622
v -1.987931 0.6791567 0.3945335
v -1.987931 0.6941564 0.4169821
v -1.979703 0.6687356 0.4049546
v -1.973794 0.6302281 0.443462
v -1.987931 0.6567081 0.3795338
v -1.979703 0.6846859 0.443462
v -1.987932 0.6994236 0.443462
v -1.979703 0.6510682 0.3931496
v -1.987931 0.6302281 0.3742665
v -1.979703 0.6805405 0.4643021
v -1.987932 0.6941564 0.469942
v -1.979703 0.6302281 0.3890042
v -1.987931 0.6037481 0.3795338
v -1.979703 0.6687356 0.4819695
v -1.987932 0.6791567 0.4923906
v -1.979703 0.609388 0.3931496
v -1.979703 0.6510682 0.4937744
v -1.979703 0.5917206 0.4049546
v -1.987931 0.5812995 0.3945335
v -1.987932 0.6567081 0.5073903
v -1.987931 0.5662998 0.4169821
v -1.979703 0.6302281 0.4979198
v -1.987932 0.6302281 0.5126575
v -1.979703 0.5799157 0.422622
v -1.987931 0.5610327 0.443462
v -1.979703 0.609388 0.4937744
v -1.987931 0.6037481 0.5073903
v -1.979703 0.5757704 0.443462
v -1.987931 0.5662998 0.469942
v -1.979703 0.5917206 0.4819695
v -1.987931 0.5812995 0.4923906
v -1.979703 0.5799157 0.4643021
v -1.941518 0.5691143 0.2241146
v -1.951065 0.5712456 0.206186
v -1.951065 0.5801663 0.2195367
v -1.941518 0.5627868 0.2146448
v -1.936648 0.5421466 0.235285
v -1.951065 0.5578949 0.1972653
v -1.941518 0.5713362 0.235285
v -1.951065 0.5832988 0.235285
v -1.941518 0.5533169 0.2083173
v -1.951065 0.5421466 0.1941327
v -1.941518 0.5691143 0.2464554
v -1.951065 0.5801663 0.2510333
v -1.941518 0.5421466 0.2060954
v -1.951065 0.5263982 0.1972653
v -1.941518 0.5627868 0.2559252
v -1.951065 0.5712456 0.2643841
v -1.941518 0.5309762 0.2083173
v -1.941518 0.5533169 0.2622527
v -1.941518 0.5215064 0.2146448
v -1.951065 0.5130475 0.206186
v -1.951065 0.5578949 0.2733048
v -1.951065 0.5041268 0.2195367
v -1.941518 0.5421466 0.2644747
v -1.951065 0.5421466 0.2764373
v -1.941518 0.5151789 0.2241146
v -1.951065 0.5009943 0.235285
v -1.941518 0.5309762 0.2622527
v -1.951065 0.5263982 0.2733048
v -1.941518 0.512957 0.235285
v -1.951065 0.5041268 0.2510333
v -1.941518 0.5215064 0.2559252
v -1.951065 0.5130475 0.2643841
v -1.941518 0.5151789 0.2464554
v -1.932414 -0.7286059 0.2048174
v -1.929961 -0.7233726 0.2304303
v -1.932414 -0.7408756 0.2231803
v -1.929961 -0.7152098 0.2182136
v -1.925091 -0.6885824 0.2448407
v -1.932414 -0.710243 0.1925477
v -1.929961 -0.7262391 0.2448408
v -1.932414 -0.7451841 0.2448408
v -1.929961 -0.7029931 0.2100506
v -1.932414 -0.6885825 0.1882392
v -1.929961 -0.7233726 0.2592513
v -1.932414 -0.7408756 0.2665013
v -1.929961 -0.6885825 0.2071842
v -1.932414 -0.666922 0.1925477
v -1.929961 -0.7152098 0.271468
v -1.932414 -0.7286059 0.2848642
v -1.929961 -0.674172 0.2100506
v -1.929961 -0.7029931 0.2796309
v -1.929961 -0.6619552 0.2182136
v -1.932414 -0.6485591 0.2048174
v -1.932414 -0.710243 0.2971338
v -1.932414 -0.6362895 0.2231803
v -1.929961 -0.6885825 0.2824974
v -1.932414 -0.6885825 0.3014424
v -1.929961 -0.6537924 0.2304303
v -1.932414 -0.631981 0.2448408
v -1.929961 -0.674172 0.2796309
v -1.932414 -0.666922 0.2971338
v -1.929961 -0.650926 0.2448408
v -1.932414 -0.6362895 0.2665013
v -1.929961 -0.6619552 0.271468
v -1.932414 -0.6485592 0.2848642
v -1.929961 -0.6537924 0.2592513
v -1.987931 -0.7145752 0.3945335
v -1.979703 -0.7159591 0.422622
v -1.987931 -0.729575 0.4169821
v -1.979703 -0.7041542 0.4049546
v -1.973794 -0.6656467 0.443462
v -1.987931 -0.6921267 0.3795338
v -1.979703 -0.7201045 0.443462
v -1.987932 -0.7348422 0.443462
v -1.979703 -0.6864868 0.3931496
v -1.987931 -0.6656467 0.3742665
v -1.979703 -0.7159591 0.4643021
v -1.987932 -0.729575 0.469942
v -1.979703 -0.6656467 0.3890042
v -1.987931 -0.6391667 0.3795338
v -1.979703 -0.7041542 0.4819695
v -1.987932 -0.7145752 0.4923906
v -1.979703 -0.6448067 0.3931496
v -1.979703 -0.6864868 0.4937744
v -1.979703 -0.6271392 0.4049546
v -1.987931 -0.6167181 0.3945335
v -1.987932 -0.6921267 0.5073903
v -1.987931 -0.6017184 0.4169821
v -1.979703 -0.6656467 0.4979198
v -1.987932 -0.6656467 0.5126575
v -1.979703 -0.6153343 0.422622
v -1.987931 -0.5964512 0.443462
v -1.979703 -0.6448067 0.4937744
v -1.987931 -0.6391667 0.5073903
v -1.979703 -0.611189 0.443462
v -1.987931 -0.6017184 0.469942
v -1.979703 -0.6271392 0.4819695
v -1.987931 -0.6167181 0.4923906
v -1.979703 -0.6153343 0.4643021
v -1.951065 -0.6066642 0.206186
v -1.941518 -0.6045329 0.2241146
v -1.951065 -0.6155849 0.2195367
v -1.941518 -0.5982054 0.2146448
v -1.936648 -0.5775652 0.235285
v -1.951065 -0.5933135 0.1972653
v -1.941518 -0.6067548 0.235285
v -1.951065 -0.6187174 0.235285
v -1.941518 -0.5887355 0.2083173
v -1.951065 -0.5775651 0.1941327
v -1.941518 -0.6045329 0.2464554
v -1.951065 -0.6155849 0.2510333
v -1.941518 -0.5775651 0.2060954
v -1.951065 -0.5618169 0.1972653
v -1.941518 -0.5982054 0.2559252
v -1.951065 -0.6066642 0.2643841
v -1.941518 -0.5663947 0.2083173
v -1.941518 -0.5887355 0.2622527
v -1.941518 -0.556925 0.2146448
v -1.951065 -0.5484661 0.206186
v -1.951065 -0.5933135 0.2733048
v -1.951065 -0.5395454 0.2195367
v -1.941518 -0.5775651 0.2644747
v -1.951065 -0.5775651 0.2764373
v -1.941518 -0.5505974 0.2241146
v -1.951065 -0.5364129 0.235285
v -1.941518 -0.5663947 0.2622527
v -1.951065 -0.5618169 0.2733048
v -1.941518 -0.5483755 0.235285
v -1.951065 -0.5395454 0.2510333
v -1.941518 -0.556925 0.2559252
v -1.951065 -0.5484661 0.2643841
v -1.941518 -0.5505975 0.2464554
vt 0.7788086 0.5185547
vt 0.8027344 0.5541992
vt 0.8022461 0.5185547
vt 0.7788086 0.5541992
vt 0.8027344 0.6220703
vt 0.7241211 0.5541992
vt 0.7241211 0.5185547
vt 0.7788086 0.6220703
vt 0.7241211 0.6220703
vt 0.7211914 0.5688477
vt 0.7143555 0.5830078
vt 0.7021484 0.5966797
vt 0.8027344 0.6367188
vt 0.684082 0.6054688
vt 0.7788086 0.6367188
vt 0.8022461 0.7104492
vt 0.7788086 0.7104492
vt 0.8022461 0.7983398
vt 0.7788086 0.7978516
vt 0.8022461 0.8442383
vt 0.6069336 0.6210938
vt 0.6455078 0.6049805
vt 0.6274414 0.5961914
vt 0.6166992 0.5820313
vt 0.6098633 0.5678711
vt 0.6069336 0.5537109
vt 0.6748047 0.6362305
vt 0.7124023 0.652832
vt 0.559082 0.7109375
vt 0.559082 0.6357422
vt 0.559082 0.5874023
vt 0.559082 0.5185547
vt 0.6069336 0.5185547
vt 0.3884277 0.5874023
vt 0.3884277 0.5185547
vt 0.3884277 0.6357422
vt 0.3884277 0.7104492
vt 0.559082 0.7973633
vt 0.3884277 0.7973633
vt 0.3884277 0.8452148
vt 0.7382813 0.7006836
vt 0.7324219 0.6811523
vt 0.7387695 0.7104492
vt 0.7397461 0.7797852
vt 0.7329102 0.7978516
vt 0.7324219 0.7983398
vt 0.7197266 0.8203125
vt 0.5585938 0.8452148
vt 0.7788086 0.8466797
vt 0.8027344 0.8588867
vt 0.6738281 0.8457031
vt 0.7783203 0.8623047
vt 0.8027344 0.8759766
vt 0.5585938 0.8618164
vt 0.7788086 0.8774414
vt 0.8027344 0.9111328
vt 0.7788086 0.9121094
vt 0.8027344 0.9511719
vt 0.7783203 0.9511719
vt 0.8027344 0.9790039
vt 0.5585938 0.9121094
vt 0.5585938 0.8779297
vt 0.3881836 0.8618164
vt 0.2177734 0.8618164
vt 0.2177734 0.8452148
vt 0.3881836 0.8774414
vt 0.3881836 0.9121094
vt 0.2177734 0.8774414
vt 0.2177734 0.9121094
vt 0.1269531 0.8623047
vt 0.1269531 0.8774414
vt 0.1270752 0.9121094
vt 0.2177734 0.9511719
vt 0.3881836 0.9511719
vt 0.126709 0.8457031
vt 0.2178955 0.7973633
vt 0.09429932 0.8623047
vt 0.0904541 0.8779297
vt 0.08758545 0.9121094
vt 0.08630371 0.9511719
vt 0.1270752 0.9511719
vt 0.08691406 0.9790039
vt 0.1270752 0.9790039
vt 0.2177734 0.9790039
vt 0.1270752 0.9511719
vt 0.08630371 0.9511719
vt 0.2177734 0.9511719
vt 0.1270752 0.9121094
vt 0.08758545 0.9121094
vt 0.1269531 0.8774414
vt 0.0904541 0.8779297
vt 0.09429932 0.8623047
vt 0.3881836 0.9790039
vt 0.3881836 0.9511719
vt 0.5585938 0.9511719
vt 0.5585938 0.9790039
vt 0.5585938 0.9511719
vt 0.7783203 0.9790039
vt 0.7783203 0.9511719
vt 0.8027344 0.9511719
vt 0.5585938 0.9121094
vt 0.7788086 0.9121094
vt 0.8027344 0.9111328
vt 0.7788086 0.8774414
vt 0.8027344 0.8759766
vt 0.3881836 0.9121094
vt 0.5585938 0.8779297
vt 0.7783203 0.8623047
vt 0.8027344 0.8588867
vt 0.2177734 0.9121094
vt 0.3881836 0.8774414
vt 0.2177734 0.8774414
vt 0.5585938 0.8618164
vt 0.3881836 0.8618164
vt 0.7788086 0.8466797
vt 0.8022461 0.8442383
vt 0.2177734 0.8618164
vt 0.3884277 0.8452148
vt 0.5585938 0.8452148
vt 0.559082 0.7973633
vt 0.1269531 0.8623047
vt 0.2177734 0.8452148
vt 0.126709 0.8457031
vt 0.3884277 0.7973633
vt 0.2178955 0.7973633
vt 0.7119141 0.8271484
vt 0.6767578 0.8457031
vt 0.7333984 0.7978516
vt 0.7788086 0.7978516
vt 0.8022461 0.7983398
vt 0.7412109 0.7797852
vt 0.7788086 0.7104492
vt 0.8022461 0.7104492
vt 0.7788086 0.6367188
vt 0.8027344 0.6367188
vt 0.7788086 0.6220703
vt 0.8027344 0.6220703
vt 0.7241211 0.6220703
vt 0.7241211 0.5541992
vt 0.7788086 0.5541992
vt 0.8027344 0.5541992
vt 0.7788086 0.5185547
vt 0.8022461 0.5185547
vt 0.7241211 0.5185547
vt 0.7211914 0.5688477
vt 0.7143555 0.5830078
vt 0.7021484 0.5966797
vt 0.684082 0.6054688
vt 0.6069336 0.6210938
vt 0.6455078 0.6049805
vt 0.6274414 0.5961914
vt 0.6166992 0.5820313
vt 0.6098633 0.5678711
vt 0.6069336 0.5537109
vt 0.6748047 0.6362305
vt 0.559082 0.5874023
vt 0.559082 0.6357422
vt 0.559082 0.5185547
vt 0.6069336 0.5185547
vt 0.3884277 0.5874023
vt 0.3884277 0.5185547
vt 0.3884277 0.6357422
vt 0.2167969 0.5869141
vt 0.2167969 0.5185547
vt 0.217041 0.6191406
vt 0.1884766 0.5537109
vt 0.1884766 0.5185547
vt 0.1806641 0.621582
vt 0.1716309 0.5537109
vt 0.1717529 0.5185547
vt 0.1688232 0.5683594
vt 0.1621094 0.5825195
vt 0.1500244 0.5961914
vt 0.1320801 0.6049805
vt 0.06408691 0.612793
vt 0.09356689 0.6049805
vt 0.07562256 0.5961914
vt 0.0647583 0.5825195
vt 0.05789185 0.5683594
vt 0.04620361 0.6162109
vt 0.04553223 0.5507813
vt 0.05435181 0.5507813
vt 0.05435181 0.5185547
vt 0.04589844 0.5185547
vt 0.03573608 0.5185547
vt 0.03573608 0.5507813
vt 0.03573608 0.5722656
vt 0.03573608 0.5839844
vt 0.03536987 0.5927734
vt 0.03561401 0.6220703
vt 0.03561401 0.6367188
vt 0.05249023 0.6201172
vt 0.04641724 0.6367188
vt 0.05236816 0.6894531
vt 0.04446411 0.6894531
vt 0.05319214 0.7353516
vt 0.08477783 0.6206055
vt 0.05523682 0.6367188
vt 0.1244507 0.6362305
vt 0.06033325 0.7353516
vt 0.06268311 0.7792969
vt 0.06616211 0.6933594
vt 0.2171631 0.6357422
vt 0.07318115 0.7304688
vt 0.06988525 0.7792969
vt 0.07366943 0.8208008
vt 0.1243896 0.7104492
vt 0.2180176 0.7104492
vt 0.1242676 0.777832
vt 0.3884277 0.7104492
vt 0.08251953 0.8208008
vt 0.08428955 0.8481445
vt 0.0826416 0.7788086
vt 0.08770752 0.8056641
vt 0.1254883 0.815918
vt 0.559082 0.7109375
vt 0.09576416 0.8193359
vt 0.1053467 0.8330078
vt 0.09356689 0.8461914
vt 0.7416992 0.7104492
vt 0.7119141 0.6523438
vt 0.7324219 0.6782227
vt 0.1716309 0.5537109
vt 0.1884766 0.5185547
vt 0.1717529 0.5185547
vt 0.1884766 0.5537109
vt 0.2167969 0.5185547
vt 0.2167969 0.5869141
vt 0.1806641 0.621582
vt 0.1688232 0.5683594
vt 0.217041 0.6201172
vt 0.1621094 0.5825195
vt 0.1500244 0.5961914
vt 0.1320801 0.6049805
vt 0.06408691 0.612793
vt 0.09356689 0.6049805
vt 0.07562256 0.5961914
vt 0.0647583 0.5825195
vt 0.2171631 0.6357422
vt 0.05789185 0.5683594
vt 0.04620361 0.6162109
vt 0.04553223 0.5507813
vt 0.05435181 0.5507813
vt 0.05435181 0.5185547
vt 0.04589844 0.5185547
vt 0.03573608 0.5185547
vt 0.03573608 0.5507813
vt 0.03573608 0.5722656
vt 0.03573608 0.5839844
vt 0.03536987 0.5927734
vt 0.03561401 0.6220703
vt 0.03561401 0.6367188
vt 0.05389404 0.6201172
vt 0.08483887 0.6206055
vt 0.1244507 0.6362305
vt 0.05465698 0.6367188
vt 0.04641724 0.6367188
vt 0.05236816 0.6894531
vt 0.04446411 0.6894531
vt 0.05319214 0.7353516
vt 0.1243896 0.7104492
vt 0.2180176 0.7104492
vt 0.06561279 0.6933594
vt 0.06033325 0.7353516
vt 0.06268311 0.7792969
vt 0.0725708 0.7304688
vt 0.1242676 0.777832
vt 0.06988525 0.7792969
vt 0.07366943 0.8208008
vt 0.08190918 0.7788086
vt 0.08251953 0.8208008
vt 0.08428955 0.8481445
vt 0.1254883 0.815918
vt 0.09667969 0.8193359
vt 0.1098633 0.8354492
vt 0.09356689 0.8461914
vt 0.1890869 0.4797363
vt 0.1624756 0.4987793
vt 0.1826172 0.496582
vt 0.1594238 0.4797363
vt 0.09002686 0.4797363
vt 0.1184082 0.5019531
vt 0.06811523 0.5043945
vt 0.01887512 0.4797363
vt 0.01887512 0.5063477
vt 0.06811523 0.5043945
vt 0.09002686 0.4797363
vt 0.1184082 0.5019531
vt 0.1624756 0.4987793
vt 0.1809082 0.447998
vt 0.1586914 0.4533691
vt 0.08850098 0.4533691
vt 0.1878662 0.4418945
vt 0.2003174 0.4309082
vt 0.1875 0.3813477
vt 0.2003174 0.3813477
vt 0.1566162 0.3813477
vt 0.1873779 0.3251953
vt 0.2003174 0.3251953
vt 0.08410645 0.3813477
vt 0.01887512 0.4533691
vt 0.1558838 0.3251953
vt 0.1877441 0.2763672
vt 0.2003174 0.2668457
vt 0.175415 0.2668457
vt 0.2003174 0.1990967
vt 0.1561279 0.2668457
vt 0.1571045 0.1990967
vt 0.08850098 0.4533691
vt 0.1580811 0.1820068
vt 0.2003174 0.1820068
vt 0.08081055 0.2668457
vt 0.08129883 0.1990967
vt 0.08197021 0.1820068
vt 0.01887512 0.1820068
vt 0.08184814 0.3251953
vt 0.01887512 0.3813477
vt 0.08410645 0.3813477
vt 0.01887512 0.3251953
vt 0.01887512 0.2668457
vt 0.08184814 0.3251953
vt 0.08081055 0.2668457
vt 0.01887512 0.1990967
vt 0.08129883 0.1990967
vt 0.1558838 0.3251953
vt 0.1586914 0.4533691
vt 0.1561279 0.2668457
vt 0.1566162 0.3813477
vt 0.1594238 0.4797363
vt 0.1809082 0.447998
vt 0.1890869 0.4797363
vt 0.1826172 0.496582
vt 0.1894531 0.4406738
vt 0.2003174 0.4309082
vt 0.1884766 0.3813477
vt 0.2003174 0.3813477
vt 0.2003174 0.3251953
vt 0.1877441 0.3251953
vt 0.1875 0.2734375
vt 0.2003174 0.2668457
vt 0.175415 0.2668457
vt 0.2003174 0.1990967
vt 0.1571045 0.1990967
vt 0.1580811 0.1820068
vt 0.2003174 0.1820068
vt 0.08197021 0.1820068
vt 0.1077881 0.1590576
vt 0.05728149 0.1590576
vt 0.1580811 0.1591797
vt 0.01887512 0.1590576
vt 0.1815186 0.159668
vt 0.05728149 0.1590576
vt 0.1928711 0.1569824
vt 0.1959229 0.1549072
vt 0.2003174 0.144043
vt 0.1077881 0.1590576
vt 0.1580811 0.1591797
vt 0.1815186 0.159668
vt 0.1928711 0.1569824
vt 0.1959229 0.1549072
vt 0.2003174 0.144043
vt 0.7543945 0.06640625
vt 0.7446289 0.1010132
vt 0.7543945 0.08648682
vt 0.7446289 0.04724121
vt 0.7348633 0.1092529
vt 0.7348633 0.03848267
vt 0.7158203 0.1141357
vt 0.7158203 0.03265381
vt 0.6762695 0.03256226
vt 0.6762695 0.1141968
vt 0.5893555 0.03256226
vt 0.5893555 0.1141968
vt 0.5029297 0.03256226
vt 0.5029297 0.1141968
vt 0.4265137 0.1141968
vt 0.4265137 0.03256226
vt 0.5029297 0.03256226
vt 0.5029297 0.1141968
vt 0.5893555 0.1141968
vt 0.5893555 0.03256226
vt 0.6762695 0.1141968
vt 0.6762695 0.03256226
vt 0.7158203 0.1141357
vt 0.7158203 0.03265381
vt 0.7348633 0.03848267
vt 0.7348633 0.1092529
vt 0.7446289 0.04724121
vt 0.7446289 0.1010132
vt 0.7543945 0.06640625
vt 0.7543945 0.08648682
vt 0.1990967 0.1233521
vt 0.2020264 0.1346436
vt 0.2020264 0.1195679
vt 0.1931152 0.1182251
vt 0.2020264 0.09613037
vt 0.1810303 0.1147461
vt 0.1580811 0.09613037
vt 0.1580811 0.1117554
vt 0.1580811 0.05450439
vt 0.2020264 0.05450439
vt 0.1077881 0.09613037
vt 0.1077881 0.1117554
vt 0.1077881 0.05450439
vt 0.05728149 0.09613037
vt 0.05728149 0.1117554
vt 0.01733398 0.09613037
vt 0.05728149 0.05450439
vt 0.01733398 0.1117554
vt 0.01733398 0.05450439
vt 0.05728149 0.1117554
vt 0.05728149 0.05450439
vt 0.05728149 0.09613037
vt 0.1077881 0.1117554
vt 0.1077881 0.05450439
vt 0.1077881 0.09613037
vt 0.1580811 0.1117554
vt 0.1580811 0.05450439
vt 0.1580811 0.09613037
vt 0.1810303 0.1147461
vt 0.2020264 0.09613037
vt 0.2020264 0.05450439
vt 0.1931152 0.1182251
vt 0.2020264 0.1195679
vt 0.1990967 0.1233521
vt 0.2020264 0.1346436
vt 0.8525391 0.009078979
vt 0.800293 0.0226593
vt 0.8525391 0.0226593
vt 0.800293 0.009078979
vt 0.7480469 0.0226593
vt 0.7480469 0.009078979
vt 0.6953125 0.009078979
vt 0.6953125 0.0226593
vt 0.6713867 0.009078979
vt 0.6713867 0.0226593
vt 0.6591797 0.009078979
vt 0.6591797 0.0226593
vt 0.6513672 0.009078979
vt 0.6513672 0.0226593
vt 0.640625 0.009078979
vt 0.640625 0.0226593
vt 0.628418 0.009078979
vt 0.628418 0.0226593
vt 0.6157227 0.009078979
vt 0.6157227 0.0226593
vt 0.6074219 0.009078979
vt 0.6074219 0.0226593
vt 0.5952148 0.009078979
vt 0.5952148 0.0226593
vt 0.5712891 0.009078979
vt 0.5712891 0.0226593
vt 0.5185547 0.009078979
vt 0.5185547 0.0226593
vt 0.4660645 0.0226593
vt 0.4660645 0.009078979
vt 0.4135742 0.009078979
vt 0.4135742 0.0226593
vt 0.4660645 0.0226593
vt 0.4660645 0.009078979
vt 0.5185547 0.009078979
vt 0.5185547 0.0226593
vt 0.5712891 0.0226593
vt 0.5712891 0.009078979
vt 0.5952148 0.0226593
vt 0.5952148 0.009078979
vt 0.6074219 0.0226593
vt 0.6074219 0.009078979
vt 0.6157227 0.0226593
vt 0.6157227 0.009078979
vt 0.628418 0.0226593
vt 0.628418 0.009078979
vt 0.640625 0.0226593
vt 0.640625 0.009078979
vt 0.6513672 0.0226593
vt 0.6513672 0.009078979
vt 0.6591797 0.0226593
vt 0.6591797 0.009078979
vt 0.6713867 0.0226593
vt 0.6713867 0.009078979
vt 0.6953125 0.0226593
vt 0.6953125 0.009078979
vt 0.7480469 0.0226593
vt 0.7480469 0.009078979
vt 0.800293 0.009078979
vt 0.800293 0.0226593
vt 0.8525391 0.009078979
vt 0.8525391 0.0226593
vt 0.1337891 0.5258789
vt 0.1463623 0.53125
vt 0.1463623 0.5258789
vt 0.1330566 0.53125
vt 0.1330566 0.5336914
vt 0.1463623 0.5336914
vt 0.1330566 0.5361328
vt 0.1463623 0.5361328
vt 0.1463623 0.5390625
vt 0.1329346 0.5390625
vt 0.1329346 0.5424805
vt 0.1463623 0.5424805
vt 0.1329346 0.5488281
vt 0.1463623 0.5488281
vt 0.1329346 0.5522461
vt 0.1463623 0.5522461
vt 0.1329346 0.5551758
vt 0.1463623 0.5551758
vt 0.1329346 0.5581055
vt 0.1463623 0.5581055
vt 0.1329346 0.5605469
vt 0.1463623 0.5605469
vt 0.1341553 0.5654297
vt 0.1463623 0.5654297
vt 0.05667114 0.8852539
vt 0.06152344 0.8828125
vt 0.05731201 0.8842773
vt 0.05639648 0.8862305
vt 0.06677246 0.8862305
vt 0.06677246 0.8823242
vt 0.07196045 0.8823242
vt 0.07714844 0.8862305
vt 0.07714844 0.8823242
vt 0.07196045 0.8823242
vt 0.06677246 0.9018555
vt 0.06677246 0.8862305
vt 0.06677246 0.8823242
vt 0.06152344 0.8828125
vt 0.05639648 0.8862305
vt 0.05667114 0.8852539
vt 0.05731201 0.8842773
vt 0.06677246 0.9018555
vt 0.07714844 0.9018555
vt 0.07714844 0.9038086
vt 0.06677246 0.9038086
vt 0.05673218 0.9018555
vt 0.05673218 0.9038086
vt 0.06677246 0.9077148
vt 0.05673218 0.9077148
vt 0.06677246 0.9038086
vt 0.05673218 0.9018555
vt 0.05673218 0.9038086
vt 0.06677246 0.9077148
vt 0.05673218 0.9077148
vt 0.07714844 0.9077148
vt 0.06677246 0.9306641
vt 0.05673218 0.9306641
vt 0.05673218 0.953125
vt 0.07714844 0.9306641
vt 0.07714844 0.953125
vt 0.06677246 0.9306641
vt 0.05673218 0.9306641
vt 0.05673218 0.953125
vt 0.06677246 0.953125
vt 0.05685425 0.9594727
vt 0.06677246 0.9594727
vt 0.06677246 0.953125
vt 0.05685425 0.9594727
vt 0.06677246 0.9594727
vt 0.07714844 0.9594727
vt 0.06677246 0.9750977
vt 0.06677246 0.9750977
vt 0.07714844 0.9750977
vt 0.07714844 0.9824219
vt 0.06677246 0.9824219
vt 0.07714844 0.9858398
vt 0.05673218 0.9750977
vt 0.05673218 0.9824219
vt 0.06677246 0.9824219
vt 0.05673218 0.9750977
vt 0.05673218 0.9824219
vt 0.06677246 0.9858398
vt 0.05673218 0.9858398
vt 0.06677246 0.9858398
vt 0.05673218 0.9858398
vt 0.06222534 0.9887695
vt 0.05844116 0.987793
vt 0.06677246 0.9897461
vt 0.07196045 0.9897461
vt 0.07714844 0.9897461
vt 0.07196045 0.9897461
vt 0.06677246 0.9897461
vt 0.06222534 0.9887695
vt 0.05844116 0.987793
vt 0.07067871 0.5541992
vt 0.1254883 0.5688477
vt 0.1253662 0.5541992
vt 0.07067871 0.5688477
vt 0.07202148 0.5756836
vt 0.1240234 0.5756836
vt 0.1207886 0.5820313
vt 0.07525635 0.5820313
vt 0.1151123 0.5888672
vt 0.08032227 0.5888672
vt 0.1066895 0.5927734
vt 0.08868408 0.5927734
vt 0.1629639 0.565918
vt 0.151001 0.5605469
vt 0.1508789 0.565918
vt 0.1643066 0.5605469
vt 0.1641846 0.5581055
vt 0.1508789 0.5581055
vt 0.1641846 0.5556641
vt 0.1508789 0.5556641
vt 0.1508789 0.5527344
vt 0.1644287 0.5527344
vt 0.1643066 0.5493164
vt 0.1508789 0.5493164
vt 0.1643066 0.5429688
vt 0.1508789 0.5429688
vt 0.1643066 0.5395508
vt 0.1508789 0.5395508
vt 0.1643066 0.5366211
vt 0.1508789 0.5366211
vt 0.1644287 0.5341797
vt 0.1508789 0.5341797
vt 0.1644287 0.5317383
vt 0.1508789 0.5317383
vt 0.1630859 0.5263672
vt 0.1508789 0.5263672
vt 0.07067871 0.512207
vt 0.1254883 0.5273438
vt 0.1253662 0.512207
vt 0.07067871 0.5273438
vt 0.07202148 0.5336914
vt 0.1240234 0.5336914
vt 0.1207886 0.5405273
vt 0.07525635 0.5405273
vt 0.1151123 0.546875
vt 0.08032227 0.546875
vt 0.1066895 0.5507813
vt 0.08868408 0.5507813
vt 0.3884277 0.4641113
vt 0.2177734 0.512207
vt 0.3884277 0.5117188
vt 0.2178955 0.4638672
vt 0.3884277 0.3774414
vt 0.2180176 0.3771973
vt 0.3884277 0.3024902
vt 0.2181396 0.3024902
vt 0.2180176 0.2871094
vt 0.3884277 0.2541504
vt 0.2177734 0.2539063
vt 0.3884277 0.1854248
vt 0.2177734 0.1854248
vt 0.75 0.1384277
vt 0.7949219 0.159668
vt 0.7949219 0.1384277
vt 0.75 0.159668
vt 0.7949219 0.1809082
vt 0.7285156 0.159668
vt 0.7285156 0.1384277
vt 0.7285156 0.1809082
vt 0.75 0.1809082
vt 0.7949219 0.2021484
vt 0.7285156 0.2021484
vt 0.75 0.2021484
vt 0.7949219 0.2233887
vt 0.7285156 0.2233887
vt 0.75 0.2233887
vt 0.7949219 0.2446289
vt 0.7285156 0.2446289
vt 0.75 0.2446289
vt 0.7949219 0.2658691
vt 0.7285156 0.2658691
vt 0.75 0.2658691
vt 0.7949219 0.2871094
vt 0.7285156 0.2871094
vt 0.75 0.2871094
vt 0.7949219 0.3081055
vt 0.7285156 0.3081055
vt 0.75 0.3081055
vt 0.75 0.3081055
vt 0.7949219 0.2871094
vt 0.7949219 0.3081055
vt 0.75 0.2871094
vt 0.7949219 0.2658691
vt 0.7285156 0.2871094
vt 0.7285156 0.3081055
vt 0.7285156 0.2658691
vt 0.75 0.2658691
vt 0.7949219 0.2446289
vt 0.7285156 0.2446289
vt 0.75 0.2446289
vt 0.7949219 0.2233887
vt 0.7285156 0.2233887
vt 0.75 0.2233887
vt 0.7949219 0.2021484
vt 0.7285156 0.2021484
vt 0.75 0.2021484
vt 0.7949219 0.1809082
vt 0.7285156 0.1809082
vt 0.75 0.1809082
vt 0.7949219 0.159668
vt 0.7285156 0.159668
vt 0.75 0.159668
vt 0.7949219 0.1384277
vt 0.7285156 0.1384277
vt 0.75 0.1384277
vt 0.7495117 0.1384277
vt 0.7949219 0.159668
vt 0.7949219 0.1384277
vt 0.7495117 0.159668
vt 0.7949219 0.1809082
vt 0.7285156 0.159668
vt 0.7285156 0.1384277
vt 0.7285156 0.1809082
vt 0.7495117 0.1809082
vt 0.7949219 0.2021484
vt 0.7285156 0.2021484
vt 0.7495117 0.2021484
vt 0.7949219 0.2233887
vt 0.7285156 0.2233887
vt 0.7495117 0.2233887
vt 0.7949219 0.2446289
vt 0.7285156 0.2446289
vt 0.7495117 0.2446289
vt 0.7949219 0.2658691
vt 0.7285156 0.2658691
vt 0.7495117 0.2658691
vt 0.7949219 0.2871094
vt 0.7285156 0.2871094
vt 0.7495117 0.2871094
vt 0.7949219 0.3081055
vt 0.7285156 0.3081055
vt 0.7495117 0.3081055
vt 0.7495117 0.3081055
vt 0.7949219 0.2871094
vt 0.7949219 0.3081055
vt 0.7495117 0.2871094
vt 0.7949219 0.2658691
vt 0.7285156 0.2871094
vt 0.7285156 0.3081055
vt 0.7285156 0.2658691
vt 0.7495117 0.2658691
vt 0.7949219 0.2446289
vt 0.7285156 0.2446289
vt 0.7495117 0.2446289
vt 0.7949219 0.2233887
vt 0.7285156 0.2233887
vt 0.7495117 0.2233887
vt 0.7949219 0.2021484
vt 0.7285156 0.2021484
vt 0.7495117 0.2021484
vt 0.7949219 0.1809082
vt 0.7285156 0.1809082
vt 0.7495117 0.1809082
vt 0.7949219 0.159668
vt 0.7285156 0.159668
vt 0.7495117 0.159668
vt 0.7949219 0.1384277
vt 0.7285156 0.1384277
vt 0.7495117 0.1384277
vt 0.75 0.1384277
vt 0.7949219 0.159668
vt 0.7949219 0.1384277
vt 0.75 0.159668
vt 0.7949219 0.1809082
vt 0.7285156 0.159668
vt 0.7285156 0.1384277
vt 0.7285156 0.1809082
vt 0.75 0.1809082
vt 0.7949219 0.2021484
vt 0.7285156 0.2021484
vt 0.75 0.2021484
vt 0.7949219 0.2233887
vt 0.7285156 0.2233887
vt 0.75 0.2233887
vt 0.7949219 0.2446289
vt 0.7285156 0.2446289
vt 0.75 0.2446289
vt 0.7949219 0.2658691
vt 0.7285156 0.2658691
vt 0.75 0.2658691
vt 0.7949219 0.2871094
vt 0.7285156 0.2871094
vt 0.75 0.2871094
vt 0.7949219 0.3081055
vt 0.7285156 0.3081055
vt 0.75 0.3081055
vt 0.75 0.3081055
vt 0.7949219 0.2871094
vt 0.7949219 0.3081055
vt 0.75 0.2871094
vt 0.7949219 0.2658691
vt 0.7285156 0.2871094
vt 0.7285156 0.3081055
vt 0.7285156 0.2658691
vt 0.75 0.2658691
vt 0.7949219 0.2446289
vt 0.7285156 0.2446289
vt 0.75 0.2446289
vt 0.7949219 0.2233887
vt 0.7285156 0.2233887
vt 0.75 0.2233887
vt 0.7949219 0.2021484
vt 0.7285156 0.2021484
vt 0.75 0.2021484
vt 0.7949219 0.1809082
vt 0.7285156 0.1809082
vt 0.75 0.1809082
vt 0.7949219 0.159668
vt 0.7285156 0.159668
vt 0.75 0.159668
vt 0.7949219 0.1384277
vt 0.7285156 0.1384277
vt 0.75 0.1384277
vt 0.4020996 0.4614258
vt 0.4169922 0.425293
vt 0.4020996 0.425293
vt 0.4169922 0.4614258
vt 0.4169922 0.5039063
vt 0.4020996 0.5039063
vt 0.4020996 0.4614258
vt 0.4169922 0.4614258
vt 0.4169922 0.425293
vt 0.4020996 0.425293
vt 0.4169922 0.4614258
vt 0.4367676 0.425293
vt 0.4169922 0.425293
vt 0.4370117 0.4614258
vt 0.4372559 0.5039063
vt 0.4169922 0.5039063
vt 0.4169922 0.4614258
vt 0.4370117 0.4614258
vt 0.5429688 0.5039063
vt 0.4367676 0.425293
vt 0.4169922 0.425293
vt 0.5429688 0.425293
vt 0.5424805 0.4614258
vt 0.5424805 0.4614258
vt 0.5429688 0.425293
vt 0.5620117 0.5039063
vt 0.546875 0.4179688
vt 0.4389648 0.4179688
vt 0.4196777 0.4111328
vt 0.4294434 0.4111328
vt 0.4177246 0.3984375
vt 0.4284668 0.3984375
vt 0.5522461 0.4111328
vt 0.5517578 0.3984375
vt 0.5585938 0.4179688
vt 0.5620117 0.425293
vt 0.6435547 0.4111328
vt 0.6459961 0.3984375
vt 0.6362305 0.4179688
vt 0.6518555 0.4111328
vt 0.6547852 0.3984375
vt 0.640625 0.425293
vt 0.5620117 0.4614258
vt 0.6401367 0.4614258
vt 0.6591797 0.425293
vt 0.6401367 0.5039063
vt 0.6591797 0.4614258
vt 0.6743164 0.425293
vt 0.6743164 0.4614258
vt 0.6743164 0.5039063
vt 0.6591797 0.5039063
vt 0.5620117 0.4614258
vt 0.6591797 0.4614258
vt 0.6743164 0.4614258
vt 0.6743164 0.425293
vt 0.6591797 0.425293
vt 0.6401367 0.4614258
vt 0.640625 0.425293
vt 0.5620117 0.425293
vt 0.6362305 0.4179688
vt 0.5585938 0.4179688
vt 0.6435547 0.4111328
vt 0.6518555 0.4111328
vt 0.546875 0.4179688
vt 0.5522461 0.4111328
vt 0.6459961 0.3984375
vt 0.6547852 0.3984375
vt 0.5517578 0.3984375
vt 0.4284668 0.3984375
vt 0.4294434 0.4111328
vt 0.4177246 0.3984375
vt 0.4196777 0.4111328
vt 0.4389648 0.4179688
vt 0.7070313 0.4321289
vt 0.8310547 0.4243164
vt 0.6860352 0.4243164
vt 0.8266602 0.4321289
vt 0.7314453 0.4370117
vt 0.8188477 0.4370117
vt 0.684082 0.5004883
vt 0.706543 0.4370117
vt 0.684082 0.4370117
vt 0.706543 0.5004883
vt 0.7314453 0.4370117
vt 0.706543 0.4370117
vt 0.684082 0.4370117
vt 0.7314453 0.4370117
vt 0.7314453 0.5004883
vt 0.8188477 0.4370117
vt 0.8188477 0.4370117
vt 0.8188477 0.5004883
vt 0.8286133 0.5004883
vt 0.8286133 0.4370117
vt 0.8286133 0.4370117
vt 0.8364258 0.5004883
vt 0.8364258 0.4370117
vt 0.8364258 0.4370117
vt 0.9453125 0.9580078
vt 0.9321289 0.9472656
vt 0.9321289 0.9580078
vt 0.9453125 0.9472656
vt 0.9726563 0.9580078
vt 0.9726563 0.9472656
vt 0.9858398 0.9580078
vt 0.9858398 0.9472656
vt 0.9335938 0.9638672
vt 0.9228516 0.9785156
vt 0.9335938 0.9785156
vt 0.9228516 0.9638672
vt 0.9453125 0.9951172
vt 0.9321289 0.984375
vt 0.9321289 0.9951172
vt 0.9453125 0.984375
vt 0.9726563 0.9951172
vt 0.9726563 0.984375
vt 0.9858398 0.9951172
vt 0.9858398 0.984375
vt 0.984375 0.9785156
vt 0.9951172 0.9638672
vt 0.984375 0.9638672
vt 0.9951172 0.9785156
vt 0.9726563 0.9580078
vt 0.984375 0.9785156
vt 0.984375 0.9638672
vt 0.9726563 0.984375
vt 0.9453125 0.984375
vt 0.9453125 0.9580078
vt 0.9335938 0.9785156
vt 0.9335938 0.9638672
vt 0.5014648 0.309082
vt 0.5195313 0.3212891
vt 0.5195313 0.309082
vt 0.5014648 0.3212891
vt 0.5195313 0.309082
vt 0.5375977 0.3212891
vt 0.5375977 0.309082
vt 0.5195313 0.3212891
vt 0.5375977 0.309082
vt 0.5556641 0.3212891
vt 0.5556641 0.309082
vt 0.5375977 0.3212891
vt 0.5556641 0.309082
vt 0.5737305 0.3212891
vt 0.5737305 0.309082
vt 0.5556641 0.3212891
vt 0.5737305 0.309082
vt 0.5917969 0.3212891
vt 0.5917969 0.309082
vt 0.5737305 0.3212891
vt 0.5917969 0.309082
vt 0.6098633 0.3212891
vt 0.6098633 0.309082
vt 0.5917969 0.3212891
vt 0.8808594 0.4147949
vt 0.8686523 0.4379883
vt 0.8813477 0.4304199
vt 0.8549805 0.4299316
vt 0.8549805 0.4143066
vt 0.8676758 0.4067383
vt 0.7158203 0.1268311
vt 0.7197266 0.2253418
vt 0.7158203 0.2253418
vt 0.7197266 0.1268311
vt 0.6108398 0.229248
vt 0.6630859 0.2253418
vt 0.6108398 0.2253418
vt 0.6630859 0.229248
vt 0.715332 0.229248
vt 0.715332 0.2253418
vt 0.6108398 0.2253418
vt 0.6630859 0.1268311
vt 0.6108398 0.1268311
vt 0.6630859 0.2253418
vt 0.715332 0.2253418
vt 0.715332 0.1268311
vt 0.6108398 0.1268311
vt 0.6630859 0.1228638
vt 0.6108398 0.1228638
vt 0.6630859 0.1268311
vt 0.715332 0.1268311
vt 0.715332 0.1228638
vt 0.1463623 0.53125
vt 0.1337891 0.5258789
vt 0.1463623 0.5258789
vt 0.1330566 0.53125
vt 0.1330566 0.5336914
vt 0.1463623 0.5336914
vt 0.1330566 0.5361328
vt 0.1463623 0.5361328
vt 0.1463623 0.5390625
vt 0.1329346 0.5390625
vt 0.1329346 0.5424805
vt 0.1463623 0.5424805
vt 0.1329346 0.5488281
vt 0.1463623 0.5488281
vt 0.1329346 0.5522461
vt 0.1463623 0.5522461
vt 0.1329346 0.5551758
vt 0.1463623 0.5551758
vt 0.1329346 0.5581055
vt 0.1463623 0.5581055
vt 0.1329346 0.5605469
vt 0.1463623 0.5605469
vt 0.1341553 0.5654297
vt 0.1463623 0.5654297
vt 0.1254883 0.5688477
vt 0.07067871 0.5541992
vt 0.1253662 0.5541992
vt 0.07067871 0.5688477
vt 0.07202148 0.5756836
vt 0.1240234 0.5756836
vt 0.1207886 0.5820313
vt 0.07525635 0.5820313
vt 0.1151123 0.5888672
vt 0.08032227 0.5888672
vt 0.1066895 0.5927734
vt 0.08868408 0.5927734
vt 0.151001 0.5605469
vt 0.1629639 0.565918
vt 0.1508789 0.565918
vt 0.1643066 0.5605469
vt 0.1641846 0.5581055
vt 0.1508789 0.5581055
vt 0.1641846 0.5556641
vt 0.1508789 0.5556641
vt 0.1508789 0.5527344
vt 0.1644287 0.5527344
vt 0.1643066 0.5493164
vt 0.1508789 0.5493164
vt 0.1643066 0.5429688
vt 0.1508789 0.5429688
vt 0.1643066 0.5395508
vt 0.1508789 0.5395508
vt 0.1643066 0.5366211
vt 0.1508789 0.5366211
vt 0.1644287 0.5341797
vt 0.1508789 0.5341797
vt 0.1644287 0.5317383
vt 0.1508789 0.5317383
vt 0.1630859 0.5263672
vt 0.1508789 0.5263672
vt 0.1254883 0.5273438
vt 0.07067871 0.512207
vt 0.1253662 0.512207
vt 0.07067871 0.5273438
vt 0.07202148 0.5336914
vt 0.1240234 0.5336914
vt 0.1207886 0.5405273
vt 0.07525635 0.5405273
vt 0.1151123 0.546875
vt 0.08032227 0.546875
vt 0.1066895 0.5507813
vt 0.08868408 0.5507813
vt 0.7949219 0.159668
vt 0.75 0.1384277
vt 0.7949219 0.1384277
vt 0.75 0.159668
vt 0.7949219 0.1809082
vt 0.7285156 0.159668
vt 0.7285156 0.1384277
vt 0.7285156 0.1809082
vt 0.75 0.1809082
vt 0.7949219 0.2021484
vt 0.7285156 0.2021484
vt 0.75 0.2021484
vt 0.7949219 0.2233887
vt 0.7285156 0.2233887
vt 0.75 0.2233887
vt 0.7949219 0.2446289
vt 0.7285156 0.2446289
vt 0.75 0.2446289
vt 0.7949219 0.2658691
vt 0.7285156 0.2658691
vt 0.75 0.2658691
vt 0.7949219 0.2871094
vt 0.7285156 0.2871094
vt 0.75 0.2871094
vt 0.7949219 0.3081055
vt 0.7285156 0.3081055
vt 0.75 0.3081055
vt 0.7949219 0.2871094
vt 0.75 0.3081055
vt 0.7949219 0.3081055
vt 0.75 0.2871094
vt 0.7949219 0.2658691
vt 0.7285156 0.2871094
vt 0.7285156 0.3081055
vt 0.7285156 0.2658691
vt 0.75 0.2658691
vt 0.7949219 0.2446289
vt 0.7285156 0.2446289
vt 0.75 0.2446289
vt 0.7949219 0.2233887
vt 0.7285156 0.2233887
vt 0.75 0.2233887
vt 0.7949219 0.2021484
vt 0.7285156 0.2021484
vt 0.75 0.2021484
vt 0.7949219 0.1809082
vt 0.7285156 0.1809082
vt 0.75 0.1809082
vt 0.7949219 0.159668
vt 0.7285156 0.159668
vt 0.75 0.159668
vt 0.7949219 0.1384277
vt 0.7285156 0.1384277
vt 0.75 0.1384277
vt 0.7949219 0.159668
vt 0.7495117 0.1384277
vt 0.7949219 0.1384277
vt 0.7495117 0.159668
vt 0.7949219 0.1809082
vt 0.7285156 0.159668
vt 0.7285156 0.1384277
vt 0.7285156 0.1809082
vt 0.7495117 0.1809082
vt 0.7949219 0.2021484
vt 0.7285156 0.2021484
vt 0.7495117 0.2021484
vt 0.7949219 0.2233887
vt 0.7285156 0.2233887
vt 0.7495117 0.2233887
vt 0.7949219 0.2446289
vt 0.7285156 0.2446289
vt 0.7495117 0.2446289
vt 0.7949219 0.2658691
vt 0.7285156 0.2658691
vt 0.7495117 0.2658691
vt 0.7949219 0.2871094
vt 0.7285156 0.2871094
vt 0.7495117 0.2871094
vt 0.7949219 0.3081055
vt 0.7285156 0.3081055
vt 0.7495117 0.3081055
vt 0.7949219 0.2871094
vt 0.7495117 0.3081055
vt 0.7949219 0.3081055
vt 0.7495117 0.2871094
vt 0.7949219 0.2658691
vt 0.7285156 0.2871094
vt 0.7285156 0.3081055
vt 0.7285156 0.2658691
vt 0.7495117 0.2658691
vt 0.7949219 0.2446289
vt 0.7285156 0.2446289
vt 0.7495117 0.2446289
vt 0.7949219 0.2233887
vt 0.7285156 0.2233887
vt 0.7495117 0.2233887
vt 0.7949219 0.2021484
vt 0.7285156 0.2021484
vt 0.7495117 0.2021484
vt 0.7949219 0.1809082
vt 0.7285156 0.1809082
vt 0.7495117 0.1809082
vt 0.7949219 0.159668
vt 0.7285156 0.159668
vt 0.7495117 0.159668
vt 0.7949219 0.1384277
vt 0.7285156 0.1384277
vt 0.7495117 0.1384277
vt 0.7949219 0.159668
vt 0.75 0.1384277
vt 0.7949219 0.1384277
vt 0.75 0.159668
vt 0.7949219 0.1809082
vt 0.7285156 0.159668
vt 0.7285156 0.1384277
vt 0.7285156 0.1809082
vt 0.75 0.1809082
vt 0.7949219 0.2021484
vt 0.7285156 0.2021484
vt 0.75 0.2021484
vt 0.7949219 0.2233887
vt 0.7285156 0.2233887
vt 0.75 0.2233887
vt 0.7949219 0.2446289
vt 0.7285156 0.2446289
vt 0.75 0.2446289
vt 0.7949219 0.2658691
vt 0.7285156 0.2658691
vt 0.75 0.2658691
vt 0.7949219 0.2871094
vt 0.7285156 0.2871094
vt 0.75 0.2871094
vt 0.7949219 0.3081055
vt 0.7285156 0.3081055
vt 0.75 0.3081055
vt 0.7949219 0.2871094
vt 0.75 0.3081055
vt 0.7949219 0.3081055
vt 0.75 0.2871094
vt 0.7949219 0.2658691
vt 0.7285156 0.2871094
vt 0.7285156 0.3081055
vt 0.7285156 0.2658691
vt 0.75 0.2658691
vt 0.7949219 0.2446289
vt 0.7285156 0.2446289
vt 0.75 0.2446289
vt 0.7949219 0.2233887
vt 0.7285156 0.2233887
vt 0.75 0.2233887
vt 0.7949219 0.2021484
vt 0.7285156 0.2021484
vt 0.75 0.2021484
vt 0.7949219 0.1809082
vt 0.7285156 0.1809082
vt 0.75 0.1809082
vt 0.7949219 0.159668
vt 0.7285156 0.159668
vt 0.75 0.159668
vt 0.7949219 0.1384277
vt 0.7285156 0.1384277
vt 0.75 0.1384277
vt 0.8310547 0.4243164
vt 0.7070313 0.4321289
vt 0.6860352 0.4243164
vt 0.8266602 0.4321289
vt 0.7314453 0.4370117
vt 0.8188477 0.4370117
vt 0.9321289 0.9472656
vt 0.9453125 0.9580078
vt 0.9321289 0.9580078
vt 0.9453125 0.9472656
vt 0.9726563 0.9580078
vt 0.9726563 0.9472656
vt 0.9858398 0.9580078
vt 0.9858398 0.9472656
vt 0.9335938 0.9638672
vt 0.9228516 0.9785156
vt 0.9228516 0.9638672
vt 0.9335938 0.9785156
vt 0.9321289 0.984375
vt 0.9453125 0.9951172
vt 0.9321289 0.9951172
vt 0.9453125 0.984375
vt 0.9726563 0.9951172
vt 0.9726563 0.984375
vt 0.9858398 0.9951172
vt 0.9858398 0.984375
vt 0.984375 0.9785156
vt 0.9951172 0.9638672
vt 0.9951172 0.9785156
vt 0.984375 0.9638672
vt 0.984375 0.9785156
vt 0.9726563 0.9580078
vt 0.984375 0.9638672
vt 0.9726563 0.984375
vt 0.9453125 0.984375
vt 0.9453125 0.9580078
vt 0.9335938 0.9785156
vt 0.9335938 0.9638672
vt 0.5014648 0.309082
vt 0.5195313 0.3212891
vt 0.5014648 0.3212891
vt 0.5195313 0.309082
vt 0.5195313 0.309082
vt 0.5375977 0.3212891
vt 0.5195313 0.3212891
vt 0.5375977 0.309082
vt 0.5375977 0.309082
vt 0.5556641 0.3212891
vt 0.5375977 0.3212891
vt 0.5556641 0.309082
vt 0.5556641 0.309082
vt 0.5737305 0.3212891
vt 0.5556641 0.3212891
vt 0.5737305 0.309082
vt 0.5737305 0.309082
vt 0.5917969 0.3212891
vt 0.5737305 0.3212891
vt 0.5917969 0.309082
vt 0.5917969 0.309082
vt 0.6098633 0.3212891
vt 0.5917969 0.3212891
vt 0.6098633 0.309082
vt 0.8686523 0.4379883
vt 0.8808594 0.4147949
vt 0.8813477 0.4304199
vt 0.8549805 0.4299316
vt 0.8549805 0.4143066
vt 0.8676758 0.4067383
vt 0.715332 0.1268311
vt 0.7197266 0.2253418
vt 0.7197266 0.1268311
vt 0.715332 0.2253418
vt 0.9897461 0.5083008
vt 0.8461914 0.4433594
vt 0.8461914 0.5083008
vt 0.9897461 0.4433594
vt 0.9926758 0.5117188
vt 0.8461914 0.5083008
vt 0.8427734 0.5117188
vt 0.9897461 0.5083008
vt 0.8427734 0.5117188
vt 0.8461914 0.4433594
vt 0.8427734 0.4401855
vt 0.8461914 0.5083008
vt 0.8427734 0.4401855
vt 0.9897461 0.4433594
vt 0.9926758 0.4401855
vt 0.8461914 0.4433594
vt 0.9926758 0.4401855
vt 0.9897461 0.5083008
vt 0.9926758 0.5117188
vt 0.9897461 0.4433594
vt 0.4060059 0.1317139
vt 0.482666 0.1387939
vt 0.4755859 0.1317139
vt 0.3989258 0.1387939
vt 0.3989258 0.2800293
vt 0.482666 0.2800293
vt 0.4755859 0.2868652
vt 0.4060059 0.2868652
vt 0.9067383 0.2751465
vt 0.9658203 0.2678223
vt 0.9067383 0.2678223
vt 0.9658203 0.2751465
vt 0.5092773 0.1210938
vt 0.5786133 0.1328125
vt 0.5786133 0.1210938
vt 0.5092773 0.1328125
vt 0.5004883 0.1210938
vt 0.5004883 0.1328125
vt 0.5976563 0.1398926
vt 0.5874023 0.2810059
vt 0.5976563 0.2810059
vt 0.5874023 0.1398926
vt 0.5786133 0.2998047
vt 0.5092773 0.2880859
vt 0.5092773 0.2998047
vt 0.5786133 0.2880859
vt 0.5874023 0.2998047
vt 0.5874023 0.2880859
vt 0.4904785 0.2810059
vt 0.5004883 0.1398926
vt 0.4904785 0.1398926
vt 0.5004883 0.2810059
vt 0.5786133 0.1210938
vt 0.5874023 0.1328125
vt 0.5874023 0.1210938
vt 0.5786133 0.1328125
vt 0.5092773 0.2998047
vt 0.5004883 0.2880859
vt 0.5004883 0.2998047
vt 0.5092773 0.2880859
vt 0.9882813 0.282959
vt 0.972168 0.2634277
vt 0.9882813 0.2602539
vt 0.972168 0.279541
vt 0.9658203 0.2678223
vt 0.9658203 0.2751465
vt 0.9067383 0.2432861
vt 0.9658203 0.2602539
vt 0.9658203 0.2432861
vt 0.9067383 0.2602539
vt 0.9658203 0.2678223
vt 0.9067383 0.2678223
vt 0.9882813 0.2602539
vt 0.9716797 0.279541
vt 0.9882813 0.282959
vt 0.9716797 0.2634277
vt 0.9658203 0.2751465
vt 0.9658203 0.2678223
vt 0.9658203 0.2995605
vt 0.9067383 0.2827148
vt 0.9067383 0.2995605
vt 0.9658203 0.2827148
vt 0.9067383 0.2751465
vt 0.9658203 0.2751465
vt 0.1303711 0.01344299
vt 0.1016846 0.02012634
vt 0.1303711 0.02012634
vt 0.1016846 0.01344299
vt 0.07861328 0.02012634
vt 0.07861328 0.01344299
vt 0.05804443 0.02012634
vt 0.05804443 0.01344299
vt 0.04318237 0.01344299
vt 0.04318237 0.02012634
vt 0.01139832 0.02012634
vt 0.01139832 0.01344299
vt 0.1303711 0.02012634
vt 0.1016846 0.02656555
vt 0.1303711 0.02656555
vt 0.1016846 0.02012634
vt 0.07861328 0.02656555
vt 0.07861328 0.02012634
vt 0.05804443 0.02656555
vt 0.05804443 0.02012634
vt 0.04318237 0.02012634
vt 0.04318237 0.02656555
vt 0.01139832 0.02656555
vt 0.01139832 0.02012634
vt 0.1303711 0.02656555
vt 0.1016846 0.03314209
vt 0.1303711 0.03314209
vt 0.1016846 0.02656555
vt 0.07861328 0.03314209
vt 0.07861328 0.02656555
vt 0.05804443 0.03314209
vt 0.05804443 0.02656555
vt 0.04318237 0.02656555
vt 0.04318237 0.03314209
vt 0.01139832 0.03314209
vt 0.01139832 0.02656555
vt 0.1303711 0.03314209
vt 0.1016846 0.04019165
vt 0.1303711 0.04019165
vt 0.1016846 0.03314209
vt 0.07861328 0.04019165
vt 0.07861328 0.03314209
vt 0.05804443 0.04019165
vt 0.05804443 0.03314209
vt 0.04318237 0.03314209
vt 0.04318237 0.04019165
vt 0.01139832 0.04019165
vt 0.01139832 0.03314209
vt 0.3989258 0.1387939
vt 0.4755859 0.1317139
vt 0.4060059 0.1317139
vt 0.482666 0.1387939
vt 0.482666 0.2797852
vt 0.3989258 0.2797852
vt 0.4755859 0.2868652
vt 0.4060059 0.2868652
vt 0.9067383 0.2678223
vt 0.9658203 0.2751465
vt 0.9658203 0.2678223
vt 0.9067383 0.2751465
vt 0.5092773 0.1210938
vt 0.5786133 0.1328125
vt 0.5092773 0.1328125
vt 0.5786133 0.1210938
vt 0.5874023 0.1328125
vt 0.5874023 0.1210938
vt 0.5976563 0.1398926
vt 0.5874023 0.2810059
vt 0.5874023 0.1398926
vt 0.5976563 0.2810059
vt 0.5786133 0.2998047
vt 0.5092773 0.2880859
vt 0.5786133 0.2880859
vt 0.5092773 0.2998047
vt 0.4904785 0.2810059
vt 0.5004883 0.1398926
vt 0.5004883 0.2810059
vt 0.4904785 0.1398926
vt 0.5092773 0.1328125
vt 0.5004883 0.1210938
vt 0.5092773 0.1210938
vt 0.5004883 0.1328125
vt 0.5874023 0.2998047
vt 0.5786133 0.2880859
vt 0.5874023 0.2880859
vt 0.5786133 0.2998047
vt 0.5092773 0.2998047
vt 0.5004883 0.2880859
vt 0.5092773 0.2880859
vt 0.5004883 0.2998047
vt 0.972168 0.279541
vt 0.9882813 0.2602539
vt 0.9882813 0.282959
vt 0.972168 0.2634277
vt 0.9658203 0.2751465
vt 0.9658203 0.2678223
vt 0.9658203 0.2827148
vt 0.9067383 0.2995605
vt 0.9658203 0.2995605
vt 0.9067383 0.2827148
vt 0.9658203 0.2751465
vt 0.9067383 0.2751465
vt 0.9716797 0.2634277
vt 0.9882813 0.282959
vt 0.9882813 0.2602539
vt 0.9716797 0.279541
vt 0.9658203 0.2678223
vt 0.9658203 0.2751465
vt 0.9067383 0.2602539
vt 0.9658203 0.2432861
vt 0.9067383 0.2432861
vt 0.9658203 0.2602539
vt 0.9067383 0.2678223
vt 0.9658203 0.2678223
vt 0.3613281 0.03289795
vt 0.4052734 0.03936768
vt 0.4052734 0.03289795
vt 0.3613281 0.03936768
vt 0.342041 0.03936768
vt 0.342041 0.03289795
vt 0.2797852 0.03289795
vt 0.2797852 0.03936768
vt 0.2113037 0.03289795
vt 0.2113037 0.03936768
vt 0.1965332 0.03936768
vt 0.1965332 0.03289795
vt 0.1418457 0.03289795
vt 0.1418457 0.03936768
vt 0.3613281 0.02633667
vt 0.4052734 0.03289795
vt 0.4052734 0.02633667
vt 0.3613281 0.03289795
vt 0.3613281 0.02015686
vt 0.4052734 0.02633667
vt 0.4052734 0.02015686
vt 0.3613281 0.02633667
vt 0.342041 0.02633667
vt 0.342041 0.02015686
vt 0.2797852 0.02015686
vt 0.2797852 0.02633667
vt 0.2113037 0.02015686
vt 0.2113037 0.02633667
vt 0.1965332 0.02633667
vt 0.1965332 0.02015686
vt 0.1418457 0.02015686
vt 0.1418457 0.02633667
vt 0.3613281 0.01374054
vt 0.4052734 0.02015686
vt 0.4052734 0.01374054
vt 0.3613281 0.02015686
vt 0.1965332 0.03289795
vt 0.1418457 0.02633667
vt 0.1418457 0.03289795
vt 0.1965332 0.02633667
vt 0.2113037 0.02633667
vt 0.2113037 0.03289795
vt 0.2797852 0.03289795
vt 0.2797852 0.02633667
vt 0.342041 0.03289795
vt 0.342041 0.02633667
vt 0.3613281 0.02633667
vt 0.3613281 0.03289795
vt 0.1965332 0.02015686
vt 0.1418457 0.01374054
vt 0.1418457 0.02015686
vt 0.1965332 0.01374054
vt 0.2113037 0.01374054
vt 0.2113037 0.02015686
vt 0.2797852 0.02015686
vt 0.2797852 0.01374054
vt 0.342041 0.02015686
vt 0.342041 0.01374054
vt 0.3613281 0.01374054
vt 0.3613281 0.02015686
vt 0.3989258 0.1387939
vt 0.4755859 0.1317139
vt 0.4060059 0.1317139
vt 0.482666 0.1387939
vt 0.482666 0.2797852
vt 0.3989258 0.2797852
vt 0.4060059 0.2868652
vt 0.4755859 0.2868652
vt 0.9067383 0.2678223
vt 0.9658203 0.2751465
vt 0.9658203 0.2678223
vt 0.9067383 0.2751465
vt 0.2683105 0.15625
vt 0.2272949 0.1630859
vt 0.2683105 0.163208
vt 0.2272949 0.15625
vt 0.2214355 0.1630859
vt 0.2214355 0.1561279
vt 0.2792969 0.1520996
vt 0.2727051 0.06884766
vt 0.2724609 0.1520996
vt 0.279541 0.06884766
vt 0.227417 0.0645752
vt 0.2685547 0.05773926
vt 0.227417 0.05767822
vt 0.2685547 0.06463623
vt 0.2744141 0.05776978
vt 0.2744141 0.06469727
vt 0.2164307 0.06872559
vt 0.2231445 0.1519775
vt 0.2232666 0.06878662
vt 0.2163086 0.1519775
vt 0.2683105 0.163208
vt 0.2741699 0.15625
vt 0.2683105 0.15625
vt 0.2741699 0.163208
vt 0.227417 0.05767822
vt 0.2215576 0.0645752
vt 0.227417 0.0645752
vt 0.2215576 0.05767822
vt 0.972168 0.279541
vt 0.9882813 0.2602539
vt 0.9882813 0.282959
vt 0.972168 0.2634277
vt 0.9658203 0.2751465
vt 0.9658203 0.2678223
vt 0.9658203 0.2827148
vt 0.9067383 0.2995605
vt 0.9658203 0.2995605
vt 0.9067383 0.2827148
vt 0.9658203 0.2751465
vt 0.9067383 0.2751465
vt 0.9716797 0.2634277
vt 0.9882813 0.282959
vt 0.9882813 0.2602539
vt 0.9716797 0.279541
vt 0.9658203 0.2678223
vt 0.9658203 0.2751465
vt 0.9067383 0.2602539
vt 0.9658203 0.2432861
vt 0.9067383 0.2432861
vt 0.9658203 0.2602539
vt 0.9067383 0.2678223
vt 0.9658203 0.2678223
vt 0.8413086 0.3476563
vt 0.8725586 0.3522949
vt 0.8691406 0.3452148
vt 0.8388672 0.3549805
vt 0.8198242 0.3295898
vt 0.8129883 0.333252
vt 0.8178711 0.302002
vt 0.8100586 0.2995605
vt 0.8359375 0.2805176
vt 0.8100586 0.2995605
vt 0.8178711 0.302002
vt 0.8320313 0.2736816
vt 0.8637695 0.2783203
vt 0.8657227 0.2709961
vt 0.8847656 0.2963867
vt 0.8916016 0.2927246
vt 0.887207 0.3239746
vt 0.8916016 0.2927246
vt 0.8847656 0.2963867
vt 0.8945313 0.326416
vt 0.8691406 0.3452148
vt 0.8725586 0.3522949
vt 0.114624 0.1407471
vt 0.1066284 0.1450195
vt 0.1115112 0.1445313
vt 0.1102905 0.1328125
vt 0.1141357 0.1358643
vt 0.102356 0.137085
vt 0.1028442 0.1419678
vt 0.1054077 0.1333008
vt 0.07818604 0.1303711
vt 0.08843994 0.1392822
vt 0.08843994 0.1303711
vt 0.07818604 0.1392822
vt 0.08843994 0.1459961
vt 0.06903076 0.1303711
vt 0.07818604 0.1459961
vt 0.06903076 0.1392822
vt 0.05957031 0.1303711
vt 0.06903076 0.1459961
vt 0.05957031 0.1392822
vt 0.05010986 0.1303711
vt 0.05957031 0.1459961
vt 0.05010986 0.1392822
vt 0.04064941 0.1303711
vt 0.05010986 0.1459961
vt 0.04064941 0.1392822
vt 0.03123474 0.1303711
vt 0.04064941 0.1459961
vt 0.03123474 0.1392822
vt 0.02183533 0.1303711
vt 0.03123474 0.1459961
vt 0.02183533 0.1392822
vt 0.01315308 0.1303711
vt 0.02183533 0.1459961
vt 0.01315308 0.1392822
vt 0.01315308 0.1459961
vt 0.4775391 0.307373
vt 0.4008789 0.3112793
vt 0.4775391 0.3112793
vt 0.4008789 0.307373
vt 0.4775391 0.3210449
vt 0.4008789 0.3168945
vt 0.4008789 0.3210449
vt 0.4775391 0.3168945
vt 0.4775391 0.307373
vt 0.4008789 0.3017578
vt 0.4008789 0.307373
vt 0.4775391 0.3017578
vt 0.4008789 0.3112793
vt 0.4775391 0.3168945
vt 0.4775391 0.3112793
vt 0.4008789 0.3168945
vt 0.6748047 0.3349609
vt 0.5932617 0.3464355
vt 0.5932617 0.3349609
vt 0.6748047 0.3464355
vt 0.7539063 0.3349609
vt 0.7568359 0.3464355
vt 0.7861328 0.3288574
vt 0.7739258 0.3249512
vt 0.5932617 0.3464355
vt 0.6748047 0.3525391
vt 0.5932617 0.3525391
vt 0.6748047 0.3464355
vt 0.7573242 0.3525391
vt 0.7568359 0.3464355
vt 0.7880859 0.3325195
vt 0.7861328 0.3288574
vt 0.7875977 0.3259277
vt 0.7739258 0.3249512
vt 0.7744141 0.3215332
vt 0.7861328 0.3288574
vt 0.5864258 0.3349609
vt 0.5932617 0.3464355
vt 0.5864258 0.3464355
vt 0.5932617 0.3349609
vt 0.7739258 0.3249512
vt 0.7519531 0.329834
vt 0.7719727 0.3212891
vt 0.7539063 0.3349609
vt 0.6748047 0.3349609
vt 0.6748047 0.329834
vt 0.5932617 0.3349609
vt 0.5932617 0.329834
vt 0.590332 0.3688965
vt 0.6591797 0.3789063
vt 0.590332 0.3789063
vt 0.6591797 0.3688965
vt 0.7231445 0.3789063
vt 0.7231445 0.3688965
vt 0.7763672 0.3789063
vt 0.7763672 0.3688965
vt 0.8564453 0.3789063
vt 0.8564453 0.3688965
vt 0.590332 0.3789063
vt 0.6591797 0.3867188
vt 0.590332 0.3867188
vt 0.6591797 0.3789063
vt 0.7231445 0.3867188
vt 0.7231445 0.3789063
vt 0.7763672 0.3789063
vt 0.7763672 0.3867188
vt 0.8564453 0.3789063
vt 0.8564453 0.3867188
vt 0.8632813 0.3789063
vt 0.8564453 0.3688965
vt 0.8632813 0.3688965
vt 0.8564453 0.3789063
vt 0.5834961 0.3688965
vt 0.590332 0.3789063
vt 0.5834961 0.3789063
vt 0.590332 0.3688965
vt 0.590332 0.3613281
vt 0.6591797 0.3688965
vt 0.590332 0.3688965
vt 0.6591797 0.3613281
vt 0.7231445 0.3688965
vt 0.7231445 0.3613281
vt 0.7763672 0.3688965
vt 0.7763672 0.3613281
vt 0.8564453 0.3688965
vt 0.8564453 0.3613281
vt 0.5932617 0.3464355
vt 0.6748047 0.3349609
vt 0.5932617 0.3349609
vt 0.6748047 0.3464355
vt 0.7539063 0.3349609
vt 0.7568359 0.3464355
vt 0.7861328 0.3288574
vt 0.7739258 0.3249512
vt 0.6748047 0.3525391
vt 0.5932617 0.3464355
vt 0.5932617 0.3525391
vt 0.6748047 0.3464355
vt 0.7573242 0.3525391
vt 0.7568359 0.3464355
vt 0.7875977 0.3259277
vt 0.7739258 0.3249512
vt 0.7861328 0.3288574
vt 0.7744141 0.3215332
vt 0.7519531 0.329834
vt 0.6748047 0.3349609
vt 0.7539063 0.3349609
vt 0.6748047 0.329834
vt 0.5932617 0.3349609
vt 0.5932617 0.329834
vt 0.5864258 0.3349609
vt 0.5932617 0.3464355
vt 0.5932617 0.3349609
vt 0.5864258 0.3464355
vt 0.7519531 0.329834
vt 0.7739258 0.3249512
vt 0.7719727 0.3212891
vt 0.7539063 0.3349609
vt 0.7568359 0.3464355
vt 0.7880859 0.3325195
vt 0.7861328 0.3288574
vt 0.7573242 0.3525391
vt 0.6494141 0.3789063
vt 0.590332 0.3688965
vt 0.590332 0.3789063
vt 0.6494141 0.3688965
vt 0.7133789 0.3789063
vt 0.7133789 0.3688965
vt 0.7763672 0.3789063
vt 0.7763672 0.3688965
vt 0.8564453 0.3789063
vt 0.8564453 0.3688965
vt 0.6494141 0.3867188
vt 0.590332 0.3789063
vt 0.590332 0.3867188
vt 0.6494141 0.3789063
vt 0.7133789 0.3867188
vt 0.7133789 0.3789063
vt 0.7763672 0.3789063
vt 0.7763672 0.3867188
vt 0.8564453 0.3789063
vt 0.8564453 0.3867188
vt 0.8632813 0.3789063
vt 0.8564453 0.3688965
vt 0.8564453 0.3789063
vt 0.8632813 0.3688965
vt 0.5834961 0.3688965
vt 0.590332 0.3789063
vt 0.590332 0.3688965
vt 0.5834961 0.3789063
vt 0.6494141 0.3688965
vt 0.590332 0.3613281
vt 0.590332 0.3688965
vt 0.6494141 0.3613281
vt 0.7133789 0.3688965
vt 0.7133789 0.3613281
vt 0.7763672 0.3688965
vt 0.7763672 0.3613281
vt 0.8564453 0.3688965
vt 0.8564453 0.3613281
vt 0.5566406 0.3708496
vt 0.5737305 0.3535156
vt 0.5737305 0.3708496
vt 0.5566406 0.3535156
vt 0.5395508 0.3708496
vt 0.5566406 0.3325195
vt 0.5737305 0.3325195
vt 0.5395508 0.3325195
vt 0.5395508 0.3535156
vt 0.5229492 0.3708496
vt 0.5229492 0.3325195
vt 0.5229492 0.3535156
vt 0.5053711 0.3708496
vt 0.5053711 0.3325195
vt 0.5053711 0.3535156
vt 0.4882813 0.3708496
vt 0.4882813 0.3325195
vt 0.4882813 0.3535156
vt 0.4707031 0.3708496
vt 0.4707031 0.3325195
vt 0.4707031 0.3535156
vt 0.4528809 0.3708496
vt 0.4528809 0.3325195
vt 0.4528809 0.3535156
vt 0.4350586 0.3708496
vt 0.4350586 0.3325195
vt 0.4350586 0.3535156
vt 0.4177246 0.3708496
vt 0.4177246 0.3325195
vt 0.4177246 0.3535156
vt 0.3991699 0.3708496
vt 0.3991699 0.3325195
vt 0.3991699 0.3535156
vt 0.4177246 0.3708496
vt 0.3991699 0.3535156
vt 0.3991699 0.3708496
vt 0.4177246 0.3535156
vt 0.4350586 0.3708496
vt 0.4177246 0.3325195
vt 0.3991699 0.3325195
vt 0.4350586 0.3325195
vt 0.4350586 0.3535156
vt 0.4528809 0.3708496
vt 0.4528809 0.3325195
vt 0.4528809 0.3535156
vt 0.4707031 0.3708496
vt 0.4707031 0.3325195
vt 0.4707031 0.3535156
vt 0.4882813 0.3708496
vt 0.4882813 0.3325195
vt 0.4882813 0.3535156
vt 0.5053711 0.3708496
vt 0.5053711 0.3325195
vt 0.5053711 0.3535156
vt 0.5229492 0.3708496
vt 0.5229492 0.3325195
vt 0.5229492 0.3535156
vt 0.5395508 0.3708496
vt 0.5395508 0.3325195
vt 0.5395508 0.3535156
vt 0.5566406 0.3708496
vt 0.5566406 0.3325195
vt 0.5566406 0.3535156
vt 0.5737305 0.3708496
vt 0.5737305 0.3325195
vt 0.5737305 0.3535156
vt 0.5566406 0.3708496
vt 0.5737305 0.3835449
vt 0.5737305 0.3708496
vt 0.5566406 0.3835449
vt 0.5737305 0.3876953
vt 0.5395508 0.3708496
vt 0.5566406 0.3876953
vt 0.5395508 0.3835449
vt 0.5229492 0.3708496
vt 0.5395508 0.3876953
vt 0.5229492 0.3835449
vt 0.5053711 0.3708496
vt 0.5229492 0.3876953
vt 0.5053711 0.3835449
vt 0.4882813 0.3708496
vt 0.5053711 0.3876953
vt 0.4882813 0.3835449
vt 0.4707031 0.3708496
vt 0.4882813 0.3876953
vt 0.4707031 0.3835449
vt 0.4528809 0.3708496
vt 0.4707031 0.3876953
vt 0.4528809 0.3835449
vt 0.4350586 0.3708496
vt 0.4528809 0.3876953
vt 0.4350586 0.3835449
vt 0.4177246 0.3708496
vt 0.4350586 0.3876953
vt 0.4177246 0.3835449
vt 0.3991699 0.3708496
vt 0.4177246 0.3876953
vt 0.3991699 0.3835449
vt 0.3991699 0.3876953
vt 0.4177246 0.3708496
vt 0.3991699 0.3835449
vt 0.3991699 0.3708496
vt 0.4177246 0.3835449
vt 0.3991699 0.3876953
vt 0.4350586 0.3708496
vt 0.4177246 0.3876953
vt 0.4350586 0.3835449
vt 0.4528809 0.3708496
vt 0.4350586 0.3876953
vt 0.4528809 0.3835449
vt 0.4707031 0.3708496
vt 0.4528809 0.3876953
vt 0.4707031 0.3835449
vt 0.4882813 0.3708496
vt 0.4707031 0.3876953
vt 0.4882813 0.3835449
vt 0.5053711 0.3708496
vt 0.4882813 0.3876953
vt 0.5053711 0.3835449
vt 0.5229492 0.3708496
vt 0.5053711 0.3876953
vt 0.5229492 0.3835449
vt 0.5395508 0.3708496
vt 0.5229492 0.3876953
vt 0.5395508 0.3835449
vt 0.5566406 0.3708496
vt 0.5395508 0.3876953
vt 0.5566406 0.3835449
vt 0.5737305 0.3708496
vt 0.5566406 0.3876953
vt 0.5737305 0.3835449
vt 0.5737305 0.3876953
vt 0.5566406 0.3708496
vt 0.5737305 0.3535156
vt 0.5737305 0.3708496
vt 0.5566406 0.3535156
vt 0.5395508 0.3708496
vt 0.5566406 0.3325195
vt 0.5737305 0.3325195
vt 0.5395508 0.3325195
vt 0.5395508 0.3535156
vt 0.5229492 0.3708496
vt 0.5229492 0.3325195
vt 0.5229492 0.3535156
vt 0.5053711 0.3708496
vt 0.5053711 0.3325195
vt 0.5053711 0.3535156
vt 0.4882813 0.3708496
vt 0.4882813 0.3325195
vt 0.4882813 0.3535156
vt 0.4707031 0.3708496
vt 0.4707031 0.3325195
vt 0.4707031 0.3535156
vt 0.4528809 0.3708496
vt 0.4528809 0.3325195
vt 0.4528809 0.3535156
vt 0.4350586 0.3708496
vt 0.4350586 0.3325195
vt 0.4350586 0.3535156
vt 0.4177246 0.3708496
vt 0.4177246 0.3325195
vt 0.4177246 0.3535156
vt 0.3991699 0.3708496
vt 0.3991699 0.3325195
vt 0.3991699 0.3535156
vt 0.4177246 0.3708496
vt 0.3991699 0.3535156
vt 0.3991699 0.3708496
vt 0.4177246 0.3535156
vt 0.4350586 0.3708496
vt 0.4177246 0.3325195
vt 0.3991699 0.3325195
vt 0.4350586 0.3325195
vt 0.4350586 0.3535156
vt 0.4528809 0.3708496
vt 0.4528809 0.3325195
vt 0.4528809 0.3535156
vt 0.4707031 0.3708496
vt 0.4707031 0.3325195
vt 0.4707031 0.3535156
vt 0.4882813 0.3708496
vt 0.4882813 0.3325195
vt 0.4882813 0.3535156
vt 0.5053711 0.3708496
vt 0.5053711 0.3325195
vt 0.5053711 0.3535156
vt 0.5229492 0.3708496
vt 0.5229492 0.3325195
vt 0.5229492 0.3535156
vt 0.5395508 0.3708496
vt 0.5395508 0.3325195
vt 0.5395508 0.3535156
vt 0.5566406 0.3708496
vt 0.5566406 0.3325195
vt 0.5566406 0.3535156
vt 0.5737305 0.3708496
vt 0.5737305 0.3325195
vt 0.5737305 0.3535156
vt 0.5566406 0.3708496
vt 0.5737305 0.3835449
vt 0.5737305 0.3708496
vt 0.5566406 0.3835449
vt 0.5737305 0.3876953
vt 0.5395508 0.3708496
vt 0.5566406 0.3876953
vt 0.5395508 0.3835449
vt 0.5229492 0.3708496
vt 0.5395508 0.3876953
vt 0.5229492 0.3835449
vt 0.5053711 0.3708496
vt 0.5229492 0.3876953
vt 0.5053711 0.3835449
vt 0.4882813 0.3708496
vt 0.5053711 0.3876953
vt 0.4882813 0.3835449
vt 0.4707031 0.3708496
vt 0.4882813 0.3876953
vt 0.4707031 0.3835449
vt 0.4528809 0.3708496
vt 0.4707031 0.3876953
vt 0.4528809 0.3835449
vt 0.4350586 0.3708496
vt 0.4528809 0.3876953
vt 0.4350586 0.3835449
vt 0.4177246 0.3708496
vt 0.4350586 0.3876953
vt 0.4177246 0.3835449
vt 0.3991699 0.3708496
vt 0.4177246 0.3876953
vt 0.3991699 0.3835449
vt 0.3991699 0.3876953
vt 0.4177246 0.3708496
vt 0.3991699 0.3835449
vt 0.3991699 0.3708496
vt 0.4177246 0.3835449
vt 0.3991699 0.3876953
vt 0.4350586 0.3708496
vt 0.4177246 0.3876953
vt 0.4350586 0.3835449
vt 0.4528809 0.3708496
vt 0.4350586 0.3876953
vt 0.4528809 0.3835449
vt 0.4707031 0.3708496
vt 0.4528809 0.3876953
vt 0.4707031 0.3835449
vt 0.4882813 0.3708496
vt 0.4707031 0.3876953
vt 0.4882813 0.3835449
vt 0.5053711 0.3708496
vt 0.4882813 0.3876953
vt 0.5053711 0.3835449
vt 0.5229492 0.3708496
vt 0.5053711 0.3876953
vt 0.5229492 0.3835449
vt 0.5395508 0.3708496
vt 0.5229492 0.3876953
vt 0.5395508 0.3835449
vt 0.5566406 0.3708496
vt 0.5395508 0.3876953
vt 0.5566406 0.3835449
vt 0.5737305 0.3708496
vt 0.5566406 0.3876953
vt 0.5737305 0.3835449
vt 0.5737305 0.3876953
vt 0.5566406 0.3708496
vt 0.5737305 0.3535156
vt 0.5737305 0.3708496
vt 0.5566406 0.3535156
vt 0.5395508 0.3708496
vt 0.5566406 0.3325195
vt 0.5737305 0.3325195
vt 0.5395508 0.3325195
vt 0.5395508 0.3535156
vt 0.5229492 0.3708496
vt 0.5229492 0.3325195
vt 0.5229492 0.3535156
vt 0.5053711 0.3708496
vt 0.5053711 0.3325195
vt 0.5053711 0.3535156
vt 0.4882813 0.3708496
vt 0.4882813 0.3325195
vt 0.4882813 0.3535156
vt 0.4707031 0.3708496
vt 0.4707031 0.3325195
vt 0.4707031 0.3535156
vt 0.4528809 0.3708496
vt 0.4528809 0.3325195
vt 0.4528809 0.3535156
vt 0.4350586 0.3708496
vt 0.4350586 0.3325195
vt 0.4350586 0.3535156
vt 0.4177246 0.3708496
vt 0.4177246 0.3325195
vt 0.4177246 0.3535156
vt 0.3991699 0.3708496
vt 0.3991699 0.3325195
vt 0.3991699 0.3535156
vt 0.4177246 0.3708496
vt 0.3991699 0.3535156
vt 0.3991699 0.3708496
vt 0.4177246 0.3535156
vt 0.4350586 0.3708496
vt 0.4177246 0.3325195
vt 0.3991699 0.3325195
vt 0.4350586 0.3325195
vt 0.4350586 0.3535156
vt 0.4528809 0.3708496
vt 0.4528809 0.3325195
vt 0.4528809 0.3535156
vt 0.4707031 0.3708496
vt 0.4707031 0.3325195
vt 0.4707031 0.3535156
vt 0.4882813 0.3708496
vt 0.4882813 0.3325195
vt 0.4882813 0.3535156
vt 0.5053711 0.3708496
vt 0.5053711 0.3325195
vt 0.5053711 0.3535156
vt 0.5229492 0.3708496
vt 0.5229492 0.3325195
vt 0.5229492 0.3535156
vt 0.5395508 0.3708496
vt 0.5395508 0.3325195
vt 0.5395508 0.3535156
vt 0.5566406 0.3708496
vt 0.5566406 0.3325195
vt 0.5566406 0.3535156
vt 0.5737305 0.3708496
vt 0.5737305 0.3325195
vt 0.5737305 0.3535156
vt 0.5566406 0.3708496
vt 0.5737305 0.3835449
vt 0.5737305 0.3708496
vt 0.5566406 0.3835449
vt 0.5737305 0.3876953
vt 0.5395508 0.3708496
vt 0.5566406 0.3876953
vt 0.5395508 0.3835449
vt 0.5229492 0.3708496
vt 0.5395508 0.3876953
vt 0.5229492 0.3835449
vt 0.5053711 0.3708496
vt 0.5229492 0.3876953
vt 0.5053711 0.3835449
vt 0.4882813 0.3708496
vt 0.5053711 0.3876953
vt 0.4882813 0.3835449
vt 0.4707031 0.3708496
vt 0.4882813 0.3876953
vt 0.4707031 0.3835449
vt 0.4528809 0.3708496
vt 0.4707031 0.3876953
vt 0.4528809 0.3835449
vt 0.4350586 0.3708496
vt 0.4528809 0.3876953
vt 0.4350586 0.3835449
vt 0.4177246 0.3708496
vt 0.4350586 0.3876953
vt 0.4177246 0.3835449
vt 0.3991699 0.3708496
vt 0.4177246 0.3876953
vt 0.3991699 0.3835449
vt 0.3991699 0.3876953
vt 0.4177246 0.3708496
vt 0.3991699 0.3835449
vt 0.3991699 0.3708496
vt 0.4177246 0.3835449
vt 0.3991699 0.3876953
vt 0.4350586 0.3708496
vt 0.4177246 0.3876953
vt 0.4350586 0.3835449
vt 0.4528809 0.3708496
vt 0.4350586 0.3876953
vt 0.4528809 0.3835449
vt 0.4707031 0.3708496
vt 0.4528809 0.3876953
vt 0.4707031 0.3835449
vt 0.4882813 0.3708496
vt 0.4707031 0.3876953
vt 0.4882813 0.3835449
vt 0.5053711 0.3708496
vt 0.4882813 0.3876953
vt 0.5053711 0.3835449
vt 0.5229492 0.3708496
vt 0.5053711 0.3876953
vt 0.5229492 0.3835449
vt 0.5395508 0.3708496
vt 0.5229492 0.3876953
vt 0.5395508 0.3835449
vt 0.5566406 0.3708496
vt 0.5395508 0.3876953
vt 0.5566406 0.3835449
vt 0.5737305 0.3708496
vt 0.5566406 0.3876953
vt 0.5737305 0.3835449
vt 0.5737305 0.3876953
vt 0.5566406 0.3708496
vt 0.5737305 0.3535156
vt 0.5737305 0.3708496
vt 0.5566406 0.3535156
vt 0.5395508 0.3708496
vt 0.5566406 0.3325195
vt 0.5737305 0.3325195
vt 0.5395508 0.3325195
vt 0.5395508 0.3535156
vt 0.5229492 0.3708496
vt 0.5229492 0.3325195
vt 0.5229492 0.3535156
vt 0.5053711 0.3708496
vt 0.5053711 0.3325195
vt 0.5053711 0.3535156
vt 0.4882813 0.3708496
vt 0.4882813 0.3325195
vt 0.4882813 0.3535156
vt 0.4707031 0.3708496
vt 0.4707031 0.3325195
vt 0.4707031 0.3535156
vt 0.4528809 0.3708496
vt 0.4528809 0.3325195
vt 0.4528809 0.3535156
vt 0.4350586 0.3708496
vt 0.4350586 0.3325195
vt 0.4350586 0.3535156
vt 0.4177246 0.3708496
vt 0.4177246 0.3325195
vt 0.4177246 0.3535156
vt 0.3991699 0.3708496
vt 0.3991699 0.3325195
vt 0.3991699 0.3535156
vt 0.4177246 0.3708496
vt 0.3991699 0.3535156
vt 0.3991699 0.3708496
vt 0.4177246 0.3535156
vt 0.4350586 0.3708496
vt 0.4177246 0.3325195
vt 0.3991699 0.3325195
vt 0.4350586 0.3325195
vt 0.4350586 0.3535156
vt 0.4528809 0.3708496
vt 0.4528809 0.3325195
vt 0.4528809 0.3535156
vt 0.4707031 0.3708496
vt 0.4707031 0.3325195
vt 0.4707031 0.3535156
vt 0.4882813 0.3708496
vt 0.4882813 0.3325195
vt 0.4882813 0.3535156
vt 0.5053711 0.3708496
vt 0.5053711 0.3325195
vt 0.5053711 0.3535156
vt 0.5229492 0.3708496
vt 0.5229492 0.3325195
vt 0.5229492 0.3535156
vt 0.5395508 0.3708496
vt 0.5395508 0.3325195
vt 0.5395508 0.3535156
vt 0.5566406 0.3708496
vt 0.5566406 0.3325195
vt 0.5566406 0.3535156
vt 0.5737305 0.3708496
vt 0.5737305 0.3325195
vt 0.5737305 0.3535156
vt 0.5566406 0.3708496
vt 0.5737305 0.3835449
vt 0.5737305 0.3708496
vt 0.5566406 0.3835449
vt 0.5737305 0.3876953
vt 0.5395508 0.3708496
vt 0.5566406 0.3876953
vt 0.5395508 0.3835449
vt 0.5229492 0.3708496
vt 0.5395508 0.3876953
vt 0.5229492 0.3835449
vt 0.5053711 0.3708496
vt 0.5229492 0.3876953
vt 0.5053711 0.3835449
vt 0.4882813 0.3708496
vt 0.5053711 0.3876953
vt 0.4882813 0.3835449
vt 0.4707031 0.3708496
vt 0.4882813 0.3876953
vt 0.4707031 0.3835449
vt 0.4528809 0.3708496
vt 0.4707031 0.3876953
vt 0.4528809 0.3835449
vt 0.4350586 0.3708496
vt 0.4528809 0.3876953
vt 0.4350586 0.3835449
vt 0.4177246 0.3708496
vt 0.4350586 0.3876953
vt 0.4177246 0.3835449
vt 0.3991699 0.3708496
vt 0.4177246 0.3876953
vt 0.3991699 0.3835449
vt 0.3991699 0.3876953
vt 0.4177246 0.3708496
vt 0.3991699 0.3835449
vt 0.3991699 0.3708496
vt 0.4177246 0.3835449
vt 0.3991699 0.3876953
vt 0.4350586 0.3708496
vt 0.4177246 0.3876953
vt 0.4350586 0.3835449
vt 0.4528809 0.3708496
vt 0.4350586 0.3876953
vt 0.4528809 0.3835449
vt 0.4707031 0.3708496
vt 0.4528809 0.3876953
vt 0.4707031 0.3835449
vt 0.4882813 0.3708496
vt 0.4707031 0.3876953
vt 0.4882813 0.3835449
vt 0.5053711 0.3708496
vt 0.4882813 0.3876953
vt 0.5053711 0.3835449
vt 0.5229492 0.3708496
vt 0.5053711 0.3876953
vt 0.5229492 0.3835449
vt 0.5395508 0.3708496
vt 0.5229492 0.3876953
vt 0.5395508 0.3835449
vt 0.5566406 0.3708496
vt 0.5395508 0.3876953
vt 0.5566406 0.3835449
vt 0.5737305 0.3708496
vt 0.5566406 0.3876953
vt 0.5737305 0.3835449
vt 0.5737305 0.3876953
vt 0.5737305 0.3535156
vt 0.5566406 0.3708496
vt 0.5737305 0.3708496
vt 0.5566406 0.3535156
vt 0.5395508 0.3708496
vt 0.5566406 0.3325195
vt 0.5737305 0.3325195
vt 0.5395508 0.3325195
vt 0.5395508 0.3535156
vt 0.5229492 0.3708496
vt 0.5229492 0.3325195
vt 0.5229492 0.3535156
vt 0.5053711 0.3708496
vt 0.5053711 0.3325195
vt 0.5053711 0.3535156
vt 0.4882813 0.3708496
vt 0.4882813 0.3325195
vt 0.4882813 0.3535156
vt 0.4707031 0.3708496
vt 0.4707031 0.3325195
vt 0.4707031 0.3535156
vt 0.4528809 0.3708496
vt 0.4528809 0.3325195
vt 0.4528809 0.3535156
vt 0.4350586 0.3708496
vt 0.4350586 0.3325195
vt 0.4350586 0.3535156
vt 0.4177246 0.3708496
vt 0.4177246 0.3325195
vt 0.4177246 0.3535156
vt 0.3991699 0.3708496
vt 0.3991699 0.3325195
vt 0.3991699 0.3535156
vt 0.3991699 0.3535156
vt 0.4177246 0.3708496
vt 0.3991699 0.3708496
vt 0.4177246 0.3535156
vt 0.4350586 0.3708496
vt 0.4177246 0.3325195
vt 0.3991699 0.3325195
vt 0.4350586 0.3325195
vt 0.4350586 0.3535156
vt 0.4528809 0.3708496
vt 0.4528809 0.3325195
vt 0.4528809 0.3535156
vt 0.4707031 0.3708496
vt 0.4707031 0.3325195
vt 0.4707031 0.3535156
vt 0.4882813 0.3708496
vt 0.4882813 0.3325195
vt 0.4882813 0.3535156
vt 0.5053711 0.3708496
vt 0.5053711 0.3325195
vt 0.5053711 0.3535156
vt 0.5229492 0.3708496
vt 0.5229492 0.3325195
vt 0.5229492 0.3535156
vt 0.5395508 0.3708496
vt 0.5395508 0.3325195
vt 0.5395508 0.3535156
vt 0.5566406 0.3708496
vt 0.5566406 0.3325195
vt 0.5566406 0.3535156
vt 0.5737305 0.3708496
vt 0.5737305 0.3325195
vt 0.5737305 0.3535156
vt 0.5737305 0.3835449
vt 0.5566406 0.3708496
vt 0.5737305 0.3708496
vt 0.5566406 0.3835449
vt 0.5737305 0.3876953
vt 0.5395508 0.3708496
vt 0.5566406 0.3876953
vt 0.5395508 0.3835449
vt 0.5229492 0.3708496
vt 0.5395508 0.3876953
vt 0.5229492 0.3835449
vt 0.5053711 0.3708496
vt 0.5229492 0.3876953
vt 0.5053711 0.3835449
vt 0.4882813 0.3708496
vt 0.5053711 0.3876953
vt 0.4882813 0.3835449
vt 0.4707031 0.3708496
vt 0.4882813 0.3876953
vt 0.4707031 0.3835449
vt 0.4528809 0.3708496
vt 0.4707031 0.3876953
vt 0.4528809 0.3835449
vt 0.4350586 0.3708496
vt 0.4528809 0.3876953
vt 0.4350586 0.3835449
vt 0.4177246 0.3708496
vt 0.4350586 0.3876953
vt 0.4177246 0.3835449
vt 0.3991699 0.3708496
vt 0.4177246 0.3876953
vt 0.3991699 0.3835449
vt 0.3991699 0.3876953
vt 0.3991699 0.3835449
vt 0.4177246 0.3708496
vt 0.3991699 0.3708496
vt 0.4177246 0.3835449
vt 0.3991699 0.3876953
vt 0.4350586 0.3708496
vt 0.4177246 0.3876953
vt 0.4350586 0.3835449
vt 0.4528809 0.3708496
vt 0.4350586 0.3876953
vt 0.4528809 0.3835449
vt 0.4707031 0.3708496
vt 0.4528809 0.3876953
vt 0.4707031 0.3835449
vt 0.4882813 0.3708496
vt 0.4707031 0.3876953
vt 0.4882813 0.3835449
vt 0.5053711 0.3708496
vt 0.4882813 0.3876953
vt 0.5053711 0.3835449
vt 0.5229492 0.3708496
vt 0.5053711 0.3876953
vt 0.5229492 0.3835449
vt 0.5395508 0.3708496
vt 0.5229492 0.3876953
vt 0.5395508 0.3835449
vt 0.5566406 0.3708496
vt 0.5395508 0.3876953
vt 0.5566406 0.3835449
vt 0.5737305 0.3708496
vt 0.5566406 0.3876953
vt 0.5737305 0.3835449
vt 0.5737305 0.3876953
vt 0.5737305 0.3535156
vt 0.5566406 0.3708496
vt 0.5737305 0.3708496
vt 0.5566406 0.3535156
vt 0.5395508 0.3708496
vt 0.5566406 0.3325195
vt 0.5737305 0.3325195
vt 0.5395508 0.3325195
vt 0.5395508 0.3535156
vt 0.5229492 0.3708496
vt 0.5229492 0.3325195
vt 0.5229492 0.3535156
vt 0.5053711 0.3708496
vt 0.5053711 0.3325195
vt 0.5053711 0.3535156
vt 0.4882813 0.3708496
vt 0.4882813 0.3325195
vt 0.4882813 0.3535156
vt 0.4707031 0.3708496
vt 0.4707031 0.3325195
vt 0.4707031 0.3535156
vt 0.4528809 0.3708496
vt 0.4528809 0.3325195
vt 0.4528809 0.3535156
vt 0.4350586 0.3708496
vt 0.4350586 0.3325195
vt 0.4350586 0.3535156
vt 0.4177246 0.3708496
vt 0.4177246 0.3325195
vt 0.4177246 0.3535156
vt 0.3991699 0.3708496
vt 0.3991699 0.3325195
vt 0.3991699 0.3535156
vt 0.3991699 0.3535156
vt 0.4177246 0.3708496
vt 0.3991699 0.3708496
vt 0.4177246 0.3535156
vt 0.4350586 0.3708496
vt 0.4177246 0.3325195
vt 0.3991699 0.3325195
vt 0.4350586 0.3325195
vt 0.4350586 0.3535156
vt 0.4528809 0.3708496
vt 0.4528809 0.3325195
vt 0.4528809 0.3535156
vt 0.4707031 0.3708496
vt 0.4707031 0.3325195
vt 0.4707031 0.3535156
vt 0.4882813 0.3708496
vt 0.4882813 0.3325195
vt 0.4882813 0.3535156
vt 0.5053711 0.3708496
vt 0.5053711 0.3325195
vt 0.5053711 0.3535156
vt 0.5229492 0.3708496
vt 0.5229492 0.3325195
vt 0.5229492 0.3535156
vt 0.5395508 0.3708496
vt 0.5395508 0.3325195
vt 0.5395508 0.3535156
vt 0.5566406 0.3708496
vt 0.5566406 0.3325195
vt 0.5566406 0.3535156
vt 0.5737305 0.3708496
vt 0.5737305 0.3325195
vt 0.5737305 0.3535156
vt 0.5737305 0.3835449
vt 0.5566406 0.3708496
vt 0.5737305 0.3708496
vt 0.5566406 0.3835449
vt 0.5737305 0.3876953
vt 0.5395508 0.3708496
vt 0.5566406 0.3876953
vt 0.5395508 0.3835449
vt 0.5229492 0.3708496
vt 0.5395508 0.3876953
vt 0.5229492 0.3835449
vt 0.5053711 0.3708496
vt 0.5229492 0.3876953
vt 0.5053711 0.3835449
vt 0.4882813 0.3708496
vt 0.5053711 0.3876953
vt 0.4882813 0.3835449
vt 0.4707031 0.3708496
vt 0.4882813 0.3876953
vt 0.4707031 0.3835449
vt 0.4528809 0.3708496
vt 0.4707031 0.3876953
vt 0.4528809 0.3835449
vt 0.4350586 0.3708496
vt 0.4528809 0.3876953
vt 0.4350586 0.3835449
vt 0.4177246 0.3708496
vt 0.4350586 0.3876953
vt 0.4177246 0.3835449
vt 0.3991699 0.3708496
vt 0.4177246 0.3876953
vt 0.3991699 0.3835449
vt 0.3991699 0.3876953
vt 0.3991699 0.3835449
vt 0.4177246 0.3708496
vt 0.3991699 0.3708496
vt 0.4177246 0.3835449
vt 0.3991699 0.3876953
vt 0.4350586 0.3708496
vt 0.4177246 0.3876953
vt 0.4350586 0.3835449
vt 0.4528809 0.3708496
vt 0.4350586 0.3876953
vt 0.4528809 0.3835449
vt 0.4707031 0.3708496
vt 0.4528809 0.3876953
vt 0.4707031 0.3835449
vt 0.4882813 0.3708496
vt 0.4707031 0.3876953
vt 0.4882813 0.3835449
vt 0.5053711 0.3708496
vt 0.4882813 0.3876953
vt 0.5053711 0.3835449
vt 0.5229492 0.3708496
vt 0.5053711 0.3876953
vt 0.5229492 0.3835449
vt 0.5395508 0.3708496
vt 0.5229492 0.3876953
vt 0.5395508 0.3835449
vt 0.5566406 0.3708496
vt 0.5395508 0.3876953
vt 0.5566406 0.3835449
vt 0.5737305 0.3708496
vt 0.5566406 0.3876953
vt 0.5737305 0.3835449
vt 0.5737305 0.3876953
vt 0.5737305 0.3535156
vt 0.5566406 0.3708496
vt 0.5737305 0.3708496
vt 0.5566406 0.3535156
vt 0.5395508 0.3708496
vt 0.5566406 0.3325195
vt 0.5737305 0.3325195
vt 0.5395508 0.3325195
vt 0.5395508 0.3535156
vt 0.5229492 0.3708496
vt 0.5229492 0.3325195
vt 0.5229492 0.3535156
vt 0.5053711 0.3708496
vt 0.5053711 0.3325195
vt 0.5053711 0.3535156
vt 0.4882813 0.3708496
vt 0.4882813 0.3325195
vt 0.4882813 0.3535156
vt 0.4707031 0.3708496
vt 0.4707031 0.3325195
vt 0.4707031 0.3535156
vt 0.4528809 0.3708496
vt 0.4528809 0.3325195
vt 0.4528809 0.3535156
vt 0.4350586 0.3708496
vt 0.4350586 0.3325195
vt 0.4350586 0.3535156
vt 0.4177246 0.3708496
vt 0.4177246 0.3325195
vt 0.4177246 0.3535156
vt 0.3991699 0.3708496
vt 0.3991699 0.3325195
vt 0.3991699 0.3535156
vt 0.3991699 0.3535156
vt 0.4177246 0.3708496
vt 0.3991699 0.3708496
vt 0.4177246 0.3535156
vt 0.4350586 0.3708496
vt 0.4177246 0.3325195
vt 0.3991699 0.3325195
vt 0.4350586 0.3325195
vt 0.4350586 0.3535156
vt 0.4528809 0.3708496
vt 0.4528809 0.3325195
vt 0.4528809 0.3535156
vt 0.4707031 0.3708496
vt 0.4707031 0.3325195
vt 0.4707031 0.3535156
vt 0.4882813 0.3708496
vt 0.4882813 0.3325195
vt 0.4882813 0.3535156
vt 0.5053711 0.3708496
vt 0.5053711 0.3325195
vt 0.5053711 0.3535156
vt 0.5229492 0.3708496
vt 0.5229492 0.3325195
vt 0.5229492 0.3535156
vt 0.5395508 0.3708496
vt 0.5395508 0.3325195
vt 0.5395508 0.3535156
vt 0.5566406 0.3708496
vt 0.5566406 0.3325195
vt 0.5566406 0.3535156
vt 0.5737305 0.3708496
vt 0.5737305 0.3325195
vt 0.5737305 0.3535156
vt 0.5737305 0.3835449
vt 0.5566406 0.3708496
vt 0.5737305 0.3708496
vt 0.5566406 0.3835449
vt 0.5737305 0.3876953
vt 0.5395508 0.3708496
vt 0.5566406 0.3876953
vt 0.5395508 0.3835449
vt 0.5229492 0.3708496
vt 0.5395508 0.3876953
vt 0.5229492 0.3835449
vt 0.5053711 0.3708496
vt 0.5229492 0.3876953
vt 0.5053711 0.3835449
vt 0.4882813 0.3708496
vt 0.5053711 0.3876953
vt 0.4882813 0.3835449
vt 0.4707031 0.3708496
vt 0.4882813 0.3876953
vt 0.4707031 0.3835449
vt 0.4528809 0.3708496
vt 0.4707031 0.3876953
vt 0.4528809 0.3835449
vt 0.4350586 0.3708496
vt 0.4528809 0.3876953
vt 0.4350586 0.3835449
vt 0.4177246 0.3708496
vt 0.4350586 0.3876953
vt 0.4177246 0.3835449
vt 0.3991699 0.3708496
vt 0.4177246 0.3876953
vt 0.3991699 0.3835449
vt 0.3991699 0.3876953
vt 0.3991699 0.3835449
vt 0.4177246 0.3708496
vt 0.3991699 0.3708496
vt 0.4177246 0.3835449
vt 0.3991699 0.3876953
vt 0.4350586 0.3708496
vt 0.4177246 0.3876953
vt 0.4350586 0.3835449
vt 0.4528809 0.3708496
vt 0.4350586 0.3876953
vt 0.4528809 0.3835449
vt 0.4707031 0.3708496
vt 0.4528809 0.3876953
vt 0.4707031 0.3835449
vt 0.4882813 0.3708496
vt 0.4707031 0.3876953
vt 0.4882813 0.3835449
vt 0.5053711 0.3708496
vt 0.4882813 0.3876953
vt 0.5053711 0.3835449
vt 0.5229492 0.3708496
vt 0.5053711 0.3876953
vt 0.5229492 0.3835449
vt 0.5395508 0.3708496
vt 0.5229492 0.3876953
vt 0.5395508 0.3835449
vt 0.5566406 0.3708496
vt 0.5395508 0.3876953
vt 0.5566406 0.3835449
vt 0.5737305 0.3708496
vt 0.5566406 0.3876953
vt 0.5737305 0.3835449
vt 0.5737305 0.3876953
vt 0.5737305 0.3535156
vt 0.5566406 0.3708496
vt 0.5737305 0.3708496
vt 0.5566406 0.3535156
vt 0.5395508 0.3708496
vt 0.5566406 0.3325195
vt 0.5737305 0.3325195
vt 0.5395508 0.3325195
vt 0.5395508 0.3535156
vt 0.5229492 0.3708496
vt 0.5229492 0.3325195
vt 0.5229492 0.3535156
vt 0.5053711 0.3708496
vt 0.5053711 0.3325195
vt 0.5053711 0.3535156
vt 0.4882813 0.3708496
vt 0.4882813 0.3325195
vt 0.4882813 0.3535156
vt 0.4707031 0.3708496
vt 0.4707031 0.3325195
vt 0.4707031 0.3535156
vt 0.4528809 0.3708496
vt 0.4528809 0.3325195
vt 0.4528809 0.3535156
vt 0.4350586 0.3708496
vt 0.4350586 0.3325195
vt 0.4350586 0.3535156
vt 0.4177246 0.3708496
vt 0.4177246 0.3325195
vt 0.4177246 0.3535156
vt 0.3991699 0.3708496
vt 0.3991699 0.3325195
vt 0.3991699 0.3535156
vt 0.3991699 0.3535156
vt 0.4177246 0.3708496
vt 0.3991699 0.3708496
vt 0.4177246 0.3535156
vt 0.4350586 0.3708496
vt 0.4177246 0.3325195
vt 0.3991699 0.3325195
vt 0.4350586 0.3325195
vt 0.4350586 0.3535156
vt 0.4528809 0.3708496
vt 0.4528809 0.3325195
vt 0.4528809 0.3535156
vt 0.4707031 0.3708496
vt 0.4707031 0.3325195
vt 0.4707031 0.3535156
vt 0.4882813 0.3708496
vt 0.4882813 0.3325195
vt 0.4882813 0.3535156
vt 0.5053711 0.3708496
vt 0.5053711 0.3325195
vt 0.5053711 0.3535156
vt 0.5229492 0.3708496
vt 0.5229492 0.3325195
vt 0.5229492 0.3535156
vt 0.5395508 0.3708496
vt 0.5395508 0.3325195
vt 0.5395508 0.3535156
vt 0.5566406 0.3708496
vt 0.5566406 0.3325195
vt 0.5566406 0.3535156
vt 0.5737305 0.3708496
vt 0.5737305 0.3325195
vt 0.5737305 0.3535156
vt 0.5737305 0.3835449
vt 0.5566406 0.3708496
vt 0.5737305 0.3708496
vt 0.5566406 0.3835449
vt 0.5737305 0.3876953
vt 0.5395508 0.3708496
vt 0.5566406 0.3876953
vt 0.5395508 0.3835449
vt 0.5229492 0.3708496
vt 0.5395508 0.3876953
vt 0.5229492 0.3835449
vt 0.5053711 0.3708496
vt 0.5229492 0.3876953
vt 0.5053711 0.3835449
vt 0.4882813 0.3708496
vt 0.5053711 0.3876953
vt 0.4882813 0.3835449
vt 0.4707031 0.3708496
vt 0.4882813 0.3876953
vt 0.4707031 0.3835449
vt 0.4528809 0.3708496
vt 0.4707031 0.3876953
vt 0.4528809 0.3835449
vt 0.4350586 0.3708496
vt 0.4528809 0.3876953
vt 0.4350586 0.3835449
vt 0.4177246 0.3708496
vt 0.4350586 0.3876953
vt 0.4177246 0.3835449
vt 0.3991699 0.3708496
vt 0.4177246 0.3876953
vt 0.3991699 0.3835449
vt 0.3991699 0.3876953
vt 0.3991699 0.3835449
vt 0.4177246 0.3708496
vt 0.3991699 0.3708496
vt 0.4177246 0.3835449
vt 0.3991699 0.3876953
vt 0.4350586 0.3708496
vt 0.4177246 0.3876953
vt 0.4350586 0.3835449
vt 0.4528809 0.3708496
vt 0.4350586 0.3876953
vt 0.4528809 0.3835449
vt 0.4707031 0.3708496
vt 0.4528809 0.3876953
vt 0.4707031 0.3835449
vt 0.4882813 0.3708496
vt 0.4707031 0.3876953
vt 0.4882813 0.3835449
vt 0.5053711 0.3708496
vt 0.4882813 0.3876953
vt 0.5053711 0.3835449
vt 0.5229492 0.3708496
vt 0.5053711 0.3876953
vt 0.5229492 0.3835449
vt 0.5395508 0.3708496
vt 0.5229492 0.3876953
vt 0.5395508 0.3835449
vt 0.5566406 0.3708496
vt 0.5395508 0.3876953
vt 0.5566406 0.3835449
vt 0.5737305 0.3708496
vt 0.5566406 0.3876953
vt 0.5737305 0.3835449
vt 0.5737305 0.3876953
vt 0.8349609 0.934082
vt 0.8100586 0.8818359
vt 0.8349609 0.8818359
vt 0.8100586 0.934082
vt 0.8349609 0.940918
vt 0.8100586 0.940918
vt 0.9057617 0.8818359
vt 0.8808594 0.934082
vt 0.8808594 0.8818359
vt 0.9057617 0.934082
vt 0.8808594 0.8818359
vt 0.8349609 0.934082
vt 0.8349609 0.8818359
vt 0.8808594 0.934082
vt 0.8745117 0.940918
vt 0.8393555 0.940918
vt 0.8393555 0.940918
vt 0.8745117 0.9643555
vt 0.8393555 0.9643555
vt 0.8745117 0.940918
vt 0.9106445 0.940918
vt 0.9516602 0.934082
vt 0.9458008 0.940918
vt 0.9057617 0.934082
vt 0.9057617 0.8818359
vt 0.9516602 0.8818359
vt 0.8808594 0.934082
vt 0.9057617 0.940918
vt 0.8808594 0.940918
vt 0.9057617 0.934082
vt 0.8100586 0.8818359
vt 0.8349609 0.934082
vt 0.8349609 0.8818359
vt 0.8100586 0.934082
vt 0.8349609 0.940918
vt 0.8100586 0.940918
vt 0.8808594 0.934082
vt 0.9057617 0.8818359
vt 0.8808594 0.8818359
vt 0.9057617 0.934082
vt 0.9057617 0.940918
vt 0.8808594 0.940918
vt 0.8349609 0.934082
vt 0.8808594 0.8818359
vt 0.8349609 0.8818359
vt 0.8808594 0.934082
vt 0.8745117 0.940918
vt 0.8393555 0.940918
vt 0.8393555 0.940918
vt 0.8745117 0.9643555
vt 0.8745117 0.940918
vt 0.8393555 0.9643555
vt 0.9516602 0.934082
vt 0.9106445 0.940918
vt 0.9458008 0.940918
vt 0.9057617 0.934082
vt 0.9057617 0.8818359
vt 0.9516602 0.8818359
vt 0.5014648 0.309082
vt 0.5195313 0.3212891
vt 0.5195313 0.309082
vt 0.5014648 0.3212891
vt 0.5195313 0.309082
vt 0.5375977 0.3212891
vt 0.5375977 0.309082
vt 0.5195313 0.3212891
vt 0.5375977 0.309082
vt 0.5556641 0.3212891
vt 0.5556641 0.309082
vt 0.5375977 0.3212891
vt 0.5556641 0.309082
vt 0.5737305 0.3212891
vt 0.5737305 0.309082
vt 0.5556641 0.3212891
vt 0.5737305 0.309082
vt 0.5917969 0.3212891
vt 0.5917969 0.309082
vt 0.5737305 0.3212891
vt 0.5917969 0.309082
vt 0.6098633 0.3212891
vt 0.6098633 0.309082
vt 0.5917969 0.3212891
vt 0.8808594 0.4147949
vt 0.8686523 0.4379883
vt 0.8813477 0.4304199
vt 0.8549805 0.4299316
vt 0.8549805 0.4143066
vt 0.8676758 0.4067383
vt 0.5014648 0.309082
vt 0.5195313 0.3212891
vt 0.5014648 0.3212891
vt 0.5195313 0.309082
vt 0.5195313 0.309082
vt 0.5375977 0.3212891
vt 0.5195313 0.3212891
vt 0.5375977 0.309082
vt 0.5375977 0.309082
vt 0.5556641 0.3212891
vt 0.5375977 0.3212891
vt 0.5556641 0.309082
vt 0.5556641 0.309082
vt 0.5737305 0.3212891
vt 0.5556641 0.3212891
vt 0.5737305 0.309082
vt 0.5737305 0.309082
vt 0.5917969 0.3212891
vt 0.5737305 0.3212891
vt 0.5917969 0.309082
vt 0.5917969 0.309082
vt 0.6098633 0.3212891
vt 0.5917969 0.3212891
vt 0.6098633 0.309082
vt 0.8686523 0.4379883
vt 0.8808594 0.4147949
vt 0.8813477 0.4304199
vt 0.8549805 0.4299316
vt 0.8549805 0.4143066
vt 0.8676758 0.4067383
vt 0.9321289 0.9472656
vt 0.9453125 0.9580078
vt 0.9321289 0.9580078
vt 0.9453125 0.9472656
vt 0.9726563 0.9580078
vt 0.9726563 0.9472656
vt 0.9858398 0.9580078
vt 0.9858398 0.9472656
vt 0.9335938 0.9638672
vt 0.9228516 0.9785156
vt 0.9228516 0.9638672
vt 0.9335938 0.9785156
vt 0.9321289 0.984375
vt 0.9453125 0.9951172
vt 0.9321289 0.9951172
vt 0.9453125 0.984375
vt 0.9726563 0.9951172
vt 0.9726563 0.984375
vt 0.9858398 0.9951172
vt 0.9858398 0.984375
vt 0.984375 0.9785156
vt 0.9951172 0.9638672
vt 0.9951172 0.9785156
vt 0.984375 0.9638672
vt 0.984375 0.9785156
vt 0.9726563 0.9580078
vt 0.984375 0.9638672
vt 0.9726563 0.984375
vt 0.9453125 0.984375
vt 0.9453125 0.9580078
vt 0.9335938 0.9785156
vt 0.9335938 0.9638672
vt 0.9321289 0.9472656
vt 0.9453125 0.9580078
vt 0.9321289 0.9580078
vt 0.9453125 0.9472656
vt 0.9726563 0.9580078
vt 0.9726563 0.9472656
vt 0.9858398 0.9580078
vt 0.9858398 0.9472656
vt 0.9335938 0.9638672
vt 0.9228516 0.9785156
vt 0.9228516 0.9638672
vt 0.9335938 0.9785156
vt 0.9321289 0.984375
vt 0.9453125 0.9951172
vt 0.9321289 0.9951172
vt 0.9453125 0.984375
vt 0.9726563 0.9951172
vt 0.9726563 0.984375
vt 0.9858398 0.9951172
vt 0.9858398 0.984375
vt 0.984375 0.9785156
vt 0.9951172 0.9638672
vt 0.9951172 0.9785156
vt 0.984375 0.9638672
vt 0.984375 0.9785156
vt 0.9726563 0.9580078
vt 0.984375 0.9638672
vt 0.9726563 0.984375
vt 0.9453125 0.984375
vt 0.9453125 0.9580078
vt 0.9335938 0.9785156
vt 0.9335938 0.9638672
vt 0.9897461 0.5083008
vt 0.8461914 0.4433594
vt 0.8461914 0.5083008
vt 0.9897461 0.4433594
vt 0.9926758 0.5117188
vt 0.8461914 0.5083008
vt 0.8427734 0.5117188
vt 0.9897461 0.5083008
vt 0.8427734 0.5117188
vt 0.8461914 0.4433594
vt 0.8427734 0.4401855
vt 0.8461914 0.5083008
vt 0.8427734 0.4401855
vt 0.9897461 0.4433594
vt 0.9926758 0.4401855
vt 0.8461914 0.4433594
vt 0.9926758 0.4401855
vt 0.9897461 0.5083008
vt 0.9926758 0.5117188
vt 0.9897461 0.4433594
vt 0.7949219 0.2446289
vt 0.7480469 0.2235107
vt 0.7949219 0.2235107
vt 0.7480469 0.2446289
vt 0.7949219 0.2661133
vt 0.7329102 0.2446289
vt 0.7329102 0.2235107
vt 0.7329102 0.2661133
vt 0.7480469 0.2661133
vt 0.7949219 0.2875977
vt 0.7329102 0.2875977
vt 0.7480469 0.2875977
vt 0.7949219 0.3081055
vt 0.7329102 0.3081055
vt 0.7480469 0.3081055
vt 0.7949219 0.2875977
vt 0.7480469 0.3081055
vt 0.7949219 0.3081055
vt 0.7480469 0.2875977
vt 0.7949219 0.2661133
vt 0.7329102 0.2875977
vt 0.7329102 0.3081055
vt 0.7329102 0.2661133
vt 0.7480469 0.2661133
vt 0.7949219 0.2446289
vt 0.7329102 0.2446289
vt 0.7480469 0.2446289
vt 0.7949219 0.2235107
vt 0.7329102 0.2235107
vt 0.7480469 0.2235107
vt 0.7285156 0.2235107
vt 0.7329102 0.2446289
vt 0.7329102 0.2235107
vt 0.7285156 0.2446289
vt 0.7329102 0.2661133
vt 0.7285156 0.2661133
vt 0.7329102 0.2875977
vt 0.7285156 0.2875977
vt 0.7329102 0.3081055
vt 0.7285156 0.3081055
vt 0.7329102 0.2235107
vt 0.7285156 0.2446289
vt 0.7285156 0.2235107
vt 0.7329102 0.2446289
vt 0.7285156 0.2661133
vt 0.7329102 0.2661133
vt 0.7285156 0.2875977
vt 0.7329102 0.2875977
vt 0.7285156 0.3081055
vt 0.7329102 0.3081055
vt 0.7949219 0.2446289
vt 0.7480469 0.2235107
vt 0.7949219 0.2235107
vt 0.7480469 0.2446289
vt 0.7949219 0.2661133
vt 0.7329102 0.2446289
vt 0.7329102 0.2235107
vt 0.7329102 0.2661133
vt 0.7480469 0.2661133
vt 0.7949219 0.2875977
vt 0.7329102 0.2875977
vt 0.7480469 0.2875977
vt 0.7949219 0.3081055
vt 0.7329102 0.3081055
vt 0.7480469 0.3081055
vt 0.7949219 0.2875977
vt 0.7480469 0.3081055
vt 0.7949219 0.3081055
vt 0.7480469 0.2875977
vt 0.7949219 0.2661133
vt 0.7329102 0.2875977
vt 0.7329102 0.3081055
vt 0.7329102 0.2661133
vt 0.7480469 0.2661133
vt 0.7949219 0.2446289
vt 0.7329102 0.2446289
vt 0.7480469 0.2446289
vt 0.7949219 0.2235107
vt 0.7329102 0.2235107
vt 0.7480469 0.2235107
vt 0.7285156 0.2235107
vt 0.7329102 0.2446289
vt 0.7329102 0.2235107
vt 0.7285156 0.2446289
vt 0.7329102 0.2661133
vt 0.7285156 0.2661133
vt 0.7329102 0.2875977
vt 0.7285156 0.2875977
vt 0.7329102 0.3081055
vt 0.7285156 0.3081055
vt 0.7329102 0.2235107
vt 0.7285156 0.2446289
vt 0.7285156 0.2235107
vt 0.7329102 0.2446289
vt 0.7285156 0.2661133
vt 0.7329102 0.2661133
vt 0.7285156 0.2875977
vt 0.7329102 0.2875977
vt 0.7285156 0.3081055
vt 0.7329102 0.3081055
vt 0.7949219 0.2446289
vt 0.7480469 0.2235107
vt 0.7949219 0.2235107
vt 0.7480469 0.2446289
vt 0.7949219 0.2661133
vt 0.7329102 0.2446289
vt 0.7329102 0.2235107
vt 0.7329102 0.2661133
vt 0.7480469 0.2661133
vt 0.7949219 0.2875977
vt 0.7329102 0.2875977
vt 0.7480469 0.2875977
vt 0.7949219 0.3081055
vt 0.7329102 0.3081055
vt 0.7480469 0.3081055
vt 0.7949219 0.2875977
vt 0.7480469 0.3081055
vt 0.7949219 0.3081055
vt 0.7480469 0.2875977
vt 0.7949219 0.2661133
vt 0.7329102 0.2875977
vt 0.7329102 0.3081055
vt 0.7329102 0.2661133
vt 0.7480469 0.2661133
vt 0.7949219 0.2446289
vt 0.7329102 0.2446289
vt 0.7480469 0.2446289
vt 0.7949219 0.2235107
vt 0.7329102 0.2235107
vt 0.7480469 0.2235107
vt 0.7285156 0.2235107
vt 0.7329102 0.2446289
vt 0.7329102 0.2235107
vt 0.7285156 0.2446289
vt 0.7329102 0.2661133
vt 0.7285156 0.2661133
vt 0.7329102 0.2875977
vt 0.7285156 0.2875977
vt 0.7329102 0.3081055
vt 0.7285156 0.3081055
vt 0.7329102 0.2235107
vt 0.7285156 0.2446289
vt 0.7285156 0.2235107
vt 0.7329102 0.2446289
vt 0.7285156 0.2661133
vt 0.7329102 0.2661133
vt 0.7285156 0.2875977
vt 0.7329102 0.2875977
vt 0.7285156 0.3081055
vt 0.7329102 0.3081055
vt 0.7480469 0.2235107
vt 0.7949219 0.2446289
vt 0.7949219 0.2235107
vt 0.7480469 0.2446289
vt 0.7949219 0.2661133
vt 0.7329102 0.2446289
vt 0.7329102 0.2235107
vt 0.7329102 0.2661133
vt 0.7480469 0.2661133
vt 0.7949219 0.2875977
vt 0.7329102 0.2875977
vt 0.7480469 0.2875977
vt 0.7949219 0.3081055
vt 0.7329102 0.3081055
vt 0.7480469 0.3081055
vt 0.7480469 0.3081055
vt 0.7949219 0.2875977
vt 0.7949219 0.3081055
vt 0.7480469 0.2875977
vt 0.7949219 0.2661133
vt 0.7329102 0.2875977
vt 0.7329102 0.3081055
vt 0.7329102 0.2661133
vt 0.7480469 0.2661133
vt 0.7949219 0.2446289
vt 0.7329102 0.2446289
vt 0.7480469 0.2446289
vt 0.7949219 0.2235107
vt 0.7329102 0.2235107
vt 0.7480469 0.2235107
vt 0.7285156 0.2446289
vt 0.7329102 0.2235107
vt 0.7285156 0.2235107
vt 0.7329102 0.2446289
vt 0.7285156 0.2661133
vt 0.7329102 0.2661133
vt 0.7285156 0.2875977
vt 0.7329102 0.2875977
vt 0.7285156 0.3081055
vt 0.7329102 0.3081055
vt 0.7285156 0.2875977
vt 0.7329102 0.3081055
vt 0.7285156 0.3081055
vt 0.7329102 0.2875977
vt 0.7285156 0.2661133
vt 0.7329102 0.2661133
vt 0.7285156 0.2446289
vt 0.7329102 0.2446289
vt 0.7285156 0.2235107
vt 0.7329102 0.2235107
vt 0.7480469 0.2235107
vt 0.7949219 0.2446289
vt 0.7949219 0.2235107
vt 0.7480469 0.2446289
vt 0.7949219 0.2661133
vt 0.7329102 0.2446289
vt 0.7329102 0.2235107
vt 0.7329102 0.2661133
vt 0.7480469 0.2661133
vt 0.7949219 0.2875977
vt 0.7329102 0.2875977
vt 0.7480469 0.2875977
vt 0.7949219 0.3081055
vt 0.7329102 0.3081055
vt 0.7480469 0.3081055
vt 0.7480469 0.3081055
vt 0.7949219 0.2875977
vt 0.7949219 0.3081055
vt 0.7480469 0.2875977
vt 0.7949219 0.2661133
vt 0.7329102 0.2875977
vt 0.7329102 0.3081055
vt 0.7329102 0.2661133
vt 0.7480469 0.2661133
vt 0.7949219 0.2446289
vt 0.7329102 0.2446289
vt 0.7480469 0.2446289
vt 0.7949219 0.2235107
vt 0.7329102 0.2235107
vt 0.7480469 0.2235107
vt 0.7285156 0.2446289
vt 0.7329102 0.2235107
vt 0.7285156 0.2235107
vt 0.7329102 0.2446289
vt 0.7285156 0.2661133
vt 0.7329102 0.2661133
vt 0.7285156 0.2875977
vt 0.7329102 0.2875977
vt 0.7285156 0.3081055
vt 0.7329102 0.3081055
vt 0.7329102 0.3081055
vt 0.7285156 0.3081055
vt 0.7285156 0.2875977
vt 0.7329102 0.2875977
vt 0.7285156 0.2661133
vt 0.7329102 0.2661133
vt 0.7285156 0.2446289
vt 0.7329102 0.2446289
vt 0.7285156 0.2235107
vt 0.7329102 0.2235107
vt 0.7480469 0.2235107
vt 0.7949219 0.2446289
vt 0.7949219 0.2235107
vt 0.7480469 0.2446289
vt 0.7949219 0.2661133
vt 0.7329102 0.2446289
vt 0.7329102 0.2235107
vt 0.7329102 0.2661133
vt 0.7480469 0.2661133
vt 0.7949219 0.2875977
vt 0.7329102 0.2875977
vt 0.7480469 0.2875977
vt 0.7949219 0.3081055
vt 0.7329102 0.3081055
vt 0.7480469 0.3081055
vt 0.7480469 0.3081055
vt 0.7949219 0.2875977
vt 0.7949219 0.3081055
vt 0.7480469 0.2875977
vt 0.7949219 0.2661133
vt 0.7329102 0.2875977
vt 0.7329102 0.3081055
vt 0.7329102 0.2661133
vt 0.7480469 0.2661133
vt 0.7949219 0.2446289
vt 0.7329102 0.2446289
vt 0.7480469 0.2446289
vt 0.7949219 0.2235107
vt 0.7329102 0.2235107
vt 0.7480469 0.2235107
vt 0.7329102 0.2446289
vt 0.7285156 0.2235107
vt 0.7329102 0.2235107
vt 0.7285156 0.2446289
vt 0.7329102 0.2661133
vt 0.7285156 0.2661133
vt 0.7329102 0.2875977
vt 0.7285156 0.2875977
vt 0.7329102 0.3081055
vt 0.7285156 0.3081055
vt 0.7285156 0.2446289
vt 0.7329102 0.2235107
vt 0.7285156 0.2235107
vt 0.7329102 0.2446289
vt 0.7285156 0.2661133
vt 0.7329102 0.2661133
vt 0.7285156 0.2875977
vt 0.7329102 0.2875977
vt 0.7285156 0.3081055
vt 0.7329102 0.3081055
vt 0.7480469 0.2235107
vt 0.7949219 0.2446289
vt 0.7949219 0.2235107
vt 0.7480469 0.2446289
vt 0.7949219 0.2661133
vt 0.7329102 0.2446289
vt 0.7329102 0.2235107
vt 0.7329102 0.2661133
vt 0.7480469 0.2661133
vt 0.7949219 0.2875977
vt 0.7329102 0.2875977
vt 0.7480469 0.2875977
vt 0.7949219 0.3081055
vt 0.7329102 0.3081055
vt 0.7480469 0.3081055
vt 0.7480469 0.3081055
vt 0.7949219 0.2875977
vt 0.7949219 0.3081055
vt 0.7480469 0.2875977
vt 0.7949219 0.2661133
vt 0.7329102 0.2875977
vt 0.7329102 0.3081055
vt 0.7329102 0.2661133
vt 0.7480469 0.2661133
vt 0.7949219 0.2446289
vt 0.7329102 0.2446289
vt 0.7480469 0.2446289
vt 0.7949219 0.2235107
vt 0.7329102 0.2235107
vt 0.7480469 0.2235107
vt 0.7329102 0.2446289
vt 0.7285156 0.2235107
vt 0.7329102 0.2235107
vt 0.7285156 0.2446289
vt 0.7329102 0.2661133
vt 0.7285156 0.2661133
vt 0.7329102 0.2875977
vt 0.7285156 0.2875977
vt 0.7329102 0.3081055
vt 0.7285156 0.3081055
vt 0.7285156 0.2446289
vt 0.7329102 0.2235107
vt 0.7285156 0.2235107
vt 0.7329102 0.2446289
vt 0.7285156 0.2661133
vt 0.7329102 0.2661133
vt 0.7285156 0.2875977
vt 0.7329102 0.2875977
vt 0.7285156 0.3081055
vt 0.7329102 0.3081055
vt 0.7480469 0.2235107
vt 0.7949219 0.2446289
vt 0.7949219 0.2235107
vt 0.7480469 0.2446289
vt 0.7949219 0.2661133
vt 0.7329102 0.2446289
vt 0.7329102 0.2235107
vt 0.7329102 0.2661133
vt 0.7480469 0.2661133
vt 0.7949219 0.2875977
vt 0.7329102 0.2875977
vt 0.7480469 0.2875977
vt 0.7949219 0.3081055
vt 0.7329102 0.3081055
vt 0.7480469 0.3081055
vt 0.7480469 0.3081055
vt 0.7949219 0.2875977
vt 0.7949219 0.3081055
vt 0.7480469 0.2875977
vt 0.7949219 0.2661133
vt 0.7329102 0.2875977
vt 0.7329102 0.3081055
vt 0.7329102 0.2661133
vt 0.7480469 0.2661133
vt 0.7949219 0.2446289
vt 0.7329102 0.2446289
vt 0.7480469 0.2446289
vt 0.7949219 0.2235107
vt 0.7329102 0.2235107
vt 0.7480469 0.2235107
vt 0.7329102 0.2446289
vt 0.7285156 0.2235107
vt 0.7329102 0.2235107
vt 0.7285156 0.2446289
vt 0.7329102 0.2661133
vt 0.7285156 0.2661133
vt 0.7329102 0.2875977
vt 0.7285156 0.2875977
vt 0.7329102 0.3081055
vt 0.7285156 0.3081055
vt 0.7285156 0.2446289
vt 0.7329102 0.2235107
vt 0.7285156 0.2235107
vt 0.7329102 0.2446289
vt 0.7285156 0.2661133
vt 0.7329102 0.2661133
vt 0.7285156 0.2875977
vt 0.7329102 0.2875977
vt 0.7285156 0.3081055
vt 0.7329102 0.3081055
vt 0.7949219 0.2446289
vt 0.7480469 0.2235107
vt 0.7949219 0.2235107
vt 0.7480469 0.2446289
vt 0.7949219 0.2661133
vt 0.7329102 0.2446289
vt 0.7329102 0.2235107
vt 0.7329102 0.2661133
vt 0.7480469 0.2661133
vt 0.7949219 0.2875977
vt 0.7329102 0.2875977
vt 0.7480469 0.2875977
vt 0.7949219 0.3081055
vt 0.7329102 0.3081055
vt 0.7480469 0.3081055
vt 0.7949219 0.2875977
vt 0.7480469 0.3081055
vt 0.7949219 0.3081055
vt 0.7480469 0.2875977
vt 0.7949219 0.2661133
vt 0.7329102 0.2875977
vt 0.7329102 0.3081055
vt 0.7329102 0.2661133
vt 0.7480469 0.2661133
vt 0.7949219 0.2446289
vt 0.7329102 0.2446289
vt 0.7480469 0.2446289
vt 0.7949219 0.2235107
vt 0.7329102 0.2235107
vt 0.7480469 0.2235107
vt 0.7329102 0.2235107
vt 0.7285156 0.2446289
vt 0.7285156 0.2235107
vt 0.7329102 0.2446289
vt 0.7285156 0.2661133
vt 0.7329102 0.2661133
vt 0.7285156 0.2875977
vt 0.7329102 0.2875977
vt 0.7285156 0.3081055
vt 0.7329102 0.3081055
vt 0.7329102 0.3081055
vt 0.7285156 0.2875977
vt 0.7285156 0.3081055
vt 0.7329102 0.2875977
vt 0.7285156 0.2661133
vt 0.7329102 0.2661133
vt 0.7285156 0.2446289
vt 0.7329102 0.2446289
vt 0.7285156 0.2235107
vt 0.7329102 0.2235107
vt 0.7949219 0.2446289
vt 0.7480469 0.2235107
vt 0.7949219 0.2235107
vt 0.7480469 0.2446289
vt 0.7949219 0.2661133
vt 0.7329102 0.2446289
vt 0.7329102 0.2235107
vt 0.7329102 0.2661133
vt 0.7480469 0.2661133
vt 0.7949219 0.2875977
vt 0.7329102 0.2875977
vt 0.7480469 0.2875977
vt 0.7949219 0.3081055
vt 0.7329102 0.3081055
vt 0.7480469 0.3081055
vt 0.7949219 0.2875977
vt 0.7480469 0.3081055
vt 0.7949219 0.3081055
vt 0.7480469 0.2875977
vt 0.7949219 0.2661133
vt 0.7329102 0.2875977
vt 0.7329102 0.3081055
vt 0.7329102 0.2661133
vt 0.7480469 0.2661133
vt 0.7949219 0.2446289
vt 0.7329102 0.2446289
vt 0.7480469 0.2446289
vt 0.7949219 0.2235107
vt 0.7329102 0.2235107
vt 0.7480469 0.2235107
vt 0.7329102 0.2235107
vt 0.7285156 0.2446289
vt 0.7285156 0.2235107
vt 0.7329102 0.2446289
vt 0.7285156 0.2661133
vt 0.7329102 0.2661133
vt 0.7285156 0.2875977
vt 0.7329102 0.2875977
vt 0.7285156 0.3081055
vt 0.7329102 0.3081055
vt 0.7329102 0.3081055
vt 0.7285156 0.2875977
vt 0.7285156 0.3081055
vt 0.7329102 0.2875977
vt 0.7285156 0.2661133
vt 0.7329102 0.2661133
vt 0.7285156 0.2446289
vt 0.7329102 0.2446289
vt 0.7285156 0.2235107
vt 0.7329102 0.2235107
vt 0.9287109 0.2052002
vt 0.9599609 0.2064209
vt 0.9389648 0.1834717
vt 0.9370117 0.2276611
vt 0.9614258 0.1751709
vt 0.9589844 0.2376709
vt 0.9829102 0.1851807
vt 0.9814453 0.2293701
vt 0.9912109 0.2076416
vt 0.3466797 0.081604
vt 0.3779297 0.08282471
vt 0.3566895 0.05990601
vt 0.3549805 0.1040649
vt 0.3791504 0.05163574
vt 0.376709 0.1140137
vt 0.4008789 0.06164551
vt 0.3991699 0.1057739
vt 0.4091797 0.08404541
vt 0.9291992 0.2049561
vt 0.9604492 0.2064209
vt 0.9394531 0.1834717
vt 0.9375 0.2272949
vt 0.9619141 0.175415
vt 0.9589844 0.2375488
vt 0.9833984 0.1855469
vt 0.9814453 0.2294922
vt 0.9912109 0.2080078
vt 0.9291992 0.2049561
vt 0.9604492 0.2064209
vt 0.9394531 0.1834717
vt 0.9375 0.2272949
vt 0.9619141 0.175415
vt 0.9589844 0.2375488
vt 0.9833984 0.1855469
vt 0.9814453 0.2294922
vt 0.9912109 0.2080078
vt 0.8354492 0.2424316
vt 0.8515625 0.2246094
vt 0.8276367 0.2255859
vt 0.8525391 0.2487793
vt 0.8339844 0.208252
vt 0.8696289 0.2410889
vt 0.8505859 0.2004395
vt 0.8759766 0.2236328
vt 0.8681641 0.2069092
vt 0.9287109 0.2052002
vt 0.9389648 0.1834717
vt 0.9599609 0.2064209
vt 0.9370117 0.2276611
vt 0.9614258 0.1751709
vt 0.9589844 0.2376709
vt 0.9829102 0.1851807
vt 0.9814453 0.2293701
vt 0.9912109 0.2076416
vt 0.3466797 0.081604
vt 0.3566895 0.05990601
vt 0.3779297 0.08282471
vt 0.3549805 0.1040649
vt 0.3791504 0.05163574
vt 0.376709 0.1140137
vt 0.4008789 0.06164551
vt 0.3991699 0.1057739
vt 0.4091797 0.08404541
vt 0.9291992 0.2049561
vt 0.9394531 0.1834717
vt 0.9604492 0.2064209
vt 0.9375 0.2272949
vt 0.9619141 0.175415
vt 0.9589844 0.2375488
vt 0.9833984 0.1855469
vt 0.9814453 0.2294922
vt 0.9912109 0.2080078
vt 0.9291992 0.2049561
vt 0.9394531 0.1834717
vt 0.9604492 0.2064209
vt 0.9375 0.2272949
vt 0.9619141 0.175415
vt 0.9589844 0.2375488
vt 0.9833984 0.1855469
vt 0.9814453 0.2294922
vt 0.9912109 0.2080078
vt 0.8354492 0.2424316
vt 0.8276367 0.2255859
vt 0.8515625 0.2246094
vt 0.8525391 0.2487793
vt 0.8339844 0.208252
vt 0.8696289 0.2410889
vt 0.8505859 0.2004395
vt 0.8759766 0.2236328
vt 0.8681641 0.2069092
vt 0.9614258 0.0803833
vt 0.90625 0.09820557
vt 0.953125 0.06427002
vt 0.9643555 0.09820557
vt 0.9404297 0.05151367
vt 0.9614258 0.1160889
vt 0.9243164 0.04330444
vt 0.953125 0.1322021
vt 0.90625 0.04049683
vt 0.9404297 0.1448975
vt 0.8886719 0.04330444
vt 0.9243164 0.1530762
vt 0.8725586 0.05151367
vt 0.90625 0.1560059
vt 0.859375 0.06427002
vt 0.8886719 0.1530762
vt 0.8515625 0.0803833
vt 0.8725586 0.1448975
vt 0.8486328 0.09820557
vt 0.859375 0.1320801
vt 0.8515625 0.1160278
vt 0.9614258 0.0803833
vt 0.90625 0.09820557
vt 0.953125 0.06427002
vt 0.9643555 0.09820557
vt 0.9404297 0.05151367
vt 0.9614258 0.1160889
vt 0.9243164 0.04330444
vt 0.953125 0.1322021
vt 0.90625 0.04049683
vt 0.9404297 0.1448975
vt 0.8886719 0.04330444
vt 0.9243164 0.1530762
vt 0.8725586 0.05151367
vt 0.90625 0.1560059
vt 0.859375 0.06427002
vt 0.8886719 0.1530762
vt 0.8515625 0.0803833
vt 0.8725586 0.1448975
vt 0.8486328 0.09820557
vt 0.859375 0.1320801
vt 0.8515625 0.1160278
vt 0.9614258 0.0803833
vt 0.90625 0.09820557
vt 0.953125 0.06427002
vt 0.9643555 0.09820557
vt 0.9404297 0.05151367
vt 0.9614258 0.1160889
vt 0.9243164 0.04330444
vt 0.953125 0.1322021
vt 0.90625 0.04049683
vt 0.9404297 0.1448975
vt 0.8886719 0.04330444
vt 0.9243164 0.1530762
vt 0.8725586 0.05151367
vt 0.90625 0.1560059
vt 0.859375 0.06427002
vt 0.8886719 0.1530762
vt 0.8515625 0.0803833
vt 0.8725586 0.1448975
vt 0.8486328 0.09820557
vt 0.859375 0.1320801
vt 0.8515625 0.1160278
vt 0.9614258 0.0803833
vt 0.90625 0.09820557
vt 0.953125 0.06427002
vt 0.9643555 0.09820557
vt 0.9404297 0.05151367
vt 0.9614258 0.1160889
vt 0.9243164 0.04330444
vt 0.953125 0.1322021
vt 0.90625 0.04049683
vt 0.9404297 0.1448975
vt 0.8886719 0.04330444
vt 0.9243164 0.1530762
vt 0.8725586 0.05151367
vt 0.90625 0.1560059
vt 0.859375 0.06427002
vt 0.8886719 0.1530762
vt 0.8515625 0.0803833
vt 0.8725586 0.1448975
vt 0.8486328 0.09820557
vt 0.859375 0.1320801
vt 0.8515625 0.1160278
vt 0.9614258 0.0803833
vt 0.953125 0.06427002
vt 0.90625 0.09820557
vt 0.9643555 0.09820557
vt 0.9404297 0.05151367
vt 0.9614258 0.1160889
vt 0.9243164 0.04330444
vt 0.953125 0.1322021
vt 0.90625 0.04049683
vt 0.9404297 0.1448975
vt 0.8886719 0.04330444
vt 0.9243164 0.1530762
vt 0.8725586 0.05151367
vt 0.90625 0.1560059
vt 0.859375 0.06427002
vt 0.8886719 0.1530762
vt 0.8515625 0.0803833
vt 0.8725586 0.1448975
vt 0.8486328 0.09820557
vt 0.859375 0.1320801
vt 0.8515625 0.1160278
vt 0.9614258 0.0803833
vt 0.953125 0.06427002
vt 0.90625 0.09820557
vt 0.9643555 0.09820557
vt 0.9404297 0.05151367
vt 0.9614258 0.1160889
vt 0.9243164 0.04330444
vt 0.953125 0.1322021
vt 0.90625 0.04049683
vt 0.9404297 0.1448975
vt 0.8886719 0.04330444
vt 0.9243164 0.1530762
vt 0.8725586 0.05151367
vt 0.90625 0.1560059
vt 0.859375 0.06427002
vt 0.8886719 0.1530762
vt 0.8515625 0.0803833
vt 0.8725586 0.1448975
vt 0.8486328 0.09820557
vt 0.859375 0.1320801
vt 0.8515625 0.1160278
vt 0.9614258 0.0803833
vt 0.953125 0.06427002
vt 0.90625 0.09820557
vt 0.9643555 0.09820557
vt 0.9404297 0.05151367
vt 0.9614258 0.1160889
vt 0.9243164 0.04330444
vt 0.953125 0.1322021
vt 0.90625 0.04049683
vt 0.9404297 0.1448975
vt 0.8886719 0.04330444
vt 0.9243164 0.1530762
vt 0.8725586 0.05151367
vt 0.90625 0.1560059
vt 0.859375 0.06427002
vt 0.8886719 0.1530762
vt 0.8515625 0.0803833
vt 0.8725586 0.1448975
vt 0.8486328 0.09820557
vt 0.859375 0.1320801
vt 0.8515625 0.1160278
vt 0.9614258 0.0803833
vt 0.953125 0.06427002
vt 0.90625 0.09820557
vt 0.9643555 0.09820557
vt 0.9404297 0.05151367
vt 0.9614258 0.1160889
vt 0.9243164 0.04330444
vt 0.953125 0.1322021
vt 0.90625 0.04049683
vt 0.9404297 0.1448975
vt 0.8886719 0.04330444
vt 0.9243164 0.1530762
vt 0.8725586 0.05151367
vt 0.90625 0.1560059
vt 0.859375 0.06427002
vt 0.8886719 0.1530762
vt 0.8515625 0.0803833
vt 0.8725586 0.1448975
vt 0.8486328 0.09820557
vt 0.859375 0.1320801
vt 0.8515625 0.1160278
vt 0.2907715 0.1307373
vt 0.3254395 0.1411133
vt 0.3081055 0.109314
vt 0.293457 0.1583252
vt 0.3356934 0.1064453
vt 0.3149414 0.1757813
vt 0.3571777 0.1239624
vt 0.3425293 0.1729736
vt 0.3601074 0.1514893
vt 0.2536621 0.1295166
vt 0.2232666 0.06878662
vt 0.2231445 0.1519775
vt 0.2272949 0.15625
vt 0.2539063 0.09136963
vt 0.227417 0.0645752
vt 0.2685547 0.06463623
vt 0.2683105 0.1295166
vt 0.2683105 0.15625
vt 0.2724609 0.1520996
vt 0.2685547 0.09136963
vt 0.2727051 0.06884766
vt 0.5541992 0.1783447
vt 0.5004883 0.2810059
vt 0.5004883 0.1398926
vt 0.5092773 0.1328125
vt 0.5541992 0.243042
vt 0.5092773 0.2880859
vt 0.5786133 0.2880859
vt 0.5786133 0.1783447
vt 0.5786133 0.1328125
vt 0.5874023 0.1398926
vt 0.5786133 0.243042
vt 0.5874023 0.2810059
vt 0.5004883 0.2810059
vt 0.5541992 0.1779785
vt 0.5004883 0.1398926
vt 0.5092773 0.1328125
vt 0.5541992 0.2426758
vt 0.5092773 0.2880859
vt 0.5786133 0.2880859
vt 0.5786133 0.1779785
vt 0.5786133 0.1328125
vt 0.5874023 0.1398926
vt 0.5786133 0.2426758
vt 0.5874023 0.2810059
vt 0.840332 0.5385742
vt 0.8203125 0.5185547
vt 0.8413086 0.5185547
vt 0.871582 0.5185547
vt 0.8134766 0.5541992
vt 0.8720703 0.5385742
vt 0.9052734 0.5185547
vt 0.8417969 0.5708008
vt 0.8144531 0.6230469
vt 0.8408203 0.6308594
vt 0.8144531 0.6376953
vt 0.8193359 0.7124023
vt 0.8432617 0.7119141
vt 0.831543 0.7998047
vt 0.8510742 0.7998047
vt 0.8432617 0.8447266
vt 0.8720703 0.7119141
vt 0.8725586 0.6308594
vt 0.8730469 0.5708008
vt 0.8544922 0.8476563
vt 0.8540039 0.8535156
vt 0.8681641 0.8618164
vt 0.8710938 0.7998047
vt 0.8691406 0.8530273
vt 0.9013672 0.8720703
vt 0.9057617 0.7119141
vt 0.902832 0.859375
vt 0.9404297 0.8754883
vt 0.9047852 0.8012695
vt 0.9414063 0.8613281
vt 0.9790039 0.8779297
vt 0.9433594 0.8022461
vt 0.9057617 0.6308594
vt 0.9799805 0.8632813
vt 0.9438477 0.7119141
vt 0.9414063 0.8613281
vt 0.9404297 0.8754883
vt 0.9819336 0.8032227
vt 0.902832 0.859375
vt 0.9013672 0.8720703
vt 0.9433594 0.8022461
vt 0.8691406 0.8530273
vt 0.8681641 0.8618164
vt 0.9047852 0.8012695
vt 0.8544922 0.8476563
vt 0.8540039 0.8535156
vt 0.8432617 0.8447266
vt 0.8710938 0.7998047
vt 0.8510742 0.7998047
vt 0.831543 0.7998047
vt 0.9057617 0.7119141
vt 0.9438477 0.7119141
vt 0.8720703 0.7119141
vt 0.8432617 0.7119141
vt 0.8193359 0.7124023
vt 0.8408203 0.6308594
vt 0.8144531 0.6376953
vt 0.8144531 0.6230469
vt 0.8725586 0.6308594
vt 0.8417969 0.5708008
vt 0.8134766 0.5541992
vt 0.9057617 0.6308594
vt 0.8730469 0.5708008
vt 0.840332 0.5385742
vt 0.8203125 0.5185547
vt 0.8413086 0.5185547
vt 0.871582 0.5185547
vt 0.8720703 0.5385742
vt 0.9052734 0.5185547
vt 0.9057617 0.5385742
vt 0.90625 0.5708008
vt 0.9443359 0.6308594
vt 0.9443359 0.5385742
vt 0.9443359 0.5185547
vt 0.9443359 0.5708008
vt 0.9824219 0.7124023
vt 0.9829102 0.5385742
vt 0.9829102 0.5185547
vt 0.9443359 0.5185547
vt 0.9829102 0.5708008
vt 0.9829102 0.6308594
vt 0.9443359 0.6308594
vt 0.9443359 0.5385742
vt 0.9443359 0.5708008
vt 0.90625 0.5708008
vt 0.9057617 0.5385742
vt 0.965332 0.07904053
vt 0.953125 0.06427002
vt 0.956543 0.06176758
vt 0.9614258 0.0803833
vt 0.9404297 0.05151367
vt 0.9682617 0.09820557
vt 0.9428711 0.04806519
vt 0.9643555 0.09820557
vt 0.9243164 0.04330444
vt 0.965332 0.1173706
vt 0.925293 0.03924561
vt 0.9614258 0.1160889
vt 0.90625 0.04049683
vt 0.956543 0.1346436
vt 0.90625 0.03622437
vt 0.953125 0.1322021
vt 0.8886719 0.04330444
vt 0.9428711 0.1484375
vt 0.887207 0.03927612
vt 0.9404297 0.1448975
vt 0.8725586 0.05151367
vt 0.925293 0.1572266
vt 0.8696289 0.04806519
vt 0.9243164 0.1530762
vt 0.859375 0.06427002
vt 0.90625 0.1601563
vt 0.855957 0.0617981
vt 0.90625 0.1560059
vt 0.8515625 0.0803833
vt 0.887207 0.1572266
vt 0.847168 0.07904053
vt 0.8886719 0.1530762
vt 0.8486328 0.09820557
vt 0.8696289 0.1483154
vt 0.8442383 0.09820557
vt 0.8725586 0.1448975
vt 0.8515625 0.1160278
vt 0.855957 0.1346436
vt 0.847168 0.1173706
vt 0.859375 0.1320801
vt 0.9863281 0.07220459
vt 0.956543 0.06176758
vt 0.9746094 0.04870605
vt 0.965332 0.07904053
vt 0.9428711 0.04806519
vt 0.9907227 0.09820557
vt 0.9560547 0.03007507
vt 0.9682617 0.09820557
vt 0.925293 0.03924561
vt 0.9863281 0.1242676
vt 0.9321289 0.01812744
vt 0.965332 0.1173706
vt 0.90625 0.03622437
vt 0.9746094 0.1477051
vt 0.90625 0.01400757
vt 0.956543 0.1346436
vt 0.887207 0.03927612
vt 0.9560547 0.1663818
vt 0.8803711 0.0181427
vt 0.9428711 0.1484375
vt 0.8696289 0.04806519
vt 0.9321289 0.1783447
vt 0.8569336 0.03010559
vt 0.925293 0.1572266
vt 0.855957 0.0617981
vt 0.90625 0.182373
vt 0.8378906 0.04873657
vt 0.90625 0.1601563
vt 0.847168 0.07904053
vt 0.8803711 0.1783447
vt 0.8261719 0.07220459
vt 0.887207 0.1572266
vt 0.8442383 0.09820557
vt 0.8569336 0.1663818
vt 0.8222656 0.09820557
vt 0.8696289 0.1483154
vt 0.847168 0.1173706
vt 0.8378906 0.1477051
vt 0.8261719 0.1242065
vt 0.855957 0.1346436
vt 0.965332 0.07904053
vt 0.953125 0.06427002
vt 0.956543 0.06176758
vt 0.9614258 0.0803833
vt 0.9404297 0.05151367
vt 0.9682617 0.09820557
vt 0.9428711 0.04806519
vt 0.9643555 0.09820557
vt 0.9243164 0.04330444
vt 0.965332 0.1173706
vt 0.925293 0.03924561
vt 0.9614258 0.1160889
vt 0.90625 0.04049683
vt 0.956543 0.1346436
vt 0.90625 0.03622437
vt 0.953125 0.1322021
vt 0.8886719 0.04330444
vt 0.9428711 0.1484375
vt 0.887207 0.03927612
vt 0.9404297 0.1448975
vt 0.8725586 0.05151367
vt 0.925293 0.1572266
vt 0.8696289 0.04806519
vt 0.9243164 0.1530762
vt 0.859375 0.06427002
vt 0.90625 0.1601563
vt 0.855957 0.0617981
vt 0.90625 0.1560059
vt 0.8515625 0.0803833
vt 0.887207 0.1572266
vt 0.847168 0.07904053
vt 0.8886719 0.1530762
vt 0.8486328 0.09820557
vt 0.8696289 0.1483154
vt 0.8442383 0.09820557
vt 0.8725586 0.1448975
vt 0.8515625 0.1160278
vt 0.855957 0.1346436
vt 0.847168 0.1173706
vt 0.859375 0.1320801
vt 0.9863281 0.07220459
vt 0.956543 0.06176758
vt 0.9746094 0.04870605
vt 0.965332 0.07904053
vt 0.9428711 0.04806519
vt 0.9907227 0.09820557
vt 0.9560547 0.03007507
vt 0.9682617 0.09820557
vt 0.925293 0.03924561
vt 0.9863281 0.1242676
vt 0.9321289 0.01812744
vt 0.965332 0.1173706
vt 0.90625 0.03622437
vt 0.9746094 0.1477051
vt 0.90625 0.01400757
vt 0.956543 0.1346436
vt 0.887207 0.03927612
vt 0.9560547 0.1663818
vt 0.8803711 0.0181427
vt 0.9428711 0.1484375
vt 0.8696289 0.04806519
vt 0.9321289 0.1783447
vt 0.8569336 0.03010559
vt 0.925293 0.1572266
vt 0.855957 0.0617981
vt 0.90625 0.182373
vt 0.8378906 0.04873657
vt 0.90625 0.1601563
vt 0.847168 0.07904053
vt 0.8803711 0.1783447
vt 0.8261719 0.07220459
vt 0.887207 0.1572266
vt 0.8442383 0.09820557
vt 0.8569336 0.1663818
vt 0.8222656 0.09820557
vt 0.8696289 0.1483154
vt 0.847168 0.1173706
vt 0.8378906 0.1477051
vt 0.8261719 0.1242065
vt 0.855957 0.1346436
vt 0.965332 0.07904053
vt 0.953125 0.06427002
vt 0.956543 0.06176758
vt 0.9614258 0.0803833
vt 0.9404297 0.05151367
vt 0.9682617 0.09820557
vt 0.9428711 0.04806519
vt 0.9643555 0.09820557
vt 0.9243164 0.04330444
vt 0.965332 0.1173706
vt 0.925293 0.03924561
vt 0.9614258 0.1160889
vt 0.90625 0.04049683
vt 0.956543 0.1346436
vt 0.90625 0.03622437
vt 0.953125 0.1322021
vt 0.8886719 0.04330444
vt 0.9428711 0.1484375
vt 0.887207 0.03927612
vt 0.9404297 0.1448975
vt 0.8725586 0.05151367
vt 0.925293 0.1572266
vt 0.8696289 0.04806519
vt 0.9243164 0.1530762
vt 0.859375 0.06427002
vt 0.90625 0.1601563
vt 0.855957 0.0617981
vt 0.90625 0.1560059
vt 0.8515625 0.0803833
vt 0.887207 0.1572266
vt 0.847168 0.07904053
vt 0.8886719 0.1530762
vt 0.8486328 0.09820557
vt 0.8696289 0.1483154
vt 0.8442383 0.09820557
vt 0.8725586 0.1448975
vt 0.8515625 0.1160278
vt 0.855957 0.1346436
vt 0.847168 0.1173706
vt 0.859375 0.1320801
vt 0.9863281 0.07220459
vt 0.956543 0.06176758
vt 0.9746094 0.04870605
vt 0.965332 0.07904053
vt 0.9428711 0.04806519
vt 0.9907227 0.09820557
vt 0.9560547 0.03007507
vt 0.9682617 0.09820557
vt 0.925293 0.03924561
vt 0.9863281 0.1242676
vt 0.9321289 0.01812744
vt 0.965332 0.1173706
vt 0.90625 0.03622437
vt 0.9746094 0.1477051
vt 0.90625 0.01400757
vt 0.956543 0.1346436
vt 0.887207 0.03927612
vt 0.9560547 0.1663818
vt 0.8803711 0.0181427
vt 0.9428711 0.1484375
vt 0.8696289 0.04806519
vt 0.9321289 0.1783447
vt 0.8569336 0.03010559
vt 0.925293 0.1572266
vt 0.855957 0.0617981
vt 0.90625 0.182373
vt 0.8378906 0.04873657
vt 0.90625 0.1601563
vt 0.847168 0.07904053
vt 0.8803711 0.1783447
vt 0.8261719 0.07220459
vt 0.887207 0.1572266
vt 0.8442383 0.09820557
vt 0.8569336 0.1663818
vt 0.8222656 0.09820557
vt 0.8696289 0.1483154
vt 0.847168 0.1173706
vt 0.8378906 0.1477051
vt 0.8261719 0.1242065
vt 0.855957 0.1346436
vt 0.965332 0.07904053
vt 0.953125 0.06427002
vt 0.956543 0.06176758
vt 0.9614258 0.0803833
vt 0.9404297 0.05151367
vt 0.9682617 0.09820557
vt 0.9428711 0.04806519
vt 0.9643555 0.09820557
vt 0.9243164 0.04330444
vt 0.965332 0.1173706
vt 0.925293 0.03924561
vt 0.9614258 0.1160889
vt 0.90625 0.04049683
vt 0.956543 0.1346436
vt 0.90625 0.03622437
vt 0.953125 0.1322021
vt 0.8886719 0.04330444
vt 0.9428711 0.1484375
vt 0.887207 0.03927612
vt 0.9404297 0.1448975
vt 0.8725586 0.05151367
vt 0.925293 0.1572266
vt 0.8696289 0.04806519
vt 0.9243164 0.1530762
vt 0.859375 0.06427002
vt 0.90625 0.1601563
vt 0.855957 0.0617981
vt 0.90625 0.1560059
vt 0.8515625 0.0803833
vt 0.887207 0.1572266
vt 0.847168 0.07904053
vt 0.8886719 0.1530762
vt 0.8486328 0.09820557
vt 0.8696289 0.1483154
vt 0.8442383 0.09820557
vt 0.8725586 0.1448975
vt 0.8515625 0.1160278
vt 0.855957 0.1346436
vt 0.847168 0.1173706
vt 0.859375 0.1320801
vt 0.9863281 0.07220459
vt 0.956543 0.06176758
vt 0.9746094 0.04870605
vt 0.965332 0.07904053
vt 0.9428711 0.04806519
vt 0.9907227 0.09820557
vt 0.9560547 0.03007507
vt 0.9682617 0.09820557
vt 0.925293 0.03924561
vt 0.9863281 0.1242676
vt 0.9321289 0.01812744
vt 0.965332 0.1173706
vt 0.90625 0.03622437
vt 0.9746094 0.1477051
vt 0.90625 0.01400757
vt 0.956543 0.1346436
vt 0.887207 0.03927612
vt 0.9560547 0.1663818
vt 0.8803711 0.0181427
vt 0.9428711 0.1484375
vt 0.8696289 0.04806519
vt 0.9321289 0.1783447
vt 0.8569336 0.03010559
vt 0.925293 0.1572266
vt 0.855957 0.0617981
vt 0.90625 0.182373
vt 0.8378906 0.04873657
vt 0.90625 0.1601563
vt 0.847168 0.07904053
vt 0.8803711 0.1783447
vt 0.8261719 0.07220459
vt 0.887207 0.1572266
vt 0.8442383 0.09820557
vt 0.8569336 0.1663818
vt 0.8222656 0.09820557
vt 0.8696289 0.1483154
vt 0.847168 0.1173706
vt 0.8378906 0.1477051
vt 0.8261719 0.1242065
vt 0.855957 0.1346436
vt 0.965332 0.07904053
vt 0.953125 0.06427002
vt 0.9614258 0.0803833
vt 0.956543 0.06176758
vt 0.9682617 0.09820557
vt 0.9404297 0.05151367
vt 0.9643555 0.09820557
vt 0.9428711 0.04806519
vt 0.965332 0.1173706
vt 0.9243164 0.04330444
vt 0.9614258 0.1160889
vt 0.925293 0.03924561
vt 0.956543 0.1346436
vt 0.90625 0.04049683
vt 0.953125 0.1322021
vt 0.90625 0.03622437
vt 0.9428711 0.1484375
vt 0.8886719 0.04330444
vt 0.9404297 0.1448975
vt 0.887207 0.03927612
vt 0.925293 0.1572266
vt 0.8725586 0.05151367
vt 0.9243164 0.1530762
vt 0.8696289 0.04806519
vt 0.90625 0.1601563
vt 0.859375 0.06427002
vt 0.90625 0.1560059
vt 0.855957 0.0617981
vt 0.887207 0.1572266
vt 0.8515625 0.0803833
vt 0.8886719 0.1530762
vt 0.847168 0.07904053
vt 0.8696289 0.1483154
vt 0.8486328 0.09820557
vt 0.8725586 0.1448975
vt 0.8442383 0.09820557
vt 0.855957 0.1346436
vt 0.8515625 0.1160278
vt 0.859375 0.1320801
vt 0.847168 0.1173706
vt 0.9863281 0.07220459
vt 0.956543 0.06176758
vt 0.965332 0.07904053
vt 0.9746094 0.04870605
vt 0.9907227 0.09820557
vt 0.9428711 0.04806519
vt 0.9682617 0.09820557
vt 0.9560547 0.03007507
vt 0.9863281 0.1242676
vt 0.925293 0.03924561
vt 0.965332 0.1173706
vt 0.9321289 0.01812744
vt 0.9746094 0.1477051
vt 0.90625 0.03622437
vt 0.956543 0.1346436
vt 0.90625 0.01400757
vt 0.9560547 0.1663818
vt 0.887207 0.03927612
vt 0.9428711 0.1484375
vt 0.8803711 0.0181427
vt 0.9321289 0.1783447
vt 0.8696289 0.04806519
vt 0.925293 0.1572266
vt 0.8569336 0.03010559
vt 0.90625 0.182373
vt 0.855957 0.0617981
vt 0.90625 0.1601563
vt 0.8378906 0.04873657
vt 0.8803711 0.1783447
vt 0.847168 0.07904053
vt 0.887207 0.1572266
vt 0.8261719 0.07220459
vt 0.8569336 0.1663818
vt 0.8442383 0.09820557
vt 0.8696289 0.1483154
vt 0.8222656 0.09820557
vt 0.8378906 0.1477051
vt 0.847168 0.1173706
vt 0.855957 0.1346436
vt 0.8261719 0.1242065
vt 0.965332 0.07904053
vt 0.953125 0.06427002
vt 0.9614258 0.0803833
vt 0.956543 0.06176758
vt 0.9682617 0.09820557
vt 0.9404297 0.05151367
vt 0.9643555 0.09820557
vt 0.9428711 0.04806519
vt 0.965332 0.1173706
vt 0.9243164 0.04330444
vt 0.9614258 0.1160889
vt 0.925293 0.03924561
vt 0.956543 0.1346436
vt 0.90625 0.04049683
vt 0.953125 0.1322021
vt 0.90625 0.03622437
vt 0.9428711 0.1484375
vt 0.8886719 0.04330444
vt 0.9404297 0.1448975
vt 0.887207 0.03927612
vt 0.925293 0.1572266
vt 0.8725586 0.05151367
vt 0.9243164 0.1530762
vt 0.8696289 0.04806519
vt 0.90625 0.1601563
vt 0.859375 0.06427002
vt 0.90625 0.1560059
vt 0.855957 0.0617981
vt 0.887207 0.1572266
vt 0.8515625 0.0803833
vt 0.8886719 0.1530762
vt 0.847168 0.07904053
vt 0.8696289 0.1483154
vt 0.8486328 0.09820557
vt 0.8725586 0.1448975
vt 0.8442383 0.09820557
vt 0.855957 0.1346436
vt 0.8515625 0.1160278
vt 0.859375 0.1320801
vt 0.847168 0.1173706
vt 0.9863281 0.07220459
vt 0.956543 0.06176758
vt 0.965332 0.07904053
vt 0.9746094 0.04870605
vt 0.9907227 0.09820557
vt 0.9428711 0.04806519
vt 0.9682617 0.09820557
vt 0.9560547 0.03007507
vt 0.9863281 0.1242676
vt 0.925293 0.03924561
vt 0.965332 0.1173706
vt 0.9321289 0.01812744
vt 0.9746094 0.1477051
vt 0.90625 0.03622437
vt 0.956543 0.1346436
vt 0.90625 0.01400757
vt 0.9560547 0.1663818
vt 0.887207 0.03927612
vt 0.9428711 0.1484375
vt 0.8803711 0.0181427
vt 0.9321289 0.1783447
vt 0.8696289 0.04806519
vt 0.925293 0.1572266
vt 0.8569336 0.03010559
vt 0.90625 0.182373
vt 0.855957 0.0617981
vt 0.90625 0.1601563
vt 0.8378906 0.04873657
vt 0.8803711 0.1783447
vt 0.847168 0.07904053
vt 0.887207 0.1572266
vt 0.8261719 0.07220459
vt 0.8569336 0.1663818
vt 0.8442383 0.09820557
vt 0.8696289 0.1483154
vt 0.8222656 0.09820557
vt 0.8378906 0.1477051
vt 0.847168 0.1173706
vt 0.855957 0.1346436
vt 0.8261719 0.1242065
vt 0.965332 0.07904053
vt 0.953125 0.06427002
vt 0.9614258 0.0803833
vt 0.956543 0.06176758
vt 0.9682617 0.09820557
vt 0.9404297 0.05151367
vt 0.9643555 0.09820557
vt 0.9428711 0.04806519
vt 0.965332 0.1173706
vt 0.9243164 0.04330444
vt 0.9614258 0.1160889
vt 0.925293 0.03924561
vt 0.956543 0.1346436
vt 0.90625 0.04049683
vt 0.953125 0.1322021
vt 0.90625 0.03622437
vt 0.9428711 0.1484375
vt 0.8886719 0.04330444
vt 0.9404297 0.1448975
vt 0.887207 0.03927612
vt 0.925293 0.1572266
vt 0.8725586 0.05151367
vt 0.9243164 0.1530762
vt 0.8696289 0.04806519
vt 0.90625 0.1601563
vt 0.859375 0.06427002
vt 0.90625 0.1560059
vt 0.855957 0.0617981
vt 0.887207 0.1572266
vt 0.8515625 0.0803833
vt 0.8886719 0.1530762
vt 0.847168 0.07904053
vt 0.8696289 0.1483154
vt 0.8486328 0.09820557
vt 0.8725586 0.1448975
vt 0.8442383 0.09820557
vt 0.855957 0.1346436
vt 0.8515625 0.1160278
vt 0.859375 0.1320801
vt 0.847168 0.1173706
vt 0.9863281 0.07220459
vt 0.956543 0.06176758
vt 0.965332 0.07904053
vt 0.9746094 0.04870605
vt 0.9907227 0.09820557
vt 0.9428711 0.04806519
vt 0.9682617 0.09820557
vt 0.9560547 0.03007507
vt 0.9863281 0.1242676
vt 0.925293 0.03924561
vt 0.965332 0.1173706
vt 0.9321289 0.01812744
vt 0.9746094 0.1477051
vt 0.90625 0.03622437
vt 0.956543 0.1346436
vt 0.90625 0.01400757
vt 0.9560547 0.1663818
vt 0.887207 0.03927612
vt 0.9428711 0.1484375
vt 0.8803711 0.0181427
vt 0.9321289 0.1783447
vt 0.8696289 0.04806519
vt 0.925293 0.1572266
vt 0.8569336 0.03010559
vt 0.90625 0.182373
vt 0.855957 0.0617981
vt 0.90625 0.1601563
vt 0.8378906 0.04873657
vt 0.8803711 0.1783447
vt 0.847168 0.07904053
vt 0.887207 0.1572266
vt 0.8261719 0.07220459
vt 0.8569336 0.1663818
vt 0.8442383 0.09820557
vt 0.8696289 0.1483154
vt 0.8222656 0.09820557
vt 0.8378906 0.1477051
vt 0.847168 0.1173706
vt 0.855957 0.1346436
vt 0.8261719 0.1242065
vt 0.965332 0.07904053
vt 0.953125 0.06427002
vt 0.9614258 0.0803833
vt 0.956543 0.06176758
vt 0.9682617 0.09820557
vt 0.9404297 0.05151367
vt 0.9643555 0.09820557
vt 0.9428711 0.04806519
vt 0.965332 0.1173706
vt 0.9243164 0.04330444
vt 0.9614258 0.1160889
vt 0.925293 0.03924561
vt 0.956543 0.1346436
vt 0.90625 0.04049683
vt 0.953125 0.1322021
vt 0.90625 0.03622437
vt 0.9428711 0.1484375
vt 0.8886719 0.04330444
vt 0.9404297 0.1448975
vt 0.887207 0.03927612
vt 0.925293 0.1572266
vt 0.8725586 0.05151367
vt 0.9243164 0.1530762
vt 0.8696289 0.04806519
vt 0.90625 0.1601563
vt 0.859375 0.06427002
vt 0.90625 0.1560059
vt 0.855957 0.0617981
vt 0.887207 0.1572266
vt 0.8515625 0.0803833
vt 0.8886719 0.1530762
vt 0.847168 0.07904053
vt 0.8696289 0.1483154
vt 0.8486328 0.09820557
vt 0.8725586 0.1448975
vt 0.8442383 0.09820557
vt 0.855957 0.1346436
vt 0.8515625 0.1160278
vt 0.859375 0.1320801
vt 0.847168 0.1173706
vt 0.9863281 0.07220459
vt 0.956543 0.06176758
vt 0.965332 0.07904053
vt 0.9746094 0.04870605
vt 0.9907227 0.09820557
vt 0.9428711 0.04806519
vt 0.9682617 0.09820557
vt 0.9560547 0.03007507
vt 0.9863281 0.1242676
vt 0.925293 0.03924561
vt 0.965332 0.1173706
vt 0.9321289 0.01812744
vt 0.9746094 0.1477051
vt 0.90625 0.03622437
vt 0.956543 0.1346436
vt 0.90625 0.01400757
vt 0.9560547 0.1663818
vt 0.887207 0.03927612
vt 0.9428711 0.1484375
vt 0.8803711 0.0181427
vt 0.9321289 0.1783447
vt 0.8696289 0.04806519
vt 0.925293 0.1572266
vt 0.8569336 0.03010559
vt 0.90625 0.182373
vt 0.855957 0.0617981
vt 0.90625 0.1601563
vt 0.8378906 0.04873657
vt 0.8803711 0.1783447
vt 0.847168 0.07904053
vt 0.887207 0.1572266
vt 0.8261719 0.07220459
vt 0.8569336 0.1663818
vt 0.8442383 0.09820557
vt 0.8696289 0.1483154
vt 0.8222656 0.09820557
vt 0.8378906 0.1477051
vt 0.847168 0.1173706
vt 0.855957 0.1346436
vt 0.8261719 0.1242065
vt 0.8847656 0.2963867
vt 0.8598633 0.3154297
vt 0.887207 0.3239746
vt 0.859375 0.3093262
vt 0.855957 0.3198242
vt 0.8637695 0.2783203
vt 0.8691406 0.3452148
vt 0.8549805 0.3056641
vt 0.8500977 0.3203125
vt 0.8359375 0.2805176
vt 0.8413086 0.3476563
vt 0.8486328 0.3061523
vt 0.8457031 0.3166504
vt 0.8178711 0.302002
vt 0.8198242 0.3295898
vt 0.8452148 0.3105469
vt 0.8432617 0.2047119
vt 0.828125 0.2016602
vt 0.8388672 0.1945801
vt 0.8359375 0.2094727
vt 0.8515625 0.2249756
vt 0.8212891 0.2124023
vt 0.8515625 0.203125
vt 0.8515625 0.1920166
vt 0.831543 0.2166748
vt 0.8188477 0.2249756
vt 0.8598633 0.2047119
vt 0.8642578 0.1945801
vt 0.8295898 0.2249756
vt 0.8212891 0.2376709
vt 0.8671875 0.2094727
vt 0.875 0.2016602
vt 0.831543 0.2333984
vt 0.8720703 0.2166748
vt 0.8359375 0.2404785
vt 0.828125 0.2484131
vt 0.8823242 0.2124023
vt 0.8388672 0.2556152
vt 0.8735352 0.2249756
vt 0.8847656 0.2249756
vt 0.8432617 0.2452393
vt 0.8515625 0.2580566
vt 0.8720703 0.2333984
vt 0.8823242 0.2376709
vt 0.8515625 0.2469482
vt 0.8642578 0.2556152
vt 0.8671875 0.2404785
vt 0.875 0.2484131
vt 0.8598633 0.2452393
vt 0.8422852 0.2020264
vt 0.8291016 0.2020264
vt 0.8393555 0.1950684
vt 0.8344727 0.2073975
vt 0.8520508 0.2249756
vt 0.8217773 0.2125244
vt 0.8520508 0.2001953
vt 0.8520508 0.1925049
vt 0.8291016 0.2154541
vt 0.8193359 0.2249756
vt 0.8613281 0.2020264
vt 0.8642578 0.1950684
vt 0.8271484 0.2249756
vt 0.8217773 0.2374268
vt 0.8691406 0.2073975
vt 0.875 0.2020264
vt 0.8291016 0.2344971
vt 0.8745117 0.2154541
vt 0.8344727 0.2425537
vt 0.8291016 0.2479248
vt 0.8818359 0.2125244
vt 0.8393555 0.2548828
vt 0.8764648 0.2249756
vt 0.8842773 0.2249756
vt 0.8422852 0.2479248
vt 0.8520508 0.2573242
vt 0.8745117 0.2344971
vt 0.8818359 0.2374268
vt 0.8520508 0.2497559
vt 0.8642578 0.2548828
vt 0.8691406 0.2425537
vt 0.875 0.2479248
vt 0.8613281 0.2479248
vt 0.8432617 0.2050781
vt 0.828125 0.2017822
vt 0.8388672 0.1947021
vt 0.8364258 0.2097168
vt 0.8515625 0.2250977
vt 0.8212891 0.2125244
vt 0.8515625 0.2033691
vt 0.8515625 0.1921387
vt 0.831543 0.2167969
vt 0.8188477 0.2250977
vt 0.8598633 0.2050781
vt 0.8642578 0.1947021
vt 0.8300781 0.2250977
vt 0.8212891 0.2376709
vt 0.8671875 0.2097168
vt 0.875 0.2017822
vt 0.831543 0.2333984
vt 0.871582 0.2167969
vt 0.8364258 0.2403564
vt 0.828125 0.248291
vt 0.8823242 0.2125244
vt 0.8388672 0.2553711
vt 0.8735352 0.2250977
vt 0.8847656 0.2250977
vt 0.8432617 0.2451172
vt 0.8515625 0.2580566
vt 0.871582 0.2333984
vt 0.8823242 0.2376709
vt 0.8515625 0.2467041
vt 0.8642578 0.2553711
vt 0.8671875 0.2403564
vt 0.875 0.248291
vt 0.8598633 0.2451172
vt 0.828125 0.2016602
vt 0.8432617 0.2047119
vt 0.8388672 0.1945801
vt 0.8359375 0.2094727
vt 0.8515625 0.2249756
vt 0.8212891 0.2124023
vt 0.8515625 0.203125
vt 0.8515625 0.1920166
vt 0.831543 0.2166748
vt 0.8188477 0.2249756
vt 0.8598633 0.2047119
vt 0.8642578 0.1945801
vt 0.8295898 0.2249756
vt 0.8212891 0.2376709
vt 0.8671875 0.2094727
vt 0.875 0.2016602
vt 0.831543 0.2333984
vt 0.8720703 0.2166748
vt 0.8359375 0.2404785
vt 0.828125 0.2484131
vt 0.8823242 0.2124023
vt 0.8388672 0.2556152
vt 0.8735352 0.2249756
vt 0.8847656 0.2249756
vt 0.8432617 0.2452393
vt 0.8515625 0.2580566
vt 0.8720703 0.2333984
vt 0.8823242 0.2376709
vt 0.8515625 0.2469482
vt 0.8642578 0.2556152
vt 0.8671875 0.2404785
vt 0.875 0.2484131
vt 0.8598633 0.2452393
vt 0.8291016 0.2020264
vt 0.8422852 0.2020264
vt 0.8393555 0.1950684
vt 0.8344727 0.2073975
vt 0.8520508 0.2249756
vt 0.8217773 0.2125244
vt 0.8520508 0.2001953
vt 0.8520508 0.1925049
vt 0.8291016 0.2154541
vt 0.8193359 0.2249756
vt 0.8613281 0.2020264
vt 0.8642578 0.1950684
vt 0.8271484 0.2249756
vt 0.8217773 0.2374268
vt 0.8691406 0.2073975
vt 0.875 0.2020264
vt 0.8291016 0.2344971
vt 0.8745117 0.2154541
vt 0.8344727 0.2425537
vt 0.8291016 0.2479248
vt 0.8818359 0.2125244
vt 0.8393555 0.2548828
vt 0.8764648 0.2249756
vt 0.8842773 0.2249756
vt 0.8422852 0.2479248
vt 0.8520508 0.2573242
vt 0.8745117 0.2344971
vt 0.8818359 0.2374268
vt 0.8520508 0.2497559
vt 0.8642578 0.2548828
vt 0.8691406 0.2425537
vt 0.875 0.2479248
vt 0.8613281 0.2479248
vt 0.828125 0.2017822
vt 0.8432617 0.2050781
vt 0.8388672 0.1947021
vt 0.8364258 0.2097168
vt 0.8515625 0.2250977
vt 0.8212891 0.2125244
vt 0.8515625 0.2033691
vt 0.8515625 0.1921387
vt 0.831543 0.2167969
vt 0.8188477 0.2250977
vt 0.8598633 0.2050781
vt 0.8642578 0.1947021
vt 0.8300781 0.2250977
vt 0.8212891 0.2376709
vt 0.8671875 0.2097168
vt 0.875 0.2017822
vt 0.831543 0.2333984
vt 0.871582 0.2167969
vt 0.8364258 0.2403564
vt 0.828125 0.248291
vt 0.8823242 0.2125244
vt 0.8388672 0.2553711
vt 0.8735352 0.2250977
vt 0.8847656 0.2250977
vt 0.8432617 0.2451172
vt 0.8515625 0.2580566
vt 0.871582 0.2333984
vt 0.8823242 0.2376709
vt 0.8515625 0.2467041
vt 0.8642578 0.2553711
vt 0.8671875 0.2403564
vt 0.875 0.248291
vt 0.8598633 0.2451172
vn -2.52756E-06 -0.9718293 -0.2356856
vn 0.321145 -0.9414981 -0.102211
vn 0.3217393 -0.9178112 -0.2326079
vn -7.993888E-07 -0.9934262 -0.1144744
vn 0.344985 -0.9385596 0.00955269
vn 0.0005914673 -0.9942629 -0.1069626
vn -3.176359E-07 -0.9718292 -0.2356862
vn -0.0001868931 -0.9999889 0.004710345
vn 0.0009535605 -0.9999869 0.005027531
vn 0.01082258 -0.9999019 0.008892313
vn 0.007337306 -0.9999312 0.009146756
vn 0.005056269 -0.9999307 0.01063548
vn 0.350445 -0.9361039 0.02996143
vn 0.0008605548 -0.999826 0.01863821
vn -0.001778949 -0.999438 0.0334748
vn 0.3184008 -0.944967 0.07522195
vn -0.01589066 -0.9964345 0.08286111
vn 0.4442444 -0.8823631 0.1551843
vn 0.004646185 -0.9882309 0.1528985
vn 0.5265912 -0.7165712 0.457414
vn -0.0007035359 -0.9999998 -0.0003039913
vn -0.000896464 -0.9998254 0.01866451
vn -0.02736705 -0.999599 -0.007274133
vn 0.004859817 -0.9999093 -0.01256354
vn 0.05381595 -0.9985342 -0.005770511
vn -0.01137836 -0.9936736 -0.1117296
vn -0.0006213068 -0.9993205 0.03685277
vn -0.0009921187 -0.9974052 0.07198367
vn -0.001616103 -0.9963511 0.08533289
vn -0.0005099725 -0.9991512 0.04119118
vn -0.008114364 -0.9990224 -0.04345661
vn -0.01650325 -0.9905992 -0.1357969
vn 0.01975712 -0.9716395 -0.2356399
vn -0.0003403226 -0.9988092 -0.0487859
vn 7.254307E-06 -0.9936953 -0.1121144
vn -0.001442892 -0.9990314 0.04397741
vn -0.001050381 -0.9964705 0.08393811
vn -0.001589567 -0.9896264 0.1436557
vn -0.0002186973 -0.9899471 0.1414376
vn 0.0002247295 -0.8985378 0.4388961
vn -0.0023351 -0.9973081 0.07328697
vn -0.002335113 -0.9973081 0.07328705
vn -0.002434139 -0.9966723 0.08147594
vn -0.003916792 -0.9959036 0.09033737
vn -0.00428319 -0.9884486 0.1514961
vn -0.004210712 -0.9773324 0.2116688
vn -0.001082708 -0.9771219 0.2126773
vn -0.0004489377 -0.8995664 0.4367837
vn 0.03928986 -0.8848936 0.4641331
vn 0.6133047 -0.44131 0.6550594
vn 0.00200102 -0.9767304 0.2144615
vn 0.1033698 -0.5874321 0.8026445
vn 0.501809 -0.3007182 0.8110217
vn -0.0001577865 -0.6038247 0.7971171
vn 0.1083246 -0.3002006 0.9477053
vn 0.4311268 -0.1265953 0.8933663
vn 0.1131405 -0.1300787 0.9850273
vn 0.4227116 -0.02986062 0.9057722
vn 0.1146796 -0.03097118 0.9929196
vn 0.3955812 0 0.918431
vn -1.605634E-07 -0.131748 0.9912833
vn 0.0001322106 -0.3242564 0.9459692
vn 0.0002002148 -0.5990979 0.8006757
vn 0.0008015616 -0.5938779 0.8045548
vn 0.000934294 -0.8975767 0.4408573
vn 0 -0.321496 0.9469109
vn 0 -0.1317483 0.9912832
vn 0.0001329961 -0.3187132 0.9478512
vn 0 -0.1317483 0.9912832
vn 0.006458854 -0.5843659 0.8114646
vn -0.007597654 -0.3021403 0.9532332
vn -0.03736199 -0.1316973 0.9905856
vn 0 -0.03119873 0.9995131
vn 0 -0.03119907 0.9995131
vn 0.0103895 -0.8872133 0.4612424
vn 0.001627745 -0.9901603 0.1399284
vn -0.1968051 -0.5475194 0.8133205
vn -0.3502756 -0.269521 0.8970314
vn -0.4074097 -0.1262052 0.904483
vn -0.3886381 -0.0369469 0.9206493
vn -0.03713812 -0.03094694 0.9988309
vn -0.360803 0 0.932642
vn -0.03780043 0 0.9992854
vn 0 0 1
vn -0.03713812 0.03094694 0.9988309
vn -0.3886381 0.0369469 0.9206493
vn 0 0.03119873 0.9995131
vn -0.037362 0.1316974 0.9905856
vn -0.4074097 0.1262052 0.904483
vn -0.007597649 0.3021403 0.9532332
vn -0.3502755 0.2695209 0.8970315
vn -0.1968048 0.5475194 0.8133206
vn 0 0 1
vn 0 0.03119908 0.9995131
vn -1.416686E-07 -0.03119874 0.9995131
vn -1.495373E-07 0 1
vn -1.416923E-07 0.03119874 0.9995131
vn 0.1146392 0 0.9934071
vn 0.1146796 0.03097118 0.9929196
vn 0.4227116 0.02986061 0.9057722
vn -1.607599E-07 0.131748 0.9912833
vn 0.1131405 0.1300788 0.9850273
vn 0.4311268 0.1265953 0.8933662
vn 0.1083246 0.3002005 0.9477053
vn 0.501809 0.3007182 0.8110217
vn 0 0.1317483 0.9912832
vn 0.000132206 0.3242563 0.9459693
vn 0.1033699 0.587432 0.8026445
vn 0.6133047 0.44131 0.6550593
vn 0 0.1317483 0.9912832
vn 0 0.321496 0.946911
vn 0.0001329998 0.3187132 0.9478513
vn -0.0001578086 0.6038244 0.7971173
vn 0.0002002058 0.5990978 0.8006757
vn 0.03916649 0.8850431 0.4638585
vn 0.5265912 0.7165712 0.457414
vn 0.0008015616 0.5938777 0.8045549
vn 0.000224716 0.8985378 0.4388961
vn -0.0004034481 0.8995849 0.4367458
vn -0.001532587 0.9896224 0.1436849
vn 0.006458856 0.5843657 0.8114647
vn 0.000934294 0.8975767 0.4408573
vn 0.01039117 0.8872125 0.4612442
vn -0.0002186973 0.9899471 0.1414376
vn 0.001627753 0.9901603 0.1399285
vn 0.0001671507 0.9771085 0.212742
vn 0.001981596 0.9757797 0.2187469
vn -0.002558537 0.9884465 0.1515489
vn 0.003825044 0.988175 0.1532828
vn 0.4442444 0.8823631 0.1551843
vn -0.003719446 0.9959514 0.08981664
vn -0.01617141 0.9964252 0.08291627
vn 0.3184009 0.944967 0.07522201
vn -0.001919899 0.9994331 0.03361137
vn 0.3504451 0.9361039 0.02996106
vn -0.0001868931 0.9999889 0.00470981
vn 0.3449851 0.9385596 0.00955223
vn 0.0009535447 0.9999869 0.005027297
vn 0.0005915529 0.9942629 -0.1069625
vn -7.993888E-07 0.9934262 -0.1144744
vn 0.321145 0.9414981 -0.102211
vn -2.480203E-06 0.9718293 -0.2356856
vn 0.3217393 0.9178112 -0.2326079
vn 0 0.9718293 -0.2356857
vn 0.01082258 0.9999019 0.008892314
vn 0.007337306 0.9999312 0.009146756
vn 0.005056584 0.9999307 0.0106352
vn 0.0008606734 0.999826 0.01863869
vn -0.0007035091 0.9999998 -0.0003039292
vn -0.0008967706 0.9998254 0.0186638
vn -0.02736705 0.999599 -0.007274133
vn 0.004860903 0.9999093 -0.01256326
vn 0.05381177 0.9985344 -0.005770455
vn -0.01137852 0.9936736 -0.1117297
vn -0.0005090914 0.9993109 0.037116
vn -0.008114285 0.9990224 -0.04345659
vn -0.0005099528 0.9991511 0.04119131
vn -0.01650323 0.9905992 -0.1357971
vn 0.01975712 0.9716395 -0.2356399
vn -0.0003305413 0.9988089 -0.0487938
vn 7.254307E-06 0.9936953 -0.1121145
vn -0.001431533 0.9990312 0.04398553
vn 0.01772511 0.9993939 -0.02995827
vn 0.03268597 0.9888159 -0.1455153
vn 0.005816985 0.9997378 0.02214614
vn 0.0380083 0.9927401 -0.1141158
vn -1.35794E-07 0.9718292 -0.2356863
vn -0.001321625 0.9990588 0.04335815
vn 0.0005764443 0.9942443 -0.1071352
vn 0 0.9718292 -0.235686
vn 0.005744159 0.9999534 0.007762305
vn 0.005148573 0.9999554 0.007912804
vn 0.003856175 0.9999489 0.00934926
vn -0.006811601 0.9990633 0.04273393
vn -0.1020184 0.9880186 0.115808
vn -0.004394882 0.9929711 0.1182753
vn -0.05722641 0.9980258 0.02587963
vn -0.01833148 0.9998201 0.004879674
vn -0.2618721 0.9648574 0.0217553
vn -0.2967094 0.9544406 0.03172821
vn -0.432411 0.8999687 -0.05546974
vn -0.3665586 0.9302752 -0.01492723
vn -0.2716468 0.9571771 -0.1001008
vn -0.4186897 0.9029993 -0.0963913
vn -0.7835062 0.6094338 -0.1212784
vn -0.776587 0.6218858 -0.1008499
vn -0.6854485 0.7277159 -0.02429069
vn -0.2858558 0.9543234 -0.08691043
vn -0.3018372 0.9453179 0.1235656
vn -0.7356221 0.6768 0.02831575
vn -0.7478173 0.6585014 0.08452877
vn -0.1289006 0.9876752 0.08878206
vn -0.2373748 0.968952 0.06917454
vn -0.2485315 0.9645208 0.08906005
vn -0.7331473 0.662194 0.1549005
vn -0.7001657 0.6933839 0.1702552
vn -0.03251189 0.993619 0.1080005
vn -0.05089875 0.9956816 0.07763591
vn -0.02061358 0.9972118 0.07172059
vn -0.2115002 0.9733455 0.08869191
vn -0.686914 0.6942711 0.2147948
vn -0.04291078 0.9972543 0.0603535
vn -0.0006662448 0.9987622 0.04973358
vn -0.03511298 0.9975563 0.06040257
vn -0.1889626 0.9747753 0.11877
vn -0.6415899 0.7001461 0.3133013
vn -0.02203385 0.9971726 0.0718412
vn -0.001532631 0.9967366 0.08070794
vn -0.007310808 0.9954267 0.09524897
vn -0.001050351 0.9964705 0.08393814
vn -0.1348509 0.9684266 0.2096788
vn -0.5384662 0.637929 0.5505459
vn -0.01184673 0.9966109 0.08140268
vn -0.0002446171 0.9951682 0.09818494
vn 0.00798459 0.985023 0.1722378
vn -0.001592333 0.9963505 0.0853406
vn 0.008278741 0.9873101 0.1585881
vn 0.008909219 0.974066 0.2260887
vn -0.123315 0.8641213 0.4879423
vn -0.00222271 0.9966821 0.08136128
vn -0.0008052773 0.997368 0.07250033
vn -0.0004815724 0.9974347 0.07158159
vn 0.0005765127 -0.9942443 -0.1071353
vn -3.921008E-07 -0.9718291 -0.2356868
vn 0 -0.9718291 -0.2356865
vn 0.03800821 -0.9927401 -0.1141159
vn 0.03268582 -0.9888159 -0.1455154
vn 0.01772503 -0.9993939 -0.02995811
vn -0.001321672 -0.9990588 0.04335776
vn 0.005744797 -0.9999534 0.007762458
vn 0.005812352 -0.9997378 0.02214618
vn 0.005148664 -0.9999554 0.007913158
vn 0.003855942 -0.9999489 0.009349541
vn -0.006811459 -0.9990633 0.04273359
vn -0.1013099 -0.9886768 0.1107
vn -0.004394563 -0.992971 0.1182766
vn -0.05722642 -0.9980258 0.02587963
vn -0.01833318 -0.9998201 0.004879632
vn -0.0006662555 -0.9987622 0.04973331
vn -0.2618715 -0.9648575 0.02175541
vn -0.294249 -0.9550006 0.03730289
vn -0.4324109 -0.8999689 -0.0554697
vn -0.3665586 -0.9302751 -0.01492672
vn -0.2716468 -0.9571771 -0.1001008
vn -0.4186903 -0.9029989 -0.09639129
vn -0.7835065 -0.6094334 -0.1212785
vn -0.7765869 -0.6218858 -0.10085
vn -0.6854484 -0.727716 -0.02429068
vn -0.2858559 -0.9543234 -0.08691028
vn -0.3018376 -0.9453177 0.1235654
vn -0.7356221 -0.6768 0.02831576
vn -0.7478162 -0.6585029 0.08452665
vn -0.1396689 -0.983904 0.1114697
vn -0.04495498 -0.9871864 0.1531078
vn -0.02143758 -0.9972062 0.07155531
vn -0.05159416 -0.996367 0.0677553
vn -0.2315373 -0.9708853 0.06141929
vn -0.2485346 -0.9645197 0.08906437
vn -0.7331053 -0.6622722 0.1547652
vn -0.7000578 -0.6935769 0.1699116
vn -0.02203394 -0.9971726 0.0718412
vn -0.001532596 -0.9967366 0.08070794
vn -0.0429097 -0.997254 0.06035919
vn -0.2114996 -0.9733456 0.08869188
vn -0.6866439 -0.6944316 0.2151394
vn -0.03514251 -0.9975603 0.06032016
vn -0.00693125 -0.9955031 0.09447458
vn -0.1896692 -0.9747356 0.1179665
vn -0.6410908 -0.7005087 0.3135126
vn -0.01081955 -0.9967859 0.07937888
vn -0.135438 -0.9680676 0.210954
vn -0.5384666 -0.6379287 0.5505458
vn 0.009812168 -0.9847734 0.1735658
vn 0.005540819 -0.9863361 0.1646525
vn 0.008901516 -0.9740709 0.2260678
vn -0.1233154 -0.8641214 0.4879422
vn -0.5384666 -0.6379287 0.5505458
vn -0.3502756 -0.269521 0.8970314
vn -0.1968051 -0.5475194 0.8133205
vn -0.7900519 -0.2429295 0.5628527
vn -0.8048455 -0.0897544 0.5866582
vn -0.4074097 -0.1262052 0.904483
vn -0.3886381 -0.0369469 0.9206493
vn -0.7842442 0 0.6204522
vn -0.360803 0 0.932642
vn -0.3886381 0.0369469 0.9206493
vn -0.8048455 0.08975441 0.5866582
vn -0.4074097 0.1262052 0.904483
vn -0.3502755 0.2695209 0.8970315
vn -0.8554188 -0.3564163 0.3758007
vn -0.9093629 -0.218732 0.3538579
vn -0.9173589 -0.1052652 0.3838905
vn -0.8592509 -0.367348 0.3560104
vn -0.6410908 -0.7005087 0.3135126
vn -0.9029745 -0.3496569 0.2497541
vn -0.6866439 -0.6944316 0.2151394
vn -0.9271602 -0.2624404 0.2673929
vn -0.9116181 -0.3607945 0.1969258
vn -0.7000578 -0.6935769 0.1699116
vn -0.9512295 -0.117312 0.2853076
vn -0.9165581 0 0.3999013
vn -0.9431291 -0.2679223 0.196787
vn -0.9200855 -0.3497179 0.1764657
vn -0.7331053 -0.6622722 0.1547652
vn -0.9249967 -0.3418745 0.1658404
vn -0.7478162 -0.6585029 0.08452665
vn -0.9589866 -0.2442712 0.1437924
vn -0.9792914 -0.1871514 0.07721829
vn -0.9173589 0.1052652 0.3838904
vn -0.9818894 -0.1890036 0.01306873
vn -0.7356221 -0.6768 0.02831576
vn -0.989089 -0.1131722 0.09431322
vn -0.997818 -0.06046582 0.0265153
vn -0.9993173 -0.03618437 0.00745826
vn -1 0 7.094821E-05
vn -0.9742755 -0.1220723 0.1894356
vn -0.9571443 0 0.2896115
vn -0.9512295 0.1173119 0.2853077
vn -0.9820404 0 0.1886705
vn -0.9970018 0 0.07737788
vn -0.9742755 0.1220723 0.1894356
vn -0.989089 0.1131722 0.09431322
vn -0.9999969 0 -0.002505001
vn -0.997818 0.06046582 0.02651531
vn -0.9431244 0.267918 0.1968161
vn -0.9093628 0.2187322 0.3538581
vn -0.9590354 0.2441476 0.1436771
vn -0.92716 0.2624472 0.2673872
vn -0.7900519 0.2429294 0.5628527
vn -0.8554421 0.3564484 0.3757172
vn -0.5384662 0.637929 0.5505459
vn -0.1968048 0.5475194 0.8133206
vn -0.8596189 0.3668865 0.3555978
vn -0.6415899 0.7001461 0.3133013
vn -0.9030011 0.3499149 0.2492959
vn -0.686914 0.6942711 0.2147948
vn -0.7001657 0.6933839 0.1702552
vn -0.9114871 0.3609969 0.1971613
vn -0.9203147 0.3490965 0.1765005
vn -0.7331473 0.662194 0.1549005
vn -0.9249867 0.3418708 0.1659038
vn -0.7478173 0.6585014 0.08452877
vn -0.9792909 0.1871532 0.07722039
vn -0.9818894 0.1890037 0.01306874
vn -0.7356221 0.6768 0.02831575
vn -0.9993173 0.03618437 0.00745826
vn -0.678549 0.04064224 0.7334299
vn -0.7025366 0.01268017 0.7115346
vn -0.6667115 0.1269765 0.7344199
vn -0.6985472 0 0.7155639
vn -0.671786 0.3076409 0.6738402
vn -0.7025366 -0.01268017 0.7115346
vn -0.6712366 0.5073234 0.5404298
vn -0.5648435 0.7220317 0.3995272
vn -0.3018372 0.9453179 0.1235656
vn -0.678549 -0.04064224 0.7334299
vn -0.6667115 -0.1269765 0.7344199
vn -0.6717861 -0.3076409 0.6738403
vn -0.6712366 -0.5073234 0.5404298
vn -0.5648436 -0.7220317 0.3995273
vn -0.3018376 -0.9453177 0.1235654
vn -0.9823855 -0.1868476 0.002602872
vn -0.9811571 -0.193193 0.002655013
vn -0.9830481 -0.1833409 0.001567099
vn -0.9821425 -0.1881295 0.001833158
vn -0.9792627 -0.2025853 0.001949559
vn -0.9816169 -0.1908595 -0.0009763621
vn -0.9814292 -0.1918248 0.0002373545
vn -0.982098 -0.1883513 -0.002711671
vn -0.9903311 -0.1387224 -0.0006776962
vn -0.9907092 -0.1359967 0.000553845
vn -0.9984801 -0.05511267 0.0002319197
vn -0.9984912 -0.0549122 0.0002279516
vn -0.9998387 -0.0179586 3.882755E-05
vn -0.9998384 -0.01797633 3.879774E-05
vn -1 0 1.870124E-05
vn -1 0 0
vn -0.9998387 0.0179586 3.882755E-05
vn -0.9998384 0.01797633 3.879774E-05
vn -0.9984912 0.05491219 0.0002279516
vn -0.9984801 0.05511266 0.0002319196
vn -0.9907092 0.1359967 0.0005538451
vn -0.9903311 0.1387224 -0.0006776965
vn -0.9814292 0.1918248 0.0002373549
vn -0.982098 0.1883513 -0.002711671
vn -0.9816169 0.1908595 -0.0009763621
vn -0.9792627 0.2025852 0.001949559
vn -0.9821425 0.1881295 0.001833158
vn -0.9811571 0.1931929 0.002654978
vn -0.9823855 0.1868474 0.002602838
vn -0.9830483 0.1833398 0.001566778
vn -0.532364 -0.7625078 -0.3676556
vn -0.2858559 -0.9543234 -0.08691028
vn -0.6854484 -0.727716 -0.02429068
vn -0.617286 -0.5907161 -0.5196275
vn -0.7765869 -0.6218858 -0.10085
vn -0.6422939 -0.3295582 -0.6919899
vn -0.9799959 -0.1907209 -0.05686577
vn -0.7163693 -0.1022749 -0.6901847
vn -0.9669127 -0.2148119 -0.1376071
vn -0.7835065 -0.6094334 -0.1212785
vn -0.9977602 -0.05489241 -0.03822844
vn -0.724585 -0.03989907 -0.6880295
vn -0.9885303 -0.05472045 -0.1407601
vn -0.9990957 -0.01793303 -0.03855146
vn -0.7335994 -0.0131748 -0.6794544
vn -0.999257 0 -0.03853986
vn -0.9898419 -0.01775271 -0.1410598
vn -0.7298374 0 -0.6836209
vn -0.9899954 0 -0.1410995
vn -0.7335993 0.0131748 -0.6794546
vn -0.9898419 0.01775271 -0.1410598
vn -0.9990957 0.01793303 -0.03855146
vn -0.7245852 0.03989908 -0.6880295
vn -0.9885303 0.05472045 -0.1407601
vn -0.9977602 0.05489241 -0.03822844
vn -0.7163693 0.1022749 -0.6901847
vn -0.9669127 0.2148118 -0.137607
vn -0.9799959 0.1907209 -0.05686577
vn -0.6422939 0.3295582 -0.6919899
vn -0.776587 0.6218858 -0.1008499
vn -0.7835062 0.6094338 -0.1212784
vn -0.617286 0.5907161 -0.5196275
vn -0.6854485 0.7277159 -0.02429069
vn -0.532364 0.7625078 -0.3676556
vn -0.2858558 0.9543234 -0.08691043
vn -0.6985472 0 0.7155639
vn 0.01237187 0.0002227556 0.9999235
vn 0.01237307 0 0.9999235
vn -0.7025366 -0.01268017 0.7115346
vn 0.01236535 0.0006693773 0.9999233
vn -0.678549 -0.04064224 0.7334299
vn -0.6667115 -0.1269765 0.7344199
vn 0.01200969 0.001312718 0.999927
vn -0.6717861 -0.3076409 0.6738403
vn 0.01090116 -0.1098178 0.993892
vn -0.6712366 -0.5073234 0.5404298
vn 0.01225918 -0.4435925 0.8961447
vn -0.5648436 -0.7220317 0.3995273
vn 0.01211189 -0.7438971 0.6681844
vn -0.3018376 -0.9453177 0.1235654
vn 0.009743227 -0.9521342 0.305525
vn -0.2858559 -0.9543234 -0.08691028
vn 0.005790313 -0.973981 -0.2265557
vn -0.532364 -0.7625078 -0.3676556
vn 0.00135883 -0.7939571 -0.6079722
vn -0.617286 -0.5907161 -0.5196275
vn -0.004687619 -0.4795263 -0.877515
vn -0.6422939 -0.3295582 -0.6919899
vn -0.01066659 -0.135421 -0.9907307
vn -0.7163693 -0.1022749 -0.6901847
vn -0.01233764 -0.003014744 -0.9999194
vn -0.724585 -0.03989907 -0.6880295
vn -0.01236526 -0.0006690829 -0.9999233
vn -0.01237179 -0.0002222177 -0.9999235
vn -0.7335994 -0.0131748 -0.6794544
vn -0.7298374 0 -0.6836209
vn -0.01237307 0 -0.9999235
vn -0.01237179 0.0002222177 -0.9999235
vn -0.7335993 0.0131748 -0.6794546
vn -0.7245852 0.03989908 -0.6880295
vn -0.01236526 0.0006690829 -0.9999233
vn -0.01233764 0.003014746 -0.9999194
vn -0.7163693 0.1022749 -0.6901847
vn -0.01066659 0.135421 -0.9907307
vn -0.6422939 0.3295582 -0.6919899
vn -0.004687619 0.4795263 -0.877515
vn -0.617286 0.5907161 -0.5196275
vn 0.00135883 0.7939571 -0.6079722
vn -0.532364 0.7625078 -0.3676556
vn 0.005790305 0.9739808 -0.2265565
vn -0.2858558 0.9543234 -0.08691043
vn 0.009744004 0.9521341 0.3055253
vn -0.3018372 0.9453179 0.1235656
vn 0.01211219 0.7438968 0.6681847
vn -0.5648435 0.7220317 0.3995272
vn 0.01225918 0.4435925 0.8961447
vn -0.6712366 0.5073234 0.5404298
vn 0.01090116 0.1098178 0.993892
vn -0.671786 0.3076409 0.6738402
vn 0.01200969 -0.001312718 0.999927
vn -0.6667115 0.1269765 0.7344199
vn 0.01236535 -0.0006693774 0.9999233
vn -0.678549 0.04064224 0.7334299
vn -0.7025366 0.01268017 0.7115346
vn 0.01237187 -0.0002227555 0.9999235
vn -0.6985472 0 0.7155639
vn 0.01237307 0 0.9999235
vn 1 -8.884005E-07 -7.989453E-07
vn 0.9949473 -2.120914E-07 -0.1003991
vn 1 0 -2.929361E-06
vn 0.994495 -1.149901E-06 -0.1047841
vn 0.9461234 -5.06895E-07 -0.3238063
vn 0.9459737 0 -0.3242435
vn 0.8477456 0 -0.5304031
vn 0.8485326 0 -0.5291432
vn 0.6307667 -2.169024E-07 -0.7759725
vn 0.6277327 0 -0.778429
vn 0.2233912 0 -0.9747288
vn 0.2232582 -2.558938E-07 -0.9747593
vn -0.2233905 0 -0.9747291
vn -0.2232582 1.443388E-07 -0.9747593
vn -0.607108 3.203251E-07 -0.7946193
vn -0.6068684 2.116278E-07 -0.7948024
vn -0.8322293 2.48177E-07 -0.5544316
vn -0.8320566 0 -0.5546908
vn -0.9461235 0 -0.3238062
vn -0.9459729 0 -0.324246
vn -0.9940948 0 -0.1085156
vn -0.9949473 0 -0.1003985
vn -1 0 0
vn -1 0 0
vn -3.805555E-06 -1.056197E-05 -1
vn 1.039023E-05 -7.60463E-07 -1
vn -9.423964E-06 -1.335915E-05 -1
vn 4.077909E-06 -5.500574E-06 -1
vn 7.361101E-06 2.531313E-07 -1
vn 1.081318E-05 5.71162E-07 -1
vn 1.053508E-05 0 -1
vn 5.197117E-06 0 -1
vn 1.029399E-05 0 -1
vn 1.053508E-05 0 -1
vn 9.07214E-05 -1.102981E-05 -1
vn 7.3611E-06 -2.531313E-07 -1
vn 1.081318E-05 -5.71162E-07 -1
vn 1.039023E-05 7.604643E-07 -1
vn 4.077909E-06 5.500574E-06 -1
vn -3.80555E-06 1.056197E-05 -1
vn -9.423918E-06 1.335913E-05 -1
vn 9.072142E-05 1.102981E-05 -1
vn 6.657955E-05 0 -1
vn 6.634962E-05 0 -1
vn 6.284965E-05 -5.612449E-06 -1
vn 1.867203E-05 -4.016882E-06 -1
vn 0 0 -1
vn -2.031311E-07 0 -1
vn 0 -1.786307E-07 -1
vn 6.284966E-05 5.612446E-06 -1
vn 1.867203E-05 4.016881E-06 -1
vn 0 0 -1
vn -2.031311E-07 0 -1
vn 0 1.786307E-07 -1
vn -2.299161E-07 0 -1
vn 0 0 -1
vn 0 -1.793727E-07 -1
vn -1.386333E-07 -1.793176E-07 -1
vn 0 0 -1
vn 0 0 -1
vn 0 0 -1
vn 0 1.793728E-07 -1
vn -1.386334E-07 1.793176E-07 -1
vn 0 0 -1
vn -1.79932E-07 -1.14844E-07 -1
vn 0 0 -1
vn 0 0 -1
vn -1.79932E-07 1.148441E-07 -1
vn 0 0 -1
vn 0 0 -1
vn 1.159357E-06 0 -1
vn 1.159357E-06 0 -1
vn 8.694993E-07 0 -1
vn -2.297544E-06 0 -1
vn -2.370919E-06 1.848497E-07 -1
vn 0.001866925 0 -0.9999983
vn 1.287215E-06 3.215767E-07 -1
vn -1.970282E-06 3.15553E-07 -1
vn -2.370919E-06 -1.848497E-07 -1
vn 1.287215E-06 -3.215767E-07 -1
vn -1.970282E-06 -3.15553E-07 -1
vn 0.001722964 9.83452E-05 -0.9999986
vn 0.0008526108 9.783097E-05 -0.9999996
vn 0.001722964 -9.83452E-05 -0.9999986
vn 0.0008526108 -9.783097E-05 -0.9999996
vn 0.002890321 0.0001989379 -0.9999958
vn 0.001680198 0.0006613001 -0.9999985
vn 0.003583237 0.0003355844 -0.9999936
vn 0.003688244 3.290379E-05 -0.9999932
vn 0.003768181 0 -0.999993
vn 0.003688244 -3.290379E-05 -0.9999932
vn 0.003583237 -0.0003355845 -0.9999936
vn 0.002890321 -0.000198938 -0.9999958
vn 0.001680198 -0.0006613001 -0.9999985
vn -9.976532E-05 -0.9999958 -0.00291279
vn -0.0001019964 -0.9999988 -0.001527861
vn -9.971047E-05 -0.9999958 -0.002912992
vn -9.977687E-05 -0.9999989 -0.00151008
vn -0.0001071164 -1 0.0001009949
vn -0.000105097 -1 3.937826E-05
vn -0.0001101953 -1 -4.723684E-06
vn -8.934135E-05 -1 -0.0001211626
vn -9.313666E-05 -1 -8.552676E-05
vn 0 -0.9999998 -0.0006504974
vn 0 -1 4.99412E-05
vn 0 -1 4.994123E-05
vn 1 2.170199E-06 3.98673E-07
vn 0.9949471 1.801581E-06 -0.1004003
vn 1 2.34123E-06 0
vn 0.9940948 2.070707E-06 -0.1085155
vn 0.9461238 1.44922E-06 -0.3238053
vn 0.9459725 1.109233E-06 -0.3242466
vn 0.8477454 8.670677E-07 -0.5304033
vn 0.8485326 8.915692E-07 -0.5291432
vn 0.6307678 4.765636E-07 -0.7759717
vn 0.6277328 4.674436E-07 -0.778429
vn 0.223391 -1.668149E-07 -0.9747289
vn 0.2232595 -1.669756E-07 -0.9747591
vn -0.2233908 -8.069009E-07 -0.9747289
vn -0.2232572 -4.805025E-07 -0.9747595
vn -0.6071069 -6.274803E-07 -0.7946202
vn -0.6068676 -8.343416E-07 -0.794803
vn -0.8322297 -1.011991E-06 -0.554431
vn -0.8320572 -1.382653E-06 -0.5546899
vn -0.9461232 -1.388237E-06 -0.3238065
vn -0.9459724 -1.23605E-06 -0.3242471
vn -0.9940946 -1.188202E-06 -0.108518
vn -0.9949471 -1.228572E-06 -0.1004006
vn -1 -1.169101E-06 -2.156137E-07
vn -1 -1.2604E-06 0
vn -9.976512E-05 -0.9999958 -0.002912991
vn -0.0001019964 -0.9999988 -0.001527971
vn -9.971045E-05 -0.9999958 -0.002913194
vn -9.977671E-05 -0.9999989 -0.001510189
vn -0.0001071163 -1 0.0001009953
vn -0.000105097 -1 3.937808E-05
vn -0.0001101954 -1 -4.723528E-06
vn -8.934134E-05 -1 -0.0001211627
vn -9.313668E-05 -1 -8.552694E-05
vn 0 -0.9999998 -0.0006504972
vn 0 -1 4.994123E-05
vn 0 -1 4.994122E-05
vn -0.0002186973 -0.9899471 0.1414376
vn 0.000934294 -0.8975767 0.4408573
vn 0.0002247295 -0.8985378 0.4388961
vn 0.001627745 -0.9901603 0.1399284
vn -0.001050381 -0.9964705 0.08393811
vn -0.001532596 -0.9967366 0.08070794
vn -0.001442892 -0.9990314 0.04397741
vn -0.0006662555 -0.9987622 0.04973331
vn 0.005812352 -0.9997378 0.02214618
vn -0.0003403226 -0.9988092 -0.0487859
vn 0.01772503 -0.9993939 -0.02995811
vn 7.254307E-06 -0.9936953 -0.1121144
vn 0.03268582 -0.9888159 -0.1455154
vn -0.2135423 4.308055E-07 0.9769338
vn 4.851418E-07 0.3826837 0.9238794
vn 0 -4.255779E-07 1
vn -0.213545 0.3738566 0.9025684
vn 8.964234E-07 0.7071059 0.7071077
vn -0.4276486 0.3459253 0.8351362
vn -0.4276426 1.143987E-06 0.9039479
vn -0.4276493 0.6391856 0.6391853
vn -0.2135449 0.6907955 0.6907967
vn 1.171235E-06 0.9238794 0.3826835
vn -0.4276522 0.8351345 0.3459246
vn -0.213546 0.9025683 0.3738564
vn 1.267736E-06 1 -2.611499E-07
vn -0.4276502 0.9039443 -7.87059E-07
vn -0.213545 0.9769332 -4.765549E-07
vn 1.171235E-06 0.9238799 -0.3826824
vn -0.4276524 0.835135 -0.3459234
vn -0.2135463 0.9025688 -0.3738551
vn 8.964241E-07 0.7071065 -0.707107
vn -0.4276527 0.6391844 -0.6391842
vn -0.2135463 0.6907963 -0.6907955
vn 1.044033E-06 0.3826832 -0.9238796
vn -0.4276519 0.3459248 -0.8351347
vn -0.2135457 0.3738557 -0.9025686
vn 7.700135E-07 -5.223001E-07 -1
vn -0.4276502 -6.131739E-07 -0.9039443
vn -0.2135452 -2.783081E-07 -0.9769332
vn -0.2135452 -2.783081E-07 -0.9769332
vn 4.600025E-07 -0.3826835 -0.9238795
vn 7.700135E-07 -5.223001E-07 -1
vn -0.2135466 -0.3738561 -0.9025682
vn -5.130829E-07 -0.7071068 -0.7071068
vn -0.4276524 -0.3459246 -0.8351345
vn -0.4276502 -6.131739E-07 -0.9039443
vn -0.4276529 -0.6391843 -0.6391841
vn -0.2135475 -0.6907965 -0.6907949
vn -1.171235E-06 -0.9238798 -0.3826827
vn -0.4276549 -0.8351324 -0.3459267
vn -0.2135475 -0.9025676 -0.3738572
vn -4.521827E-07 -1 -6.432026E-07
vn -0.4276447 -0.9039469 4.164108E-07
vn -0.2135422 -0.9769338 -1.829969E-07
vn -7.19052E-07 -0.9238794 0.3826838
vn -0.4276452 -0.8351375 0.3459261
vn -0.2135437 -0.9025687 0.3738567
vn -3.833413E-07 -0.7071059 0.7071075
vn -0.4276451 -0.6391867 0.6391869
vn -0.2135426 -0.6907963 0.6907966
vn -2.290013E-07 -0.3826837 0.9238794
vn -0.4276398 -0.3459261 0.8351402
vn -0.2135404 -0.3738557 0.9025699
vn 0 -4.255779E-07 1
vn -0.4276426 1.143987E-06 0.9039479
vn -0.2135423 4.308055E-07 0.9769338
vn -0.2135404 1.550389E-07 0.9769343
vn -4.807944E-07 0.382683 0.9238797
vn -1.162362E-06 -2.031167E-07 1
vn -0.2135405 0.3738564 0.9025696
vn 2.73971E-07 0.7071066 0.7071068
vn -0.4276401 0.3459252 0.8351406
vn -0.4276389 1.738854E-07 0.9039496
vn -0.427639 0.6391883 0.6391894
vn -0.2135395 0.6907972 0.6907967
vn 9.870261E-07 0.9238794 0.3826836
vn -0.4276382 0.8351412 0.3459257
vn -0.2135391 0.9025699 0.3738565
vn 1.577305E-06 1 0
vn -0.4276402 0.903949 3.29467E-07
vn -0.2135396 0.9769345 -1.588515E-07
vn 2.024931E-06 0.9238798 -0.3826827
vn -0.427638 0.8351414 -0.3459259
vn -0.2135381 0.9025702 -0.3738562
vn 2.191771E-06 0.7071075 -0.7071061
vn -0.4276387 0.6391901 -0.6391879
vn -0.2135386 0.6907975 -0.6907967
vn 2.024931E-06 0.3826831 -0.9238796
vn -0.42764 0.3459259 -0.8351403
vn -0.2135394 0.3738566 -0.9025698
vn 1.549816E-06 -1.741E-07 -1
vn -0.427639 2.104928E-07 -0.9039495
vn -0.213539 1.436016E-07 -0.9769346
vn -0.213539 1.436016E-07 -0.9769346
vn 8.387544E-07 -0.3826835 -0.9238795
vn 1.549816E-06 -1.741E-07 -1
vn -0.213539 -0.3738564 -0.9025699
vn 0 -0.7071072 -0.7071064
vn -0.4276378 -0.3459275 -0.8351406
vn -0.427639 2.104928E-07 -0.9039495
vn -0.4276383 -0.63919 -0.6391882
vn -0.2135396 -0.6907968 -0.6907971
vn -8.387577E-07 -0.9238801 -0.3826818
vn -0.4276375 -0.8351418 -0.3459253
vn -0.2135397 -0.9025699 -0.3738561
vn -5.527943E-07 -1 -4.88447E-07
vn -0.4276427 -0.9039478 -1.478026E-06
vn -0.213542 -0.9769339 -1.123398E-06
vn -1.351353E-06 -0.9238797 0.3826831
vn -0.4276389 -0.835141 0.3459255
vn -0.21354 -0.9025695 0.3738569
vn -1.917799E-06 -0.7071064 0.7071071
vn -0.4276349 -0.6391897 0.6391909
vn -0.2135386 -0.6907965 0.6907976
vn -1.666971E-06 -0.3826833 0.9238795
vn -0.4276374 -0.3459267 0.8351412
vn -0.2135401 -0.3738561 0.9025698
vn -1.162362E-06 -2.031167E-07 1
vn -0.4276389 1.738854E-07 0.9039496
vn -0.2135404 1.550389E-07 0.9769343
vn -0.2188023 0 0.9757692
vn -1.714315E-06 0.382684 0.9238793
vn -2.000878E-06 3.482002E-07 1
vn -0.2188011 0.3734114 0.9014932
vn -1.163844E-06 0.7071057 0.7071078
vn -0.4378733 0.3440475 0.8306012
vn -0.4378753 -2.28481E-07 0.8990357
vn -0.4378752 0.6357169 0.6357117
vn -0.2188033 0.6899732 0.6899726
vn -1.315229E-06 0.9238794 0.3826836
vn -0.4378871 0.8305958 0.344043
vn -0.2188094 0.9014919 0.3734098
vn -3.873664E-07 1 4.159056E-07
vn -0.4378773 0.8990347 -2.284808E-06
vn -0.2188004 0.9757697 -8.925006E-07
vn 8.013055E-07 0.9238791 -0.3826844
vn -0.4378765 0.8306006 -0.3440449
vn -0.218801 0.9014931 -0.3734118
vn 1.273567E-06 0.7071061 -0.7071074
vn -0.4378693 0.6357151 -0.6357175
vn -0.2187974 0.6899729 -0.6899746
vn 1.863328E-06 0.3826857 -0.9238786
vn -0.4378723 0.3440506 -0.8306004
vn -0.2187982 0.373414 -0.9014928
vn 1.83962E-06 0 -1
vn -0.4378611 8.408163E-07 -0.8990427
vn -0.2187918 9.268747E-07 -0.9757716
vn -0.2187918 9.268747E-07 -0.9757716
vn 1.833833E-06 -0.3826834 -0.9238795
vn 1.83962E-06 0 -1
vn -0.2187998 -0.3734096 -0.9014943
vn 7.715722E-07 -0.7071052 -0.7071083
vn -0.4378697 -0.3440458 -0.8306038
vn -0.4378611 8.408163E-07 -0.8990427
vn -0.4378739 -0.6357142 -0.6357152
vn -0.218801 -0.6899729 -0.6899735
vn -9.690093E-07 -0.9238796 -0.3826832
vn -0.4378798 -0.8305987 -0.3440453
vn -0.2188042 -0.9014927 -0.3734108
vn -2.156039E-06 -1 2.282645E-06
vn -0.4378763 -0.8990353 7.996832E-07
vn -0.2188024 -0.9757692 1.634765E-06
vn -2.657377E-06 -0.9238796 0.3826832
vn -0.4378731 -0.8306018 0.3440463
vn -0.2188016 -0.9014934 0.3734106
vn -2.26813E-06 -0.7071061 0.7071075
vn -0.4378808 -0.6357142 0.6357106
vn -0.2188046 -0.6899733 0.6899719
vn -1.740057E-06 -0.3826824 0.92388
vn -0.4378727 -0.3440458 0.8306021
vn -0.2188004 -0.3734095 0.9014942
vn -2.000878E-06 3.482002E-07 1
vn -0.4378753 -2.28481E-07 0.8990357
vn -0.2188023 0 0.9757692
vn -1 0 0
vn -1 0 0
vn -1 0 0
vn -1 0 0
vn -1 0 0
vn -1 0 0
vn -1 0 0
vn -1 0 0
vn -1 0 0
vn -1 0 0
vn -0.5918258 -0.03189323 0.8054347
vn -0.2792249 -0.3938179 0.8757516
vn -0.6241634 -0.5536854 0.5512282
vn -0.310763 -0.03762452 0.9497425
vn -0.3103426 0 0.9506248
vn -0.5925133 0 0.8055607
vn -0.5918257 0.03189322 0.8054348
vn -0.310763 0.03762453 0.9497425
vn -0.1034805 0 0.9946315
vn -0.279225 0.3938179 0.8757517
vn -0.6241634 0.5536853 0.5512283
vn -0.09203478 -0.3821078 0.9195233
vn -0.1033321 -0.03950737 0.9938619
vn -0.1033321 0.03950736 0.9938619
vn -0.09203477 0.3821078 0.9195233
vn -0.1031429 0 0.9946666
vn -0.07044493 -0.8883828 0.4536667
vn -0.1158997 -0.8547724 0.5058965
vn -0.6241634 -0.5536854 0.5512282
vn -0.337763 -0.8668545 0.3667141
vn -0.5966431 -0.8019999 0.02851423
vn -0.3122382 -0.9493915 0.03410401
vn -0.00865533 -0.9951373 0.09811705
vn 0 -0.9993554 0.03589872
vn -0.06677262 -0.8653067 0.4967755
vn -0.08349811 -0.3712761 0.9247606
vn 0.3862687 -0.8939838 0.2271326
vn 0.4087153 -0.9073973 0.09788682
vn 0.1619353 -0.8804489 0.4456306
vn 0.8686173 -0.3658946 0.3341035
vn 0.9137938 -0.3752044 0.1555717
vn 0.4316963 -0.3852208 0.8156245
vn -0.1031338 -0.03943278 0.9938856
vn 0.4788695 -0.03453118 0.8772067
vn 0.8686173 -0.3658946 0.3341035
vn 0.4778522 0 0.8784403
vn 0.9376185 -0.01146019 0.347477
vn 0.9137938 -0.3752044 0.1555717
vn 0.9904693 -2.243716E-05 0.1377337
vn 0.9914147 0 0.1307548
vn 0.9389008 0 0.3441879
vn -0.1031338 0.03943277 0.9938856
vn 0.9376185 0.01146019 0.347477
vn 0.9904693 2.243715E-05 0.1377337
vn 0.9137938 0.3752044 0.1555715
vn 0.8686173 0.3658947 0.3341035
vn 0.4788696 0.03453118 0.8772067
vn 0.4316963 0.3852205 0.8156245
vn -0.08349814 0.371276 0.9247606
vn 0.1619355 0.8804487 0.4456309
vn -0.06677269 0.8653065 0.4967758
vn 0.3862688 0.8939838 0.2271325
vn 0.8686173 0.3658947 0.3341035
vn -0.070445 0.8883826 0.4536671
vn -0.008655404 0.9951373 0.0981172
vn 0.4087153 0.9073973 0.0978863
vn 0.9137938 0.3752044 0.1555715
vn 0 0.9993555 0.03589813
vn -0.3122379 0.9493915 0.03410399
vn -0.337763 0.8668547 0.3667141
vn -0.5966428 0.8020002 0.02851443
vn -0.6241634 0.5536853 0.5512283
vn -0.1158997 0.8547724 0.5058965
vn -0.003159608 -0.984926 0.172947
vn -0.0002668879 -0.9756242 0.219448
vn -0.003529598 -0.9875754 0.1571066
vn -6.52828E-07 -0.9687516 0.2480331
vn -4.608977E-07 -0.9472708 0.3204345
vn -1.369613E-06 -0.9472749 0.320422
vn -0.3096854 0 0.9508391
vn -0.3197705 -0.0185531 0.9473133
vn -0.4070982 -0.0438777 0.9123299
vn -0.2654994 0 0.9641111
vn -0.1282735 0 0.9917389
vn -0.3197705 0.01855311 0.9473134
vn -0.4070983 0.04387771 0.9123299
vn -0.1282735 0 0.9917389
vn -0.1250286 0 0.9921531
vn 0.3524275 0 0.9358392
vn 0.3524275 0 0.9358392
vn 0.3318433 0 0.9433345
vn 0.7226484 0 0.6912158
vn 0.7340242 0 0.6791233
vn 0.7340242 0 0.6791233
vn 0.8068139 0 0.5908056
vn 0.8068138 0 0.5908056
vn 0.8068138 0 0.5908056
vn -0.2389288 0 -0.9710371
vn -0.4640175 0 -0.8858261
vn -0.4640175 0 -0.8858261
vn -0.2389288 0 -0.9710371
vn 0.2389271 0 -0.9710376
vn 0.2389271 0 -0.9710376
vn 0.4640142 0 -0.8858277
vn 0.4640143 0 -0.8858277
vn -1 0 0
vn -1 0 0
vn -1 0 0
vn -1 0 0
vn -0.2389296 0 0.9710369
vn -0.464019 0 0.8858252
vn -0.464019 0 0.8858252
vn -0.2389296 0 0.9710369
vn 0.2389279 0 0.9710373
vn 0.2389279 0 0.9710373
vn 0.4640158 0 0.8858269
vn 0.4640158 0 0.8858269
vn 1 0 0
vn 1 0 0
vn 1 0 0
vn 1 0 0
vn 0 -1 0
vn 0 -1 0
vn 0 -1 0
vn 0 -1 0
vn 0 -1 0
vn 0 -1 0
vn 0 -1 0
vn 0 -1 0
vn -0.4999995 0 -0.8660257
vn -0.4999995 0 -0.8660257
vn -0.4999995 0 -0.8660257
vn -0.4999995 0 -0.8660257
vn -1 0 0
vn -1 0 0
vn -1 0 0
vn -1 0 0
vn -0.4999995 0 0.8660257
vn -0.4999995 0 0.8660257
vn -0.4999995 0 0.8660257
vn -0.4999995 0 0.8660257
vn 0.4999995 0 0.8660257
vn 0.4999995 0 0.8660257
vn 0.4999995 0 0.8660257
vn 0.4999995 0 0.8660257
vn 1 0 0
vn 1 0 0
vn 1 0 0
vn 1 0 0
vn 0.4999995 0 -0.8660257
vn 0.4999995 0 -0.8660257
vn 0.4999995 0 -0.8660257
vn 0.4999995 0 -0.8660257
vn 0 -1 0
vn 0 -1 0
vn 0 -1 0
vn 0 -1 0
vn 0 -1 0
vn 0 -1 0
vn 0 -1 0
vn 0 -1 0
vn 0 -1 0
vn 0 -1 0
vn 0 0 1
vn 0 0 1
vn 0 0 1
vn 0 0 1
vn 0 0 1
vn 0 0 1
vn 1 0 0
vn 1 0 0
vn 1 0 0
vn 1 0 0
vn 1 0 0
vn 1 0 0
vn 0 0 -1
vn 0 0 -1
vn 0 0 -1
vn 0 0 -1
vn 0 0 -1
vn 0 0 -1
vn 0.9949473 2.120914E-07 -0.100399
vn 1 8.884007E-07 -7.989451E-07
vn 1 0 -2.92936E-06
vn 0.994495 1.1499E-06 -0.1047841
vn 0.9461234 5.068949E-07 -0.3238063
vn 0.9459737 0 -0.3242435
vn 0.8477455 0 -0.5304031
vn 0.8485326 0 -0.5291432
vn 0.6307667 2.169024E-07 -0.7759725
vn 0.6277326 0 -0.7784291
vn 0.2233911 0 -0.9747288
vn 0.2232581 2.558938E-07 -0.9747593
vn -0.2233905 0 -0.9747291
vn -0.2232581 -1.443387E-07 -0.9747593
vn -0.607108 -3.20325E-07 -0.7946193
vn -0.6068683 -2.116277E-07 -0.7948024
vn -0.8322293 -2.481771E-07 -0.5544316
vn -0.8320566 0 -0.5546908
vn -0.9461235 0 -0.3238062
vn -0.9459729 0 -0.324246
vn -0.9940948 0 -0.1085156
vn -0.9949473 0 -0.1003985
vn -1 0 0
vn -1 0 0
vn -0.0001019875 0.9999988 -0.001527769
vn -9.972145E-05 0.9999958 -0.002912951
vn -9.977663E-05 0.9999958 -0.002912748
vn -9.971071E-05 0.9999989 -0.001510216
vn -0.0001070724 1 0.0001011778
vn -0.0001050273 1 3.940028E-05
vn -0.0001101495 1 -4.839666E-06
vn -8.934135E-05 1 -0.0001209523
vn -9.313666E-05 1 -8.584358E-05
vn 0 0.9999998 -0.0006508088
vn 0 1 5.0833E-05
vn 0 1 5.083303E-05
vn 0.9949471 -1.80158E-06 -0.1004003
vn 1 -2.170199E-06 3.986732E-07
vn 1 -2.34123E-06 0
vn 0.9940948 -2.070707E-06 -0.1085155
vn 0.9461238 -1.44922E-06 -0.3238053
vn 0.9459725 -1.109233E-06 -0.3242467
vn 0.8477454 -8.670677E-07 -0.5304033
vn 0.8485324 -8.915691E-07 -0.5291434
vn 0.6307678 -4.765635E-07 -0.7759717
vn 0.6277328 -4.674436E-07 -0.778429
vn 0.223391 1.66815E-07 -0.9747289
vn 0.2232595 1.669757E-07 -0.9747591
vn -0.2233908 8.069006E-07 -0.9747289
vn -0.2232572 4.805025E-07 -0.9747595
vn -0.6071069 6.274803E-07 -0.7946202
vn -0.6068674 8.343415E-07 -0.794803
vn -0.8322297 1.011991E-06 -0.554431
vn -0.8320572 1.382653E-06 -0.5546899
vn -0.9461232 1.388237E-06 -0.3238065
vn -0.9459724 1.23605E-06 -0.3242471
vn -0.9940946 1.188202E-06 -0.1085179
vn -0.9949471 1.228572E-06 -0.1004006
vn -1 1.169101E-06 -2.156132E-07
vn -1 1.2604E-06 0
vn -0.0001019875 0.9999988 -0.001527879
vn -9.972126E-05 0.9999958 -0.002913153
vn -9.977661E-05 0.9999958 -0.002912949
vn -9.971055E-05 0.9999989 -0.001510326
vn -0.0001070723 1 0.0001011781
vn -0.0001050273 1 3.940011E-05
vn -0.0001101495 1 -4.83951E-06
vn -8.934133E-05 1 -0.0001209524
vn -9.313668E-05 1 -8.584375E-05
vn 0 0.9999998 -0.0006508086
vn 0 1 5.083304E-05
vn 0 1 5.083304E-05
vn 2.42571E-07 -0.3826839 0.9238794
vn -0.2135423 -4.905336E-07 0.9769338
vn 0 1.354111E-07 1
vn -0.2135447 -0.3738564 0.9025686
vn 7.683527E-07 -0.7071059 0.7071077
vn -0.4276477 -0.3459259 0.8351364
vn -0.4276426 -1.143987E-06 0.9039479
vn -0.427649 -0.6391855 0.6391856
vn -0.2135448 -0.6907955 0.6907967
vn 7.772883E-07 -0.9238795 0.3826834
vn -0.4276502 -0.8351358 0.3459239
vn -0.2135454 -0.9025687 0.3738558
vn 6.338678E-07 -1 -2.611499E-07
vn -0.4276499 -0.9039444 -2.837074E-07
vn -0.2135452 -0.9769332 -2.821204E-07
vn 5.856177E-07 -0.9238799 -0.3826824
vn -0.4276504 -0.835136 -0.3459235
vn -0.2135455 -0.902569 -0.373855
vn 7.047531E-07 -0.7071064 -0.7071071
vn -0.4276524 -0.6391847 -0.6391839
vn -0.2135462 -0.6907963 -0.6907954
vn 1.044033E-06 -0.3826831 -0.9238796
vn -0.4276511 -0.345925 -0.8351349
vn -0.2135453 -0.3738555 -0.9025688
vn 8.149865E-07 1.063945E-07 -1
vn -0.4276501 5.216554E-07 -0.9039443
vn -0.2135452 1.728307E-07 -0.9769332
vn 5.049751E-07 0.3826834 -0.9238795
vn -0.2135452 1.728307E-07 -0.9769332
vn 8.149865E-07 1.063945E-07 -1
vn -0.2135465 0.3738559 -0.9025683
vn -5.130829E-07 0.7071068 -0.7071068
vn -0.4276523 0.3459238 -0.8351347
vn -0.4276501 5.216554E-07 -0.9039443
vn -0.4276498 0.6391856 -0.639185
vn -0.2135456 0.6907966 -0.6907954
vn -1.171235E-06 0.9238798 -0.3826827
vn -0.4276504 0.8351349 -0.345926
vn -0.2135455 0.9025681 -0.373857
vn -4.521828E-07 1 -6.432026E-07
vn -0.427644 0.9039472 -5.71993E-07
vn -0.2135419 0.9769339 -5.9474E-07
vn -7.19052E-07 0.9238794 0.3826838
vn -0.4276413 0.8351394 0.3459262
vn -0.2135413 0.9025692 0.3738571
vn -3.833413E-07 0.7071059 0.7071075
vn -0.4276415 0.6391879 0.6391882
vn -0.2135411 0.6907963 0.6907973
vn -2.290011E-07 0.3826835 0.9238794
vn -0.4276395 0.3459261 0.8351405
vn -0.2135404 0.3738557 0.9025699
vn 0 1.354111E-07 1
vn -0.4276426 -1.143987E-06 0.9039479
vn -0.2135423 -4.905336E-07 0.9769338
vn -4.807944E-07 -0.382683 0.9238797
vn -0.2135404 -1.092897E-07 0.9769343
vn -1.162362E-06 2.031167E-07 1
vn -0.21354 -0.3738567 0.9025696
vn -1.174043E-07 -0.7071068 0.7071068
vn -0.4276389 -0.3459266 0.8351406
vn -0.4276389 0 0.9039496
vn -0.4276388 -0.6391888 0.6391892
vn -0.2135398 -0.6907973 0.6907966
vn 7.52708E-07 -0.9238796 0.3826831
vn -0.4276408 -0.8351396 0.3459267
vn -0.2135401 -0.9025696 0.3738566
vn 1.577305E-06 -1 0
vn -0.4276379 -0.9039501 -8.69427E-07
vn -0.2135385 -0.9769347 -6.455718E-07
vn 2.024931E-06 -0.9238801 -0.3826821
vn -0.4276401 -0.8351405 -0.3459255
vn -0.2135395 -0.9025702 -0.3738557
vn 1.878146E-06 -0.7071074 -0.7071061
vn -0.427639 -0.6391903 -0.6391875
vn -0.2135387 -0.6907973 -0.6907969
vn 1.868365E-06 -0.3826832 -0.9238796
vn -0.4276391 -0.3459268 -0.8351404
vn -0.2135388 -0.3738568 -0.9025698
vn 1.549816E-06 1.741E-07 -1
vn -0.427639 -1.830373E-07 -0.9039496
vn -0.213539 -1.448725E-07 -0.9769346
vn 8.387544E-07 0.3826835 -0.9238795
vn -0.213539 -1.448725E-07 -0.9769346
vn 1.549816E-06 1.741E-07 -1
vn -0.213539 0.3738564 -0.9025699
vn 0 0.7071072 -0.7071064
vn -0.4276378 0.3459275 -0.8351406
vn -0.427639 -1.830373E-07 -0.9039496
vn -0.4276383 0.63919 -0.6391882
vn -0.2135396 0.6907968 -0.6907971
vn -8.387546E-07 0.9238796 -0.3826833
vn -0.4276375 0.8351412 -0.3459268
vn -0.2135395 0.9025697 -0.3738569
vn -1.549816E-06 1 0
vn -0.4276375 0.9039504 -2.265087E-07
vn -0.2135398 0.9769344 -3.659934E-07
vn -1.904149E-06 0.9238792 0.3826841
vn -0.4276381 0.8351412 0.3459261
vn -0.21354 0.9025695 0.3738569
vn -1.917799E-06 0.7071064 0.7071071
vn -0.4276349 0.6391897 0.6391909
vn -0.2135386 0.6907964 0.6907977
vn -1.666971E-06 0.3826833 0.9238795
vn -0.4276374 0.3459267 0.8351412
vn -0.2135401 0.3738561 0.9025699
vn -1.162362E-06 2.031167E-07 1
vn -0.4276389 0 0.9039496
vn -0.2135404 -1.092897E-07 0.9769343
vn -1.714316E-06 -0.3826833 0.9238795
vn -0.2188022 1.298646E-07 0.9757692
vn -2.000878E-06 -1.547557E-07 1
vn -0.2188013 -0.3734109 0.9014933
vn -1.163843E-06 -0.7071059 0.7071076
vn -0.4378733 -0.3440475 0.8306012
vn -0.4378752 4.478226E-07 0.8990357
vn -0.4378779 -0.6357153 0.6357114
vn -0.2188047 -0.6899728 0.6899725
vn -6.298678E-07 -0.9238793 0.3826841
vn -0.4378909 -0.8305935 0.3440434
vn -0.2188108 -0.9014913 0.37341
vn 0 -1 0
vn -0.4378778 -0.8990345 -3.153035E-06
vn -0.2188004 -0.9757697 -1.960701E-06
vn 8.013054E-07 -0.923879 -0.3826846
vn -0.4378765 -0.8306001 -0.3440458
vn -0.2188013 -0.9014928 -0.3734122
vn 1.273566E-06 -0.7071064 -0.7071071
vn -0.4378719 -0.6357144 -0.6357165
vn -0.2187988 -0.6899732 -0.689974
vn 1.863329E-06 -0.3826851 -0.9238788
vn -0.4378727 -0.3440501 -0.8306005
vn -0.2187982 -0.3734135 -0.901493
vn 1.839619E-06 1.547556E-07 -1
vn -0.4378611 -6.123335E-07 -0.8990426
vn -0.2187918 -7.180734E-07 -0.9757716
vn 1.833833E-06 0.3826831 -0.9238797
vn -0.2187918 -7.180734E-07 -0.9757716
vn 1.839619E-06 1.547556E-07 -1
vn -0.2187999 0.3734097 -0.9014942
vn 2.151012E-07 0.7071056 -0.7071079
vn -0.4378697 0.344046 -0.8306037
vn -0.4378611 -6.123335E-07 -0.8990426
vn -0.4378739 0.6357142 -0.6357152
vn -0.2188012 0.6899729 -0.6899734
vn -1.297404E-06 0.9238799 -0.3826826
vn -0.4378798 0.8305987 -0.3440453
vn -0.2188043 0.9014925 -0.3734112
vn -1.446124E-06 1 1.963462E-06
vn -0.4378799 0.8990334 0
vn -0.2188038 0.9757689 1.13568E-06
vn -2.270011E-06 0.9238799 0.3826826
vn -0.4378736 0.8306012 0.3440469
vn -0.2188018 0.9014931 0.3734114
vn -2.71563E-06 0.7071061 0.7071074
vn -0.4378808 0.6357142 0.6357106
vn -0.2188049 0.6899732 0.6899721
vn -1.95948E-06 0.3826822 0.92388
vn -0.4378727 0.3440461 0.8306021
vn -0.2188004 0.3734096 0.9014941
vn -2.000878E-06 -1.547557E-07 1
vn -0.4378752 4.478226E-07 0.8990357
vn -0.2188022 1.298646E-07 0.9757692
vn -0.0002668894 0.9756242 0.219448
vn -0.003159625 0.9849261 0.1729468
vn -0.003529617 0.9875754 0.1571063
vn -6.528281E-07 0.9687516 0.2480333
vn -4.608977E-07 0.9472705 0.320435
vn -1.369613E-06 0.9472748 0.3204225
vn -0.4640174 0 -0.8858261
vn -0.2389288 0 -0.9710371
vn -0.4640174 0 -0.8858261
vn -0.2389288 0 -0.9710371
vn 0.2389271 0 -0.9710376
vn 0.2389271 0 -0.9710376
vn 0.4640142 0 -0.8858277
vn 0.4640143 0 -0.8858277
vn -1 0 0
vn -1 0 0
vn -1 0 0
vn -1 0 0
vn -0.464019 0 0.8858253
vn -0.2389296 0 0.9710369
vn -0.464019 0 0.8858252
vn -0.2389297 0 0.9710369
vn 0.2389279 0 0.9710373
vn 0.2389279 0 0.9710373
vn 0.4640157 0 0.8858269
vn 0.4640157 0 0.8858269
vn 1 0 0
vn 1 0 0
vn 1 0 0
vn 1 0 0
vn 0 1 0
vn 0 1 0
vn 0 1 0
vn 0 1 0
vn 0 1 0
vn 0 1 0
vn 0 1 0
vn 0 1 0
vn -0.4999995 0 -0.8660257
vn -0.4999995 0 -0.8660257
vn -0.4999995 0 -0.8660257
vn -0.4999995 0 -0.8660257
vn -1 0 0
vn -1 0 0
vn -1 0 0
vn -1 0 0
vn -0.4999995 0 0.8660257
vn -0.4999995 0 0.8660257
vn -0.4999995 0 0.8660257
vn -0.4999995 0 0.8660257
vn 0.4999995 0 0.8660257
vn 0.4999995 0 0.8660257
vn 0.4999995 0 0.8660257
vn 0.4999995 0 0.8660257
vn 1 0 0
vn 1 0 0
vn 1 0 0
vn 1 0 0
vn 0.4999995 0 -0.8660257
vn 0.4999995 0 -0.8660257
vn 0.4999995 0 -0.8660257
vn 0.4999995 0 -0.8660257
vn 0 1 0
vn 0 1 0
vn 0 1 0
vn 0 1 0
vn 0 1 0
vn 0 1 0
vn 0 1 0
vn 0 1 0
vn 0 1 0
vn 0 1 0
vn -1 0 0
vn -1 0 0
vn -1 0 0
vn -1 0 0
vn 0 0 -1
vn 0 0 -1
vn 0 0 -1
vn 0 0 -1
vn 0 -1 0
vn 0 -1 0
vn 0 -1 0
vn 0 -1 0
vn 0 0 1
vn 0 0 1
vn 0 0 1
vn 0 0 1
vn 0 1 0
vn 0 1 0
vn 0 1 0
vn 0 1 0
vn 0.9832324 -0.01936246 -0.1813257
vn 0.9832329 -0.01936246 -0.1813231
vn 0.9832305 -0.01936051 -0.1813364
vn 0.9832336 -0.01936302 -0.1813198
vn 0.9832339 -0.01936308 -0.1813182
vn 0.9832343 -0.01936356 -0.1813158
vn 0.9832346 -0.01936373 -0.1813134
vn 0.9832333 -0.0193623 -0.1813214
vn -0.9832334 0.01937742 0.1813191
vn -0.9832349 0.01935213 0.1813139
vn -0.9832333 0.01937984 0.1813196
vn -0.983235 0.01934972 0.1813134
vn -0.1523122 0.459481 -0.8750303
vn -0.1790886 0.0846919 -0.9801808
vn -0.1790892 0.08469203 -0.9801807
vn -0.1523117 0.4594789 -0.8750317
vn -0.1023524 0.7643161 -0.6366671
vn -0.1023517 0.7643153 -0.636668
vn -0.1002561 -0.887977 -0.4488268
vn -0.03433544 -0.9962192 -0.07980261
vn -0.03433545 -0.9962192 -0.0798026
vn -0.1002561 -0.8879769 -0.448827
vn 0.1523112 -0.4594805 0.8750309
vn 0.1790885 -0.08468962 0.980181
vn 0.1790894 -0.08468951 0.9801809
vn 0.1523126 -0.4594795 0.8750311
vn 0.1023544 -0.7643178 0.6366646
vn 0.1023581 -0.7643155 0.6366668
vn 0.1002521 0.8879763 0.448829
vn 0.03433434 0.9962192 0.07980286
vn 0.03433433 0.9962192 0.07980285
vn 0.1002534 0.8879786 0.4488243
vn -0.1509139 -0.6445485 -0.7495213
vn -0.1002561 -0.8879769 -0.448827
vn -0.1002561 -0.887977 -0.4488268
vn -0.1509139 -0.6445485 -0.7495213
vn 0.1509099 0.6445504 0.7495205
vn 0.1002534 0.8879786 0.4488243
vn 0.1002521 0.8879763 0.448829
vn 0.1509132 0.6445538 0.749517
vn -0.1790858 0.08469281 -0.9801813
vn -0.1790859 0.08469274 -0.9801813
vn -0.1790861 0.08469302 -0.9801813
vn -0.1790871 0.08469334 -0.980181
vn -0.1790878 0.08469356 -0.9801809
vn -0.1790937 0.08469692 -0.9801795
vn -0.2295388 -0.9723895 -0.04207864
vn -0.4155192 -0.9095805 -0.002671403
vn -0.229537 -0.97239 -0.04207849
vn -0.4155179 -0.9095811 -0.002671668
vn -0.5848432 -0.8103092 0.03684267
vn -0.5848398 -0.8103117 0.03684237
vn 0.1790889 -0.08468883 0.980181
vn 0.179087 -0.08468796 0.9801815
vn 0.1790852 -0.08469186 0.9801815
vn 0.1790916 -0.08468466 0.9801809
vn 0.1790868 -0.08468435 0.9801819
vn 0.1790941 -0.08468063 0.9801808
vn -0.1622421 0.9801056 0.1143263
vn -0.3523025 0.9247004 0.1442644
vn -0.1622439 0.9801052 0.1143271
vn -0.3523015 0.9247008 0.144264
vn -0.5282386 0.8322254 0.1684186
vn -0.5282378 0.832226 0.1684184
vn -0.01049141 -0.9905741 -0.1365762
vn -0.1996432 -0.8862054 -0.4180702
vn -0.01756531 -0.9912088 -0.1311354
vn -0.1896366 -0.8959756 -0.4015789
vn -0.5061363 -0.6368433 -0.5815985
vn -0.5078269 -0.6443553 -0.5717676
vn -0.4643307 -0.7369208 -0.4912685
vn -0.4793157 -0.7249749 -0.4946391
vn -0.1960286 -0.938375 -0.2846491
vn -0.2170206 -0.9282021 -0.30223
vn -0.05416274 -0.9849494 -0.1641377
vn -0.05132986 -0.984832 -0.165744
vn -0.909555 -0.03953141 0.4136992
vn -0.7434694 -0.2018681 0.6375756
vn -0.9088691 -0.03488703 0.4156201
vn -0.7477092 -0.2019192 0.6325816
vn -0.4334312 -0.3948763 0.810068
vn -0.4302682 -0.3921703 0.8130632
vn -0.5195755 -0.3183424 0.7929057
vn -0.4776244 -0.3383231 0.8108096
vn -0.8387016 -0.06849067 0.5402672
vn -0.8100075 -0.09443453 0.5787659
vn -0.9389071 0.009710754 0.3440336
vn -0.939495 0.004799991 0.342529
vn 0.02787857 0.9881002 0.1512636
vn 0.2571578 0.8966865 0.3603098
vn 0.02251645 0.988094 0.1521941
vn 0.2639962 0.8938504 0.3624053
vn 0.5306469 0.6463982 0.5482547
vn 0.5293882 0.6441049 0.5521565
vn 0.4604287 0.6997274 0.5462481
vn 0.4279588 0.7296199 0.5333911
vn 0.1630223 0.9242933 0.3451168
vn 0.1245638 0.9409416 0.3148218
vn 0.01414775 0.9853416 0.1700056
vn 0.0175497 0.985414 0.1692665
vn 0.915819 0.0275266 -0.4006469
vn 0.7499715 0.116679 -0.6510981
vn 0.9152417 0.03703345 -0.4011998
vn 0.7425882 0.1231328 -0.6583319
vn 0.4146485 0.3654983 -0.8333532
vn 0.4165455 0.3766546 -0.8274183
vn 0.5058137 0.3726622 -0.7779945
vn 0.5320512 0.3618453 -0.7654995
vn 0.820451 0.1470433 -0.5524837
vn 0.8310416 0.1354543 -0.5394645
vn 0.9376662 0.02596335 -0.346566
vn 0.9376634 0.02609052 -0.3465641
vn 0.7943121 0.5934175 -0.1300928
vn 0.7943119 0.5934177 -0.1300919
vn 0.794312 0.5934174 -0.130093
vn 0.794312 0.5934176 -0.1300926
vn 0.7943122 0.5934171 -0.1300932
vn 0.7943121 0.5934171 -0.1300943
vn 0.7943121 0.593417 -0.1300944
vn 0.7943115 0.593417 -0.1300981
vn -0.7943107 -0.5934188 0.1300942
vn -0.7943162 -0.5934117 0.130093
vn -0.7943167 -0.5934111 0.1300929
vn -0.7943103 -0.5934196 0.1300944
vn -0.09812304 -0.08601111 -0.9914504
vn -0.3200841 0.2267909 -0.9198436
vn -0.09812302 -0.08601108 -0.9914504
vn -0.3200831 0.2267915 -0.9198437
vn -0.4933144 0.5050679 -0.7082001
vn -0.4933137 0.5050705 -0.7081988
vn -0.5995343 0.8002855 -0.01009088
vn -0.5163496 0.7722834 0.3700829
vn -0.5995345 0.8002853 -0.01009088
vn -0.516345 0.7722843 0.3700877
vn 0.09812817 0.08601306 0.9914498
vn 0.09811792 0.0860078 0.9914512
vn 0.09812954 0.08601376 0.9914495
vn 0.09811652 0.08600709 0.9914514
vn 0.5914481 -0.7064532 0.3887327
vn 0.5163456 -0.7722851 -0.370085
vn 0.5914468 -0.7064539 0.3887333
vn 0.5163459 -0.7722844 -0.3700859
vn 0.3545523 -0.626709 -0.6939225
vn 0.5163459 -0.7722844 -0.3700859
vn 0.3545527 -0.6267073 -0.693924
vn 0.5163456 -0.7722851 -0.370085
vn -0.516345 0.7722843 0.3700877
vn -0.354553 0.6267104 0.6939209
vn -0.5163496 0.7722834 0.3700829
vn -0.3545447 0.6267105 0.6939251
vn 0.4933174 -0.5050711 0.7081956
vn 0.5914468 -0.7064539 0.3887333
vn 0.4933138 -0.5050707 0.7081985
vn 0.5914481 -0.7064532 0.3887327
vn -0.09811877 -0.08600723 -0.9914512
vn -0.09811915 -0.08600925 -0.991451
vn -0.09812082 -0.08601696 -0.9914501
vn -0.0981201 -0.08600672 -0.9914511
vn -0.09812094 -0.08600832 -0.9914508
vn -0.09813273 -0.08603331 -0.9914476
vn -0.8620895 0.5050536 0.04150463
vn -0.7457636 0.6660178 0.01602799
vn -0.7457638 0.6660177 0.01602798
vn -0.8620849 0.5050615 0.04150473
vn -0.9438533 0.3238435 0.06531736
vn -0.9438472 0.3238613 0.06531759
vn 0.09812324 0.08601069 0.9914505
vn 0.09812269 0.08600999 0.9914506
vn 0.098124 0.0860099 0.9914505
vn 0.09812249 0.0860108 0.9914505
vn 0.09812421 0.08601204 0.9914503
vn 0.0981255 0.08601223 0.99145
vn 0.2417969 -0.9684647 0.06008583
vn 0.4292626 -0.9024696 0.03580764
vn 0.4292639 -0.902469 0.03580701
vn 0.2417957 -0.968465 0.06008625
vn 0.0446364 -0.9956359 0.08195581
vn 0.04463604 -0.9956359 0.0819559
vn 0.1413934 0.9415287 -0.3058294
vn 0.02721728 0.9935203 -0.110348
vn 0.001111835 0.9955167 -0.09457956
vn 0.1122837 0.9474456 -0.2995653
vn 0.02245811 0.8726743 -0.487786
vn 0.1108088 0.85342 -0.5093091
vn -0.3425994 0.7633182 -0.547696
vn -0.2819451 0.8033559 -0.5245249
vn -0.4293066 0.7658262 -0.4787547
vn -0.4275197 0.770788 -0.4723482
vn -0.1631125 0.9552352 -0.2468197
vn -0.205307 0.934895 -0.2895174
vn -0.01995832 0.9955616 -0.09197123
vn -0.01972631 0.9955604 -0.09203415
vn -0.9505805 0.07193759 0.3020294
vn -0.9474283 0.02457668 0.319023
vn -0.9464551 0.01457208 0.3225061
vn -0.9508749 0.0799354 0.2990773
vn -0.1065548 -0.9600451 0.2587652
vn -0.02312468 -0.9906607 0.1343744
vn 0.01174128 -0.9912794 0.1312524
vn -0.1388941 -0.9689702 0.2044628
vn -0.002109202 -0.9088228 0.417177
vn 0.01666609 -0.8935461 0.448662
vn 0.2831106 -0.8185783 0.4997779
vn 0.3454281 -0.782081 0.5186798
vn 0.4106537 -0.7468854 0.5229967
vn 0.3983336 -0.7573798 0.5174034
vn 0.1482506 -0.931888 0.3310688
vn 0.07813376 -0.959327 0.2712686
vn -0.01840831 -0.9949135 0.09903707
vn -0.01432883 -0.9950249 0.09859121
vn 0.9494736 -0.02707019 -0.3126771
vn 0.9498199 -0.01936803 -0.3121972
vn 0.9498828 -0.01781667 -0.3120982
vn 0.9493605 -0.02934668 -0.3128155
vn -0.8873873 0.01380791 0.4608178
vn -0.982577 -0.04032097 0.1814291
vn -0.982985 -0.03443216 0.1804301
vn -0.8476753 0.05711973 0.5274314
vn -0.5757093 0.2761642 0.7696052
vn -0.5617807 0.2836841 0.7771266
vn -0.2848578 0.5107129 0.8111894
vn -0.2146443 0.5572982 0.8020889
vn -0.2057905 0.5600255 0.8025097
vn -0.2620642 0.5423617 0.7982269
vn -0.47389 0.4947279 0.7284728
vn -0.457039 0.5128936 0.7266743
vn 0.8617148 -0.1145254 -0.4942989
vn 0.9831919 0.004928487 -0.1825085
vn 0.9832056 0.001272255 -0.1824971
vn 0.8841159 -0.08795545 -0.4589149
vn 0.5790095 -0.315042 -0.7519951
vn 0.5886542 -0.3187309 -0.7428977
vn 0.2037328 -0.5402626 -0.8164614
vn 0.2791814 -0.4772584 -0.833236
vn 0.2367297 -0.4828989 -0.8430704
vn 0.2225065 -0.4802086 -0.8484637
vn 0.4761042 -0.4319868 -0.7659714
vn 0.4777995 -0.4348586 -0.7632861
vn 0.5553839 0.6539685 -0.5136865
vn 0.5553893 0.6539646 -0.5136855
vn 0.5553705 0.653978 -0.5136888
vn 0.5553896 0.6539646 -0.5136855
vn 0.5553814 0.653971 -0.5136861
vn 0.5553776 0.6539736 -0.5136869
vn 0.5553544 0.6539919 -0.5136886
vn 0.5553669 0.653983 -0.5136864
vn -0.5553882 -0.6539675 0.5136833
vn -0.5553911 -0.6539764 0.5136687
vn -0.5553914 -0.6539773 0.5136672
vn -0.5553879 -0.6539667 0.5136847
vn -0.7848008 0.6164727 -0.06363216
vn -0.8303119 0.4017602 -0.3862264
vn -0.7848021 0.6164712 -0.06363139
vn -0.8303068 0.4017679 -0.3862293
vn -0.7494215 0.1258884 -0.650015
vn -0.7494195 0.125912 -0.6500127
vn -0.04619706 0.6410235 0.7661297
vn 0.2750641 0.4384831 0.8556122
vn -0.04619934 0.641022 0.7661309
vn 0.2750642 0.4384833 0.855612
vn 0.7847769 -0.6165011 0.06365255
vn 0.8302999 -0.4017753 0.3862366
vn 0.7847769 -0.6165011 0.06365254
vn 0.8303041 -0.4017737 0.3862292
vn 0.7494266 -0.1258815 0.6500104
vn 0.7494398 -0.1258845 0.6499947
vn 0.04620372 -0.6410201 -0.7661321
vn -0.2750606 -0.4384788 -0.8556156
vn 0.04619738 -0.6410193 -0.7661332
vn -0.2750608 -0.4384792 -0.8556154
vn -0.3604274 0.7459758 0.560011
vn -0.04619934 0.641022 0.7661309
vn -0.3604342 0.7459733 0.5600098
vn -0.04619706 0.6410235 0.7661297
vn 0.3604223 -0.7459785 -0.5600105
vn 0.04619738 -0.6410193 -0.7661332
vn 0.3604239 -0.7459825 -0.5600043
vn 0.04620372 -0.6410201 -0.7661321
vn -0.7847878 0.616487 -0.06365539
vn -0.7847875 0.6164873 -0.06365431
vn -0.7847838 0.6164923 -0.06365324
vn -0.7847864 0.6164885 -0.06365664
vn -0.7847838 0.6164917 -0.06365819
vn -0.7847646 0.6165159 -0.06365991
vn 0.03636636 0.1483239 0.9882699
vn 0.1588989 0.2994036 0.940802
vn 0.1588978 0.2994029 0.9408026
vn 0.03637657 0.1483339 0.9882681
vn -0.08762057 -0.008698789 0.9961159
vn -0.08760396 -0.008682238 0.9961176
vn 0.784788 -0.6164883 0.06363759
vn 0.7847794 -0.6164986 0.06364434
vn 0.7847809 -0.6164974 0.06363871
vn 0.7847857 -0.6164907 0.06364491
vn 0.7848018 -0.6164717 0.06363051
vn 0.7847965 -0.616477 0.06364276
vn -0.4700831 -0.6590149 -0.5871295
vn -0.3802026 -0.5599814 -0.736116
vn -0.3802003 -0.5599751 -0.736122
vn -0.4700895 -0.6590268 -0.5871112
vn -0.5411217 -0.7316366 -0.4146025
vn -0.5411288 -0.7316495 -0.4145706
vn -0.1611391 0.8435188 0.5123575
vn 0.2177684 0.7827838 0.5829463
vn 0.2177685 0.7827824 0.5829482
vn -0.1611395 0.8435189 0.5123574
vn -0.7914074 0.5900266 0.159822
vn -0.7914092 0.5900247 0.1598201
vn -0.9468169 0.3144014 -0.06848092
vn -0.9468164 0.3144021 -0.06848323
vn -0.5635259 -0.6028805 -0.5647775
vn -0.8234857 -0.3311944 -0.4606317
vn -0.8234859 -0.3311946 -0.4606313
vn -0.5635206 -0.6028842 -0.564779
vn 0.1611379 -0.8435168 -0.5123612
vn 0.1611379 -0.843517 -0.5123608
vn 0.5155114 -0.7758324 -0.3637746
vn 0.5155107 -0.7758332 -0.3637738
vn 0.9580812 0.009088766 0.2863528
vn 0.9468145 -0.3144066 0.06848983
vn 0.9468136 -0.3144085 0.06849144
vn 0.9580809 0.00909137 0.2863532
vn 0.8234868 0.3311938 0.4606302
vn 0.8234868 0.3311932 0.4606307
vn -0.2368857 -0.5370301 0.8096195
vn -0.2368845 -0.5370268 0.8096222
vn -0.2368887 -0.537021 0.8096247
vn -0.2368863 -0.5370283 0.8096206
vn -0.2369033 -0.5370513 0.8096004
vn -0.236885 -0.537025 0.8096231
vn -0.2368943 -0.5370378 0.8096119
vn -0.2368909 -0.5370166 0.8096269
vn -0.9580824 -0.009087494 -0.2863488
vn -0.6101485 -0.7465556 -0.2652799
vn -0.5635357 -0.6028812 -0.5647669
vn -0.9825148 -0.1861674 -0.002514015
vn -0.5779767 -0.8073816 0.1186503
vn -0.7914047 0.5900328 0.1598118
vn -0.8720906 -0.3647353 0.3262301
vn -0.825222 0.37925 0.4185426
vn -0.1611365 0.8435212 0.5123542
vn -0.7478519 0.08186232 0.6587989
vn -0.2304129 0.6184674 0.7512709
vn 0.5635248 0.602882 0.564777
vn -0.2780235 0.2707998 0.921613
vn 0.4534857 0.3913757 0.8007345
vn 0.9580792 0.009091344 0.2863593
vn 0.2621619 0.09145289 0.9606808
vn 0.8258433 -0.1690121 0.5379755
vn 0.791399 -0.5900447 -0.1597963
vn 0.5562869 -0.3512052 0.7531268
vn 0.6685359 -0.7344318 0.1169174
vn 0.1611414 -0.843513 -0.5123665
vn 0.4320316 -0.7978055 0.4205414
vn 0.07374832 -0.9736467 -0.2158084
vn -0.5635357 -0.6028812 -0.5647669
vn -0.03777241 -0.9867576 0.1577421
vn -0.6101485 -0.7465556 -0.2652799
vn -0.5779767 -0.8073816 0.1186503
vn 0.6634263 0.3830286 0.642771
vn 0.6634133 0.3830226 0.6427882
vn 0.6634268 0.3830289 0.6427703
vn 0.6634127 0.3830222 0.6427888
vn -0.6634133 -0.3830214 -0.6427887
vn -0.6634133 -0.3830214 -0.6427887
vn -0.6634133 -0.3830214 -0.6427888
vn -0.6634133 -0.3830214 -0.6427888
vn 0.5566667 0.3213914 -0.7660481
vn 0.5566595 0.3213881 -0.7660548
vn 0.556659 0.3213879 -0.7660552
vn 0.5566671 0.3213916 -0.7660477
vn -0.5566593 -0.3213871 0.7660553
vn -0.5566575 -0.3213857 0.7660573
vn -0.5566574 -0.3213857 0.7660574
vn -0.5566595 -0.3213872 0.7660552
vn -0.995721 0.09231648 0.004160656
vn -0.9909872 0.1333631 0.01258924
vn -0.9906691 0.135431 0.01526546
vn -0.9962599 0.0862207 0.005682106
vn -0.9987534 0.04634969 0.01853204
vn -0.9989371 0.04335552 0.01565241
vn -0.9976908 0.05440553 0.04065876
vn -0.9966093 0.06579387 0.04940734
vn -0.1626502 -0.4804194 -0.8618249
vn -0.214729 -0.4773713 -0.8520612
vn -0.1602933 -0.48068 -0.8621211
vn -0.2179714 -0.4774591 -0.8511882
vn -0.300459 -0.7263128 -0.6182185
vn -0.2947721 -0.7617666 -0.5769065
vn -0.1421101 -0.9429598 -0.3010506
vn -0.1332726 -0.9438396 -0.3023329
vn 0.0670813 0.3190145 0.9453728
vn 0.005833952 0.3085755 0.951182
vn -0.006160378 0.306391 0.9518858
vn 0.08199467 0.3213744 0.9433956
vn -0.03615611 0.8963038 -0.4419639
vn -0.03496698 0.895939 -0.4427987
vn -0.03343217 0.895465 -0.4438747
vn -0.03783278 0.8968151 -0.4407851
vn -0.1075214 0.9363793 0.3341151
vn -0.126375 0.742943 0.6573166
vn -0.09699854 0.9367645 0.3362493
vn -0.1419301 0.7871765 0.6001741
vn -0.01381564 0.5089493 0.8606855
vn -0.01116452 0.5086175 0.8609201
vn 0.0298433 0.5059509 0.8620459
vn 0.03177495 0.5058637 0.862028
vn -0.9925834 0.1050163 0.06123563
vn -0.9956031 0.0699797 0.0622685
vn -0.992591 0.1050306 0.06108671
vn -0.9956775 0.06884184 0.06234686
vn -0.997871 0.02048673 0.06191629
vn -0.9978883 0.0202406 0.06171985
vn -0.9983266 -0.008867267 0.05714259
vn -0.9983516 -0.009106117 0.05666731
vn -0.9984545 -0.02437627 0.04994566
vn -0.9984809 -0.0243087 0.04944685
vn -0.1106943 0.003742591 -0.9938474
vn -0.1883378 0.01551546 -0.9819817
vn -0.1045171 0.003836076 -0.9945157
vn -0.1913038 0.01628676 -0.9813957
vn -0.1906711 0.02421323 -0.9813552
vn -0.1927282 0.02444076 -0.9809477
vn -0.1519775 0.01116463 -0.9883209
vn -0.1483935 0.01057488 -0.9888719
vn -0.1028399 0.005241362 -0.9946842
vn -0.09995519 0.005034763 -0.9949792
vn -0.08935885 -0.994453 -0.05548092
vn -0.08922633 -0.9944713 -0.05536815
vn -0.08763824 -0.9946867 -0.05401688
vn -0.09101728 -0.9942229 -0.05689216
vn -0.03157482 0.9993309 0.01846291
vn -0.0317492 0.9993219 0.01864519
vn -0.03393666 0.9992048 0.02093179
vn -0.02920815 0.9994455 0.01598914
vn 0.001450575 0.07647321 0.9970706
vn -0.01094017 0.03529356 0.999317
vn 0.002464033 0.0762651 0.9970846
vn -0.01131692 0.03804039 0.9992121
vn -0.01242267 -0.03671426 0.9992486
vn -0.01196059 -0.03689471 0.9992476
vn -0.003034706 -0.05768701 0.9983301
vn -0.00217838 -0.05685617 0.9983801
vn 0.00936113 -0.04564472 0.9989139
vn 0.01001537 -0.04569071 0.9989054
vn -0.975943 -0.1826798 0.1190101
vn -0.9878539 -0.1172026 0.102021
vn -0.9751212 -0.1843678 0.123074
vn -0.989451 -0.1038085 0.1010476
vn -0.9988258 -0.03912392 0.0285703
vn -0.9989555 -0.03682799 0.02704692
vn -0.998664 -0.05105937 0.007953847
vn -0.9988098 -0.04846575 0.005481143
vn -0.296799 0.2316776 -0.9264102
vn -0.2458771 0.2316419 -0.9412155
vn -0.2436671 0.2319377 -0.9417171
vn -0.2984958 0.2326808 -0.9256133
vn -0.3114609 0.2395151 -0.9195784
vn -0.3121083 0.2394907 -0.9193653
vn 0.0670886 -0.2050662 0.976446
vn 0.005836583 -0.1940138 0.9809815
vn 0.08200227 -0.2076432 0.9747615
vn -0.006158431 -0.1917614 0.9814222
vn -0.07356565 -0.2577817 0.9633986
vn 0.06896944 -0.2650965 0.9617521
vn -0.08005649 -0.2574149 0.9629791
vn 0.07312621 -0.2656665 0.9612876
vn 0.1139255 -0.2638201 0.9578204
vn 0.1157573 -0.2636358 0.9576516
vn -0.05300828 -0.9801522 -0.191028
vn -0.05190075 -0.9800157 -0.1920304
vn -0.05456986 -0.9803411 -0.1896139
vn -0.05047114 -0.9798361 -0.1933234
vn -0.1756319 -0.8725799 0.4558046
vn -0.1048709 -0.8751298 0.4723876
vn -0.09470376 -0.8751162 0.4745554
vn -0.1834604 -0.87201 0.4538071
vn -0.2273249 0.8676695 -0.4421233
vn -0.1395012 0.8796051 -0.4547904
vn -0.1332443 0.8801826 -0.4555486
vn -0.2315796 0.8669063 -0.4414119
vn -0.9956027 -0.06997926 0.06227489
vn -0.9925828 -0.1050164 0.06124497
vn -0.9925904 -0.1050307 0.06109638
vn -0.9956772 -0.06884147 0.06235275
vn -0.997871 -0.0204853 0.06191659
vn -0.9978884 -0.02023956 0.0617185
vn -0.9983278 0.008865231 0.05712245
vn -0.9983528 0.009103762 0.05664644
vn -0.998454 0.02437812 0.04995281
vn -0.9984804 0.02431088 0.04945638
vn -0.1883362 -0.01551514 -0.9819821
vn -0.1106934 -0.003742487 -0.9938475
vn -0.104516 -0.00383598 -0.9945158
vn -0.1913022 -0.01628643 -0.981396
vn -0.1906681 -0.02421281 -0.981356
vn -0.1927249 -0.02444033 -0.9809484
vn -0.1519774 -0.01116474 -0.9883209
vn -0.1483934 -0.01057501 -0.9888719
vn -0.1028398 -0.005241545 -0.9946842
vn -0.09995519 -0.005034942 -0.9949792
vn -0.0893591 0.994453 -0.05548007
vn -0.0892266 0.9944713 -0.05536733
vn -0.09101714 0.9942229 -0.05689096
vn -0.0876389 0.9946867 -0.05401639
vn -0.03157079 -0.999331 0.01846208
vn -0.03174505 -0.9993221 0.01864423
vn -0.02920507 -0.9994455 0.01598924
vn -0.03393163 -0.9992051 0.02092999
vn -0.01094008 -0.03529363 0.999317
vn 0.001450712 -0.07647316 0.9970706
vn 0.002464175 -0.07626505 0.9970846
vn -0.01131683 -0.03804035 0.9992121
vn -0.01242276 0.03671421 0.9992486
vn -0.01196068 0.03689474 0.9992476
vn -0.003034857 0.0576868 0.9983302
vn -0.002178379 0.05685589 0.9983801
vn 0.009365803 0.04564456 0.9989138
vn 0.01002034 0.04569058 0.9989054
vn 0.4158749 -0.4010748 0.8162028
vn 0.692689 -0.200907 0.6926893
vn 0.6477403 -0.4010758 0.6477428
vn 0.4447332 -0.2009072 0.8728394
vn 0.1432998 -0.4010695 0.9047697
vn 0.4539912 -2.722133E-06 0.8910061
vn 0.7071071 5.254688E-07 0.7071064
vn 0.1564341 -6.880196E-06 0.9876884
vn 0.1532459 -0.2009074 0.9675494
vn -0.1433042 -0.4010687 0.9047695
vn -0.1564338 -6.832906E-06 0.9876885
vn -0.1532446 -0.2009084 0.9675494
vn -0.4158756 -0.4010709 0.8162044
vn -0.4539916 -9.654108E-06 0.8910061
vn -0.4447336 -0.2009107 0.8728385
vn -0.6477472 -0.4010632 0.6477437
vn -0.7071074 -9.595112E-06 0.7071061
vn -0.6926903 -0.2009056 0.6926883
vn -0.8162035 -0.4010705 0.4158777
vn -0.8910064 -9.119176E-06 0.453991
vn -0.8728382 -0.2009098 0.4447344
vn -0.9047686 -0.4010707 0.143304
vn -0.987688 -7.978979E-06 0.1564363
vn -0.9675497 -0.2009067 0.1532448
vn -0.9047713 -0.4010649 -0.1433034
vn -0.9876881 -7.675366E-06 -0.1564356
vn -0.9675494 -0.2009047 -0.1532494
vn -0.8162054 -0.4010695 -0.4158751
vn -0.8910062 -3.855534E-06 -0.4539911
vn -0.8728389 -0.2009049 -0.4447352
vn -0.6477424 -0.4010721 -0.6477429
vn -0.7071066 -3.904312E-07 -0.7071069
vn -0.692688 -0.2009051 -0.6926908
vn -0.4158767 -0.4010782 -0.8162002
vn -0.692688 -0.2009051 -0.6926908
vn -0.6477424 -0.4010721 -0.6477429
vn -0.4447335 -0.2009067 -0.8728394
vn -0.1433005 -0.4010838 -0.9047634
vn -0.4539908 2.91661E-06 -0.8910064
vn -0.7071066 -3.904312E-07 -0.7071069
vn -0.1564341 6.597611E-06 -0.9876884
vn -0.1532427 -0.2009074 -0.96755
vn 0.1432973 -0.4010908 -0.9047608
vn 0.1564377 8.503098E-06 -0.9876879
vn 0.1532491 -0.2009075 -0.967549
vn 0.4158806 -0.4010744 -0.8162001
vn 0.4539907 9.85952E-06 -0.8910064
vn 0.4447381 -0.2009005 -0.8728385
vn 0.6477379 -0.4010802 -0.6477425
vn 0.7071049 1.038275E-05 -0.7071086
vn 0.6926884 -0.2009057 -0.6926902
vn 0.816205 -0.4010707 -0.4158745
vn 0.8910067 8.08624E-06 -0.4539903
vn 0.8728408 -0.200901 -0.4447335
vn 0.904765 -0.4010807 -0.1432993
vn 0.9876885 7.049903E-06 -0.1564337
vn 0.9675491 -0.2009067 -0.1532494
vn 0.9047603 -0.4010908 0.1433005
vn 0.9876887 8.340025E-06 0.1564325
vn 0.9675496 -0.2009101 0.1532411
vn 0.8161995 -0.4010796 0.4158769
vn 0.8910067 3.537966E-06 0.4539901
vn 0.8728383 -0.2009069 0.4447355
vn 0.6477403 -0.4010758 0.6477428
vn 0.7071071 5.254688E-07 0.7071064
vn 0.692689 -0.200907 0.6926893
vn -0.008866767 -0.9999505 -0.00451784
vn -0.242504 -0.939352 -0.2425068
vn -0.007036686 -0.9999505 -0.007036705
vn -0.3055755 -0.9393517 -0.155698
vn -0.4867918 -0.7253071 -0.486789
vn -0.009828875 -0.9999505 -0.001556744
vn -0.6133971 -0.7253034 -0.3125366
vn -0.3387467 -0.9393464 -0.05365513
vn -0.009828886 -0.9999505 0.001556696
vn -0.6799725 -0.7252851 -0.107698
vn -0.3387412 -0.9393488 0.05364977
vn -0.008866757 -0.9999505 0.004517846
vn -0.679963 -0.7252943 0.1076961
vn -0.3055763 -0.9393512 0.1557001
vn -0.007036708 -0.9999505 0.007036715
vn -0.6133944 -0.7253023 0.312544
vn -0.2425101 -0.9393496 0.2425103
vn -0.004517841 -0.9999505 0.008866761
vn -0.4867983 -0.7252974 0.4867968
vn -0.1556996 -0.9393508 0.305578
vn -0.001556744 -0.9999505 0.009828904
vn -0.3125427 -0.7252995 0.6133984
vn -0.05365215 -0.9393485 0.3387417
vn 0.001556728 -0.9999505 0.009828898
vn -0.1077 -0.7252923 0.6799645
vn 0.05365133 -0.9393512 0.3387341
vn 0.004517843 -0.9999505 0.008866762
vn 0.107694 -0.7253027 0.6799544
vn 0.1557001 -0.9393504 0.3055784
vn 0.007036687 -0.9999505 0.007036704
vn 0.3125393 -0.7253006 0.6133988
vn 0.2425066 -0.9393516 0.2425058
vn 0.4867897 -0.7253045 0.4867947
vn 0.008866739 -0.9999505 0.004517822
vn 0.2425066 -0.9393516 0.2425058
vn 0.007036687 -0.9999505 0.007036704
vn 0.3055774 -0.9393504 0.1557024
vn 0.4867897 -0.7253045 0.4867947
vn 0.009828872 -0.9999505 0.001556764
vn 0.6133952 -0.7253028 0.3125418
vn 0.3387259 -0.9393544 0.05364867
vn 0.009828872 -0.9999505 -0.001556772
vn 0.6799385 -0.7253183 0.1076902
vn 0.3387205 -0.9393562 -0.05365054
vn 0.008866774 -0.9999505 -0.004517836
vn 0.6799344 -0.7253217 -0.1076932
vn 0.3055788 -0.9393505 -0.1556987
vn 0.007036668 -0.9999505 -0.007036672
vn 0.6133971 -0.7253034 -0.3125364
vn 0.2424944 -0.939357 -0.2424974
vn 0.004517836 -0.9999505 -0.008866752
vn 0.4867711 -0.7253268 -0.4867801
vn 0.1557037 -0.9393504 -0.3055767
vn 0.001556777 -0.9999505 -0.009828878
vn 0.3125479 -0.7253037 -0.6133909
vn 0.0536476 -0.9393574 -0.3387176
vn -0.001556755 -0.9999505 -0.009828879
vn 0.1076828 -0.7253286 -0.6799285
vn -0.0536494 -0.9393526 -0.338731
vn -0.004517823 -0.9999505 -0.008866746
vn -0.1076944 -0.7253065 -0.6799503
vn -0.1557005 -0.9393505 -0.305578
vn -0.007036686 -0.9999505 -0.007036705
vn -0.3125369 -0.7253022 -0.6133983
vn -0.242504 -0.939352 -0.2425068
vn -0.4867918 -0.7253071 -0.486789
vn 0.8162031 0.4010745 0.4158747
vn 0.6926886 0.2009075 0.6926894
vn 0.647743 0.4010759 0.64774
vn 0.8728396 0.2009076 0.4447328
vn 0.9047686 0.4010716 0.1433008
vn 0.8910067 3.537966E-06 0.4539901
vn 0.7071071 5.254688E-07 0.7071064
vn 0.9876887 8.340025E-06 0.1564325
vn 0.9675494 0.2009076 0.1532453
vn 0.9047688 0.4010703 -0.1433043
vn 0.9876885 7.049903E-06 -0.1564337
vn 0.9675495 0.2009077 -0.1532449
vn 0.8162028 0.4010758 -0.4158739
vn 0.8910067 8.08624E-06 -0.4539903
vn 0.8728378 0.2009124 -0.4447341
vn 0.647743 0.4010628 -0.6477479
vn 0.7071049 1.038275E-05 -0.7071086
vn 0.6926878 0.2009046 -0.6926911
vn 0.4158787 0.4010699 -0.8162034
vn 0.4539907 9.85952E-06 -0.8910064
vn 0.4447348 0.2009077 -0.8728385
vn 0.1433038 0.4010679 -0.90477
vn 0.1564377 8.503098E-06 -0.9876879
vn 0.1532455 0.2009049 -0.96755
vn -0.1433016 0.4010665 -0.9047709
vn -0.1564341 6.597611E-06 -0.9876884
vn -0.1532474 0.2009054 -0.9675496
vn -0.4158758 0.4010689 -0.8162053
vn -0.4539908 2.91661E-06 -0.8910064
vn -0.4447361 0.2009043 -0.8728387
vn -0.6477439 0.4010708 -0.6477423
vn -0.7071066 -3.904312E-07 -0.7071069
vn -0.6926911 0.2009042 -0.6926879
vn -0.8162006 0.4010772 -0.4158769
vn -0.6926911 0.2009042 -0.6926879
vn -0.6477439 0.4010708 -0.6477423
vn -0.8728399 0.2009058 -0.444733
vn -0.9047642 0.4010822 -0.1433001
vn -0.8910062 -3.855534E-06 -0.4539911
vn -0.7071066 -3.904312E-07 -0.7071069
vn -0.9876881 -7.675366E-06 -0.1564356
vn -0.9675502 0.2009063 -0.1532423
vn -0.9047626 0.4010864 0.1432985
vn -0.987688 -7.978979E-06 0.1564363
vn -0.9675491 0.2009073 0.1532485
vn -0.816202 0.4010724 0.4158791
vn -0.8910064 -9.119176E-06 0.453991
vn -0.8728389 0.2009009 0.4447373
vn -0.6477433 0.4010774 0.6477388
vn -0.7071074 -9.595112E-06 0.7071061
vn -0.6926907 0.2009048 0.6926882
vn -0.4158745 0.4010721 0.8162042
vn -0.4539916 -9.654108E-06 0.8910061
vn -0.4447337 0.2009018 0.8728404
vn -0.1432991 0.4010775 0.9047663
vn -0.1564338 -6.832906E-06 0.9876885
vn -0.1532471 0.2009071 0.9675493
vn 0.1433003 0.4010877 0.9047617
vn 0.1564341 -6.880196E-06 0.9876884
vn 0.1532402 0.2009094 0.9675499
vn 0.4158769 0.4010799 0.8161992
vn 0.4539912 -2.722133E-06 0.8910061
vn 0.4447352 0.2009068 0.8728385
vn 0.647743 0.4010759 0.64774
vn 0.7071071 5.254688E-07 0.7071064
vn 0.6926886 0.2009075 0.6926894
vn -0.004517851 0.9999505 -0.008866766
vn -0.2425073 0.9393516 -0.2425051
vn -0.007037102 0.9999505 -0.007036577
vn -0.1556991 0.9393515 -0.3055759
vn -0.4867905 0.7253056 -0.4867922
vn -0.001555734 0.9999505 -0.009829043
vn -0.3125383 0.725303 -0.6133965
vn -0.05365319 0.9393483 -0.338742
vn 0.001557767 0.9999505 -0.009829603
vn -0.1076945 0.7252931 -0.6799646
vn 0.05365063 0.9393495 -0.3387389
vn 0.004517827 0.9999505 -0.008867851
vn 0.1076953 0.7252975 -0.6799598
vn 0.1556999 0.939352 -0.3055739
vn 0.007036968 0.9999505 -0.00703673
vn 0.3125426 0.7253071 -0.6133897
vn 0.2425074 0.939351 -0.2425073
vn 0.008867598 0.9999505 -0.004517863
vn 0.4867925 0.7253049 -0.4867914
vn 0.3055745 0.9393519 -0.1556988
vn 0.009829867 0.9999505 -0.001556899
vn 0.6133925 0.7253054 -0.3125406
vn 0.3387403 0.939349 -0.05365212
vn 0.009830005 0.9999505 0.001555872
vn 0.6799636 0.7252932 -0.1076996
vn 0.3387387 0.9393496 0.05365114
vn 0.008867274 0.9999505 0.004517042
vn 0.6799606 0.7252967 0.1076954
vn 0.3055805 0.9393497 0.1557006
vn 0.007036346 0.9999505 0.00703704
vn 0.6134009 0.7252987 0.3125399
vn 0.2425049 0.9393522 0.2425057
vn 0.4867917 0.7253067 0.4867894
vn 0.004518515 0.9999505 0.008867214
vn 0.2425049 0.9393522 0.2425057
vn 0.007036346 0.9999505 0.00703704
vn 0.1557032 0.9393501 0.3055778
vn 0.4867917 0.7253067 0.4867894
vn 0.001556654 0.9999505 0.009829005
vn 0.3125398 0.7253013 0.6133978
vn 0.05365028 0.9393522 0.3387314
vn -0.001556965 0.9999505 0.00982995
vn 0.1076921 0.7253096 0.6799474
vn -0.05365118 0.939353 0.3387291
vn -0.004517771 0.9999505 0.008867159
vn -0.1076954 0.7253079 0.6799486
vn -0.1557019 0.9393478 0.3055855
vn -0.007036663 0.9999505 0.007036665
vn -0.3125422 0.725294 0.6134053
vn -0.2425005 0.9393554 0.2424975
vn -0.008866982 0.9999505 0.004517375
vn -0.4867868 0.7253173 0.4867786
vn -0.3055843 0.9393473 0.1557076
vn -0.009829545 0.9999505 0.001557304
vn -0.6134011 0.7252927 0.3125534
vn -0.3387209 0.9393561 0.05364872
vn -0.00982902 0.9999505 -0.001556894
vn -0.6799347 0.7253227 0.1076845
vn -0.3387325 0.9393518 -0.05365168
vn -0.008867387 0.9999505 -0.004518305
vn -0.6799536 0.7253032 -0.1076954
vn -0.3055815 0.9393491 -0.1557027
vn -0.007037102 0.9999505 -0.007036577
vn -0.6134037 0.7252965 -0.3125392
vn -0.2425073 0.9393516 -0.2425051
vn -0.4867905 0.7253056 -0.4867922
vn 0.4158743 -0.4010734 0.8162039
vn 0.6926894 -0.2009079 0.6926885
vn 0.6477401 -0.4010772 0.647742
vn 0.444733 -0.200907 0.8728396
vn 0.1432999 -0.4010685 0.9047703
vn 0.4539913 -2.959669E-06 0.8910061
vn 0.7071068 -1.676765E-07 0.7071066
vn 0.1564344 -7.355568E-06 0.9876884
vn 0.1532461 -0.2009076 0.9675494
vn -0.1433047 -0.4010678 0.9047698
vn -0.1564345 -7.466321E-06 0.9876884
vn -0.1532444 -0.2009083 0.9675494
vn -0.4158744 -0.401073 0.816204
vn -0.4539919 -9.693168E-06 0.8910058
vn -0.4447334 -0.2009111 0.8728384
vn -0.6477479 -0.4010627 0.6477433
vn -0.7071076 -1.018912E-05 0.7071059
vn -0.6926906 -0.200905 0.6926882
vn -0.8162037 -0.4010698 0.4158783
vn -0.8910059 -9.256808E-06 0.4539916
vn -0.8728383 -0.2009095 0.4447345
vn -0.9047697 -0.4010682 0.1433042
vn -0.987688 -8.142103E-06 0.1564366
vn -0.9675499 -0.200906 0.153245
vn -0.9047721 -0.4010634 -0.1433028
vn -0.9876882 -7.419503E-06 -0.1564352
vn -0.9675496 -0.2009041 -0.1532487
vn -0.8162052 -0.4010692 -0.4158756
vn -0.8910064 -3.380066E-06 -0.453991
vn -0.8728389 -0.200905 -0.4447355
vn -0.6477423 -0.4010722 -0.647743
vn -0.7071064 -3.248775E-07 -0.7071071
vn -0.6926876 -0.2009052 -0.6926911
vn -0.4158768 -0.4010772 -0.8162007
vn -0.6926876 -0.2009052 -0.6926911
vn -0.6477423 -0.4010722 -0.647743
vn -0.444733 -0.2009061 -0.8728397
vn -0.1433002 -0.4010836 -0.9047636
vn -0.4539903 2.723485E-06 -0.8910066
vn -0.7071064 -3.248775E-07 -0.7071071
vn -0.1564341 6.666808E-06 -0.9876885
vn -0.1532429 -0.2009072 -0.96755
vn 0.1432978 -0.4010917 -0.9047603
vn 0.1564372 8.762583E-06 -0.9876879
vn 0.1532491 -0.200908 -0.9675487
vn 0.4158802 -0.4010757 -0.8161997
vn 0.4539908 9.612404E-06 -0.8910064
vn 0.4447379 -0.200901 -0.8728384
vn 0.6477373 -0.4010813 -0.6477423
vn 0.7071044 1.057824E-05 -0.707109
vn 0.6926885 -0.2009061 -0.69269
vn 0.8162052 -0.4010714 -0.4158735
vn 0.8910066 7.716213E-06 -0.4539903
vn 0.8728406 -0.2009018 -0.4447332
vn 0.9047636 -0.4010835 -0.1433001
vn 0.9876884 6.952022E-06 -0.1564343
vn 0.9675487 -0.2009081 -0.1532497
vn 0.9047611 -0.401089 0.1433003
vn 0.9876886 7.379141E-06 0.156433
vn 0.9675496 -0.2009097 0.1532417
vn 0.8162002 -0.4010773 0.4158775
vn 0.8910066 2.548706E-06 0.4539904
vn 0.8728385 -0.2009063 0.4447354
vn 0.6477401 -0.4010772 0.647742
vn 0.7071068 -1.676765E-07 0.7071066
vn 0.6926894 -0.2009079 0.6926885
vn -0.008866761 -0.9999505 -0.004517836
vn -0.2425036 -0.9393526 -0.2425054
vn -0.007036688 -0.9999505 -0.007036715
vn -0.3055753 -0.9393517 -0.1556985
vn -0.4867904 -0.7253092 -0.486787
vn -0.00982888 -0.9999505 -0.001556735
vn -0.6133958 -0.7253042 -0.3125371
vn -0.3387434 -0.9393477 -0.05365431
vn -0.009828898 -0.9999505 0.001556703
vn -0.6799686 -0.7252891 -0.1076963
vn -0.3387442 -0.9393476 0.05364954
vn -0.008866777 -0.9999505 0.004517845
vn -0.6799672 -0.7252907 0.1076947
vn -0.3055742 -0.939352 0.1556991
vn -0.007036716 -0.9999505 0.007036727
vn -0.6133898 -0.7253065 0.3125434
vn -0.2425086 -0.9393504 0.2425088
vn -0.004517844 -0.9999505 0.00886677
vn -0.4867954 -0.7253002 0.4867955
vn -0.1556996 -0.9393508 0.3055781
vn -0.001556753 -0.9999505 0.009828909
vn -0.3125427 -0.7252996 0.6133983
vn -0.05365207 -0.9393486 0.3387415
vn 0.001556724 -0.9999505 0.009828893
vn -0.1076993 -0.7252921 0.6799648
vn 0.05365162 -0.9393507 0.3387358
vn 0.00451784 -0.9999505 0.008866755
vn 0.1076943 -0.7253004 0.6799569
vn 0.1557004 -0.9393504 0.3055782
vn 0.007036687 -0.9999505 0.007036709
vn 0.3125385 -0.7253011 0.6133988
vn 0.2425057 -0.9393522 0.2425047
vn 0.4867886 -0.7253061 0.4867937
vn 0.008866732 -0.9999505 0.004517822
vn 0.2425057 -0.9393522 0.2425047
vn 0.007036687 -0.9999505 0.007036709
vn 0.3055776 -0.9393504 0.155702
vn 0.4867886 -0.7253061 0.4867937
vn 0.009828844 -0.9999505 0.001556751
vn 0.6133964 -0.7253016 0.3125419
vn 0.3387301 -0.9393528 0.05364969
vn 0.009828847 -0.9999505 -0.00155677
vn 0.6799452 -0.7253115 0.1076923
vn 0.3387235 -0.9393551 -0.05365075
vn 0.008866769 -0.9999505 -0.004517831
vn 0.6799385 -0.7253177 -0.1076935
vn 0.3055781 -0.9393508 -0.1556985
vn 0.007036668 -0.9999505 -0.007036674
vn 0.6133953 -0.7253048 -0.3125369
vn 0.2424943 -0.939357 -0.2424974
vn 0.004517839 -0.9999505 -0.008866755
vn 0.4867718 -0.7253268 -0.4867796
vn 0.155704 -0.9393504 -0.3055768
vn 0.001556782 -0.9999505 -0.009828879
vn 0.3125485 -0.7253036 -0.6133906
vn 0.05364753 -0.9393575 -0.3387174
vn -0.001556751 -0.9999505 -0.009828887
vn 0.1076835 -0.7253284 -0.6799287
vn -0.05364988 -0.9393528 -0.3387299
vn -0.004517825 -0.9999505 -0.008866743
vn -0.1076943 -0.7253082 -0.6799485
vn -0.1557 -0.9393507 -0.305578
vn -0.007036688 -0.9999505 -0.007036715
vn -0.3125375 -0.7253025 -0.6133977
vn -0.2425036 -0.9393526 -0.2425054
vn -0.4867904 -0.7253092 -0.486787
vn 0.8162023 0.4010759 0.4158747
vn 0.6926886 0.2009077 0.6926894
vn 0.6477423 0.4010774 0.6477398
vn 0.8728396 0.2009081 0.4447325
vn 0.9047686 0.4010718 0.1433004
vn 0.8910066 2.548706E-06 0.4539904
vn 0.7071068 -1.676765E-07 0.7071066
vn 0.9876886 7.379141E-06 0.156433
vn 0.9675494 0.2009078 0.153245
vn 0.9047683 0.4010716 -0.1433039
vn 0.9876884 6.952022E-06 -0.1564343
vn 0.9675494 0.2009082 -0.1532449
vn 0.816203 0.4010761 -0.4158733
vn 0.8910066 7.716213E-06 -0.4539903
vn 0.8728378 0.2009119 -0.4447342
vn 0.647743 0.4010611 -0.6477491
vn 0.7071044 1.057824E-05 -0.707109
vn 0.6926873 0.2009038 -0.6926917
vn 0.4158785 0.401071 -0.8162029
vn 0.4539908 9.612404E-06 -0.8910064
vn 0.4447354 0.200908 -0.872838
vn 0.1433029 0.4010672 -0.9047703
vn 0.1564372 8.762583E-06 -0.9876879
vn 0.1532451 0.2009047 -0.9675501
vn -0.1433016 0.4010674 -0.9047704
vn -0.1564341 6.666808E-06 -0.9876885
vn -0.1532469 0.2009057 -0.9675496
vn -0.4158758 0.4010705 -0.8162045
vn -0.4539903 2.723485E-06 -0.8910066
vn -0.4447359 0.2009054 -0.8728385
vn -0.6477422 0.4010737 -0.6477422
vn -0.7071064 -3.248775E-07 -0.7071071
vn -0.692691 0.2009059 -0.6926876
vn -0.8161999 0.4010783 -0.4158772
vn -0.692691 0.2009059 -0.6926876
vn -0.6477422 0.4010737 -0.6477422
vn -0.8728399 0.2009066 -0.4447327
vn -0.9047641 0.4010823 -0.1433004
vn -0.8910064 -3.380066E-06 -0.453991
vn -0.7071064 -3.248775E-07 -0.7071071
vn -0.9876882 -7.419503E-06 -0.1564352
vn -0.9675501 0.2009066 -0.1532424
vn -0.9047623 0.4010867 0.1432986
vn -0.987688 -8.142103E-06 0.1564366
vn -0.9675488 0.2009078 0.1532488
vn -0.8162011 0.4010749 0.415878
vn -0.8910059 -9.256808E-06 0.4539916
vn -0.8728389 0.2009018 0.4447366
vn -0.6477428 0.4010792 0.6477382
vn -0.7071076 -1.018912E-05 0.7071059
vn -0.6926906 0.2009046 0.6926883
vn -0.4158743 0.4010724 0.8162042
vn -0.4539919 -9.693168E-06 0.8910058
vn -0.4447335 0.2009017 0.8728405
vn -0.1432988 0.4010787 0.9047658
vn -0.1564345 -7.466321E-06 0.9876884
vn -0.153247 0.2009078 0.9675492
vn 0.1433002 0.4010894 0.904761
vn 0.1564344 -7.355568E-06 0.9876884
vn 0.1532407 0.2009105 0.9675496
vn 0.4158759 0.4010808 0.8161994
vn 0.4539913 -2.959669E-06 0.8910061
vn 0.4447345 0.2009072 0.8728389
vn 0.6477423 0.4010774 0.6477398
vn 0.7071068 -1.676765E-07 0.7071066
vn 0.6926886 0.2009077 0.6926894
vn -0.004517838 0.9999505 -0.008866769
vn -0.2425058 0.9393522 -0.2425046
vn -0.007037097 0.9999505 -0.007036572
vn -0.1556994 0.939351 -0.305577
vn -0.4867906 0.7253068 -0.4867904
vn -0.001555738 0.9999505 -0.009829045
vn -0.3125401 0.7253008 -0.6133982
vn -0.05365352 0.9393478 -0.3387433
vn 0.001557762 0.9999505 -0.009829607
vn -0.1076957 0.7252917 -0.6799659
vn 0.05365045 0.9393496 -0.3387386
vn 0.00451783 0.9999505 -0.008867855
vn 0.1076951 0.7252975 -0.6799599
vn 0.1557002 0.9393517 -0.3055745
vn 0.007036972 0.9999505 -0.007036732
vn 0.3125429 0.7253063 -0.6133904
vn 0.2425068 0.9393516 -0.2425058
vn 0.008867608 0.9999505 -0.004517866
vn 0.486791 0.7253071 -0.4867896
vn 0.3055744 0.9393519 -0.1556991
vn 0.009829873 0.9999505 -0.001556904
vn 0.6133921 0.7253056 -0.3125412
vn 0.3387388 0.9393495 -0.05365162
vn 0.009830005 0.9999505 0.001555879
vn 0.6799616 0.7252952 -0.1076989
vn 0.3387382 0.9393497 0.05365142
vn 0.008867274 0.9999505 0.004517053
vn 0.6799598 0.7252975 0.1076945
vn 0.3055789 0.9393504 0.1557002
vn 0.007036346 0.9999505 0.00703705
vn 0.6133988 0.7253004 0.3125398
vn 0.2425063 0.9393514 0.242507
vn 0.4867945 0.7253035 0.4867916
vn 0.004518516 0.9999505 0.008867211
vn 0.2425063 0.9393514 0.242507
vn 0.007036346 0.9999505 0.00703705
vn 0.1557043 0.9393494 0.3055796
vn 0.4867945 0.7253035 0.4867916
vn 0.00155666 0.9999505 0.009829001
vn 0.3125418 0.7252981 0.6134005
vn 0.05365081 0.9393517 0.3387329
vn -0.001556961 0.9999505 0.009829945
vn 0.107693 0.725307 0.67995
vn -0.05365147 0.9393526 0.33873
vn -0.004517769 0.9999505 0.00886717
vn -0.1076945 0.7253067 0.6799501
vn -0.155702 0.9393479 0.3055852
vn -0.007036659 0.9999505 0.007036659
vn -0.3125426 0.7252939 0.6134051
vn -0.242501 0.9393552 0.2424975
vn -0.00886697 0.9999505 0.004517358
vn -0.4867874 0.7253171 0.4867783
vn -0.3055846 0.9393472 0.155708
vn -0.009829552 0.9999505 0.001557313
vn -0.6134008 0.7252927 0.312554
vn -0.3387183 0.9393572 0.05364759
vn -0.009829009 0.9999505 -0.001556899
vn -0.6799311 0.7253259 0.1076839
vn -0.3387324 0.9393518 -0.05365186
vn -0.008867381 0.9999505 -0.004518303
vn -0.6799535 0.7253035 -0.107695
vn -0.3055809 0.9393493 -0.1557024
vn -0.007037097 0.9999505 -0.007036572
vn -0.6134032 0.7252975 -0.3125381
vn -0.2425058 0.9393522 -0.2425046
vn -0.4867906 0.7253068 -0.4867904
vn 0.692689 0.200907 0.6926893
vn 0.4158749 0.4010748 0.8162028
vn 0.6477403 0.4010758 0.6477428
vn 0.4447332 0.2009071 0.8728395
vn 0.1432998 0.4010695 0.9047697
vn 0.4539912 2.722133E-06 0.8910061
vn 0.7071071 -5.254688E-07 0.7071064
vn 0.1564341 6.880197E-06 0.9876884
vn 0.153246 0.2009074 0.9675494
vn -0.1433042 0.4010687 0.9047695
vn -0.1564338 6.832905E-06 0.9876885
vn -0.1532446 0.2009084 0.9675494
vn -0.4158756 0.4010709 0.8162044
vn -0.4539916 9.654106E-06 0.8910061
vn -0.4447336 0.2009107 0.8728384
vn -0.6477472 0.4010632 0.6477437
vn -0.7071074 9.595115E-06 0.7071061
vn -0.6926903 0.2009056 0.6926883
vn -0.8162035 0.4010705 0.4158777
vn -0.8910064 9.119176E-06 0.453991
vn -0.8728382 0.2009098 0.4447344
vn -0.9047686 0.4010707 0.143304
vn -0.987688 7.978977E-06 0.1564363
vn -0.9675497 0.2009067 0.1532448
vn -0.9047713 0.4010649 -0.1433034
vn -0.9876881 7.675364E-06 -0.1564356
vn -0.9675494 0.2009047 -0.1532494
vn -0.8162054 0.4010695 -0.4158751
vn -0.8910062 3.855533E-06 -0.4539911
vn -0.8728389 0.2009049 -0.4447352
vn -0.6477424 0.4010721 -0.6477429
vn -0.7071066 3.904314E-07 -0.7071069
vn -0.692688 0.2009051 -0.6926908
vn -0.692688 0.2009051 -0.6926908
vn -0.4158767 0.4010782 -0.8162002
vn -0.6477424 0.4010721 -0.6477429
vn -0.4447335 0.2009067 -0.8728394
vn -0.1433005 0.4010838 -0.9047634
vn -0.4539908 -2.91661E-06 -0.8910064
vn -0.7071066 3.904314E-07 -0.7071069
vn -0.1564341 -6.597612E-06 -0.9876884
vn -0.1532427 0.2009074 -0.96755
vn 0.1432973 0.4010908 -0.9047608
vn 0.1564377 -8.503098E-06 -0.9876879
vn 0.1532491 0.2009075 -0.967549
vn 0.4158806 0.4010744 -0.8162001
vn 0.4539907 -9.85952E-06 -0.8910064
vn 0.4447381 0.2009005 -0.8728385
vn 0.6477379 0.4010802 -0.6477425
vn 0.7071049 -1.038275E-05 -0.7071086
vn 0.6926884 0.2009057 -0.6926902
vn 0.816205 0.4010707 -0.4158745
vn 0.8910066 -8.08624E-06 -0.4539903
vn 0.8728408 0.200901 -0.4447335
vn 0.904765 0.4010807 -0.1432993
vn 0.9876885 -7.049902E-06 -0.1564337
vn 0.9675491 0.2009067 -0.1532494
vn 0.9047603 0.4010908 0.1433005
vn 0.9876887 -8.340025E-06 0.1564325
vn 0.9675496 0.2009101 0.1532411
vn 0.8161995 0.4010796 0.4158769
vn 0.8910067 -3.537966E-06 0.4539901
vn 0.8728383 0.2009069 0.4447356
vn 0.6477403 0.4010758 0.6477428
vn 0.7071071 -5.254688E-07 0.7071064
vn 0.692689 0.200907 0.6926893
vn -0.242504 0.939352 -0.2425068
vn -0.008866767 0.9999505 -0.00451784
vn -0.007036685 0.9999505 -0.007036705
vn -0.3055755 0.9393517 -0.155698
vn -0.4867918 0.7253071 -0.486789
vn -0.009828875 0.9999505 -0.001556744
vn -0.6133971 0.7253034 -0.3125366
vn -0.3387467 0.9393464 -0.05365513
vn -0.009828886 0.9999505 0.001556696
vn -0.6799725 0.7252851 -0.107698
vn -0.3387413 0.9393488 0.05364977
vn -0.008866757 0.9999505 0.004517846
vn -0.679963 0.7252943 0.1076961
vn -0.3055763 0.9393512 0.1557001
vn -0.007036708 0.9999505 0.007036715
vn -0.6133944 0.7253023 0.312544
vn -0.2425101 0.9393496 0.2425103
vn -0.004517841 0.9999505 0.00886676
vn -0.4867983 0.7252973 0.4867969
vn -0.1556996 0.9393508 0.3055779
vn -0.001556744 0.9999505 0.009828904
vn -0.3125427 0.7252995 0.6133984
vn -0.05365216 0.9393485 0.3387417
vn 0.001556728 0.9999505 0.009828898
vn -0.1077 0.7252923 0.6799645
vn 0.05365133 0.9393512 0.3387341
vn 0.004517843 0.9999505 0.008866762
vn 0.107694 0.7253027 0.6799544
vn 0.1557001 0.9393504 0.3055784
vn 0.007036687 0.9999505 0.007036704
vn 0.3125393 0.7253006 0.6133988
vn 0.2425066 0.9393516 0.2425058
vn 0.4867897 0.7253045 0.4867947
vn 0.2425066 0.9393516 0.2425058
vn 0.008866739 0.9999505 0.004517821
vn 0.007036687 0.9999505 0.007036704
vn 0.3055774 0.9393504 0.1557025
vn 0.4867897 0.7253045 0.4867947
vn 0.009828872 0.9999505 0.001556764
vn 0.6133952 0.7253028 0.3125418
vn 0.3387258 0.9393544 0.05364867
vn 0.009828872 0.9999505 -0.001556772
vn 0.6799385 0.7253183 0.1076902
vn 0.3387205 0.9393562 -0.05365054
vn 0.008866775 0.9999505 -0.004517836
vn 0.6799344 0.7253217 -0.1076932
vn 0.3055788 0.9393505 -0.1556987
vn 0.007036668 0.9999505 -0.007036672
vn 0.6133971 0.7253034 -0.3125364
vn 0.2424944 0.939357 -0.2424974
vn 0.004517836 0.9999505 -0.008866753
vn 0.4867711 0.7253268 -0.4867801
vn 0.1557037 0.9393504 -0.3055767
vn 0.001556777 0.9999505 -0.009828878
vn 0.3125479 0.7253037 -0.6133909
vn 0.0536476 0.9393574 -0.3387176
vn -0.001556755 0.9999505 -0.009828879
vn 0.1076828 0.7253286 -0.6799285
vn -0.0536494 0.9393526 -0.338731
vn -0.004517823 0.9999505 -0.008866745
vn -0.1076944 0.7253065 -0.6799503
vn -0.1557005 0.9393505 -0.305578
vn -0.007036685 0.9999505 -0.007036705
vn -0.3125369 0.7253022 -0.6133983
vn -0.242504 0.939352 -0.2425068
vn -0.4867918 0.7253071 -0.486789
vn 0.6926886 -0.2009075 0.6926894
vn 0.8162032 -0.4010743 0.4158747
vn 0.6477429 -0.4010759 0.64774
vn 0.8728396 -0.2009075 0.4447328
vn 0.9047686 -0.4010718 0.143301
vn 0.8910067 -3.537966E-06 0.4539901
vn 0.7071071 -5.254688E-07 0.7071064
vn 0.9876887 -8.340025E-06 0.1564325
vn 0.9675494 -0.2009078 0.1532453
vn 0.9047689 -0.4010699 -0.1433044
vn 0.9876885 -7.049902E-06 -0.1564337
vn 0.9675495 -0.2009074 -0.153245
vn 0.8162029 -0.4010758 -0.4158739
vn 0.8910066 -8.08624E-06 -0.4539903
vn 0.8728378 -0.2009124 -0.4447341
vn 0.647743 -0.4010628 -0.6477479
vn 0.7071049 -1.038275E-05 -0.7071086
vn 0.6926878 -0.2009046 -0.6926911
vn 0.4158787 -0.4010698 -0.8162033
vn 0.4539907 -9.85952E-06 -0.8910064
vn 0.4447349 -0.2009076 -0.8728385
vn 0.1433036 -0.4010676 -0.90477
vn 0.1564377 -8.503098E-06 -0.9876879
vn 0.1532455 -0.2009048 -0.9675501
vn -0.1433014 -0.4010667 -0.9047708
vn -0.1564341 -6.597612E-06 -0.9876884
vn -0.1532473 -0.2009054 -0.9675496
vn -0.4158759 -0.4010687 -0.8162054
vn -0.4539908 -2.91661E-06 -0.8910064
vn -0.4447361 -0.2009042 -0.8728387
vn -0.6477439 -0.4010707 -0.6477424
vn -0.7071066 3.904314E-07 -0.7071069
vn -0.6926911 -0.2009042 -0.6926879
vn -0.6926911 -0.2009042 -0.6926879
vn -0.8162006 -0.4010775 -0.4158769
vn -0.6477439 -0.4010707 -0.6477424
vn -0.8728397 -0.200906 -0.4447331
vn -0.9047642 -0.4010822 -0.1433
vn -0.8910062 3.855533E-06 -0.4539911
vn -0.7071066 3.904314E-07 -0.7071069
vn -0.9876881 7.675364E-06 -0.1564356
vn -0.9675502 -0.2009063 -0.1532423
vn -0.9047625 -0.4010865 0.1432985
vn -0.987688 7.978977E-06 0.1564363
vn -0.9675491 -0.2009075 0.1532485
vn -0.8162019 -0.4010724 0.4158792
vn -0.8910064 9.119176E-06 0.453991
vn -0.8728389 -0.2009009 0.4447373
vn -0.6477433 -0.4010772 0.6477388
vn -0.7071074 9.595115E-06 0.7071061
vn -0.6926907 -0.2009046 0.6926882
vn -0.4158745 -0.4010721 0.8162044
vn -0.4539916 9.654106E-06 0.8910061
vn -0.4447339 -0.2009018 0.8728404
vn -0.1432991 -0.4010778 0.9047663
vn -0.1564338 6.832905E-06 0.9876885
vn -0.1532471 -0.2009073 0.9675493
vn 0.1433004 -0.4010877 0.9047617
vn 0.1564341 6.880197E-06 0.9876884
vn 0.1532403 -0.2009094 0.9675499
vn 0.4158769 -0.4010799 0.8161992
vn 0.4539912 2.722133E-06 0.8910061
vn 0.4447352 -0.2009068 0.8728385
vn 0.6477429 -0.4010759 0.64774
vn 0.7071071 -5.254688E-07 0.7071064
vn 0.6926886 -0.2009075 0.6926894
vn -0.2425073 -0.9393516 -0.2425051
vn -0.004517851 -0.9999505 -0.008866766
vn -0.007037298 -0.9999505 -0.007036523
vn -0.1556991 -0.9393515 -0.3055759
vn -0.4867905 -0.7253056 -0.4867922
vn -0.001555734 -0.9999505 -0.009829043
vn -0.3125383 -0.725303 -0.6133965
vn -0.05365318 -0.9393483 -0.338742
vn 0.001557766 -0.9999505 -0.009829602
vn -0.1076945 -0.7252931 -0.6799646
vn 0.05365063 -0.9393495 -0.3387389
vn 0.004518054 -0.9999505 -0.008867736
vn 0.1076953 -0.7252975 -0.6799598
vn 0.1557 -0.9393519 -0.3055739
vn 0.007037178 -0.9999505 -0.007037049
vn 0.3125426 -0.7253071 -0.6133897
vn 0.2425075 -0.939351 -0.2425075
vn 0.008867607 -0.9999505 -0.004518067
vn 0.4867925 -0.7253049 -0.4867913
vn 0.3055745 -0.9393519 -0.1556988
vn 0.009829867 -0.9999505 -0.001556899
vn 0.6133925 -0.7253054 -0.3125406
vn 0.3387403 -0.939349 -0.05365212
vn 0.009830005 -0.9999505 0.001555872
vn 0.6799636 -0.7252932 -0.1076996
vn 0.3387387 -0.9393496 0.05365114
vn 0.008867274 -0.9999505 0.004517042
vn 0.6799606 -0.7252967 0.1076954
vn 0.3055805 -0.9393497 0.1557006
vn 0.007036166 -0.9999505 0.007037221
vn 0.6134009 -0.7252987 0.3125399
vn 0.2425049 -0.9393522 0.2425058
vn 0.4867917 -0.7253067 0.4867894
vn 0.2425049 -0.9393522 0.2425058
vn 0.004518981 -0.9999505 0.008867396
vn 0.007036166 -0.9999505 0.007037221
vn 0.1557036 -0.93935 0.3055778
vn 0.4867917 -0.7253067 0.4867894
vn 0.001556624 -0.9999505 0.009829061
vn 0.31254 -0.7253014 0.6133976
vn 0.0536503 -0.9393525 0.3387308
vn -0.001557182 -0.9999505 0.009830671
vn 0.1076919 -0.7253107 0.6799461
vn -0.05365128 -0.9393532 0.3387288
vn -0.00451783 -0.9999505 0.008867411
vn -0.1076955 -0.725309 0.6799475
vn -0.1557021 -0.9393479 0.3055853
vn -0.007036662 -0.9999505 0.007036663
vn -0.3125422 -0.725294 0.6134053
vn -0.2425005 -0.9393554 0.2424976
vn -0.008867096 -0.9999505 0.004517147
vn -0.4867868 -0.7253173 0.4867786
vn -0.3055845 -0.9393473 0.1557075
vn -0.009829862 -0.9999505 0.00155769
vn -0.6134011 -0.7252927 0.3125534
vn -0.338721 -0.939356 0.05364916
vn -0.009829064 -0.9999505 -0.00155694
vn -0.6799346 -0.7253227 0.1076847
vn -0.3387319 -0.939352 -0.05365172
vn -0.008867668 -0.9999505 -0.004518691
vn -0.6799523 -0.7253044 -0.1076954
vn -0.3055814 -0.9393491 -0.1557029
vn -0.007037298 -0.9999505 -0.007036523
vn -0.6134037 -0.7252965 -0.3125392
vn -0.2425073 -0.9393516 -0.2425051
vn -0.4867905 -0.7253056 -0.4867922
vn 0.6926895 0.2009079 0.6926885
vn 0.4158743 0.4010734 0.8162039
vn 0.6477401 0.4010772 0.647742
vn 0.444733 0.200907 0.8728396
vn 0.1432999 0.4010685 0.9047703
vn 0.4539913 2.959668E-06 0.8910061
vn 0.7071068 1.676765E-07 0.7071066
vn 0.1564344 7.35557E-06 0.9876884
vn 0.1532461 0.2009076 0.9675494
vn -0.1433047 0.4010678 0.9047698
vn -0.1564345 7.466321E-06 0.9876884
vn -0.1532444 0.2009083 0.9675494
vn -0.4158744 0.401073 0.816204
vn -0.4539919 9.693166E-06 0.8910058
vn -0.4447334 0.2009111 0.8728384
vn -0.6477479 0.4010627 0.6477433
vn -0.7071077 1.018912E-05 0.7071059
vn -0.6926906 0.200905 0.6926882
vn -0.8162037 0.4010698 0.4158783
vn -0.8910059 9.25681E-06 0.4539917
vn -0.8728383 0.2009095 0.4447345
vn -0.9047697 0.4010682 0.1433042
vn -0.987688 8.142101E-06 0.1564366
vn -0.9675499 0.200906 0.153245
vn -0.9047721 0.4010634 -0.1433028
vn -0.9876882 7.419501E-06 -0.1564352
vn -0.9675496 0.2009041 -0.1532487
vn -0.8162052 0.4010692 -0.4158756
vn -0.8910064 3.380065E-06 -0.453991
vn -0.8728389 0.200905 -0.4447355
vn -0.6477423 0.4010722 -0.647743
vn -0.7071064 3.248777E-07 -0.7071071
vn -0.6926875 0.2009053 -0.6926912
vn -0.6926875 0.2009053 -0.6926912
vn -0.4158768 0.4010772 -0.8162007
vn -0.6477423 0.4010722 -0.647743
vn -0.444733 0.2009061 -0.8728397
vn -0.1433002 0.4010836 -0.9047636
vn -0.4539903 -2.723485E-06 -0.8910066
vn -0.7071064 3.248777E-07 -0.7071071
vn -0.1564341 -6.666809E-06 -0.9876885
vn -0.1532429 0.2009072 -0.96755
vn 0.1432978 0.4010917 -0.9047603
vn 0.1564372 -8.762583E-06 -0.9876879
vn 0.1532491 0.200908 -0.9675487
vn 0.4158802 0.4010757 -0.8161997
vn 0.4539908 -9.612404E-06 -0.8910064
vn 0.4447379 0.200901 -0.8728384
vn 0.6477373 0.4010813 -0.6477423
vn 0.7071044 -1.057824E-05 -0.707109
vn 0.6926885 0.2009061 -0.69269
vn 0.8162052 0.4010714 -0.4158735
vn 0.8910066 -7.716213E-06 -0.4539903
vn 0.8728406 0.2009018 -0.4447332
vn 0.9047636 0.4010835 -0.1433001
vn 0.9876884 -6.952023E-06 -0.1564343
vn 0.9675487 0.2009081 -0.1532498
vn 0.9047611 0.401089 0.1433003
vn 0.9876886 -7.379141E-06 0.156433
vn 0.9675496 0.2009097 0.1532417
vn 0.8162002 0.4010773 0.4158775
vn 0.8910066 -2.548706E-06 0.4539904
vn 0.8728385 0.2009063 0.4447355
vn 0.6477401 0.4010772 0.647742
vn 0.7071068 1.676765E-07 0.7071066
vn 0.6926895 0.2009079 0.6926885
vn -0.2425036 0.9393526 -0.2425054
vn -0.008866761 0.9999505 -0.004517836
vn -0.007036688 0.9999505 -0.007036715
vn -0.3055752 0.9393517 -0.1556985
vn -0.4867904 0.7253092 -0.486787
vn -0.00982888 0.9999505 -0.001556735
vn -0.6133958 0.7253042 -0.3125371
vn -0.3387434 0.9393477 -0.05365431
vn -0.009828898 0.9999505 0.001556703
vn -0.6799686 0.7252891 -0.1076963
vn -0.3387442 0.9393476 0.05364954
vn -0.008866776 0.9999505 0.004517845
vn -0.6799672 0.7252907 0.1076947
vn -0.3055742 0.939352 0.1556991
vn -0.007036716 0.9999505 0.007036727
vn -0.6133898 0.7253065 0.3125434
vn -0.2425086 0.9393504 0.2425088
vn -0.004517844 0.9999505 0.008866772
vn -0.4867955 0.7253002 0.4867955
vn -0.1556996 0.9393508 0.305578
vn -0.001556753 0.9999505 0.009828908
vn -0.3125427 0.7252996 0.6133983
vn -0.05365207 0.9393486 0.3387415
vn 0.001556724 0.9999505 0.009828893
vn -0.1076993 0.7252921 0.6799648
vn 0.05365162 0.9393507 0.3387358
vn 0.00451784 0.9999505 0.008866755
vn 0.1076943 0.7253004 0.6799569
vn 0.1557004 0.9393504 0.3055782
vn 0.007036687 0.9999505 0.007036708
vn 0.3125385 0.7253011 0.6133988
vn 0.2425057 0.9393522 0.2425047
vn 0.4867886 0.7253061 0.4867937
vn 0.2425057 0.9393522 0.2425047
vn 0.008866732 0.9999505 0.004517822
vn 0.007036687 0.9999505 0.007036708
vn 0.3055776 0.9393504 0.155702
vn 0.4867886 0.7253061 0.4867937
vn 0.009828844 0.9999505 0.001556751
vn 0.6133964 0.7253016 0.3125419
vn 0.3387301 0.9393528 0.05364969
vn 0.009828847 0.9999505 -0.00155677
vn 0.6799452 0.7253115 0.1076923
vn 0.3387235 0.9393551 -0.05365075
vn 0.008866769 0.9999505 -0.004517831
vn 0.6799385 0.7253177 -0.1076935
vn 0.3055781 0.9393508 -0.1556985
vn 0.007036668 0.9999505 -0.007036674
vn 0.6133953 0.7253048 -0.3125369
vn 0.2424943 0.939357 -0.2424973
vn 0.004517839 0.9999505 -0.008866755
vn 0.4867718 0.7253268 -0.4867796
vn 0.155704 0.9393504 -0.3055767
vn 0.001556782 0.9999505 -0.009828879
vn 0.3125485 0.7253036 -0.6133906
vn 0.05364753 0.9393575 -0.3387174
vn -0.001556751 0.9999505 -0.009828887
vn 0.1076835 0.7253284 -0.6799287
vn -0.05364988 0.9393528 -0.3387299
vn -0.004517824 0.9999505 -0.008866743
vn -0.1076943 0.7253082 -0.6799485
vn -0.1557 0.9393507 -0.305578
vn -0.007036688 0.9999505 -0.007036715
vn -0.3125375 0.7253025 -0.6133977
vn -0.2425036 0.9393526 -0.2425054
vn -0.4867904 0.7253092 -0.486787
vn 0.6926886 -0.2009076 0.6926894
vn 0.8162025 -0.4010756 0.4158746
vn 0.6477422 -0.4010774 0.6477399
vn 0.8728396 -0.200908 0.4447325
vn 0.9047686 -0.4010721 0.1433006
vn 0.8910066 -2.548706E-06 0.4539904
vn 0.7071068 1.676765E-07 0.7071066
vn 0.9876886 -7.379141E-06 0.156433
vn 0.9675494 -0.2009079 0.153245
vn 0.9047684 -0.4010711 -0.143304
vn 0.9876884 -6.952023E-06 -0.1564343
vn 0.9675494 -0.2009079 -0.1532449
vn 0.8162031 -0.4010759 -0.4158733
vn 0.8910066 -7.716213E-06 -0.4539903
vn 0.8728378 -0.2009119 -0.4447341
vn 0.647743 -0.4010611 -0.6477491
vn 0.7071044 -1.057824E-05 -0.707109
vn 0.6926874 -0.2009038 -0.6926917
vn 0.4158786 -0.4010709 -0.8162028
vn 0.4539908 -9.612404E-06 -0.8910064
vn 0.4447355 -0.200908 -0.872838
vn 0.1433028 -0.4010669 -0.9047706
vn 0.1564372 -8.762583E-06 -0.9876879
vn 0.1532451 -0.2009046 -0.9675502
vn -0.1433015 -0.4010676 -0.9047704
vn -0.1564341 -6.666809E-06 -0.9876885
vn -0.1532469 -0.2009058 -0.9675495
vn -0.4158759 -0.4010703 -0.8162045
vn -0.4539903 -2.723485E-06 -0.8910066
vn -0.4447359 -0.2009052 -0.8728386
vn -0.6477423 -0.4010736 -0.6477423
vn -0.7071064 3.248777E-07 -0.7071071
vn -0.692691 -0.2009058 -0.6926876
vn -0.692691 -0.2009058 -0.6926876
vn -0.8161998 -0.4010786 -0.4158772
vn -0.6477423 -0.4010736 -0.6477423
vn -0.8728397 -0.2009068 -0.4447327
vn -0.904764 -0.4010824 -0.1433003
vn -0.8910064 3.380065E-06 -0.453991
vn -0.7071064 3.248777E-07 -0.7071071
vn -0.9876882 7.419501E-06 -0.1564352
vn -0.9675501 -0.2009066 -0.1532424
vn -0.9047622 -0.401087 0.1432985
vn -0.987688 8.142101E-06 0.1564366
vn -0.9675488 -0.200908 0.1532488
vn -0.8162011 -0.401075 0.415878
vn -0.8910059 9.25681E-06 0.4539917
vn -0.8728389 -0.2009017 0.4447367
vn -0.6477428 -0.4010789 0.6477384
vn -0.7071077 1.018912E-05 0.7071059
vn -0.6926906 -0.2009045 0.6926883
vn -0.4158743 -0.4010724 0.8162044
vn -0.4539919 9.693166E-06 0.8910058
vn -0.4447335 -0.2009017 0.8728405
vn -0.1432989 -0.4010791 0.9047657
vn -0.1564345 7.466321E-06 0.9876884
vn -0.153247 -0.200908 0.9675492
vn 0.1433002 -0.4010894 0.904761
vn 0.1564344 7.35557E-06 0.9876884
vn 0.1532407 -0.2009105 0.9675496
vn 0.4158759 -0.4010808 0.8161994
vn 0.4539913 2.959668E-06 0.8910061
vn 0.4447345 -0.2009072 0.8728387
vn 0.6477422 -0.4010774 0.6477399
vn 0.7071068 1.676765E-07 0.7071066
vn 0.6926886 -0.2009076 0.6926894
vn -0.2425058 -0.9393522 -0.2425046
vn -0.004517838 -0.9999505 -0.008866769
vn -0.007037294 -0.9999505 -0.007036519
vn -0.1556994 -0.939351 -0.305577
vn -0.4867906 -0.7253068 -0.4867904
vn -0.001555738 -0.9999505 -0.009829045
vn -0.3125401 -0.7253008 -0.6133982
vn -0.05365352 -0.9393478 -0.3387433
vn 0.001557762 -0.9999505 -0.009829608
vn -0.1076957 -0.7252917 -0.6799659
vn 0.05365045 -0.9393496 -0.3387386
vn 0.004518057 -0.9999505 -0.008867739
vn 0.1076951 -0.7252975 -0.6799599
vn 0.1557003 -0.9393517 -0.3055746
vn 0.007037181 -0.9999505 -0.00703705
vn 0.3125429 -0.7253063 -0.6133904
vn 0.2425068 -0.9393515 -0.242506
vn 0.008867618 -0.9999505 -0.00451807
vn 0.486791 -0.7253071 -0.4867896
vn 0.3055744 -0.9393519 -0.1556991
vn 0.009829874 -0.9999505 -0.001556904
vn 0.6133921 -0.7253056 -0.3125412
vn 0.3387388 -0.9393495 -0.05365162
vn 0.009830004 -0.9999505 0.001555879
vn 0.6799616 -0.7252952 -0.1076989
vn 0.3387382 -0.9393497 0.05365142
vn 0.008867274 -0.9999505 0.004517053
vn 0.6799598 -0.7252975 0.1076945
vn 0.3055789 -0.9393504 0.1557002
vn 0.007036166 -0.9999505 0.007037231
vn 0.6133988 -0.7253004 0.3125398
vn 0.2425063 -0.9393514 0.242507
vn 0.4867945 -0.7253035 0.4867916
vn 0.2425063 -0.9393514 0.242507
vn 0.004518982 -0.9999505 0.008867393
vn 0.007036166 -0.9999505 0.007037231
vn 0.1557047 -0.9393493 0.3055796
vn 0.4867945 -0.7253035 0.4867916
vn 0.00155663 -0.9999505 0.009829058
vn 0.312542 -0.7252982 0.6134003
vn 0.05365082 -0.9393519 0.3387323
vn -0.001557177 -0.9999505 0.009830667
vn 0.1076928 -0.7253082 0.6799487
vn -0.05365157 -0.9393529 0.3387296
vn -0.004517826 -0.9999505 0.008867422
vn -0.1076946 -0.7253078 0.6799489
vn -0.1557022 -0.939348 0.305585
vn -0.007036658 -0.9999505 0.007036659
vn -0.3125426 -0.7252939 0.6134051
vn -0.242501 -0.9393552 0.2424975
vn -0.008867086 -0.9999505 0.004517131
vn -0.4867874 -0.7253171 0.4867783
vn -0.3055847 -0.9393472 0.155708
vn -0.009829869 -0.9999505 0.001557699
vn -0.6134008 -0.7252927 0.312554
vn -0.3387184 -0.939357 0.05364802
vn -0.009829054 -0.9999505 -0.001556945
vn -0.6799309 -0.7253261 0.1076841
vn -0.3387318 -0.939352 -0.05365191
vn -0.008867662 -0.9999505 -0.004518688
vn -0.6799523 -0.7253046 -0.1076951
vn -0.3055809 -0.9393493 -0.1557027
vn -0.007037294 -0.9999505 -0.007036519
vn -0.6134032 -0.7252975 -0.3125381
vn -0.2425058 -0.9393522 -0.2425046
vn -0.4867906 -0.7253068 -0.4867904
vn -0.3106569 0.5353398 -0.7854321
vn -0.3629671 0.1713627 -0.9159092
vn -0.3629672 0.1713627 -0.9159092
vn -0.3106569 0.5353372 -0.7854339
vn -0.2110526 0.817816 -0.535382
vn -0.2110526 0.8178137 -0.5353853
vn 0.3629653 -0.1713613 0.9159102
vn 0.3629663 -0.1713618 0.9159097
vn 0.3629646 -0.171361 0.9159105
vn 0.362967 -0.1713622 0.9159094
vn 0.9295679 -0.001443161 -0.3686478
vn 0.9295681 -0.001445305 -0.3686478
vn 0.9295679 -0.001443429 -0.3686483
vn 0.9295682 -0.001443378 -0.3686474
vn 0.9295682 -0.001444807 -0.3686476
vn 0.9295679 -0.001450772 -0.3686478
vn 0.064495 0.9852069 0.1587699
vn 0.1984864 0.8446354 0.4971864
vn 0.06449448 0.9852069 0.1587697
vn 0.1984864 0.8446339 0.4971888
vn -0.9295667 0.001464803 0.368651
vn -0.9295676 0.001446766 0.3686488
vn -0.9295669 0.001452461 0.3686505
vn -0.9295678 0.00145009 0.3686486
vn -0.9295679 0.001442888 0.3686481
vn -0.9295676 0.001443331 0.3686487
vn 0.3022591 0.5754747 0.7599134
vn 0.1984864 0.8446354 0.4971864
vn 0.1984864 0.8446339 0.4971888
vn 0.3022596 0.5754803 0.7599089
vn -0.3629671 -0.1713627 -0.9159092
vn -0.3106565 -0.5353414 -0.7854311
vn -0.3629672 -0.1713627 -0.9159092
vn -0.3106565 -0.5353388 -0.785433
vn -0.2110515 -0.8178181 -0.5353792
vn -0.2110515 -0.8178158 -0.5353826
vn 0.3600174 -0.2187031 0.906949
vn 0.3629652 0.1713614 0.9159102
vn 0.3629646 0.171361 0.9159105
vn 0.3600187 -0.2187041 0.9069481
vn 0.3022601 -0.5754769 0.7599114
vn 0.3022595 -0.5754713 0.7599158
vn 0.9295681 0.001445308 -0.3686478
vn 0.9295679 0.001443161 -0.3686478
vn 0.9295679 0.001443428 -0.3686483
vn 0.9295682 0.001443375 -0.3686474
vn 0.9295681 0.0014448 -0.3686476
vn 0.9295681 0.001450783 -0.3686478
vn 0.06449463 -0.985207 0.1587689
vn 0.06449495 -0.985207 0.158769
vn 0.06449546 -0.985207 0.1587691
vn 0.06449412 -0.9852071 0.1587688
vn -0.9295676 -0.001446768 0.3686489
vn -0.9295667 -0.001464796 0.368651
vn -0.9295669 -0.001452472 0.3686505
vn -0.9295678 -0.001450087 0.3686486
vn -0.9295679 -0.001442889 0.3686481
vn -0.9295676 -0.00144333 0.3686487
vn -0.4999995 0 -0.8660257
vn -0.4999995 0 -0.8660257
vn -0.4999995 0 -0.8660257
vn -0.4999995 0 -0.8660257
vn -1 0 0
vn -1 0 0
vn -1 0 0
vn -1 0 0
vn -0.4999995 0 0.8660257
vn -0.4999995 0 0.8660257
vn -0.4999995 0 0.8660257
vn -0.4999995 0 0.8660257
vn 0.4999939 0 0.8660289
vn 0.4999939 0 0.8660289
vn 0.499994 0 0.8660289
vn 0.499994 0 0.8660289
vn 1 0 0
vn 1 0 0
vn 1 0 0
vn 1 0 0
vn 0.4999939 0 -0.8660289
vn 0.4999939 0 -0.8660289
vn 0.499994 0 -0.8660289
vn 0.499994 0 -0.8660289
vn 0 -1 0
vn 0 -1 0
vn 0 -1 0
vn 0 -1 0
vn 0 -1 0
vn 0 -1 0
vn -0.4999995 0 -0.8660257
vn -0.4999995 0 -0.8660257
vn -0.4999995 0 -0.8660257
vn -0.4999995 0 -0.8660257
vn -1 0 0
vn -1 0 0
vn -1 0 0
vn -1 0 0
vn -0.4999995 0 0.8660257
vn -0.4999995 0 0.8660257
vn -0.4999995 0 0.8660257
vn -0.4999995 0 0.8660257
vn 0.499994 0 0.8660289
vn 0.499994 0 0.8660289
vn 0.4999939 0 0.8660289
vn 0.4999939 0 0.8660289
vn 1 0 0
vn 1 0 0
vn 1 0 0
vn 1 0 0
vn 0.499994 0 -0.8660289
vn 0.499994 0 -0.8660289
vn 0.4999939 0 -0.8660289
vn 0.4999939 0 -0.8660289
vn 0 1 0
vn 0 1 0
vn 0 1 0
vn 0 1 0
vn 0 1 0
vn 0 1 0
vn -0.6869375 -0.06333833 -0.7239511
vn -0.3696508 -0.08098295 -0.925635
vn -0.6869363 -0.06333988 -0.7239522
vn -0.3696514 -0.08098216 -0.9256348
vn 0.3696328 -0.08098277 -0.9256421
vn 0.3696334 -0.08098355 -0.9256418
vn 0.6869101 -0.06334058 -0.7239769
vn 0.6869113 -0.06334192 -0.7239755
vn -1 0 0
vn -1 0 0
vn -1 0 0
vn -1 0 0
vn -0.6869438 0.06333657 0.7239451
vn -0.3696549 0.08098146 0.9256335
vn -0.6869431 0.06333761 0.7239459
vn -0.3696553 0.08098092 0.9256334
vn 0.3696372 0.08098155 0.9256405
vn 0.3696376 0.08098206 0.9256403
vn 0.6869166 0.06333882 0.7239708
vn 0.6869174 0.0633397 0.7239699
vn 1 0 0
vn 1 0 0
vn 1 0 0
vn 1 0 0
vn -1.677925E-06 0.9961946 -0.0871572
vn 0 0.9961946 -0.08715729
vn 1.203601E-06 0.9961945 -0.0871581
vn -7.205294E-07 0.9961946 -0.08715706
vn 7.205614E-07 0.9961946 -0.08715706
vn 0 0.9961946 -0.08715727
vn 1.678088E-06 0.9961946 -0.0871572
vn -1.20369E-06 0.9961945 -0.08715809
vn -0.4522271 -0.07773587 -0.8885088
vn -0.2324837 -0.08476797 -0.9688993
vn -0.4522261 -0.07773726 -0.8885091
vn -0.2324842 -0.08476727 -0.9688992
vn 0.2324695 -0.08476758 -0.9689026
vn 0.23247 -0.08476827 -0.9689025
vn 0.4522026 -0.07773696 -0.8885211
vn 0.4522036 -0.07773826 -0.8885205
vn -1 0 0
vn -1 0 0
vn -1 0 0
vn -1 0 0
vn -0.4522335 0.07773393 0.8885057
vn -0.2324872 0.08476653 0.9688985
vn -0.4522329 0.07773487 0.8885059
vn -0.2324875 0.08476606 0.9688985
vn 0.2324731 0.08476636 0.9689019
vn 0.2324734 0.08476681 0.9689018
vn 0.452209 0.07773502 0.888518
vn 0.4522097 0.0777359 0.8885177
vn 1 0 0
vn 1 0 0
vn 1 0 0
vn 1 0 0
vn -6.705871E-07 0.9961946 -0.08715733
vn 0 0.9961946 -0.08715728
vn 6.456128E-07 0.9961945 -0.08715809
vn -4.669137E-07 0.9961946 -0.08715706
vn 4.669388E-07 0.9961946 -0.08715705
vn 0 0.9961946 -0.08715728
vn 6.706661E-07 0.9961946 -0.08715734
vn -6.456572E-07 0.9961945 -0.08715809
vn 0.9961947 0.08715586 0
vn 0.9961947 0.08715586 0
vn 0.9961947 0.08715586 0
vn 0.9961947 0.08715586 0
vn 0 0 -1
vn 0 0 -1
vn 0 0 -1
vn 0 0 -1
vn -0.08715694 0.9961946 0
vn -0.08715694 0.9961946 0
vn -0.08715694 0.9961946 0
vn -0.08715694 0.9961946 0
vn 0 0 1
vn 0 0 1
vn 0 0 1
vn 0 0 1
vn 0.08715572 -0.9961947 0
vn 0.08715572 -0.9961947 0
vn 0.08715571 -0.9961947 0
vn 0.08715571 -0.9961947 0
vn -8.74179E-07 0.6915127 0.7223643
vn 0.2052155 -0.02135001 0.9784839
vn -1.148826E-06 -0.02181534 0.999762
vn 0.2052149 0.6767958 0.7069896
vn -4.610719E-07 0.9997621 0.02181354
vn 0.4209004 0.6272749 0.6552625
vn 0.4209011 -0.01978823 0.9068906
vn 0.420899 0.9068916 0.01978923
vn 0.2052141 0.9784842 0.02135132
vn -1.026294E-06 0.7223641 -0.6915129
vn 0.4209003 0.6552624 -0.6272752
vn 0.2052146 0.70699 -0.6767955
vn -4.108941E-07 0.02181557 -0.999762
vn 0.4208993 0.01978871 -0.9068915
vn 0.2052146 0.02134981 -0.9784842
vn 5.352027E-07 -0.6915122 -0.7223647
vn 0.2052146 0.02134981 -0.9784842
vn -4.108941E-07 0.02181557 -0.999762
vn 0.2052137 -0.6767967 -0.7069892
vn 9.396973E-07 -0.999762 -0.02181509
vn 0.420896 -0.6272776 -0.6552628
vn 0.4208993 0.01978871 -0.9068915
vn 0.4208966 -0.9068927 -0.01978691
vn 0.2052141 -0.9784842 -0.02135097
vn 0 -0.7223637 0.6915134
vn 0.4208957 -0.6552641 0.6272765
vn 0.2052132 -0.706989 0.676797
vn -1.148826E-06 -0.02181534 0.999762
vn 0.4209011 -0.01978823 0.9068906
vn 0.2052155 -0.02135001 0.9784839
vn 0.9495995 0.006840817 -0.313391
vn 0.8690478 0.3573756 -0.3421089
vn 0.8690437 0.01079379 -0.4946176
vn 0.9496003 0.2264371 -0.2167613
vn 0.8690478 0.4946105 0.01079186
vn 0.9496001 0.3133894 0.006838532
vn 0.8690483 0.3421103 0.3573729
vn 0.9496003 0.2167634 0.2264347
vn 0.8690488 -0.01079075 0.4946088
vn 0.9496003 -0.006836199 0.3133888
vn 0.8690437 0.01079379 -0.4946176
vn 0.9495991 -0.2167667 -0.226437
vn 0.9495995 0.006840817 -0.313391
vn 0.8690435 -0.3421158 -0.3573795
vn 0.9495993 -0.3133921 -0.006837652
vn 0.869044 -0.494617 -0.01079313
vn 0.9495997 -0.226433 0.2167681
vn 0.8690457 -0.3573749 0.3421152
vn 0.9496003 -0.006836199 0.3133888
vn 0.8690488 -0.01079075 0.4946088
vn -2.180335E-06 0.7518381 0.6593478
vn 0.2052105 0.06400968 0.9766225
vn -7.366465E-07 0.06540333 0.9978589
vn 0.2052156 0.7358382 0.6453129
vn -1.467895E-06 0.9978589 -0.06540194
vn 0.4209019 0.6819966 0.5980987
vn 0.4208901 0.05933045 0.9051694
vn 0.4209018 0.9051641 -0.05932694
vn 0.2052155 0.9766212 -0.06401197
vn -2.304899E-07 0.6593447 -0.7518407
vn 0.4208997 0.5980995 -0.6819972
vn 0.2052145 0.6453112 -0.73584
vn 7.8853E-07 -0.06540445 -0.9978588
vn 0.4208915 -0.0593297 -0.9051688
vn 0.2052109 -0.0640118 -0.9766223
vn 5.714891E-07 -0.7518394 -0.6593463
vn 0.2052109 -0.0640118 -0.9766223
vn 7.8853E-07 -0.06540445 -0.9978588
vn 0.2052111 -0.7358386 -0.6453137
vn 0 -0.9978591 0.06540119
vn 0.4208907 -0.6820039 -0.5980984
vn 0.4208915 -0.0593297 -0.9051688
vn 0.4208953 -0.905167 0.05932742
vn 0.2052131 -0.9766218 0.06401043
vn 2.522542E-07 -0.6593467 0.751839
vn 0.4208856 -0.5981041 0.6820021
vn 0.2052085 -0.6453125 0.7358406
vn -7.366465E-07 0.06540333 0.9978589
vn 0.4208901 0.05933045 0.9051694
vn 0.2052105 0.06400968 0.9766225
vn 0.9496023 -0.02049981 -0.3127865
vn 0.8690513 0.3261935 -0.3719513
vn 0.8690511 -0.03235682 -0.4936631
vn 0.9496021 0.2066778 -0.2356698
vn 0.8690501 0.4936647 -0.03235639
vn 0.9496018 0.3127879 -0.02050154
vn 0.8690519 0.371951 0.3261919
vn 0.9496024 0.2356691 0.2066767
vn 0.8690503 0.03235719 0.4936644
vn 0.9496017 0.02050047 0.3127881
vn 0.8690511 -0.03235682 -0.4936631
vn 0.9496014 -0.2356721 -0.2066779
vn 0.9496023 -0.02049981 -0.3127865
vn 0.86905 -0.3719539 -0.326194
vn 0.9496021 -0.3127868 0.02050153
vn 0.8690514 -0.4936627 0.03235612
vn 0.9496021 -0.206677 0.2356703
vn 0.869051 -0.326194 0.3719512
vn 0.9496017 0.02050047 0.3127881
vn 0.8690503 0.03235719 0.4936644
vn -2.2862E-06 0.7518391 0.6593466
vn 0.2052151 0.06400972 0.9766214
vn -1.725604E-06 0.06540324 0.9978589
vn 0.2052183 0.735837 0.6453134
vn -1.020848E-06 0.9978589 -0.06540286
vn 0.4209089 0.681995 0.5980957
vn 0.4209008 0.05932824 0.9051645
vn 0.4208921 0.9051685 -0.05932932
vn 0.2052108 0.9766223 -0.06401207
vn -1.168253E-07 0.6593458 -0.7518399
vn 0.4209002 0.5980989 -0.6819976
vn 0.2052153 0.6453125 -0.7358385
vn 6.629763E-07 -0.0654038 -0.9978588
vn 0.4208915 -0.05932963 -0.9051688
vn 0.205211 -0.06401183 -0.9766222
vn 4.578228E-07 -0.7518392 -0.6593465
vn 0.205211 -0.06401183 -0.9766222
vn 6.629763E-07 -0.0654038 -0.9978588
vn 0.2052111 -0.7358386 -0.6453137
vn 0 -0.9978589 0.0654018
vn 0.4208907 -0.6820037 -0.5980985
vn 0.4208915 -0.05932963 -0.9051688
vn 0.4208953 -0.905167 0.0593284
vn 0.2052134 -0.9766218 0.0640106
vn -1.526632E-07 -0.6593455 0.7518401
vn 0.4208955 -0.5981002 0.6819993
vn 0.2052131 -0.6453125 0.7358391
vn -1.725604E-06 0.06540324 0.9978589
vn 0.4209008 0.05932824 0.9051645
vn 0.2052151 0.06400972 0.9766214
vn 0.9496022 -0.02049967 -0.3127866
vn 0.8690505 0.3261941 -0.3719525
vn 0.8690511 -0.03235662 -0.4936631
vn 0.9496018 0.2066774 -0.2356711
vn 0.8690512 0.4936629 -0.03235642
vn 0.9496021 0.3127867 -0.02050167
vn 0.8690507 0.3719532 0.3261929
vn 0.9496018 0.235671 0.2066775
vn 0.8690516 0.03235605 0.4936621
vn 0.9496024 0.02050023 0.3127862
vn 0.8690511 -0.03235662 -0.4936631
vn 0.9496015 -0.2356712 -0.2066784
vn 0.9496022 -0.02049967 -0.3127866
vn 0.8690498 -0.3719536 -0.3261947
vn 0.9496019 -0.3127872 0.02050124
vn 0.8690514 -0.4936627 0.03235628
vn 0.9496022 -0.2066762 0.2356708
vn 0.8690513 -0.3261931 0.3719514
vn 0.9496024 0.02050023 0.3127862
vn 0.8690516 0.03235605 0.4936621
vn 0.2052129 0.02135141 0.9784843
vn 0 -0.691512 0.7223648
vn 3.090148E-07 0.02181547 0.999762
vn 0.205215 -0.6767946 0.7069907
vn -1.171534E-07 -0.9997621 0.02181327
vn 0.4208974 -0.62728 0.6552595
vn 0.4208935 0.01978388 0.9068943
vn 0.4209102 -0.9068863 0.01979136
vn 0.2052199 -0.978483 0.02135005
vn -1.070635E-06 -0.7223633 -0.6915137
vn 0.4208899 -0.6552613 -0.6272832
vn 0.2052096 -0.7069905 -0.6767965
vn -2.278166E-06 -0.02181691 -0.999762
vn 0.4209 -0.01978833 -0.9068912
vn 0.2052147 -0.02135364 -0.978484
vn 0.2052147 -0.02135364 -0.978484
vn -1.869331E-06 0.6915127 -0.7223644
vn -2.278166E-06 -0.02181691 -0.999762
vn 0.2052173 0.6767953 -0.7069895
vn -4.07907E-07 0.999762 -0.02181429
vn 0.4209072 0.6272695 -0.6552634
vn 0.4209 -0.01978833 -0.9068912
vn 0.420889 0.9068964 -0.01978535
vn 0.2052093 0.9784853 -0.02134913
vn 4.741379E-07 0.7223632 0.6915139
vn 0.4208881 0.655262 0.6272838
vn 0.2052103 0.7069905 0.6767962
vn 3.090148E-07 0.02181547 0.999762
vn 0.4208935 0.01978388 0.9068943
vn 0.2052129 0.02135141 0.9784843
vn 0.9496037 0.2167561 -0.2264281
vn 0.8690541 -0.01078997 -0.4945995
vn 0.9496034 -0.006838459 -0.3133797
vn 0.8690546 0.3421037 -0.3573644
vn 0.9496024 0.3133825 -0.006839516
vn 0.8690518 0.4946035 -0.01079274
vn 0.9496027 0.2264307 0.2167575
vn 0.8690512 0.3573691 0.3421072
vn 0.9496024 0.006837702 0.3133824
vn 0.8690502 0.01079311 0.4946061
vn 0.9496013 -0.2167626 0.2264319
vn 0.8690502 0.01079311 0.4946061
vn 0.9496024 0.006837702 0.3133824
vn 0.8690486 -0.3421095 0.3573732
vn 0.9496028 -0.3133811 0.006836598
vn 0.8690522 -0.4946026 0.01079197
vn 0.9496031 -0.226428 -0.2167586
vn 0.8690543 -0.3573645 -0.3421042
vn 0.9496034 -0.006838459 -0.3133797
vn 0.8690541 -0.01078997 -0.4945995
vn 0.2052126 0.02135044 0.9784845
vn 0 -0.6915127 0.7223644
vn 4.820603E-07 0.02181472 0.999762
vn 0.2052154 -0.6767955 0.7069896
vn -1.171524E-07 -0.999762 0.02181438
vn 0.4209 -0.6272752 0.6552626
vn 0.4208943 0.01978645 0.9068939
vn 0.4209011 -0.9068906 0.01979064
vn 0.2052155 -0.9784839 0.02135032
vn -5.964983E-07 -0.7223638 -0.6915132
vn 0.4208915 -0.6552612 -0.6272824
vn 0.2052108 -0.706991 -0.6767957
vn -1.532923E-06 -0.02181617 -0.999762
vn 0.4208936 -0.01978825 -0.9068941
vn 0.2052117 -0.02135175 -0.9784847
vn 0.2052117 -0.02135175 -0.9784847
vn -1.368583E-06 0.6915115 -0.7223655
vn -1.532923E-06 -0.02181617 -0.999762
vn 0.2052116 0.6767947 -0.7069916
vn -2.719408E-07 0.999762 -0.02181571
vn 0.4208932 0.6272786 -0.6552637
vn 0.4208936 -0.01978825 -0.9068941
vn 0.4209005 0.9068907 -0.01979277
vn 0.2052154 0.978484 -0.02134997
vn 6.39818E-07 0.7223624 0.6915148
vn 0.4208984 0.6552598 0.6272791
vn 0.2052144 0.7069904 0.6767952
vn 4.820603E-07 0.02181472 0.999762
vn 0.4208943 0.01978645 0.9068939
vn 0.2052126 0.02135044 0.9784845
vn 0.9496034 0.2167567 -0.2264284
vn 0.8690542 -0.01079153 -0.4945992
vn 0.9496033 -0.006838083 -0.3133801
vn 0.8690544 0.3421034 -0.3573649
vn 0.9496034 0.3133791 -0.006841004
vn 0.8690544 0.4945989 -0.01079395
vn 0.9496027 0.2264313 0.2167571
vn 0.8690505 0.35737 0.3421081
vn 0.9496017 0.006837471 0.3133846
vn 0.869049 0.0107924 0.4946083
vn 0.869049 0.0107924 0.4946083
vn 0.9496017 0.006837471 0.3133846
vn 0.9496017 -0.2167615 0.2264311
vn 0.8690495 -0.342109 0.3573715
vn 0.9496026 -0.3133819 0.006835122
vn 0.8690518 -0.4946033 0.01079196
vn 0.9496036 -0.2264275 -0.2167571
vn 0.8690553 -0.3573643 -0.3421017
vn 0.9496033 -0.006838083 -0.3133801
vn 0.8690542 -0.01079153 -0.4945992
vn 0.2052156 0.02135089 0.9784839
vn -6.68864E-07 -0.6915122 0.7223647
vn -8.59712E-07 0.02181492 0.999762
vn 0.2052142 -0.676796 0.7069898
vn 0 -0.999762 0.02181427
vn 0.4208986 -0.6272752 0.6552635
vn 0.4209011 0.01978698 0.9068907
vn 0.4208989 -0.9068916 0.01978914
vn 0.2052144 -0.9784842 0.02135125
vn -4.397589E-07 -0.7223639 -0.6915131
vn 0.4209003 -0.6552622 -0.6272753
vn 0.2052149 -0.7069898 -0.6767955
vn -1.546581E-07 -0.02181541 -0.999762
vn 0.4209017 -0.01978853 -0.9068904
vn 0.2052158 -0.02135066 -0.9784839
vn 0.2052158 -0.02135066 -0.9784839
vn 5.801148E-07 0.6915124 -0.7223645
vn -1.546581E-07 -0.02181541 -0.999762
vn 0.2052144 0.6767969 -0.7069888
vn 8.966971E-07 0.999762 -0.02181515
vn 0.4208978 0.6272766 -0.6552626
vn 0.4209017 -0.01978853 -0.9068904
vn 0.4208968 0.9068927 -0.01978664
vn 0.2052142 0.9784842 -0.02135074
vn 0 0.722364 0.6915131
vn 0.4208957 0.6552641 0.6272764
vn 0.2052132 0.7069891 0.6767969
vn -8.59712E-07 0.02181492 0.999762
vn 0.4209011 0.01978698 0.9068907
vn 0.2052156 0.02135089 0.9784839
vn 0.8690474 -0.3573762 -0.3421092
vn 0.9495996 -0.00684129 -0.3133909
vn 0.8690435 -0.01079377 -0.4946177
vn 0.9496001 -0.2264373 -0.2167618
vn 0.8690477 -0.4946107 0.01079177
vn 0.9496001 -0.3133892 0.006838955
vn 0.8690481 -0.3421106 0.3573734
vn 0.9496002 -0.216764 0.2264349
vn 0.8690487 0.01079073 0.4946089
vn 0.9496003 0.006836707 0.3133887
vn 0.9495987 0.2167678 -0.2264373
vn 0.8690435 -0.01079377 -0.4946177
vn 0.9495996 -0.00684129 -0.3133909
vn 0.8690429 0.3421165 -0.3573804
vn 0.9495993 0.3133921 -0.006837794
vn 0.8690441 0.494617 -0.01079282
vn 0.9495997 0.226433 0.2167681
vn 0.8690456 0.3573749 0.3421152
vn 0.9496003 0.006836707 0.3133887
vn 0.8690487 0.01079073 0.4946089
vn 0.2052106 -0.06401026 0.9766223
vn -2.560347E-06 -0.7518373 0.6593487
vn -6.540396E-07 -0.0654038 0.9978588
vn 0.2052175 -0.7358381 0.6453124
vn -1.29938E-06 -0.9978589 -0.06540224
vn 0.4209057 -0.6819946 0.5980984
vn 0.4208904 -0.05932877 0.9051692
vn 0.420907 -0.9051616 -0.05932692
vn 0.205218 -0.9766207 -0.06401234
vn 0 -0.6593441 -0.7518412
vn 0.4209001 -0.5980991 -0.6819976
vn 0.2052145 -0.6453108 -0.7358403
vn 6.62976E-07 0.06540415 -0.9978588
vn 0.4208914 0.05933002 -0.9051687
vn 0.2052109 0.06401213 -0.9766222
vn 0.2052109 0.06401213 -0.9766222
vn 4.578231E-07 0.7518394 -0.6593463
vn 6.62976E-07 0.06540415 -0.9978588
vn 0.2052111 0.7358389 -0.6453136
vn 0 0.9978591 0.06540056
vn 0.4208907 0.682004 -0.5980982
vn 0.4208914 0.05933002 -0.9051687
vn 0.4208953 0.905167 0.05932673
vn 0.205213 0.9766219 0.06401008
vn 4.547117E-07 0.659347 0.7518387
vn 0.4208824 0.5981059 0.6820023
vn 0.2052069 0.6453124 0.7358412
vn -6.540396E-07 -0.0654038 0.9978588
vn 0.4208904 -0.05932877 0.9051692
vn 0.2052106 -0.06401026 0.9766223
vn 0.869052 -0.3261931 -0.3719499
vn 0.9496022 0.02050054 -0.3127866
vn 0.8690511 0.03235651 -0.4936631
vn 0.9496024 -0.2066771 -0.2356693
vn 0.8690503 -0.4936645 -0.03235627
vn 0.9496018 -0.3127879 -0.02050154
vn 0.8690519 -0.3719511 0.3261918
vn 0.9496025 -0.2356692 0.2066766
vn 0.8690504 -0.03235739 0.4936644
vn 0.9496017 -0.02050067 0.3127882
vn 0.9496014 0.2356721 -0.2066779
vn 0.8690511 0.03235651 -0.4936631
vn 0.9496022 0.02050054 -0.3127866
vn 0.86905 0.3719539 -0.326194
vn 0.9496022 0.3127867 0.02050116
vn 0.8690512 0.4936631 0.0323559
vn 0.9496018 0.2066779 0.2356708
vn 0.8690504 0.3261945 0.3719524
vn 0.9496017 -0.02050067 0.3127882
vn 0.8690504 -0.03235739 0.4936644
vn 0.2052175 -0.06401109 0.9766209
vn -3.124035E-06 -0.7518384 0.6593474
vn -2.305972E-06 -0.06540279 0.9978589
vn 0.20522 -0.7358373 0.6453125
vn -8.523336E-07 -0.9978589 -0.06540249
vn 0.4209134 -0.6819928 0.5980952
vn 0.4209065 -0.05932454 0.905162
vn 0.4208925 -0.9051682 -0.05932991
vn 0.2052112 -0.9766222 -0.06401236
vn 1.136651E-07 -0.6593454 -0.7518401
vn 0.4209033 -0.598097 -0.6819973
vn 0.2052169 -0.6453128 -0.7358379
vn 6.62976E-07 0.06540351 -0.9978589
vn 0.4208916 0.05932932 -0.9051687
vn 0.2052109 0.06401149 -0.9766223
vn 0.2052109 0.06401149 -0.9766223
vn 4.578226E-07 0.7518394 -0.6593463
vn 6.62976E-07 0.06540351 -0.9978589
vn 0.2052111 0.7358389 -0.6453136
vn 0 0.9978589 0.06540181
vn 0.4208907 0.682004 -0.5980982
vn 0.4208916 0.05932932 -0.9051687
vn 0.4208954 0.905167 0.05932843
vn 0.2052133 0.9766218 0.06401085
vn 0 0.659346 0.7518397
vn 0.4208924 0.5981022 0.6819996
vn 0.2052117 0.6453125 0.7358396
vn -2.305972E-06 -0.06540279 0.9978589
vn 0.4209065 -0.05932454 0.905162
vn 0.2052175 -0.06401109 0.9766209
vn 0.8690513 -0.3261936 -0.3719511
vn 0.9496022 0.02050037 -0.3127867
vn 0.8690511 0.03235631 -0.4936631
vn 0.9496021 -0.2066768 -0.2356706
vn 0.8690513 -0.4936627 -0.03235628
vn 0.9496021 -0.3127867 -0.02050265
vn 0.8690515 -0.3719523 0.3261918
vn 0.9496021 -0.2356701 0.2066772
vn 0.8690516 -0.03235558 0.4936621
vn 0.9496023 -0.02050089 0.3127863
vn 0.9496015 0.2356713 -0.2066783
vn 0.8690511 0.03235631 -0.4936631
vn 0.9496022 0.02050037 -0.3127867
vn 0.86905 0.3719533 -0.3261947
vn 0.9496024 0.3127859 0.02050057
vn 0.8690523 0.493661 0.03235564
vn 0.9496018 0.2066768 0.2356714
vn 0.8690507 0.3261935 0.3719527
vn 0.9496023 -0.02050089 0.3127863
vn 0.8690516 -0.03235558 0.4936621
vn 0 0.6915119 0.7223651
vn 0.2052161 -0.02135014 0.9784838
vn 0 -0.02181569 0.999762
vn 0.2052204 0.6767932 0.7069905
vn -1.17154E-07 0.9997621 0.02181212
vn 0.4209085 0.6272771 0.6552553
vn 0.4209004 -0.01978517 0.906891
vn 0.4209167 0.9068833 0.019791
vn 0.2052228 0.9784824 0.02134937
vn -1.544767E-06 0.7223637 -0.6915134
vn 0.420894 0.6552601 -0.6272818
vn 0.2052114 0.7069896 -0.6767969
vn -2.033797E-06 0.02181694 -0.999762
vn 0.4208998 0.0197864 -0.9068913
vn 0.2052151 0.02135378 -0.978484
vn -1.863135E-06 -0.6915135 -0.7223636
vn 0.2052151 0.02135378 -0.978484
vn -2.033797E-06 0.02181694 -0.999762
vn 0.2052221 -0.6767946 -0.7069886
vn -5.438728E-07 -0.9997621 -0.02181295
vn 0.4209177 -0.6272642 -0.6552618
vn 0.4208998 0.0197864 -0.9068913
vn 0.4208959 -0.9068932 -0.01978628
vn 0.2052124 -0.9784846 -0.02134714
vn 0 -0.7223629 0.6915141
vn 0.4208992 -0.6552594 0.6272789
vn 0.2052152 -0.7069891 0.6767963
vn 0 -0.02181569 0.999762
vn 0.4209004 -0.01978517 0.906891
vn 0.2052161 -0.02135014 0.9784838
vn 0.8690539 0.01079044 -0.4945998
vn 0.9496034 -0.2167559 -0.2264292
vn 0.9496034 0.006839024 -0.3133796
vn 0.869054 -0.3421047 -0.3573648
vn 0.9496024 -0.3133825 -0.006837044
vn 0.8690525 -0.4946023 -0.01079149
vn 0.949604 -0.226427 0.2167556
vn 0.8690566 -0.3573622 0.3421008
vn 0.9496039 -0.006836946 0.3133778
vn 0.8690559 -0.01079236 0.4945962
vn 0.8690559 -0.01079236 0.4945962
vn 0.9496034 0.2167582 0.2264275
vn 0.9496039 -0.006836946 0.3133778
vn 0.8690548 0.3421014 0.3573659
vn 0.9496038 0.3133783 0.006838603
vn 0.8690555 0.4945967 0.01079271
vn 0.9496034 0.2264281 -0.2167573
vn 0.8690543 0.3573645 -0.3421042
vn 0.9496034 0.006839024 -0.3133796
vn 0.8690539 0.01079044 -0.4945998
vn 0 0.6915125 0.7223644
vn 0.2052158 -0.02135074 0.9784839
vn 4.820596E-07 -0.02181506 0.999762
vn 0.2052196 0.6767949 0.706989
vn -1.171523E-07 0.999762 0.02181436
vn 0.4209086 0.6272714 0.6552608
vn 0.4209005 -0.01978658 0.906891
vn 0.4209078 0.9068875 0.01979012
vn 0.2052187 0.9784832 0.02135012
vn -5.964973E-07 0.7223637 -0.6915134
vn 0.4209001 0.6552578 -0.6272801
vn 0.2052151 0.7069905 -0.6767949
vn -1.474345E-06 0.02181574 -0.999762
vn 0.4209001 0.01978712 -0.9068912
vn 0.2052148 0.02135218 -0.978484
vn -1.307401E-06 -0.6915113 -0.7223656
vn 0.2052148 0.02135218 -0.978484
vn -1.474345E-06 0.02181574 -0.999762
vn 0.2052139 -0.6767941 -0.7069916
vn -2.719411E-07 -0.999762 -0.02181566
vn 0.4208971 -0.6272783 -0.6552614
vn 0.4209001 0.01978712 -0.9068912
vn 0.4209099 -0.9068865 -0.01979349
vn 0.2052199 -0.978483 -0.02135017
vn 6.398167E-07 -0.7223622 0.691515
vn 0.4209028 -0.6552587 0.6272774
vn 0.2052164 -0.7069896 0.6767952
vn 4.820596E-07 -0.02181506 0.999762
vn 0.4209005 -0.01978658 0.906891
vn 0.2052158 -0.02135074 0.9784839
vn 0.8690542 0.01079153 -0.4945992
vn 0.9496034 -0.2167567 -0.2264284
vn 0.9496033 0.006838083 -0.31338
vn 0.8690546 -0.3421032 -0.3573649
vn 0.9496038 -0.3133782 -0.006838914
vn 0.8690556 -0.4945967 -0.01079298
vn 0.9496038 -0.2264282 0.2167554
vn 0.8690553 -0.3573636 0.3421025
vn 0.9496034 -0.006837848 0.3133796
vn 0.8690542 -0.01079256 0.4945992
vn 0.8690542 -0.01079256 0.4945992
vn 0.9496028 0.216759 0.2264289
vn 0.9496034 -0.006837848 0.3133796
vn 0.8690538 0.3421042 0.3573656
vn 0.9496038 0.313378 0.006837304
vn 0.8690558 0.4945964 0.01079289
vn 0.9496038 0.2264278 -0.2167558
vn 0.8690553 0.3573645 -0.3421015
vn 0.9496033 0.006838083 -0.31338
vn 0.8690542 0.01079153 -0.4945992
vn 0.9496038 -0.3133782 -0.006838914
vn 1 0 0
vn 0.9496034 -0.2167567 -0.2264284
vn 0.9496038 -0.2264282 0.2167554
vn 0.9496033 0.006838083 -0.31338
vn 0.9496034 -0.006837848 0.3133796
vn 0.9496038 0.2264278 -0.2167558
vn 0.9496028 0.216759 0.2264289
vn 0.9496038 0.313378 0.006837304
vn 0.9496024 -0.3133825 -0.006837044
vn 1 0 0
vn 0.9496034 -0.2167559 -0.2264292
vn 0.949604 -0.226427 0.2167556
vn 0.9496034 0.006839024 -0.3133796
vn 0.9496039 -0.006836946 0.3133778
vn 0.9496034 0.2264281 -0.2167573
vn 0.9496034 0.2167582 0.2264275
vn 0.9496038 0.3133783 0.006838603
vn 0.9496018 0.2066768 0.2356714
vn 1 0 0
vn 0.9496023 -0.02050089 0.3127863
vn 0.9496024 0.3127859 0.02050057
vn 0.9496021 -0.2356701 0.2066772
vn 0.9496015 0.2356713 -0.2066783
vn 0.9496021 -0.3127867 -0.02050265
vn 0.9496022 0.02050037 -0.3127867
vn 0.9496021 -0.2066768 -0.2356706
vn 0.9496018 0.2066779 0.2356708
vn 1 0 0
vn 0.9496017 -0.02050067 0.3127882
vn 0.9496022 0.3127867 0.02050116
vn 0.9496025 -0.2356692 0.2066766
vn 0.9496014 0.2356721 -0.2066779
vn 0.9496018 -0.3127879 -0.02050154
vn 0.9496022 0.02050054 -0.3127866
vn 0.9496024 -0.2066771 -0.2356693
vn 0.9495997 0.226433 0.2167681
vn 1 -3.416536E-06 1.503315E-06
vn 0.9496003 0.006836707 0.3133887
vn 0.9495993 0.3133921 -0.006837794
vn 0.9496002 -0.216764 0.2264349
vn 0.9495987 0.2167678 -0.2264373
vn 0.9496001 -0.3133892 0.006838955
vn 0.9495996 -0.00684129 -0.3133909
vn 0.9496001 -0.2264373 -0.2167618
vn 0.9496034 0.3133791 -0.006841004
vn 0.9496034 0.2167567 -0.2264284
vn 1 9.214449E-07 -2.369493E-06
vn 0.9496027 0.2264313 0.2167571
vn 0.9496033 -0.006838083 -0.3133801
vn 0.9496017 0.006837471 0.3133846
vn 0.9496036 -0.2264275 -0.2167571
vn 0.9496017 -0.2167615 0.2264311
vn 0.9496026 -0.3133819 0.006835122
vn 0.9496024 0.3133825 -0.006839516
vn 0.9496037 0.2167561 -0.2264281
vn 1 9.214477E-07 -2.369492E-06
vn 0.9496027 0.2264307 0.2167575
vn 0.9496034 -0.006838459 -0.3133797
vn 0.9496024 0.006837702 0.3133824
vn 0.9496031 -0.226428 -0.2167586
vn 0.9496013 -0.2167626 0.2264319
vn 0.9496028 -0.3133811 0.006836598
vn 0.9496022 -0.2066762 0.2356708
vn 0.9496024 0.02050023 0.3127862
vn 1 0 0
vn 0.9496019 -0.3127872 0.02050124
vn 0.9496018 0.235671 0.2066775
vn 0.9496015 -0.2356712 -0.2066784
vn 0.9496021 0.3127867 -0.02050167
vn 0.9496022 -0.02049967 -0.3127866
vn 0.9496018 0.2066774 -0.2356711
vn 0.9496021 -0.206677 0.2356703
vn 0.9496017 0.02050047 0.3127881
vn 1 0 0
vn 0.9496021 -0.3127868 0.02050153
vn 0.9496024 0.2356691 0.2066767
vn 0.9496014 -0.2356721 -0.2066779
vn 0.9496018 0.3127879 -0.02050154
vn 0.9496023 -0.02049981 -0.3127865
vn 0.9496021 0.2066778 -0.2356698
vn 0.9495997 -0.226433 0.2167681
vn 0.9496003 -0.006836199 0.3133888
vn 1 3.416533E-06 1.503313E-06
vn 0.9495993 -0.3133921 -0.006837652
vn 0.9496003 0.2167634 0.2264347
vn 0.9495991 -0.2167667 -0.226437
vn 0.9496001 0.3133894 0.006838532
vn 0.9495995 0.006840817 -0.313391
vn 0.9496003 0.2264371 -0.2167613
vn 2.650928E-06 -1 -1.013425E-07
vn 0 -1 0
vn 3.057881E-06 -1 -4.842797E-07
vn 1.702715E-06 -1 -1.702717E-06
vn 2.552503E-06 -1 -7.227884E-07
vn 1.013367E-07 -1 -2.650928E-06
vn 2.145551E-06 -1 1.093194E-06
vn 4.842775E-07 -1 -3.057878E-06
vn 1.702713E-06 -1 1.702724E-06
vn 7.227827E-07 -1 -2.5525E-06
vn 1.093216E-06 -1 2.145553E-06
vn -1.093199E-06 -1 -2.145547E-06
vn 3.76714E-07 -1 2.378362E-06
vn -1.702724E-06 -1 -1.702712E-06
vn -3.766892E-07 -1 2.378356E-06
vn -2.145551E-06 -1 -1.093217E-06
vn -1.093217E-06 -1 2.14555E-06
vn -2.378362E-06 -1 -3.767146E-07
vn -1.702719E-06 -1 1.702718E-06
vn -2.378356E-06 -1 3.766922E-07
vn -2.14555E-06 -1 1.09322E-06
vn -9.37048E-07 1 1.839038E-06
vn 0 1 0
vn -3.228834E-07 1 2.038586E-06
vn -1.459471E-06 1 1.459469E-06
vn 3.22882E-07 1 2.038596E-06
vn -1.839036E-06 1 9.370487E-07
vn 9.370302E-07 1 1.839043E-06
vn -2.038583E-06 1 3.228833E-07
vn 1.459475E-06 1 1.459472E-06
vn -2.038592E-06 1 -3.228842E-07
vn 1.839043E-06 1 9.370438E-07
vn -1.839041E-06 1 -9.370279E-07
vn 2.038594E-06 1 3.228972E-07
vn -1.459467E-06 1 -1.459474E-06
vn 2.038587E-06 1 -3.22882E-07
vn -9.370399E-07 1 -1.839043E-06
vn 1.839039E-06 1 -9.370501E-07
vn -3.228974E-07 1 -2.038592E-06
vn 1.459474E-06 1 -1.459471E-06
vn 3.228808E-07 1 -2.038586E-06
vn 9.370502E-07 1 -1.839038E-06
vn 2.650928E-06 -1 -1.013347E-07
vn 0 -1 0
vn 3.057879E-06 -1 -4.842673E-07
vn 1.702716E-06 -1 -1.702713E-06
vn 2.552503E-06 -1 -7.227849E-07
vn 1.013433E-07 -1 -2.650925E-06
vn 2.145551E-06 -1 1.093193E-06
vn 4.842822E-07 -1 -3.057874E-06
vn 1.702711E-06 -1 1.702724E-06
vn 7.227792E-07 -1 -2.552497E-06
vn 1.093215E-06 -1 2.145553E-06
vn -1.093201E-06 -1 -2.145546E-06
vn 3.76715E-07 -1 2.378362E-06
vn -1.702724E-06 -1 -1.702712E-06
vn -3.766871E-07 -1 2.378357E-06
vn -2.145551E-06 -1 -1.093217E-06
vn -1.093216E-06 -1 2.14555E-06
vn -2.378363E-06 -1 -3.767098E-07
vn -1.702719E-06 -1 1.702717E-06
vn -2.378359E-06 -1 3.766926E-07
vn -2.145552E-06 -1 1.093216E-06
vn -9.370491E-07 1 1.839036E-06
vn 0 1 0
vn -3.228836E-07 1 2.038586E-06
vn -1.459471E-06 1 1.45947E-06
vn 3.228814E-07 1 2.038595E-06
vn -1.839036E-06 1 9.370472E-07
vn 9.370311E-07 1 1.839043E-06
vn -2.038584E-06 1 3.228837E-07
vn 1.459476E-06 1 1.459472E-06
vn -2.03859E-06 1 -3.228831E-07
vn 1.839043E-06 1 9.370452E-07
vn -1.839041E-06 1 -9.370283E-07
vn 2.038594E-06 1 3.228976E-07
vn -1.459466E-06 1 -1.459471E-06
vn 2.038588E-06 1 -3.228805E-07
vn -9.370368E-07 1 -1.839044E-06
vn 1.839039E-06 1 -9.370495E-07
vn -3.228929E-07 1 -2.038592E-06
vn 1.459473E-06 1 -1.459473E-06
vn 3.228835E-07 1 -2.038586E-06
vn 9.370494E-07 1 -1.839038E-06
vn 2.650928E-06 1 -1.013424E-07
vn 3.057882E-06 1 -4.842797E-07
vn 0 1 0
vn 1.702714E-06 1 -1.702716E-06
vn 2.552503E-06 1 -7.227885E-07
vn 1.013361E-07 1 -2.650928E-06
vn 2.145551E-06 1 1.093194E-06
vn 4.84277E-07 1 -3.057878E-06
vn 1.702713E-06 1 1.702724E-06
vn 7.227825E-07 1 -2.5525E-06
vn 1.093216E-06 1 2.145553E-06
vn -1.093199E-06 1 -2.145547E-06
vn 3.767139E-07 1 2.378362E-06
vn -1.702725E-06 1 -1.702712E-06
vn -3.766893E-07 1 2.378356E-06
vn -2.145552E-06 1 -1.093217E-06
vn -1.093217E-06 1 2.14555E-06
vn -2.378362E-06 1 -3.767146E-07
vn -1.702719E-06 1 1.702718E-06
vn -2.378356E-06 1 3.766922E-07
vn -2.14555E-06 1 1.09322E-06
vn -9.370481E-07 -1 1.839038E-06
vn -3.228835E-07 -1 2.038586E-06
vn 0 -1 0
vn -1.45947E-06 -1 1.459469E-06
vn 3.228821E-07 -1 2.038596E-06
vn -1.839036E-06 -1 9.370486E-07
vn 9.370301E-07 -1 1.839043E-06
vn -2.038583E-06 -1 3.228833E-07
vn 1.459475E-06 -1 1.459472E-06
vn -2.038591E-06 -1 -3.228841E-07
vn 1.839043E-06 -1 9.370438E-07
vn -1.83904E-06 -1 -9.370279E-07
vn 2.038594E-06 -1 3.228972E-07
vn -1.459467E-06 -1 -1.459474E-06
vn 2.038587E-06 -1 -3.22882E-07
vn -9.370402E-07 -1 -1.839043E-06
vn 1.839039E-06 -1 -9.370501E-07
vn -3.228976E-07 -1 -2.038592E-06
vn 1.459474E-06 -1 -1.459472E-06
vn 3.22881E-07 -1 -2.038586E-06
vn 9.370504E-07 -1 -1.839038E-06
vn 2.650928E-06 1 -1.013347E-07
vn 3.057879E-06 1 -4.842674E-07
vn 0 1 0
vn 1.702716E-06 1 -1.702713E-06
vn 2.552503E-06 1 -7.227849E-07
vn 1.013436E-07 1 -2.650925E-06
vn 2.145551E-06 1 1.093193E-06
vn 4.842822E-07 1 -3.057874E-06
vn 1.702711E-06 1 1.702724E-06
vn 7.227789E-07 1 -2.552497E-06
vn 1.093215E-06 1 2.145554E-06
vn -1.0932E-06 1 -2.145545E-06
vn 3.767151E-07 1 2.378363E-06
vn -1.702724E-06 1 -1.702711E-06
vn -3.766871E-07 1 2.378357E-06
vn -2.145551E-06 1 -1.093217E-06
vn -1.093216E-06 1 2.14555E-06
vn -2.378363E-06 1 -3.767099E-07
vn -1.702719E-06 1 1.702718E-06
vn -2.37836E-06 1 3.766926E-07
vn -2.145552E-06 1 1.093216E-06
vn -9.370489E-07 -1 1.839036E-06
vn -3.228836E-07 -1 2.038586E-06
vn 0 -1 0
vn -1.459471E-06 -1 1.45947E-06
vn 3.228814E-07 -1 2.038595E-06
vn -1.839036E-06 -1 9.370472E-07
vn 9.370309E-07 -1 1.839042E-06
vn -2.038584E-06 -1 3.228837E-07
vn 1.459475E-06 -1 1.459472E-06
vn -2.03859E-06 -1 -3.228831E-07
vn 1.839043E-06 -1 9.370451E-07
vn -1.839041E-06 -1 -9.370284E-07
vn 2.038594E-06 -1 3.228976E-07
vn -1.459467E-06 -1 -1.459471E-06
vn 2.038588E-06 -1 -3.228805E-07
vn -9.370366E-07 -1 -1.839044E-06
vn 1.839039E-06 -1 -9.370495E-07
vn -3.228931E-07 -1 -2.038592E-06
vn 1.459473E-06 -1 -1.459473E-06
vn 3.228833E-07 -1 -2.038587E-06
vn 9.370496E-07 -1 -1.839039E-06
vn 0.2368838 0.5370257 -0.8096229
vn 0.2368851 0.5370264 -0.8096222
vn 0.2368848 0.5370255 -0.8096228
vn 0.2368843 0.5370264 -0.8096224
vn 0.2368865 0.5370263 -0.8096218
vn 0.2368844 0.5370259 -0.8096227
vn 0.2368864 0.5370271 -0.8096214
vn 0.2368848 0.5370268 -0.8096221
vn 0.2368855 0.5370277 -0.8096213
vn -0.5553892 -0.6539634 0.5136875
vn -0.5553861 -0.6539657 0.5136878
vn -0.5553916 -0.6539583 0.5136912
vn -0.5553923 -0.6539578 0.5136912
vn -0.5553891 -0.6539649 0.5136856
vn -0.5553865 -0.6539658 0.5136873
vn -0.5553897 -0.6539648 0.513685
vn -0.5553929 -0.6539705 0.5136744
vn -0.5553889 -0.6539673 0.5136827
vn -0.555391 -0.6539704 0.5136766
vn -0.5553905 -0.653967 0.5136813
vn -0.5553901 -0.6539648 0.5136846
vn -0.7943135 -0.5934155 0.1300928
vn -0.7943135 -0.593415 0.1300946
vn -0.7943152 -0.5934137 0.1300907
vn -0.7943148 -0.593414 0.1300911
vn -0.7943126 -0.5934171 0.130091
vn -0.794313 -0.5934158 0.1300944
vn -0.7943147 -0.5934144 0.1300899
vn -0.794302 -0.5934307 0.1300933
vn -0.7943106 -0.5934187 0.1300958
vn -0.7943073 -0.5934231 0.1300956
vn -0.7943085 -0.5934224 0.1300915
vn -0.7943186 -0.5934095 0.130089
vn -0.9832339 0.01936074 0.1813184
vn -0.9832336 0.0193634 0.1813194
vn -0.9832344 0.01935969 0.1813155
vn -0.9832343 0.01936082 0.1813162
vn -0.9832342 0.01936205 0.1813164
vn -0.9832337 0.01936075 0.181319
vn -0.9832342 0.01936024 0.1813166
vn -0.9832339 0.01935791 0.1813184
vn -0.9832339 0.01936108 0.1813181
vn -0.983234 0.01935626 0.1813176
vn -0.983234 0.01936397 0.1813171
vn -0.9832344 0.01935869 0.1813157
vn 0.8134171 0.5574054 -0.1662886
vn 0.3217393 0.9178112 -0.2326079
vn 0.8069595 0.5410836 -0.2367382
vn 0.9570079 0.2012555 -0.2088832
vn 0.321145 0.9414981 -0.102211
vn 0.9676433 0.1998221 -0.15407
vn 0.9746925 0.07516937 -0.2105328
vn 0.8397595 0.5424535 -0.0234102
vn 0.3449851 0.9385596 0.00955223
vn 0.8407707 0.540365 0.03332094
vn 0.3504451 0.9361039 0.02996106
vn 0.3184009 0.944967 0.07522201
vn 0.8407543 0.5374088 0.06575803
vn 0.4442444 0.8823631 0.1551843
vn 0.8838012 0.4449112 0.1447396
vn 0.5265912 0.7165712 0.457414
vn 0.9784715 0.1965346 0.06299049
vn 0.978548 0.2027652 0.03646937
vn 0.9789191 0.2020357 -0.02998174
vn 0.9122214 0.2840164 0.2952741
vn 0.6133047 0.44131 0.6550593
vn 0.501809 0.3007182 0.8110217
vn 0.9567046 0.2469001 0.1541315
vn 0.8434729 0.2874633 0.4537822
vn 0.4311268 0.1265953 0.8933662
vn 0.9952722 0.07678467 0.05947563
vn 0.836665 0.1180584 0.53484
vn 0.4227116 0.02986061 0.9057722
vn 0.9844897 0.08426227 0.1538832
vn 0.8393441 0.03094424 0.542719
vn 0.3955812 0 0.918431
vn 0.9885656 0.02032154 0.1494161
vn 0.9963849 0.07640833 0.03713379
vn 0.8171243 0 0.5764616
vn 0.9981047 0.01791552 0.05887364
vn 0.8393441 -0.03094424 0.5427189
vn 0.4227116 -0.02986062 0.9057722
vn 0.9891192 0 0.1471169
vn 0.836665 -0.1180584 0.53484
vn 0.4311268 -0.1265953 0.8933663
vn 0.9885656 -0.02032154 0.1494161
vn 0.8434729 -0.2874633 0.4537822
vn 0.501809 -0.3007182 0.8110217
vn 0.9844897 -0.08426229 0.1538832
vn 0.9122214 -0.2840164 0.2952741
vn 0.6133047 -0.44131 0.6550594
vn 0.5265912 -0.7165712 0.457414
vn 0.9567046 -0.2469001 0.1541315
vn 0.8838012 -0.4449112 0.1447396
vn 0.4442444 -0.8823631 0.1551843
vn 0.9952722 -0.07678465 0.05947564
vn 0.9981047 -0.01791552 0.05887364
vn 0.9784715 -0.1965346 0.06299047
vn 0.8407543 -0.5374088 0.06575803
vn 0.3184008 -0.944967 0.07522195
vn 0.8407707 -0.540365 0.03332099
vn 0.350445 -0.9361039 0.02996143
vn 0.344985 -0.9385596 0.00955269
vn 0.978548 -0.2027652 0.03646938
vn 0.8397595 -0.5424535 -0.0234102
vn 0.321145 -0.9414981 -0.102211
vn 0.9963849 -0.07640832 0.03713379
vn 0.9789191 -0.2020357 -0.02998173
vn 0.8134171 -0.5574053 -0.1662886
vn 0.3217393 -0.9178112 -0.2326079
vn 0.8069595 -0.5410836 -0.2367382
vn 0.9570079 -0.2012555 -0.2088832
vn 0.9676433 -0.1998221 -0.15407
vn 0.9746925 -0.07516934 -0.2105328
vn 0.9847382 -0.07529123 -0.156913
vn 0.9966245 -0.07620416 -0.03053829
vn 0.9991465 -0.01789175 0.03723278
vn 0.9873441 -0.01765614 -0.1576064
vn 0.977302 -0.01748415 -0.211128
vn 0.9993686 -0.01788553 -0.03069925
vn 0.9982709 0 0.05878165
vn 0.9875028 0 -0.1576017
vn 0.9774489 0 -0.2111725
vn 0.977302 0.01748415 -0.211128
vn 0.9995288 0 -0.03069419
vn 0.9993063 0 0.03724001
vn 0.9991465 0.01789175 0.03723278
vn 0.9873441 0.01765614 -0.1576064
vn 0.9993686 0.01788553 -0.03069925
vn 0.9966245 0.07620416 -0.03053829
vn 0.9847382 0.07529125 -0.156913
vn -0.8910056 0.0001004634 0.4539922
vn -0.9876876 6.906679E-05 0.156439
vn -0.9876889 6.559528E-05 0.1564307
vn -0.891004 9.882769E-05 0.4539953
vn -0.9876894 3.631821E-05 -0.1564276
vn -0.7071042 6.31498E-05 0.7071093
vn -0.9876879 3.714009E-05 -0.1564374
vn -0.707104 6.19264E-05 0.7071095
vn -0.8910122 3.847996E-05 -0.4539795
vn -0.4539974 8.412033E-05 0.891003
vn -0.8910043 3.849213E-05 -0.4539949
vn -0.4540016 8.59583E-05 0.8910009
vn -0.7071064 2.194938E-06 -0.7071071
vn -0.1564299 6.796943E-05 0.987689
vn -0.7071069 -1.073444E-06 -0.7071066
vn -0.1564391 6.627098E-05 0.9876876
vn -0.4539991 -2.463626E-05 -0.8910022
vn 0.1564418 4.012145E-05 0.9876872
vn -0.4539853 -2.549676E-05 -0.8910092
vn 0.1564321 3.987362E-05 0.9876887
vn -0.1564496 -4.780254E-05 -0.9876859
vn 0.4539941 2.477612E-05 0.8910047
vn -0.1564347 -4.767613E-05 -0.9876884
vn 0.4539768 2.426821E-05 0.8910135
vn 0.1564255 -7.089088E-05 -0.9876897
vn 0.7071123 -1.355661E-05 0.7071012
vn 0.1564388 -6.901727E-05 -0.9876876
vn 0.7071048 -1.577611E-05 0.7071087
vn 0.4539925 -6.323335E-05 -0.8910056
vn 0.8910109 -4.821187E-05 0.4539817
vn 0.453997 -6.313869E-05 -0.8910032
vn 0.8910029 -4.775729E-05 0.4539976
vn 0.7071048 -8.727754E-05 -0.7071087
vn 0.9876881 -5.857727E-05 0.1564355
vn 0.7071058 -8.680001E-05 -0.7071077
vn 0.9876859 -5.720431E-05 0.1564494
vn 0.8910068 -6.253728E-05 -0.4539901
vn 0.9876871 -7.692725E-05 -0.1564422
vn 0.8910061 -6.236877E-05 -0.4539913
vn 0.9876889 -7.475133E-05 -0.1564307
vn -0.3182048 -0.9340546 0.1621347
vn -0.3527304 -0.9340556 0.05586851
vn -0.3527294 -0.934056 0.05586834
vn -0.3182037 -0.9340548 0.162136
vn -0.3527256 -0.9340577 -0.05586394
vn -0.2525289 -0.9340548 0.2525284
vn -0.3527255 -0.9340576 -0.05586673
vn -0.252529 -0.9340548 0.2525284
vn -0.3181997 -0.9340573 -0.1621289
vn -0.1621342 -0.9340549 0.3182042
vn -0.3181994 -0.9340566 -0.1621342
vn -0.162136 -0.9340548 0.3182038
vn -0.252524 -0.9340584 -0.2525204
vn -0.05586915 -0.9340559 0.3527299
vn -0.2525218 -0.9340585 -0.2525219
vn -0.0558701 -0.9340563 0.3527286
vn -0.1621291 -0.9340609 -0.3181891
vn 0.05586937 -0.934058 0.352724
vn -0.1621257 -0.9340608 -0.3181911
vn 0.05586828 -0.9340577 0.3527249
vn -0.05586772 -0.9340616 -0.352715
vn 0.1621321 -0.9340577 0.3181973
vn -0.05586371 -0.9340608 -0.3527173
vn 0.1621276 -0.934057 0.3182015
vn 0.05586557 -0.9340613 -0.3527157
vn 0.2525226 -0.9340587 0.2525209
vn 0.05586541 -0.9340615 -0.3527155
vn 0.2525203 -0.9340588 0.2525229
vn 0.1621231 -0.9340626 -0.3181873
vn 0.3181919 -0.9340608 0.1621251
vn 0.1621248 -0.9340625 -0.3181866
vn 0.3181906 -0.9340606 0.1621278
vn 0.2525176 -0.9340618 -0.2525142
vn 0.3527152 -0.9340618 0.05586249
vn 0.2525169 -0.9340618 -0.252515
vn 0.3527162 -0.9340612 0.05586663
vn 0.318185 -0.9340627 -0.1621268
vn 0.3527166 -0.9340612 -0.055864
vn 0.3181852 -0.9340628 -0.1621262
vn 0.3527162 -0.9340613 -0.05586284
vn 0.4539956 -6.068457E-05 -0.891004
vn 0.1564397 -4.956211E-05 -0.9876875
vn 0.156433 -4.903022E-05 -0.9876886
vn 0.4539965 -6.173416E-05 -0.8910035
vn -0.1564314 -3.764787E-05 -0.9876888
vn 0.7071055 -6.922478E-05 -0.707108
vn -0.1564375 -3.705026E-05 -0.9876879
vn 0.7071059 -6.840222E-05 -0.7071077
vn -0.4539817 -1.793993E-05 -0.8910111
vn 0.8910056 -5.045918E-05 -0.4539924
vn -0.4539913 -1.673189E-05 -0.8910061
vn 0.8910035 -5.040418E-05 -0.4539962
vn -0.7071072 -6.966204E-07 -0.7071064
vn 0.9876884 -5.533704E-05 -0.1564344
vn -0.7071069 7.667298E-07 -0.7071066
vn 0.9876872 -5.532299E-05 -0.1564414
vn -0.8910027 1.759742E-05 -0.4539981
vn 0.9876872 -2.834516E-05 0.156442
vn -0.8910077 1.902401E-05 -0.4539883
vn 0.9876886 -2.827776E-05 0.1564333
vn -0.9876862 4.25728E-05 -0.1564482
vn 0.8910058 -2.548849E-05 0.4539919
vn -0.9876878 4.18462E-05 -0.1564383
vn 0.8910111 -2.65021E-05 0.4539813
vn -0.9876887 4.247915E-05 0.1564325
vn 0.7070999 -3.276362E-06 0.7071136
vn -0.9876873 4.225106E-05 0.1564413
vn 0.7071096 -2.971731E-06 0.7071039
vn -0.8910052 6.380522E-05 0.4539931
vn 0.453986 1.829364E-05 0.8910088
vn -0.8910038 6.486121E-05 0.4539957
vn 0.4539974 1.926498E-05 0.8910029
vn -0.7071069 6.5474E-05 0.7071066
vn 0.1564387 4.488989E-05 0.9876876
vn -0.7071075 6.414988E-05 0.7071061
vn 0.1564451 4.516872E-05 0.9876866
vn -0.4539946 5.011165E-05 0.8910044
vn -0.1564401 5.008743E-05 0.9876874
vn -0.453995 4.953201E-05 0.8910041
vn -0.1564312 4.875126E-05 0.9876888
vn 0.1621344 0.9340552 -0.3182033
vn 0.05586748 0.9340554 -0.3527312
vn 0.05586656 0.9340553 -0.3527315
vn 0.1621358 0.9340554 -0.3182019
vn -0.05586439 0.9340565 -0.3527288
vn 0.2525282 0.934055 -0.2525285
vn -0.05586685 0.9340565 -0.3527286
vn 0.2525281 0.934055 -0.2525288
vn -0.1621286 0.9340571 -0.3182005
vn 0.3182032 0.9340553 -0.1621338
vn -0.162132 0.9340569 -0.3181995
vn 0.3182029 0.9340552 -0.162135
vn -0.2525198 0.9340588 -0.2525232
vn 0.3527301 0.9340559 -0.05586727
vn -0.2525214 0.934059 -0.2525211
vn 0.3527297 0.9340559 -0.05586907
vn -0.3181897 0.9340608 -0.1621296
vn 0.3527271 0.9340569 0.05586874
vn -0.318192 0.9340605 -0.1621262
vn 0.3527277 0.9340568 0.05586725
vn -0.352715 0.9340615 -0.05586781
vn 0.318198 0.9340575 0.1621313
vn -0.3527172 0.9340609 -0.05586383
vn 0.3182004 0.9340573 0.1621279
vn -0.3527164 0.9340612 0.05586615
vn 0.2525202 0.934059 0.2525219
vn -0.3527163 0.9340612 0.05586586
vn 0.2525215 0.9340592 0.2525201
vn -0.3181873 0.9340624 0.1621239
vn 0.1621248 0.9340608 0.3181915
vn -0.3181865 0.9340625 0.1621248
vn 0.1621278 0.9340608 0.3181903
vn -0.2525145 0.9340618 0.2525173
vn 0.0558634 0.9340619 0.3527147
vn -0.2525151 0.9340618 0.2525166
vn 0.05586773 0.9340612 0.3527159
vn -0.1621273 0.9340629 0.3181843
vn -0.05586401 0.9340612 0.3527165
vn -0.1621267 0.9340629 0.3181847
vn -0.05586292 0.9340615 0.3527161
vn -0.8910029 8.883898E-05 0.4539974
vn -0.987688 7.760956E-05 0.1564365
vn -0.9876897 7.448182E-05 0.1564259
vn -0.8910038 8.786721E-05 0.4539958
vn -0.9876895 2.907474E-05 -0.1564275
vn -0.7071049 7.264145E-05 0.7071086
vn -0.9876879 2.877807E-05 -0.1564371
vn -0.7071052 7.353187E-05 0.7071084
vn -0.8910116 3.453906E-05 -0.4539805
vn -0.4539979 9.196062E-05 0.8910027
vn -0.8910047 3.497269E-05 -0.453994
vn -0.4540032 9.384787E-05 0.8910001
vn -0.7071058 2.04159E-06 -0.7071077
vn -0.1564309 7.725562E-05 0.9876889
vn -0.7071064 -2.04164E-06 -0.7071071
vn -0.1564415 7.554037E-05 0.9876872
vn -0.4539993 -3.497218E-05 -0.8910019
vn 0.1564415 4.593336E-05 0.9876872
vn -0.4539865 -3.709736E-05 -0.8910086
vn 0.1564335 4.500923E-05 0.9876885
vn -0.1564489 -5.947447E-05 -0.987686
vn 0.4539944 2.892132E-05 0.8910045
vn -0.1564368 -5.877779E-05 -0.987688
vn 0.4539786 2.823685E-05 0.8910125
vn 0.1564265 -6.940507E-05 -0.9876896
vn 0.7071154 -7.767344E-06 0.7070982
vn 0.1564384 -6.687904E-05 -0.9876878
vn 0.7071065 -7.590234E-06 0.7071071
vn 0.4539919 -6.208306E-05 -0.8910058
vn 0.8910099 -1.668501E-05 0.4539838
vn 0.4539963 -6.297368E-05 -0.8910035
vn 0.8910024 -1.530601E-05 0.4539985
vn 0.7071047 -9.393516E-05 -0.7071088
vn 0.9876879 -3.934175E-05 0.1564375
vn 0.7071047 -9.331083E-05 -0.7071089
vn 0.9876857 -4.205967E-05 0.1564514
vn 0.8910092 -5.515518E-05 -0.4539853
vn 0.9876866 -9.108569E-05 -0.1564451
vn 0.8910065 -5.638458E-05 -0.4539904
vn 0.9876885 -8.936684E-05 -0.1564337
vn -0.3182057 -0.9340544 0.1621346
vn -0.3527307 -0.9340556 0.05586817
vn -0.3527293 -0.934056 0.0558684
vn -0.3182042 -0.9340546 0.162136
vn -0.3527254 -0.9340577 -0.05586379
vn -0.2525284 -0.934055 0.2525285
vn -0.3527252 -0.9340577 -0.05586672
vn -0.2525278 -0.9340551 0.2525288
vn -0.3181993 -0.9340575 -0.1621288
vn -0.162134 -0.934055 0.3182041
vn -0.3181989 -0.9340567 -0.1621341
vn -0.1621365 -0.9340547 0.3182037
vn -0.252524 -0.9340584 -0.2525202
vn -0.0558696 -0.9340556 0.3527302
vn -0.2525217 -0.9340585 -0.252522
vn -0.05587063 -0.934056 0.352729
vn -0.1621295 -0.9340609 -0.318189
vn 0.05586927 -0.9340578 0.3527244
vn -0.1621258 -0.9340608 -0.3181915
vn 0.05586826 -0.9340576 0.3527252
vn -0.0558675 -0.9340613 -0.3527154
vn 0.1621321 -0.9340575 0.3181975
vn -0.05586338 -0.9340608 -0.3527179
vn 0.1621279 -0.934057 0.3182015
vn 0.05586538 -0.9340613 -0.3527158
vn 0.2525222 -0.9340585 0.2525213
vn 0.05586536 -0.9340615 -0.3527156
vn 0.2525202 -0.9340591 0.2525218
vn 0.1621229 -0.9340624 -0.318188
vn 0.3181905 -0.9340613 0.1621239
vn 0.162125 -0.9340622 -0.3181874
vn 0.3181893 -0.9340615 0.162126
vn 0.2525181 -0.9340616 -0.2525146
vn 0.3527135 -0.9340624 0.05586256
vn 0.2525171 -0.9340616 -0.2525153
vn 0.3527151 -0.9340615 0.05586763
vn 0.3181845 -0.9340629 -0.1621272
vn 0.3527162 -0.9340612 -0.05586361
vn 0.3181849 -0.9340629 -0.1621261
vn 0.352716 -0.9340615 -0.05586219
vn 0.4539939 -5.979789E-05 -0.8910048
vn 0.1564406 -4.771465E-05 -0.9876874
vn 0.156432 -4.757859E-05 -0.9876887
vn 0.4539953 -5.921215E-05 -0.891004
vn -0.1564308 -3.702422E-05 -0.9876889
vn 0.7071083 -5.001046E-05 -0.7071053
vn -0.1564387 -3.728385E-05 -0.9876876
vn 0.707108 -5.035437E-05 -0.7071056
vn -0.4539834 -2.31167E-05 -0.8910102
vn 0.8910038 -6.173001E-05 -0.4539959
vn -0.4539919 -2.187197E-05 -0.8910059
vn 0.8910027 -6.179038E-05 -0.4539981
vn -0.7071065 -1.244236E-06 -0.707107
vn 0.9876889 -4.104292E-05 -0.1564308
vn -0.7071063 3.078115E-07 -0.7071072
vn 0.9876878 -4.116459E-05 -0.1564379
vn -0.8910029 1.15218E-05 -0.4539977
vn 0.9876876 -4.217493E-05 0.1564386
vn -0.8910075 1.172302E-05 -0.4539887
vn 0.9876891 -4.240382E-05 0.1564293
vn -0.9876863 2.640831E-05 -0.1564473
vn 0.8910056 -1.584945E-05 0.4539922
vn -0.9876879 2.630168E-05 -0.1564377
vn 0.8910097 -1.581355E-05 0.4539842
vn -0.987689 4.076405E-05 0.1564301
vn 0.7071016 -1.07639E-05 0.707112
vn -0.9876876 4.038955E-05 0.1564385
vn 0.70711 -1.135167E-05 0.7071034
vn -0.8910043 4.559138E-05 0.453995
vn 0.4539863 1.04132E-05 0.8910087
vn -0.8910031 4.715296E-05 0.4539973
vn 0.4539937 1.160651E-05 0.8910049
vn -0.7071086 6.937869E-05 0.7071049
vn 0.1564384 3.143647E-05 0.9876878
vn -0.7071087 7.019352E-05 0.7071048
vn 0.1564456 3.313511E-05 0.9876866
vn -0.4539919 5.39692E-05 0.8910058
vn -0.1564395 5.402599E-05 0.9876875
vn -0.4539971 5.373789E-05 0.8910031
vn -0.1564346 5.417555E-05 0.9876884
vn 0.1621344 0.9340552 -0.3182034
vn 0.0558673 0.9340554 -0.3527312
vn 0.05586657 0.9340553 -0.3527315
vn 0.1621356 0.9340552 -0.3182025
vn -0.05586499 0.9340563 -0.3527289
vn 0.2525285 0.9340548 -0.252529
vn -0.0558668 0.9340565 -0.3527286
vn 0.2525282 0.9340549 -0.2525291
vn -0.1621282 0.9340573 -0.3182003
vn 0.3182032 0.9340556 -0.1621327
vn -0.1621317 0.934057 -0.3181992
vn 0.3182031 0.9340553 -0.162134
vn -0.2525195 0.934059 -0.2525229
vn 0.3527307 0.9340556 -0.05586786
vn -0.2525213 0.9340591 -0.2525208
vn 0.3527302 0.9340556 -0.05586995
vn -0.3181895 0.9340608 -0.162129
vn 0.3527266 0.9340571 0.05586862
vn -0.3181918 0.9340606 -0.1621256
vn 0.3527269 0.934057 0.05586766
vn -0.3527144 0.9340618 -0.05586826
vn 0.3181981 0.9340576 0.1621308
vn -0.352717 0.9340611 -0.05586381
vn 0.3182009 0.9340573 0.1621272
vn -0.3527166 0.9340611 0.05586644
vn 0.2525197 0.9340591 0.2525221
vn -0.3527164 0.9340612 0.05586585
vn 0.252521 0.9340593 0.2525203
vn -0.3181871 0.9340628 0.1621227
vn 0.1621248 0.9340608 0.3181916
vn -0.3181861 0.9340629 0.1621239
vn 0.1621279 0.9340608 0.3181903
vn -0.2525147 0.9340618 0.252517
vn 0.0558629 0.9340622 0.3527141
vn -0.2525152 0.9340616 0.252517
vn 0.05586705 0.9340615 0.3527155
vn -0.1621275 0.9340629 0.3181843
vn -0.05586378 0.9340611 0.3527167
vn -0.1621264 0.9340628 0.318185
vn -0.05586229 0.9340612 0.3527165
vn -0.8910056 -0.0001004638 0.4539922
vn -0.9876876 -6.906709E-05 0.156439
vn -0.891004 -9.882804E-05 0.4539953
vn -0.9876889 -6.559552E-05 0.1564306
vn -0.7071042 -6.31496E-05 0.7071093
vn -0.9876894 -3.631809E-05 -0.1564276
vn -0.707104 -6.192618E-05 0.7071095
vn -0.9876879 -3.713994E-05 -0.1564375
vn -0.4539974 -8.412062E-05 0.8910029
vn -0.8910122 -3.847978E-05 -0.4539794
vn -0.4540016 -8.595864E-05 0.8910009
vn -0.8910043 -3.849196E-05 -0.4539948
vn -0.1564298 -6.796971E-05 0.987689
vn -0.7071063 -2.194934E-06 -0.7071072
vn -0.1564391 -6.627121E-05 0.9876876
vn -0.7071069 1.073443E-06 -0.7071066
vn 0.1564419 -4.012132E-05 0.9876872
vn -0.4539991 2.463616E-05 -0.8910022
vn 0.1564321 -3.987346E-05 0.9876887
vn -0.4539853 2.549665E-05 -0.8910092
vn 0.4539941 -2.477601E-05 0.8910047
vn -0.1564495 4.780235E-05 -0.9876859
vn 0.4539768 -2.426811E-05 0.8910135
vn -0.1564347 4.767594E-05 -0.9876884
vn 0.7071123 1.355655E-05 0.7071012
vn 0.1564255 7.08906E-05 -0.9876897
vn 0.7071048 1.577604E-05 0.7071087
vn 0.1564388 6.901698E-05 -0.9876876
vn 0.8910109 4.821167E-05 0.4539817
vn 0.4539924 6.323308E-05 -0.8910056
vn 0.8910029 4.775708E-05 0.4539976
vn 0.453997 6.313846E-05 -0.8910033
vn 0.9876882 5.857702E-05 0.1564355
vn 0.7071049 8.727717E-05 -0.7071087
vn 0.9876859 5.720407E-05 0.1564494
vn 0.7071058 8.679963E-05 -0.7071077
vn 0.9876871 7.692693E-05 -0.1564423
vn 0.8910068 6.253702E-05 -0.45399
vn 0.9876889 7.475102E-05 -0.1564307
vn 0.8910061 6.236853E-05 -0.4539913
vn -0.3182055 0.9340543 0.162135
vn -0.3527313 0.9340554 0.05586762
vn -0.3182038 0.9340547 0.1621365
vn -0.3527298 0.9340559 0.05586802
vn -0.2525284 0.934055 0.2525285
vn -0.3527252 0.9340578 -0.05586428
vn -0.2525283 0.934055 0.2525287
vn -0.3527247 0.934058 -0.05586661
vn -0.1621347 0.9340548 0.3182044
vn -0.3181991 0.9340577 -0.1621286
vn -0.1621372 0.9340545 0.318204
vn -0.3181987 0.9340569 -0.1621339
vn -0.05586929 0.9340556 0.3527307
vn -0.2525234 0.9340587 -0.2525199
vn -0.05586977 0.9340562 0.352729
vn -0.2525212 0.9340588 -0.2525213
vn 0.05586969 0.9340581 0.3527236
vn -0.1621288 0.9340612 -0.3181885
vn 0.05586917 0.934058 0.352724
vn -0.1621253 0.9340612 -0.3181905
vn 0.1621317 0.934058 0.3181965
vn -0.0558676 0.9340619 -0.3527142
vn 0.1621273 0.9340573 0.3182008
vn -0.05586359 0.9340612 -0.3527165
vn 0.252522 0.934059 0.2525203
vn 0.05586545 0.9340616 -0.352715
vn 0.2525197 0.9340591 0.2525224
vn 0.05586528 0.9340618 -0.3527147
vn 0.3181912 0.9340609 0.1621247
vn 0.1621228 0.9340629 -0.3181866
vn 0.3181899 0.9340609 0.1621275
vn 0.1621245 0.9340628 -0.3181859
vn 0.3527144 0.9340621 0.05586236
vn 0.2525171 0.9340621 -0.2525137
vn 0.3527155 0.9340615 0.0558665
vn 0.2525163 0.9340621 -0.2525144
vn 0.3527158 0.9340615 -0.05586388
vn 0.3181843 0.934063 -0.1621264
vn 0.3527154 0.9340616 -0.05586272
vn 0.3181845 0.934063 -0.1621258
vn 0.4539956 6.068457E-05 -0.891004
vn 0.1564397 4.956211E-05 -0.9876875
vn 0.4539965 6.173416E-05 -0.8910035
vn 0.156433 4.903022E-05 -0.9876886
vn 0.7071055 6.922478E-05 -0.707108
vn -0.1564314 3.764787E-05 -0.9876888
vn 0.7071059 6.840222E-05 -0.7071077
vn -0.1564375 3.705026E-05 -0.9876879
vn 0.8910056 5.045918E-05 -0.4539924
vn -0.4539817 1.793993E-05 -0.8910111
vn 0.8910035 5.040418E-05 -0.4539962
vn -0.4539913 1.673189E-05 -0.8910061
vn 0.9876884 5.533704E-05 -0.1564344
vn -0.7071072 6.966204E-07 -0.7071064
vn 0.9876872 5.532299E-05 -0.1564414
vn -0.7071069 -7.667298E-07 -0.7071066
vn 0.9876872 2.834516E-05 0.156442
vn -0.8910027 -1.759742E-05 -0.4539982
vn 0.9876886 2.827776E-05 0.1564333
vn -0.8910077 -1.902401E-05 -0.4539883
vn 0.8910058 2.548849E-05 0.4539919
vn -0.9876862 -4.25728E-05 -0.1564482
vn 0.8910111 2.65021E-05 0.4539813
vn -0.9876878 -4.18462E-05 -0.1564383
vn 0.7070999 3.276362E-06 0.7071136
vn -0.9876887 -4.247915E-05 0.1564325
vn 0.7071095 2.97173E-06 0.707104
vn -0.9876873 -4.225106E-05 0.1564413
vn 0.453986 -1.829364E-05 0.8910088
vn -0.8910053 -6.380521E-05 0.453993
vn 0.4539974 -1.926498E-05 0.8910029
vn -0.8910038 -6.486121E-05 0.4539957
vn 0.1564387 -4.488989E-05 0.9876876
vn -0.7071069 -6.547401E-05 0.7071066
vn 0.156445 -4.516872E-05 0.9876866
vn -0.7071075 -6.414988E-05 0.7071061
vn -0.1564401 -5.008743E-05 0.9876874
vn -0.4539946 -5.011165E-05 0.8910044
vn -0.1564312 -4.875126E-05 0.9876888
vn -0.453995 -4.953201E-05 0.8910041
vn 0.1621344 -0.9340552 -0.3182033
vn 0.05586749 -0.9340554 -0.3527312
vn 0.1621358 -0.9340554 -0.3182019
vn 0.05586656 -0.9340553 -0.3527315
vn 0.2525282 -0.934055 -0.2525285
vn -0.05586439 -0.9340565 -0.3527287
vn 0.2525281 -0.934055 -0.2525288
vn -0.05586685 -0.9340565 -0.3527286
vn 0.3182032 -0.9340553 -0.1621338
vn -0.1621286 -0.9340571 -0.3182005
vn 0.318203 -0.9340552 -0.162135
vn -0.162132 -0.9340569 -0.3181995
vn 0.3527301 -0.9340559 -0.05586727
vn -0.2525199 -0.9340588 -0.2525233
vn 0.3527297 -0.9340559 -0.05586907
vn -0.2525214 -0.934059 -0.2525211
vn 0.3527271 -0.9340569 0.05586874
vn -0.3181897 -0.9340608 -0.1621296
vn 0.3527278 -0.9340567 0.05586725
vn -0.318192 -0.9340605 -0.1621262
vn 0.318198 -0.9340575 0.1621313
vn -0.352715 -0.9340615 -0.05586781
vn 0.3182004 -0.9340573 0.1621279
vn -0.3527172 -0.9340609 -0.05586383
vn 0.2525202 -0.934059 0.2525219
vn -0.3527164 -0.9340612 0.05586615
vn 0.2525215 -0.9340592 0.2525201
vn -0.3527163 -0.9340612 0.05586586
vn 0.1621248 -0.9340608 0.3181915
vn -0.3181874 -0.9340624 0.1621239
vn 0.1621278 -0.9340608 0.3181903
vn -0.3181865 -0.9340625 0.1621248
vn 0.0558634 -0.9340619 0.3527147
vn -0.2525145 -0.9340618 0.2525173
vn 0.05586773 -0.9340612 0.3527159
vn -0.2525151 -0.9340618 0.2525166
vn -0.05586401 -0.9340612 0.3527165
vn -0.1621273 -0.9340629 0.3181843
vn -0.05586292 -0.9340615 0.3527161
vn -0.1621267 -0.9340629 0.3181847
vn -0.8910029 -8.883936E-05 0.4539976
vn -0.987688 -7.760989E-05 0.1564365
vn -0.8910038 -8.786753E-05 0.4539957
vn -0.9876897 -7.448209E-05 0.1564258
vn -0.707105 -7.26412E-05 0.7071086
vn -0.9876895 -2.907465E-05 -0.1564275
vn -0.7071051 -7.353161E-05 0.7071084
vn -0.9876879 -2.877795E-05 -0.1564373
vn -0.4539981 -9.196097E-05 0.8910027
vn -0.8910116 -3.453891E-05 -0.4539805
vn -0.4540032 -9.384826E-05 0.8910001
vn -0.8910048 -3.497253E-05 -0.453994
vn -0.1564308 -7.725595E-05 0.9876889
vn -0.7071058 -2.041591E-06 -0.7071077
vn -0.1564415 -7.554065E-05 0.9876872
vn -0.7071064 2.041639E-06 -0.7071071
vn 0.1564415 -4.59332E-05 0.9876872
vn -0.4539994 3.497202E-05 -0.8910019
vn 0.1564335 -4.500904E-05 0.9876885
vn -0.4539866 3.70972E-05 -0.8910086
vn 0.4539944 -2.89212E-05 0.8910045
vn -0.1564489 5.947423E-05 -0.987686
vn 0.4539786 -2.823673E-05 0.8910125
vn -0.1564368 5.877755E-05 -0.987688
vn 0.7071154 7.767308E-06 0.7070981
vn 0.1564264 6.940479E-05 -0.9876896
vn 0.7071065 7.590197E-06 0.707107
vn 0.1564384 6.687875E-05 -0.9876878
vn 0.8910099 1.668495E-05 0.4539838
vn 0.4539919 6.208281E-05 -0.8910058
vn 0.8910025 1.530595E-05 0.4539984
vn 0.4539963 6.297343E-05 -0.8910035
vn 0.9876879 3.934157E-05 0.1564375
vn 0.7071046 9.393477E-05 -0.7071089
vn 0.9876857 4.20595E-05 0.1564514
vn 0.7071046 9.331042E-05 -0.707109
vn 0.9876866 9.108532E-05 -0.1564451
vn 0.8910092 5.515497E-05 -0.4539853
vn 0.9876885 8.936645E-05 -0.1564337
vn 0.8910065 5.638435E-05 -0.4539904
vn -0.3182063 0.9340541 0.1621349
vn -0.3527316 0.9340552 0.05586729
vn -0.3182043 0.9340545 0.1621364
vn -0.3527297 0.9340559 0.05586807
vn -0.2525278 0.9340551 0.2525286
vn -0.3527251 0.934058 -0.05586414
vn -0.2525271 0.9340552 0.2525291
vn -0.3527245 0.934058 -0.05586661
vn -0.1621345 0.9340548 0.3182042
vn -0.3181986 0.9340578 -0.1621285
vn -0.1621378 0.9340544 0.318204
vn -0.3181982 0.934057 -0.1621337
vn -0.05586972 0.9340554 0.352731
vn -0.2525234 0.9340588 -0.2525197
vn -0.05587029 0.9340559 0.3527293
vn -0.2525212 0.9340588 -0.2525214
vn 0.05586961 0.934058 0.352724
vn -0.1621291 0.9340612 -0.3181883
vn 0.05586914 0.934058 0.3527243
vn -0.1621254 0.9340611 -0.3181908
vn 0.1621318 0.9340578 0.3181969
vn -0.05586738 0.9340616 -0.3527147
vn 0.1621275 0.9340572 0.3182008
vn -0.05586324 0.9340609 -0.3527171
vn 0.2525217 0.9340588 0.2525208
vn 0.05586527 0.9340616 -0.352715
vn 0.2525196 0.9340593 0.2525213
vn 0.05586524 0.9340616 -0.3527149
vn 0.3181898 0.9340616 0.1621236
vn 0.1621226 0.9340627 -0.3181873
vn 0.3181885 0.9340618 0.1621257
vn 0.1621246 0.9340625 -0.3181866
vn 0.3527127 0.9340627 0.05586242
vn 0.2525175 0.9340619 -0.252514
vn 0.3527144 0.9340618 0.05586751
vn 0.2525165 0.934062 -0.2525147
vn 0.3527155 0.9340616 -0.05586349
vn 0.3181837 0.9340631 -0.1621268
vn 0.3527153 0.9340618 -0.05586207
vn 0.3181843 0.9340633 -0.1621258
vn 0.4539939 5.979789E-05 -0.8910048
vn 0.1564406 4.771464E-05 -0.9876874
vn 0.4539953 5.921215E-05 -0.891004
vn 0.156432 4.757859E-05 -0.9876887
vn 0.7071083 5.001047E-05 -0.7071053
vn -0.1564308 3.702422E-05 -0.9876889
vn 0.707108 5.035437E-05 -0.7071056
vn -0.1564387 3.728385E-05 -0.9876876
vn 0.8910038 6.173001E-05 -0.4539959
vn -0.4539834 2.31167E-05 -0.8910102
vn 0.8910027 6.179038E-05 -0.4539981
vn -0.4539919 2.187197E-05 -0.8910059
vn 0.9876889 4.104292E-05 -0.1564308
vn -0.7071065 1.244237E-06 -0.707107
vn 0.9876878 4.116459E-05 -0.1564379
vn -0.7071063 -3.078115E-07 -0.7071072
vn 0.9876876 4.217493E-05 0.1564386
vn -0.8910029 -1.15218E-05 -0.4539977
vn 0.9876891 4.240383E-05 0.1564293
vn -0.8910075 -1.172302E-05 -0.4539887
vn 0.8910056 1.584945E-05 0.4539922
vn -0.9876863 -2.640831E-05 -0.1564473
vn 0.8910097 1.581355E-05 0.4539842
vn -0.9876879 -2.630168E-05 -0.1564377
vn 0.7071016 1.07639E-05 0.707112
vn -0.987689 -4.076406E-05 0.1564301
vn 0.70711 1.135167E-05 0.7071034
vn -0.9876876 -4.038955E-05 0.1564385
vn 0.4539863 -1.04132E-05 0.8910087
vn -0.8910043 -4.559139E-05 0.453995
vn 0.4539937 -1.160651E-05 0.8910049
vn -0.8910031 -4.715296E-05 0.4539973
vn 0.1564384 -3.143647E-05 0.9876878
vn -0.7071086 -6.937869E-05 0.707105
vn 0.1564456 -3.313511E-05 0.9876866
vn -0.7071087 -7.019352E-05 0.7071048
vn -0.1564395 -5.402599E-05 0.9876875
vn -0.4539919 -5.39692E-05 0.8910058
vn -0.1564346 -5.417555E-05 0.9876884
vn -0.4539971 -5.373789E-05 0.8910031
vn 0.1621344 -0.9340552 -0.3182034
vn 0.0558673 -0.9340554 -0.3527312
vn 0.1621356 -0.9340552 -0.3182025
vn 0.05586657 -0.9340553 -0.3527315
vn 0.2525285 -0.9340548 -0.252529
vn -0.05586499 -0.9340563 -0.3527289
vn 0.2525282 -0.9340549 -0.2525291
vn -0.0558668 -0.9340565 -0.3527286
vn 0.3182032 -0.9340556 -0.1621327
vn -0.1621282 -0.9340573 -0.3182003
vn 0.3182031 -0.9340553 -0.162134
vn -0.1621317 -0.934057 -0.3181992
vn 0.3527307 -0.9340556 -0.05586786
vn -0.2525195 -0.934059 -0.2525229
vn 0.3527302 -0.9340556 -0.05586995
vn -0.2525213 -0.9340591 -0.2525208
vn 0.3527266 -0.9340571 0.05586862
vn -0.3181895 -0.9340608 -0.162129
vn 0.3527269 -0.934057 0.05586766
vn -0.3181918 -0.9340606 -0.1621256
vn 0.3181981 -0.9340576 0.1621308
vn -0.3527144 -0.9340618 -0.05586826
vn 0.3182009 -0.9340573 0.1621272
vn -0.352717 -0.9340611 -0.05586381
vn 0.2525197 -0.9340591 0.2525221
vn -0.3527166 -0.9340611 0.05586644
vn 0.252521 -0.9340593 0.2525203
vn -0.3527164 -0.9340612 0.05586585
vn 0.1621248 -0.9340608 0.3181916
vn -0.3181871 -0.9340628 0.1621227
vn 0.1621279 -0.9340608 0.3181903
vn -0.3181861 -0.9340629 0.1621239
vn 0.0558629 -0.9340622 0.3527141
vn -0.2525147 -0.9340619 0.252517
vn 0.05586705 -0.9340615 0.3527155
vn -0.2525152 -0.9340616 0.252517
vn -0.05586378 -0.9340611 0.3527167
vn -0.1621275 -0.9340629 0.3181842
vn -0.05586229 -0.9340612 0.3527165
vn -0.1621264 -0.9340628 0.318185
vn -0.2234146 -0.5469667 0.806792
vn -0.2205851 -0.5367966 0.8143658
vn -0.2205856 -0.5367944 0.814367
vn -0.2234152 -0.5469657 0.8067925
vn -0.2272841 -0.5267123 0.8190947
vn -0.2341154 -0.5512694 0.8008072
vn -0.2272836 -0.5267111 0.8190956
vn -0.2341177 -0.5512694 0.8008064
vn -0.2395897 -0.522626 0.8182046
vn -0.2464186 -0.5471836 0.7999175
vn -0.2395875 -0.5226266 0.818205
vn -0.2464178 -0.5471848 0.7999169
vn -0.2502893 -0.5269305 0.812219
vn -0.2531182 -0.5371024 0.8046441
vn -0.2502883 -0.5269308 0.812219
vn -0.2531181 -0.5371029 0.8046438
vn -0.9917292 -0.118578 0.0491164
vn -0.9917194 -0.09080948 0.09080914
vn -0.9917194 -0.1186478 0.04914555
vn -0.9917292 -0.09075602 0.09075534
vn -1 2.834451E-07 2.534422E-07
vn -0.9917194 -0.04914575 0.1186482
vn -0.9917292 -0.1283476 0
vn -0.9917194 -0.1284235 0
vn -0.9917292 -0.0491167 0.118578
vn -0.9917194 0 0.1284241
vn -0.9917292 -0.1185779 -0.0491162
vn -0.9917194 -0.118648 -0.04914545
vn -0.9917292 0 0.1283481
vn -0.9917194 0.04914581 0.1186482
vn -0.9917292 -0.09075555 -0.09075545
vn -0.9917194 -0.09080937 -0.09080943
vn -0.9917292 0.04911677 0.1185781
vn -0.9917292 -0.04911643 -0.118578
vn -0.9917292 0.09075598 0.09075572
vn -0.9917194 0.09080956 0.09080929
vn -0.9917194 -0.04914564 -0.1186483
vn -0.9917194 0.1186485 0.04914578
vn -0.9917292 0 -0.1283479
vn -0.9917194 0 -0.1284241
vn -0.9917292 0.1185784 0.04911647
vn -0.9917194 0.1284238 0
vn -0.9917292 0.04911641 -0.1185781
vn -0.9917194 0.04914569 -0.1186483
vn -0.9917292 0.1283481 0
vn -0.9917194 0.1186484 -0.0491457
vn -0.9917292 0.09075578 -0.09075581
vn -0.9917192 0.09080964 -0.09080963
vn -0.9917292 0.1185784 -0.0491164
vn -0.945363 -0.3012041 0.1247591
vn -0.8731242 -0.3447131 0.3447129
vn -0.8731239 -0.4503914 0.1865535
vn -0.9453628 -0.230531 0.230531
vn -1 -1.032706E-06 -9.197447E-07
vn -0.8731243 -0.1865572 0.450389
vn -0.9453612 -0.3260248 -4.111083E-06
vn -0.8731205 -0.4875046 -5.123622E-06
vn -0.945363 -0.1247622 0.3012028
vn -0.8731243 -1.711439E-07 0.4874975
vn -0.9453611 -0.3012078 -0.1247642
vn -0.8731205 -0.4503954 -0.1865597
vn -0.9453629 -1.613508E-07 0.32602
vn -0.8731244 0.1865575 0.4503888
vn -0.945361 -0.2305344 -0.230535
vn -0.8731204 -0.3447176 -0.3447181
vn -0.945363 0.1247626 0.3012027
vn -0.9453612 -0.1247642 -0.3012078
vn -0.9453628 0.230531 0.230531
vn -0.8731242 0.3447131 0.3447129
vn -0.8731205 -0.1865597 -0.4503953
vn -0.8731244 0.4503892 0.1865567
vn -0.945361 -3.385311E-06 -0.3260252
vn -0.8731209 -4.298654E-06 -0.4875037
vn -0.9453629 0.3012031 0.1247619
vn -0.8731243 0.4874977 1.644583E-07
vn -0.9453629 0.1247584 -0.3012048
vn -0.8731244 0.1865523 -0.450391
vn -0.9453629 0.3260197 1.408763E-07
vn -0.8731244 0.450389 -0.1865568
vn -0.9453629 0.2305309 -0.2305309
vn -0.8731242 0.3447132 -0.3447129
vn -0.9453629 0.3012031 -0.1247621
vn -0.9015056 -0.399825 0.165613
vn -0.781611 -0.4410697 0.441069
vn -0.781611 -0.5762849 0.2387049
vn -0.9015054 -0.3060136 0.3060126
vn -1 -7.610777E-07 0
vn -0.7816116 -0.2387048 0.5762839
vn -0.9015052 -0.4327681 -2.766654E-07
vn -0.7816106 -0.6237667 -2.753733E-07
vn -0.9015059 -0.165612 0.3998246
vn -0.7816114 -7.940846E-06 0.6237656
vn -0.9015056 -0.3998252 -0.1656124
vn -0.7816109 -0.576285 -0.2387045
vn -0.9015065 -2.64078E-06 0.4327655
vn -0.781619 0.2386962 0.5762777
vn -0.9015052 -0.3060132 -0.3060133
vn -0.7816108 -0.4410694 -0.4410696
vn -0.9015093 0.1656101 0.3998177
vn -0.9015058 -0.1656127 -0.3998247
vn -0.9015094 0.3060075 0.3060069
vn -0.781621 0.4410605 0.4410603
vn -0.7816119 -0.2387055 -0.5762834
vn -0.781621 0.5762732 0.2387005
vn -0.9015057 0 -0.4327672
vn -0.7816114 1.085607E-07 -0.6237658
vn -0.9015085 0.3998177 0.1656144
vn -0.7816184 0.6237569 1.461601E-06
vn -0.9015056 0.1656133 -0.3998248
vn -0.7816112 0.2387052 -0.5762843
vn -0.9015099 0.4327585 1.039988E-06
vn -0.7816204 0.57627 -0.2387099
vn -0.9015055 0.3060136 -0.3060122
vn -0.7816134 0.4410637 -0.4410707
vn -0.9015085 0.399816 -0.1656185
vn -0.9917194 0.09080948 0.09080914
vn -0.9917292 0.118578 0.0491164
vn -0.9917194 0.1186479 0.04914548
vn -0.9917292 0.09075603 0.09075534
vn -1 -2.943003E-07 2.471098E-07
vn -0.9917194 0.04914575 0.1186482
vn -0.9917292 0.1283478 0
vn -0.9917194 0.1284239 0
vn -0.9917292 0.0491167 0.118578
vn -0.9917194 0 0.1284241
vn -0.9917292 0.118578 -0.04911615
vn -0.9917194 0.1186481 -0.04914526
vn -0.9917292 0 0.1283481
vn -0.9917194 -0.04914574 0.1186484
vn -0.9917292 0.09075554 -0.09075545
vn -0.9917194 0.09080937 -0.09080944
vn -0.9917292 -0.04911675 0.1185782
vn -0.9917292 0.04911643 -0.118578
vn -0.9917292 -0.09075604 0.09075548
vn -0.9917194 -0.09080957 0.09080937
vn -0.9917194 0.04914564 -0.1186483
vn -0.9917194 -0.1186482 0.04914544
vn -0.9917292 0 -0.1283479
vn -0.9917194 0 -0.1284241
vn -0.9917292 -0.1185783 0.04911637
vn -0.9917194 -0.1284239 0
vn -0.9917292 -0.04911648 -0.1185782
vn -0.9917194 -0.04914566 -0.1186485
vn -0.9917292 -0.1283481 0
vn -0.9917194 -0.1186481 -0.04914563
vn -0.9917292 -0.09075595 -0.09075563
vn -0.9917194 -0.09080957 -0.09080957
vn -0.9917292 -0.1185783 -0.04911651
vn -0.8731234 0.3447143 0.3447137
vn -0.9453627 0.3012051 0.1247594
vn -0.8731231 0.4503926 0.1865544
vn -0.9453626 0.2305317 0.2305313
vn -1 1.037507E-06 -9.225948E-07
vn -0.8731243 0.1865574 0.4503891
vn -0.9453611 0.3260249 -3.81833E-06
vn -0.8731202 0.4875049 -4.792039E-06
vn -0.945363 0.1247622 0.3012028
vn -0.8731243 1.711439E-07 0.4874976
vn -0.9453609 0.3012085 -0.1247648
vn -0.8731196 0.4503968 -0.186561
vn -0.9453628 1.34459E-07 0.3260201
vn -0.8731245 -0.1865575 0.4503884
vn -0.9453608 0.2305351 -0.2305355
vn -0.8731198 0.3447185 -0.3447189
vn -0.945363 -0.1247624 0.3012027
vn -0.9453611 0.1247644 -0.3012078
vn -0.9453627 -0.2305311 0.2305315
vn -0.873124 -0.3447131 0.3447134
vn -0.8731205 0.1865601 -0.4503952
vn -0.8731243 -0.4503893 0.1865569
vn -0.945361 3.31961E-06 -0.3260253
vn -0.8731209 4.262554E-06 -0.4875037
vn -0.945363 -0.301203 0.1247617
vn -0.8731247 -0.4874969 0
vn -0.9453629 -0.1247579 -0.3012047
vn -0.8731244 -0.1865521 -0.450391
vn -0.9453632 -0.3260193 0
vn -0.8731245 -0.4503888 -0.1865569
vn -0.9453627 -0.2305313 -0.2305311
vn -0.8731239 -0.3447136 -0.3447132
vn -0.9453629 -0.3012031 -0.124762
vn -0.781611 0.4410697 0.441069
vn -0.9015055 0.3998255 0.1656123
vn -0.7816113 0.5762846 0.2387044
vn -0.9015054 0.3060136 0.3060126
vn -1 8.464553E-07 0
vn -0.7816117 0.2387048 0.5762841
vn -0.9015057 0.4327672 0
vn -0.7816114 0.6237658 0
vn -0.9015059 0.1656119 0.3998247
vn -0.7816114 7.78727E-06 0.6237656
vn -0.9015056 0.3998253 -0.1656121
vn -0.7816109 0.576285 -0.2387045
vn -0.9015065 2.478146E-06 0.4327655
vn -0.781619 -0.2386962 0.5762777
vn -0.9015052 0.3060132 -0.3060133
vn -0.7816108 0.4410694 -0.4410696
vn -0.9015093 -0.1656103 0.3998176
vn -0.9015057 0.1656125 -0.3998248
vn -0.9015097 -0.3060071 0.3060064
vn -0.7816216 -0.4410602 0.4410596
vn -0.7816119 0.2387053 -0.5762835
vn -0.7816212 -0.576273 0.2387
vn -0.9015057 0 -0.4327672
vn -0.7816114 -2.356561E-07 -0.6237658
vn -0.9015085 -0.399818 0.1656145
vn -0.7816183 -0.6237571 1.363629E-06
vn -0.9015055 -0.1656137 -0.3998247
vn -0.7816114 -0.2387053 -0.5762842
vn -0.9015101 -0.4327581 9.359269E-07
vn -0.7816204 -0.5762702 -0.2387092
vn -0.9015058 -0.3060128 -0.3060121
vn -0.7816138 -0.4410631 -0.4410704
vn -0.9015085 -0.3998162 -0.1656182
g bus_01_0
f 3/3/3 2/2/2 1/1/1
f 4/4/4 1/1/1 2/2/2
f 2/2/2 5/5/5 4/4/4
f 4/4/4 6/6/6 1/1/1
f 7/7/7 1/1/1 6/6/6
f 8/8/8 4/4/4 5/5/5
f 4/4/4 8/8/8 6/6/6
f 9/9/9 6/6/6 8/8/8
f 10/10/10 6/6/6 9/9/9
f 11/11/11 10/10/10 9/9/9
f 12/12/12 11/11/11 9/9/9
f 5/5/5 13/13/13 8/8/8
f 14/14/14 12/12/12 9/9/9
f 15/15/15 8/8/8 13/13/13
f 8/8/8 15/15/15 9/9/9
f 13/13/13 16/16/16 15/15/15
f 17/17/17 15/15/15 16/16/16
f 16/16/16 18/18/18 17/17/17
f 19/19/19 17/17/17 18/18/18
f 18/18/18 20/20/20 19/19/19
f 9/9/9 21/21/21 14/14/14
f 22/22/22 14/14/14 21/21/21
f 22/22/22 21/21/21 23/23/23
f 24/24/24 23/23/23 21/21/21
f 25/25/25 24/24/24 21/21/21
f 26/26/26 25/25/25 21/21/21
f 15/15/15 27/27/27 9/9/9
f 27/27/27 21/21/21 9/9/9
f 15/15/15 17/17/17 28/28/28
f 27/27/27 15/15/15 28/28/28
f 28/28/28 29/29/29 27/27/27
f 30/30/30 21/21/21 27/27/27
f 30/30/30 27/27/27 29/29/29
f 31/31/31 26/26/26 21/21/21
f 21/21/21 30/30/30 31/31/31
f 31/31/31 32/32/32 26/26/26
f 33/33/33 26/26/26 32/32/32
f 31/31/31 34/34/34 32/32/32
f 35/35/35 32/32/32 34/34/34
f 34/34/34 31/31/31 36/36/36
f 30/30/30 36/36/36 31/31/31
f 36/36/36 30/30/30 37/37/37
f 29/29/29 37/37/37 30/30/30
f 29/29/29 38/38/38 37/37/37
f 39/39/39 37/37/37 38/38/38
f 39/39/39 38/38/38 40/40/40
f 29/29/29 28/28/28 41/41/41
f 42/42/42 41/41/41 28/28/28
f 42/42/42 28/28/28 17/17/17
f 41/41/41 42/42/42 17/17/17
f 43/43/43 41/41/41 17/17/17
f 41/41/41 43/43/43 29/29/29
f 17/17/17 19/19/19 43/43/43
f 43/43/43 44/44/44 29/29/29
f 38/38/38 29/29/29 44/44/44
f 44/44/44 43/43/43 19/19/19
f 44/44/44 45/45/45 38/38/38
f 45/45/45 44/44/44 19/19/19
f 45/45/45 46/46/46 38/38/38
f 46/46/46 45/45/45 19/19/19
f 47/47/47 38/38/38 46/46/46
f 47/47/47 46/46/46 19/19/19
f 48/48/48 40/40/40 38/38/38
f 38/38/38 47/47/47 48/48/48
f 49/49/49 47/47/47 19/19/19
f 49/49/49 19/19/19 20/20/20
f 20/20/20 50/50/50 49/49/49
f 49/49/49 51/51/51 47/47/47
f 51/51/51 48/48/48 47/47/47
f 52/52/52 49/49/49 50/50/50
f 49/49/49 52/52/52 48/48/48
f 50/50/50 53/53/53 52/52/52
f 54/54/54 48/48/48 52/52/52
f 48/48/48 54/54/54 40/40/40
f 55/55/55 52/52/52 53/53/53
f 52/52/52 55/55/55 54/54/54
f 53/53/53 56/56/56 55/55/55
f 57/57/57 55/55/55 56/56/56
f 56/56/56 58/58/58 57/57/57
f 59/59/59 57/57/57 58/58/58
f 58/58/58 60/60/60 59/59/59
f 57/57/57 61/61/61 55/55/55
f 57/57/57 59/59/59 61/61/61
f 62/62/62 54/54/54 55/55/55
f 62/62/62 55/55/55 61/61/61
f 63/63/63 40/40/40 54/54/54
f 54/54/54 62/62/62 63/63/63
f 63/63/63 64/64/64 40/40/40
f 65/65/65 40/40/40 64/64/64
f 66/66/66 63/63/63 62/62/62
f 61/61/61 67/67/67 62/62/62
f 66/66/66 62/62/62 67/67/67
f 66/66/66 68/68/68 63/63/63
f 64/64/64 63/63/63 68/68/68
f 67/67/67 69/69/69 66/66/66
f 68/68/68 66/66/66 69/69/69
f 64/64/64 70/70/70 65/65/65
f 68/68/68 71/71/71 64/64/64
f 70/70/70 64/64/64 71/71/71
f 69/69/69 72/72/72 68/68/68
f 71/71/71 68/68/68 72/72/72
f 69/69/69 67/67/67 73/73/73
f 69/69/69 73/73/73 72/72/72
f 67/67/67 61/61/61 74/74/74
f 74/74/74 73/73/73 67/67/67
f 75/75/75 65/65/65 70/70/70
f 65/65/65 75/75/75 76/76/76
f 70/70/70 71/71/71 77/77/77
f 70/70/70 77/77/77 75/75/75
f 78/78/78 77/77/77 71/71/71
f 78/78/78 71/71/71 79/79/79
f 72/72/72 79/79/79 71/71/71
f 79/79/79 72/72/72 80/80/80
f 81/81/81 80/80/80 72/72/72
f 81/81/81 72/72/72 73/73/73
f 80/80/80 81/81/81 82/82/82
f 81/81/81 73/73/73 83/83/83
f 83/83/83 82/82/82 81/81/81
f 73/73/73 74/74/74 84/84/84
f 84/84/84 83/83/83 73/73/73
f 83/83/83 85/85/85 82/82/82
f 86/86/86 82/82/82 85/85/85
f 85/85/85 83/83/83 87/87/87
f 84/84/84 87/87/87 83/83/83
f 85/85/85 88/88/88 86/86/86
f 85/85/85 87/87/87 88/88/88
f 89/89/89 86/86/86 88/88/88
f 88/88/88 90/90/90 89/89/89
f 91/91/91 89/89/89 90/90/90
f 91/91/91 90/90/90 92/92/92
f 93/93/93 84/84/84 74/74/74
f 87/87/87 84/84/84 94/94/94
f 93/93/93 94/94/94 84/84/84
f 74/74/74 95/95/95 93/93/93
f 95/95/95 74/74/74 61/61/61
f 95/95/95 61/61/61 59/59/59
f 96/96/96 93/93/93 95/95/95
f 95/95/95 59/59/59 96/96/96
f 94/94/94 93/93/93 97/97/97
f 96/96/96 97/97/97 93/93/93
f 98/98/98 96/96/96 59/59/59
f 98/98/98 59/59/59 60/60/60
f 98/98/98 99/99/99 96/96/96
f 98/98/98 60/60/60 99/99/99
f 97/97/97 96/96/96 99/99/99
f 100/100/100 99/99/99 60/60/60
f 97/97/97 101/101/101 94/94/94
f 97/97/97 99/99/99 101/101/101
f 99/99/99 100/100/100 102/102/102
f 102/102/102 101/101/101 99/99/99
f 103/103/103 102/102/102 100/100/100
f 102/102/102 103/103/103 104/104/104
f 102/102/102 104/104/104 101/101/101
f 105/105/105 104/104/104 103/103/103
f 106/106/106 94/94/94 101/101/101
f 94/94/94 106/106/106 87/87/87
f 107/107/107 101/101/101 104/104/104
f 101/101/101 107/107/107 106/106/106
f 104/104/104 105/105/105 108/108/108
f 109/109/109 108/108/108 105/105/105
f 110/110/110 87/87/87 106/106/106
f 110/110/110 88/88/88 87/87/87
f 106/106/106 111/111/111 110/110/110
f 111/111/111 106/106/106 107/107/107
f 110/110/110 112/112/112 88/88/88
f 112/112/112 110/110/110 111/111/111
f 90/90/90 88/88/88 112/112/112
f 107/107/107 104/104/104 113/113/113
f 108/108/108 113/113/113 104/104/104
f 111/111/111 107/107/107 114/114/114
f 111/111/111 114/114/114 112/112/112
f 113/113/113 114/114/114 107/107/107
f 108/108/108 109/109/109 115/115/115
f 116/116/116 115/115/115 109/109/109
f 112/112/112 117/117/117 90/90/90
f 117/117/117 112/112/112 114/114/114
f 114/114/114 113/113/113 118/118/118
f 114/114/114 118/118/118 117/117/117
f 113/113/113 108/108/108 119/119/119
f 115/115/115 119/119/119 108/108/108
f 119/119/119 118/118/118 113/113/113
f 119/119/119 120/120/120 118/118/118
f 121/121/121 90/90/90 117/117/117
f 121/121/121 92/92/92 90/90/90
f 122/122/122 117/117/117 118/118/118
f 117/117/117 122/122/122 121/121/121
f 121/121/121 123/123/123 92/92/92
f 123/123/123 121/121/121 122/122/122
f 118/118/118 124/124/124 122/122/122
f 124/124/124 118/118/118 120/120/120
f 125/125/125 122/122/122 124/124/124
f 122/122/122 125/125/125 123/123/123
f 120/120/120 119/119/119 126/126/126
f 127/127/127 126/126/126 119/119/119
f 115/115/115 126/126/126 127/127/127
f 126/126/126 115/115/115 128/128/128
f 126/126/126 128/128/128 120/120/120
f 129/129/129 128/128/128 115/115/115
f 115/115/115 116/116/116 129/129/129
f 130/130/130 129/129/129 116/116/116
f 129/129/129 131/131/131 128/128/128
f 128/128/128 131/131/131 120/120/120
f 129/129/129 130/130/130 132/132/132
f 129/129/129 132/132/132 131/131/131
f 133/133/133 132/132/132 130/130/130
f 132/132/132 133/133/133 134/134/134
f 135/135/135 134/134/134 133/133/133
f 134/134/134 135/135/135 136/136/136
f 137/137/137 136/136/136 135/135/135
f 134/134/134 136/136/136 138/138/138
f 138/138/138 136/136/136 139/139/139
f 136/136/136 137/137/137 140/140/140
f 140/140/140 139/139/139 136/136/136
f 141/141/141 140/140/140 137/137/137
f 140/140/140 141/141/141 142/142/142
f 140/140/140 142/142/142 139/139/139
f 143/143/143 142/142/142 141/141/141
f 144/144/144 139/139/139 142/142/142
f 139/139/139 145/145/145 138/138/138
f 145/145/145 146/146/146 138/138/138
f 146/146/146 147/147/147 138/138/138
f 147/147/147 148/148/148 138/138/138
f 138/138/138 148/148/148 149/149/149
f 150/150/150 149/149/149 148/148/148
f 149/149/149 150/150/150 151/151/151
f 151/151/151 152/152/152 149/149/149
f 152/152/152 153/153/153 149/149/149
f 153/153/153 154/154/154 149/149/149
f 149/149/149 155/155/155 138/138/138
f 155/155/155 134/134/134 138/138/138
f 154/154/154 156/156/156 149/149/149
f 157/157/157 155/155/155 149/149/149
f 157/157/157 149/149/149 156/156/156
f 156/156/156 154/154/154 158/158/158
f 159/159/159 158/158/158 154/154/154
f 156/156/156 158/158/158 160/160/160
f 161/161/161 160/160/160 158/158/158
f 157/157/157 156/156/156 162/162/162
f 160/160/160 162/162/162 156/156/156
f 160/160/160 161/161/161 163/163/163
f 164/164/164 163/163/163 161/161/161
f 162/162/162 160/160/160 165/165/165
f 163/163/163 165/165/165 160/160/160
f 163/163/163 164/164/164 166/166/166
f 167/167/167 166/166/166 164/164/164
f 163/163/163 168/168/168 165/165/165
f 166/166/166 168/168/168 163/163/163
f 166/166/166 167/167/167 169/169/169
f 166/166/166 169/169/169 168/168/168
f 170/170/170 169/169/169 167/167/167
f 169/169/169 171/171/171 168/168/168
f 171/171/171 172/172/172 168/168/168
f 172/172/172 173/173/173 168/168/168
f 173/173/173 174/174/174 168/168/168
f 168/168/168 174/174/174 175/175/175
f 176/176/176 175/175/175 174/174/174
f 175/175/175 176/176/176 177/177/177
f 177/177/177 178/178/178 175/175/175
f 178/178/178 179/179/179 175/175/175
f 180/180/180 175/175/175 179/179/179
f 180/180/180 179/179/179 181/181/181
f 182/182/182 181/181/181 179/179/179
f 182/182/182 183/183/183 181/181/181
f 184/184/184 181/181/181 183/183/183
f 184/184/184 185/185/185 181/181/181
f 186/186/186 181/181/181 185/185/185
f 186/186/186 187/187/187 181/181/181
f 187/187/187 188/188/188 181/181/181
f 188/188/188 189/189/189 181/181/181
f 180/180/180 181/181/181 189/189/189
f 189/189/189 190/190/190 180/180/180
f 190/190/190 191/191/191 180/180/180
f 180/180/180 192/192/192 175/175/175
f 193/193/193 180/180/180 191/191/191
f 180/180/180 193/193/193 192/192/192
f 193/193/193 191/191/191 194/194/194
f 195/195/195 194/194/194 191/191/191
f 195/195/195 196/196/196 194/194/194
f 197/197/197 175/175/175 192/192/192
f 175/175/175 197/197/197 168/168/168
f 198/198/198 192/192/192 193/193/193
f 192/192/192 198/198/198 197/197/197
f 193/193/193 194/194/194 198/198/198
f 199/199/199 168/168/168 197/197/197
f 199/199/199 197/197/197 198/198/198
f 200/200/200 194/194/194 196/196/196
f 196/196/196 201/201/201 200/200/200
f 202/202/202 198/198/198 194/194/194
f 198/198/198 202/202/202 199/199/199
f 199/199/199 203/203/203 168/168/168
f 165/165/165 168/168/168 203/203/203
f 165/165/165 203/203/203 162/162/162
f 200/200/200 204/204/204 194/194/194
f 202/202/202 194/194/194 204/204/204
f 205/205/205 200/200/200 201/201/201
f 200/200/200 205/205/205 204/204/204
f 201/201/201 206/206/206 205/205/205
f 207/207/207 199/199/199 202/202/202
f 199/199/199 207/207/207 203/203/203
f 207/207/207 202/202/202 204/204/204
f 203/203/203 208/208/208 162/162/162
f 208/208/208 203/203/203 207/207/207
f 207/207/207 204/204/204 209/209/209
f 207/207/207 209/209/209 208/208/208
f 210/210/210 162/162/162 208/208/208
f 162/162/162 210/210/210 157/157/157
f 211/211/211 205/205/205 206/206/206
f 206/206/206 212/212/212 211/211/211
f 213/213/213 204/204/204 205/205/205
f 213/213/213 209/209/209 204/204/204
f 213/213/213 205/205/205 214/214/214
f 211/211/211 214/214/214 205/205/205
f 209/209/209 213/213/213 214/214/214
f 125/125/125 208/208/208 209/209/209
f 208/208/208 125/125/125 210/210/210
f 209/209/209 214/214/214 215/215/215
f 209/209/209 215/215/215 125/125/125
f 124/124/124 210/210/210 125/125/125
f 124/124/124 120/120/120 210/210/210
f 215/215/215 123/123/123 125/125/125
f 216/216/216 210/210/210 120/120/120
f 216/216/216 157/157/157 210/210/210
f 216/216/216 120/120/120 131/131/131
f 157/157/157 216/216/216 155/155/155
f 217/217/217 215/215/215 214/214/214
f 211/211/211 217/217/217 214/214/214
f 217/217/217 218/218/218 215/215/215
f 123/123/123 215/215/215 218/218/218
f 217/217/217 211/211/211 218/218/218
f 123/123/123 218/218/218 219/219/219
f 219/219/219 218/218/218 211/211/211
f 219/219/219 92/92/92 123/123/123
f 219/219/219 211/211/211 212/212/212
f 92/92/92 219/219/219 212/212/212
f 220/220/220 216/216/216 131/131/131
f 220/220/220 131/131/131 132/132/132
f 221/221/221 155/155/155 216/216/216
f 216/216/216 220/220/220 221/221/221
f 134/134/134 155/155/155 221/221/221
f 220/220/220 132/132/132 222/222/222
f 222/222/222 221/221/221 220/220/220
f 222/222/222 134/134/134 221/221/221
f 134/134/134 222/222/222 132/132/132
f 225/225/225 224/224/224 223/223/223
f 226/226/226 223/223/223 224/224/224
f 224/224/224 227/227/227 226/226/226
f 228/228/228 226/226/226 227/227/227
f 223/223/223 226/226/226 229/229/229
f 229/229/229 226/226/226 228/228/228
f 230/230/230 223/223/223 229/229/229
f 228/228/228 231/231/231 229/229/229
f 232/232/232 230/230/230 229/229/229
f 233/233/233 232/232/232 229/229/229
f 234/234/234 233/233/233 229/229/229
f 229/229/229 235/235/235 234/234/234
f 236/236/236 234/234/234 235/235/235
f 236/236/236 235/235/235 237/237/237
f 238/238/238 237/237/237 235/235/235
f 231/231/231 239/239/239 229/229/229
f 240/240/240 238/238/238 235/235/235
f 235/235/235 241/241/241 240/240/240
f 241/241/241 242/242/242 240/240/240
f 243/243/243 240/240/240 242/242/242
f 243/243/243 242/242/242 244/244/244
f 245/245/245 244/244/244 242/242/242
f 245/245/245 242/242/242 246/246/246
f 247/247/247 246/246/246 242/242/242
f 248/248/248 247/247/247 242/242/242
f 249/249/249 248/248/248 242/242/242
f 249/249/249 242/242/242 250/250/250
f 241/241/241 250/250/250 242/242/242
f 251/251/251 250/250/250 241/241/241
f 251/251/251 241/241/241 252/252/252
f 241/241/241 235/235/235 253/253/253
f 254/254/254 253/253/253 235/235/235
f 235/235/235 229/229/229 254/254/254
f 254/254/254 229/229/229 255/255/255
f 254/254/254 255/255/255 253/253/253
f 255/255/255 229/229/229 239/239/239
f 253/253/253 256/256/256 241/241/241
f 256/256/256 253/253/253 255/255/255
f 257/257/257 252/252/252 241/241/241
f 257/257/257 241/241/241 256/256/256
f 257/257/257 258/258/258 252/252/252
f 257/257/257 256/256/256 258/258/258
f 259/259/259 252/252/252 258/258/258
f 259/259/259 258/258/258 260/260/260
f 255/255/255 239/239/239 261/261/261
f 262/262/262 261/261/261 239/239/239
f 256/256/256 255/255/255 263/263/263
f 263/263/263 258/258/258 256/256/256
f 261/261/261 263/263/263 255/255/255
f 264/264/264 260/260/260 258/258/258
f 260/260/260 264/264/264 265/265/265
f 263/263/263 266/266/266 258/258/258
f 266/266/266 263/263/263 261/261/261
f 264/264/264 258/258/258 266/266/266
f 261/261/261 262/262/262 267/267/267
f 261/261/261 267/267/267 266/266/266
f 76/76/76 267/267/267 262/262/262
f 268/268/268 265/265/265 264/264/264
f 264/264/264 266/266/266 268/268/268
f 265/265/265 268/268/268 269/269/269
f 270/270/270 268/268/268 266/266/266
f 270/270/270 266/266/266 267/267/267
f 271/271/271 269/269/269 268/268/268
f 268/268/268 270/270/270 271/271/271
f 269/269/269 271/271/271 272/272/272
f 273/273/273 267/267/267 76/76/76
f 273/273/273 76/76/76 75/75/75
f 270/270/270 267/267/267 274/274/274
f 273/273/273 274/274/274 267/267/267
f 274/274/274 271/271/271 270/270/270
f 274/274/274 273/273/273 275/275/275
f 75/75/75 275/275/275 273/273/273
f 274/274/274 275/275/275 271/271/271
f 276/276/276 272/272/272 271/271/271
f 276/276/276 271/271/271 275/275/275
f 75/75/75 276/276/276 275/275/275
f 276/276/276 77/77/77 272/272/272
f 276/276/276 75/75/75 77/77/77
f 279/279/279 278/278/278 277/277/277
f 280/280/280 277/277/277 278/278/278
f 280/280/280 278/278/278 281/281/281
f 282/282/282 281/281/281 278/278/278
f 282/282/282 283/283/283 281/281/281
f 281/281/281 283/283/283 284/284/284
f 285/285/285 284/284/284 283/283/283
f 285/285/285 286/286/286 284/284/284
f 287/287/287 284/284/284 286/286/286
f 286/286/286 288/288/288 287/287/287
f 288/288/288 289/289/289 287/287/287
f 277/277/277 280/280/280 290/290/290
f 280/280/280 281/281/281 291/291/291
f 291/291/291 290/290/290 280/280/280
f 281/281/281 284/284/284 292/292/292
f 292/292/292 291/291/291 281/281/281
f 290/290/290 293/293/293 277/277/277
f 293/293/293 294/294/294 277/277/277
f 293/293/293 295/295/295 294/294/294
f 293/293/293 290/290/290 295/295/295
f 296/296/296 294/294/294 295/295/295
f 291/291/291 297/297/297 290/290/290
f 297/297/297 295/295/295 290/290/290
f 295/295/295 298/298/298 296/296/296
f 295/295/295 297/297/297 298/298/298
f 299/299/299 296/296/296 298/298/298
f 292/292/292 300/300/300 291/291/291
f 297/297/297 291/291/291 300/300/300
f 301/301/301 292/292/292 284/284/284
f 292/292/292 301/301/301 300/300/300
f 302/302/302 298/298/298 297/297/297
f 297/297/297 300/300/300 302/302/302
f 298/298/298 303/303/303 299/299/299
f 298/298/298 302/302/302 303/303/303
f 304/304/304 299/299/299 303/303/303
f 303/303/303 305/305/305 304/304/304
f 304/304/304 305/305/305 306/306/306
f 307/307/307 305/305/305 303/303/303
f 302/302/302 307/307/307 303/303/303
f 308/308/308 306/306/306 305/305/305
f 307/307/307 308/308/308 305/305/305
f 301/301/301 284/284/284 309/309/309
f 287/287/287 309/309/309 284/284/284
f 308/308/308 310/310/310 306/306/306
f 311/311/311 306/306/306 310/310/310
f 307/307/307 302/302/302 312/312/312
f 308/308/308 307/307/307 313/313/313
f 312/312/312 313/313/313 307/307/307
f 310/310/310 308/308/308 314/314/314
f 313/313/313 314/314/314 308/308/308
f 314/314/314 313/313/313 315/315/315
f 316/316/316 312/312/312 302/302/302
f 316/316/316 302/302/302 300/300/300
f 317/317/317 300/300/300 301/301/301
f 300/300/300 317/317/317 316/316/316
f 309/309/309 318/318/318 301/301/301
f 317/317/317 301/301/301 318/318/318
f 316/316/316 319/319/319 312/312/312
f 319/319/319 316/316/316 317/317/317
f 312/312/312 320/320/320 313/313/313
f 320/320/320 312/312/312 319/319/319
f 319/319/319 317/317/317 321/321/321
f 318/318/318 321/321/321 317/317/317
f 321/321/321 322/322/322 319/319/319
f 320/320/320 319/319/319 322/322/322
f 323/323/323 313/313/313 320/320/320
f 323/323/323 315/315/315 313/313/313
f 323/323/323 320/320/320 324/324/324
f 322/322/322 324/324/324 320/320/320
f 323/323/323 324/324/324 315/315/315
f 321/321/321 325/325/325 322/322/322
f 321/321/321 318/318/318 325/325/325
f 309/309/309 326/326/326 318/318/318
f 309/309/309 287/287/287 326/326/326
f 322/322/322 327/327/327 324/324/324
f 327/327/327 322/322/322 325/325/325
f 328/328/328 318/318/318 326/326/326
f 328/328/328 325/325/325 318/318/318
f 329/329/329 326/326/326 287/287/287
f 329/329/329 287/287/287 289/289/289
f 326/326/326 329/329/329 330/330/330
f 328/328/328 326/326/326 330/330/330
f 329/329/329 289/289/289 331/331/331
f 331/331/331 330/330/330 329/329/329
f 332/332/332 331/331/331 289/289/289
f 333/333/333 330/330/330 331/331/331
f 334/334/334 333/333/333 331/331/331
f 333/333/333 335/335/335 330/330/330
f 333/333/333 334/334/334 335/335/335
f 328/328/328 330/330/330 335/335/335
f 336/336/336 335/335/335 334/334/334
f 336/336/336 337/337/337 335/335/335
f 335/335/335 338/338/338 328/328/328
f 325/325/325 328/328/328 338/338/338
f 338/338/338 335/335/335 337/337/337
f 325/325/325 338/338/338 339/339/339
f 338/338/338 337/337/337 339/339/339
f 340/340/340 339/339/339 337/337/337
f 327/327/327 325/325/325 339/339/339
f 341/341/341 339/339/339 340/340/340
f 341/341/341 327/327/327 339/339/339
f 340/340/340 342/342/342 341/341/341
f 327/327/327 341/341/341 343/343/343
f 343/343/343 341/341/341 342/342/342
f 343/343/343 324/324/324 327/327/327
f 343/343/343 342/342/342 344/344/344
f 345/345/345 344/344/344 342/342/342
f 324/324/324 343/343/343 346/346/346
f 344/344/344 346/346/346 343/343/343
f 346/346/346 315/315/315 324/324/324
f 346/346/346 344/344/344 347/347/347
f 348/348/348 346/346/346 347/347/347
f 346/346/346 348/348/348 315/315/315
f 349/349/349 347/347/347 344/344/344
f 350/350/350 315/315/315 348/348/348
f 349/349/349 344/344/344 351/351/351
f 345/345/345 351/351/351 344/344/344
f 350/350/350 352/352/352 315/315/315
f 345/345/345 353/353/353 351/351/351
f 345/345/345 354/354/354 353/353/353
f 354/354/354 345/345/345 355/355/355
f 314/314/314 315/315/315 352/352/352
f 314/314/314 352/352/352 356/356/356
f 314/314/314 356/356/356 310/310/310
f 357/357/357 310/310/310 356/356/356
f 357/357/357 358/358/358 310/310/310
f 311/311/311 310/310/310 358/358/358
f 359/359/359 311/311/311 358/358/358
f 360/360/360 311/311/311 359/359/359
f 311/311/311 360/360/360 361/361/361
f 364/364/364 363/363/363 362/362/362
f 365/365/365 362/362/362 363/363/363
f 363/363/363 366/366/366 365/365/365
f 367/367/367 365/365/365 366/366/366
f 366/366/366 368/368/368 367/367/367
f 369/369/369 367/367/367 368/368/368
f 369/369/369 368/368/368 370/370/370
f 371/371/371 370/370/370 368/368/368
f 370/370/370 371/371/371 372/372/372
f 373/373/373 372/372/372 371/371/371
f 372/372/372 373/373/373 374/374/374
f 375/375/375 374/374/374 373/373/373
f 375/375/375 376/376/376 374/374/374
f 377/377/377 374/374/374 376/376/376
f 377/377/377 376/376/376 378/378/378
f 379/379/379 378/378/378 376/376/376
f 379/379/379 380/380/380 378/378/378
f 381/381/381 378/378/378 380/380/380
f 380/380/380 382/382/382 381/381/381
f 383/383/383 381/381/381 382/382/382
f 382/382/382 384/384/384 383/383/383
f 385/385/385 383/383/383 384/384/384
f 385/385/385 384/384/384 386/386/386
f 387/387/387 386/386/386 384/384/384
f 386/386/386 387/387/387 388/388/388
f 389/389/389 388/388/388 387/387/387
f 388/388/388 389/389/389 390/390/390
f 391/391/391 390/390/390 389/389/389
f 394/394/394 393/393/393 392/392/392
f 392/392/392 395/395/395 394/394/394
f 396/396/396 394/394/394 395/395/395
f 395/395/395 397/397/397 396/396/396
f 396/396/396 397/397/397 398/398/398
f 399/399/399 398/398/398 397/397/397
f 398/398/398 400/400/400 396/396/396
f 401/401/401 396/396/396 400/400/400
f 398/398/398 399/399/399 402/402/402
f 398/398/398 402/402/402 400/400/400
f 403/403/403 402/402/402 399/399/399
f 404/404/404 400/400/400 402/402/402
f 402/402/402 403/403/403 405/405/405
f 402/402/402 405/405/405 404/404/404
f 406/406/406 405/405/405 403/403/403
f 405/405/405 406/406/406 407/407/407
f 408/408/408 404/404/404 405/405/405
f 405/405/405 407/407/407 408/408/408
f 409/409/409 407/407/407 406/406/406
f 410/410/410 408/408/408 407/407/407
f 409/409/409 411/411/411 407/407/407
f 410/410/410 407/407/407 412/412/412
f 413/413/413 407/407/407 411/411/411
f 413/413/413 412/412/412 407/407/407
f 411/411/411 414/414/414 413/413/413
f 412/412/412 413/413/413 415/415/415
f 416/416/416 413/413/413 414/414/414
f 416/416/416 415/415/415 413/413/413
f 414/414/414 417/417/417 416/416/416
f 415/415/415 416/416/416 418/418/418
f 419/419/419 416/416/416 417/417/417
f 419/419/419 418/418/418 416/416/416
f 417/417/417 420/420/420 419/419/419
f 419/419/419 421/421/421 418/418/418
f 421/421/421 419/419/419 420/420/420
f 422/422/422 418/418/418 421/421/421
f 420/420/420 423/423/423 421/421/421
f 421/421/421 423/423/423 424/424/424
f 425/425/425 424/424/424 423/423/423
f 426/426/426 424/424/424 425/425/425
f 429/429/429 428/428/428 427/427/427
f 430/430/430 427/427/427 428/428/428
f 428/428/428 431/431/431 430/430/430
f 432/432/432 430/430/430 431/431/431
f 432/432/432 431/431/431 433/433/433
f 434/434/434 433/433/433 431/431/431
f 433/433/433 434/434/434 435/435/435
f 436/436/436 435/435/435 434/434/434
f 435/435/435 436/436/436 437/437/437
f 438/438/438 437/437/437 436/436/436
f 437/437/437 438/438/438 439/439/439
f 440/440/440 439/439/439 438/438/438
f 439/439/439 440/440/440 441/441/441
f 442/442/442 441/441/441 440/440/440
f 441/441/441 442/442/442 443/443/443
f 444/444/444 443/443/443 442/442/442
f 443/443/443 444/444/444 445/445/445
f 446/446/446 445/445/445 444/444/444
f 445/445/445 446/446/446 447/447/447
f 448/448/448 447/447/447 446/446/446
f 447/447/447 448/448/448 449/449/449
f 450/450/450 449/449/449 448/448/448
f 449/449/449 450/450/450 451/451/451
f 452/452/452 451/451/451 450/450/450
f 451/451/451 452/452/452 453/453/453
f 454/454/454 453/453/453 452/452/452
f 454/454/454 455/455/455 453/453/453
f 456/456/456 453/453/453 455/455/455
f 456/456/456 455/455/455 457/457/457
f 458/458/458 457/457/457 455/455/455
f 458/458/458 459/459/459 457/457/457
f 460/460/460 457/457/457 459/459/459
f 460/460/460 459/459/459 461/461/461
f 462/462/462 461/461/461 459/459/459
f 462/462/462 463/463/463 461/461/461
f 464/464/464 461/461/461 463/463/463
f 463/463/463 465/465/465 464/464/464
f 466/466/466 464/464/464 465/465/465
f 465/465/465 467/467/467 466/466/466
f 468/468/468 466/466/466 467/467/467
f 467/467/467 469/469/469 468/468/468
f 470/470/470 468/468/468 469/469/469
f 469/469/469 471/471/471 470/470/470
f 472/472/472 470/470/470 471/471/471
f 471/471/471 473/473/473 472/472/472
f 474/474/474 472/472/472 473/473/473
f 473/473/473 475/475/475 474/474/474
f 476/476/476 474/474/474 475/475/475
f 475/475/475 477/477/477 476/476/476
f 478/478/478 476/476/476 477/477/477
f 477/477/477 479/479/479 478/478/478
f 480/480/480 478/478/478 479/479/479
f 479/479/479 481/481/481 480/480/480
f 482/482/482 480/480/480 481/481/481
f 481/481/481 483/483/483 482/482/482
f 484/484/484 482/482/482 483/483/483
f 484/484/484 483/483/483 485/485/485
f 486/486/486 485/485/485 483/483/483
f 485/485/485 486/486/486 487/487/487
f 488/488/488 487/487/487 486/486/486
f 491/491/491 490/490/490 489/489/489
f 492/492/492 489/489/489 490/490/490
f 492/492/492 490/490/490 493/493/493
f 494/494/494 493/493/493 490/490/490
f 493/493/493 494/494/494 495/495/495
f 496/496/496 495/495/495 494/494/494
f 496/496/496 497/497/497 495/495/495
f 498/498/498 495/495/495 497/497/497
f 498/498/498 497/497/497 499/499/499
f 500/500/500 499/499/499 497/497/497
f 499/499/499 500/500/500 501/501/501
f 502/502/502 501/501/501 500/500/500
f 501/501/501 502/502/502 503/503/503
f 504/504/504 503/503/503 502/502/502
f 503/503/503 504/504/504 505/505/505
f 506/506/506 505/505/505 504/504/504
f 505/505/505 506/506/506 507/507/507
f 508/508/508 507/507/507 506/506/506
f 507/507/507 508/508/508 509/509/509
f 510/510/510 509/509/509 508/508/508
f 509/509/509 510/510/510 511/511/511
f 512/512/512 511/511/511 510/510/510
f 515/515/515 514/514/514 513/513/513
f 516/516/516 513/513/513 514/514/514
f 516/516/516 514/514/514 517/517/517
f 514/514/514 518/518/518 517/517/517
f 518/518/518 519/519/519 517/517/517
f 520/520/520 517/517/517 519/519/519
f 520/520/520 519/519/519 521/521/521
f 522/522/522 520/520/520 521/521/521
f 517/517/517 520/520/520 523/523/523
f 520/520/520 522/522/522 524/524/524
f 525/525/525 524/524/524 522/522/522
f 525/525/525 526/526/526 524/524/524
f 526/526/526 527/527/527 524/524/524
f 527/527/527 526/526/526 528/528/528
f 529/529/529 528/528/528 526/526/526
f 524/524/524 530/530/530 520/520/520
f 531/531/531 523/523/523 520/520/520
f 531/531/531 520/520/520 530/530/530
f 531/531/531 532/532/532 523/523/523
f 531/531/531 530/530/530 532/532/532
f 533/533/533 523/523/523 532/532/532
f 523/523/523 533/533/533 534/534/534
f 535/535/535 534/534/534 533/533/533
f 533/533/533 536/536/536 535/535/535
f 533/533/533 532/532/532 536/536/536
f 537/537/537 535/535/535 536/536/536
f 538/538/538 532/532/532 530/530/530
f 530/530/530 539/539/539 538/538/538
f 540/540/540 538/538/538 539/539/539
f 538/538/538 540/540/540 541/541/541
f 538/538/538 541/541/541 532/532/532
f 542/542/542 541/541/541 540/540/540
f 543/543/543 536/536/536 532/532/532
f 543/543/543 532/532/532 541/541/541
f 536/536/536 544/544/544 537/537/537
f 545/545/545 537/537/537 544/544/544
f 545/545/545 544/544/544 546/546/546
f 543/543/543 547/547/547 536/536/536
f 543/543/543 541/541/541 547/547/547
f 544/544/544 536/536/536 547/547/547
f 547/547/547 548/548/548 544/544/544
f 541/541/541 542/542/542 549/549/549
f 549/549/549 547/547/547 541/541/541
f 547/547/547 549/549/549 548/548/548
f 550/550/550 549/549/549 542/542/542
f 550/550/550 551/551/551 549/549/549
f 552/552/552 546/546/546 544/544/544
f 552/552/552 544/544/544 548/548/548
f 546/546/546 552/552/552 553/553/553
f 554/554/554 553/553/553 552/552/552
f 552/552/552 548/548/548 554/554/554
f 555/555/555 549/549/549 551/551/551
f 555/555/555 548/548/548 549/549/549
f 551/551/551 556/556/556 555/555/555
f 557/557/557 555/555/555 556/556/556
f 555/555/555 557/557/557 548/548/548
f 558/558/558 554/554/554 548/548/548
f 558/558/558 548/548/548 557/557/557
f 554/554/554 558/558/558 559/559/559
f 557/557/557 560/560/560 558/558/558
f 561/561/561 559/559/559 558/558/558
f 561/561/561 558/558/558 560/560/560
f 561/561/561 562/562/562 559/559/559
f 561/561/561 560/560/560 562/562/562
f 563/563/563 559/559/559 562/562/562
f 562/562/562 564/564/564 563/563/563
f 559/559/559 563/563/563 565/565/565
f 566/566/566 565/565/565 563/563/563
f 567/567/567 562/562/562 560/560/560
f 562/562/562 567/567/567 564/564/564
f 560/560/560 568/568/568 567/567/567
f 569/569/569 567/567/567 568/568/568
f 563/563/563 570/570/570 566/566/566
f 570/570/570 563/563/563 564/564/564
f 571/571/571 566/566/566 570/570/570
f 567/567/567 569/569/569 572/572/572
f 572/572/572 564/564/564 567/567/567
f 573/573/573 572/572/572 569/569/569
f 570/570/570 574/574/574 571/571/571
f 575/575/575 571/571/571 574/574/574
f 576/576/576 574/574/574 570/570/570
f 577/577/577 576/576/576 570/570/570
f 570/570/570 564/564/564 577/577/577
f 578/578/578 577/577/577 564/564/564
f 578/578/578 564/564/564 579/579/579
f 572/572/572 579/579/579 564/564/564
f 580/580/580 579/579/579 572/572/572
f 581/581/581 580/580/580 572/572/572
f 572/572/572 573/573/573 581/581/581
f 582/582/582 581/581/581 573/573/573
f 585/585/585 584/584/584 583/583/583
f 586/586/586 583/583/583 584/584/584
f 586/586/586 584/584/584 587/587/587
f 588/588/588 587/587/587 584/584/584
f 588/588/588 589/589/589 587/587/587
f 590/590/590 587/587/587 589/589/589
f 589/589/589 591/591/591 590/590/590
f 592/592/592 590/590/590 591/591/591
f 591/591/591 593/593/593 592/592/592
f 594/594/594 592/592/592 593/593/593
f 597/597/597 596/596/596 595/595/595
f 598/598/598 595/595/595 596/596/596
f 598/598/598 596/596/596 599/599/599
f 600/600/600 599/599/599 596/596/596
f 599/599/599 600/600/600 601/601/601
f 602/602/602 601/601/601 600/600/600
f 602/602/602 603/603/603 601/601/601
f 604/604/604 601/601/601 603/603/603
f 604/604/604 603/603/603 605/605/605
f 606/606/606 605/605/605 603/603/603
f 605/605/605 606/606/606 607/607/607
f 608/608/608 607/607/607 606/606/606
f 607/607/607 608/608/608 609/609/609
f 610/610/610 609/609/609 608/608/608
f 609/609/609 610/610/610 611/611/611
f 612/612/612 611/611/611 610/610/610
f 611/611/611 612/612/612 613/613/613
f 614/614/614 613/613/613 612/612/612
f 613/613/613 614/614/614 615/615/615
f 616/616/616 615/615/615 614/614/614
f 615/615/615 616/616/616 617/617/617
f 618/618/618 617/617/617 616/616/616
f 621/621/621 620/620/620 619/619/619
f 622/622/622 619/619/619 620/620/620
f 622/622/622 620/620/620 623/623/623
f 624/624/624 623/623/623 620/620/620
f 624/624/624 625/625/625 623/623/623
f 626/626/626 623/623/623 625/625/625
f 625/625/625 627/627/627 626/626/626
f 628/628/628 626/626/626 627/627/627
f 627/627/627 629/629/629 628/628/628
f 630/630/630 628/628/628 629/629/629
f 633/633/633 632/632/632 631/631/631
f 634/634/634 631/631/631 632/632/632
f 631/631/631 634/634/634 635/635/635
f 636/636/636 635/635/635 634/634/634
f 635/635/635 636/636/636 637/637/637
f 638/638/638 637/637/637 636/636/636
f 638/638/638 639/639/639 637/637/637
f 637/637/637 639/639/639 640/640/640
f 641/641/641 640/640/640 639/639/639
f 640/640/640 641/641/641 642/642/642
f 643/643/643 642/642/642 641/641/641
f 646/646/646 645/645/645 644/644/644
f 647/647/647 644/644/644 645/645/645
f 645/645/645 648/648/648 647/647/647
f 647/647/647 649/649/649 644/644/644
f 650/650/650 644/644/644 649/649/649
f 649/649/649 647/647/647 651/651/651
f 652/652/652 647/647/647 648/648/648
f 652/652/652 651/651/651 647/647/647
f 648/648/648 653/653/653 652/652/652
f 651/651/651 652/652/652 654/654/654
f 655/655/655 652/652/652 653/653/653
f 655/655/655 654/654/654 652/652/652
f 653/653/653 656/656/656 655/655/655
f 654/654/654 655/655/655 657/657/657
f 658/658/658 655/655/655 656/656/656
f 658/658/658 657/657/657 655/655/655
f 656/656/656 659/659/659 658/658/658
f 657/657/657 658/658/658 660/660/660
f 661/661/661 658/658/658 659/659/659
f 661/661/661 660/660/660 658/658/658
f 659/659/659 662/662/662 661/661/661
f 660/660/660 661/661/661 663/663/663
f 664/664/664 661/661/661 662/662/662
f 664/664/664 663/663/663 661/661/661
f 662/662/662 665/665/665 664/664/664
f 663/663/663 664/664/664 666/666/666
f 667/667/667 664/664/664 665/665/665
f 667/667/667 666/666/666 664/664/664
f 665/665/665 668/668/668 667/667/667
f 666/666/666 667/667/667 669/669/669
f 670/670/670 667/667/667 668/668/668
f 670/670/670 669/669/669 667/667/667
f 673/673/673 672/672/672 671/671/671
f 674/674/674 671/671/671 672/672/672
f 672/672/672 675/675/675 674/674/674
f 674/674/674 676/676/676 671/671/671
f 677/677/677 671/671/671 676/676/676
f 676/676/676 674/674/674 678/678/678
f 679/679/679 674/674/674 675/675/675
f 679/679/679 678/678/678 674/674/674
f 675/675/675 680/680/680 679/679/679
f 678/678/678 679/679/679 681/681/681
f 682/682/682 679/679/679 680/680/680
f 682/682/682 681/681/681 679/679/679
f 680/680/680 683/683/683 682/682/682
f 681/681/681 682/682/682 684/684/684
f 685/685/685 682/682/682 683/683/683
f 685/685/685 684/684/684 682/682/682
f 683/683/683 686/686/686 685/685/685
f 684/684/684 685/685/685 687/687/687
f 688/688/688 685/685/685 686/686/686
f 688/688/688 687/687/687 685/685/685
f 686/686/686 689/689/689 688/688/688
f 687/687/687 688/688/688 690/690/690
f 691/691/691 688/688/688 689/689/689
f 691/691/691 690/690/690 688/688/688
f 689/689/689 692/692/692 691/691/691
f 690/690/690 691/691/691 693/693/693
f 694/694/694 691/691/691 692/692/692
f 694/694/694 693/693/693 691/691/691
f 692/692/692 695/695/695 694/694/694
f 693/693/693 694/694/694 696/696/696
f 697/697/697 694/694/694 695/695/695
f 697/697/697 696/696/696 694/694/694
f 700/700/700 699/699/699 698/698/698
f 701/701/701 698/698/698 699/699/699
f 699/699/699 702/702/702 701/701/701
f 701/701/701 703/703/703 698/698/698
f 704/704/704 698/698/698 703/703/703
f 703/703/703 701/701/701 705/705/705
f 706/706/706 701/701/701 702/702/702
f 706/706/706 705/705/705 701/701/701
f 702/702/702 707/707/707 706/706/706
f 705/705/705 706/706/706 708/708/708
f 709/709/709 706/706/706 707/707/707
f 709/709/709 708/708/708 706/706/706
f 707/707/707 710/710/710 709/709/709
f 708/708/708 709/709/709 711/711/711
f 712/712/712 709/709/709 710/710/710
f 712/712/712 711/711/711 709/709/709
f 710/710/710 713/713/713 712/712/712
f 711/711/711 712/712/712 714/714/714
f 715/715/715 712/712/712 713/713/713
f 715/715/715 714/714/714 712/712/712
f 713/713/713 716/716/716 715/715/715
f 714/714/714 715/715/715 717/717/717
f 718/718/718 715/715/715 716/716/716
f 718/718/718 717/717/717 715/715/715
f 716/716/716 719/719/719 718/718/718
f 717/717/717 718/718/718 720/720/720
f 721/721/721 718/718/718 719/719/719
f 721/721/721 720/720/720 718/718/718
f 719/719/719 722/722/722 721/721/721
f 720/720/720 721/721/721 723/723/723
f 724/724/724 721/721/721 722/722/722
f 724/724/724 723/723/723 721/721/721
f 727/727/727 726/726/726 725/725/725
f 728/728/728 725/725/725 726/726/726
f 726/726/726 729/729/729 728/728/728
f 728/728/728 730/730/730 725/725/725
f 731/731/731 725/725/725 730/730/730
f 730/730/730 728/728/728 732/732/732
f 733/733/733 728/728/728 729/729/729
f 733/733/733 732/732/732 728/728/728
f 729/729/729 734/734/734 733/733/733
f 732/732/732 733/733/733 735/735/735
f 736/736/736 733/733/733 734/734/734
f 736/736/736 735/735/735 733/733/733
f 734/734/734 737/737/737 736/736/736
f 735/735/735 736/736/736 738/738/738
f 739/739/739 736/736/736 737/737/737
f 739/739/739 738/738/738 736/736/736
f 737/737/737 740/740/740 739/739/739
f 738/738/738 739/739/739 741/741/741
f 742/742/742 739/739/739 740/740/740
f 742/742/742 741/741/741 739/739/739
f 740/740/740 743/743/743 742/742/742
f 741/741/741 742/742/742 744/744/744
f 745/745/745 742/742/742 743/743/743
f 745/745/745 744/744/744 742/742/742
f 743/743/743 746/746/746 745/745/745
f 744/744/744 745/745/745 747/747/747
f 748/748/748 745/745/745 746/746/746
f 748/748/748 747/747/747 745/745/745
f 746/746/746 749/749/749 748/748/748
f 747/747/747 748/748/748 750/750/750
f 751/751/751 748/748/748 749/749/749
f 751/751/751 750/750/750 748/748/748
f 754/754/754 753/753/753 752/752/752
f 755/755/755 752/752/752 753/753/753
f 753/753/753 756/756/756 755/755/755
f 755/755/755 757/757/757 752/752/752
f 758/758/758 752/752/752 757/757/757
f 757/757/757 755/755/755 759/759/759
f 760/760/760 755/755/755 756/756/756
f 760/760/760 759/759/759 755/755/755
f 756/756/756 761/761/761 760/760/760
f 759/759/759 760/760/760 762/762/762
f 763/763/763 760/760/760 761/761/761
f 763/763/763 762/762/762 760/760/760
f 761/761/761 764/764/764 763/763/763
f 762/762/762 763/763/763 765/765/765
f 766/766/766 763/763/763 764/764/764
f 766/766/766 765/765/765 763/763/763
f 764/764/764 767/767/767 766/766/766
f 765/765/765 766/766/766 768/768/768
f 769/769/769 766/766/766 767/767/767
f 769/769/769 768/768/768 766/766/766
f 767/767/767 770/770/770 769/769/769
f 768/768/768 769/769/769 771/771/771
f 772/772/772 769/769/769 770/770/770
f 772/772/772 771/771/771 769/769/769
f 770/770/770 773/773/773 772/772/772
f 771/771/771 772/772/772 774/774/774
f 775/775/775 772/772/772 773/773/773
f 775/775/775 774/774/774 772/772/772
f 773/773/773 776/776/776 775/775/775
f 774/774/774 775/775/775 777/777/777
f 778/778/778 775/775/775 776/776/776
f 778/778/778 777/777/777 775/775/775
f 781/781/781 780/780/780 779/779/779
f 782/782/782 779/779/779 780/780/780
f 780/780/780 783/783/783 782/782/782
f 782/782/782 784/784/784 779/779/779
f 785/785/785 779/779/779 784/784/784
f 784/784/784 782/782/782 786/786/786
f 787/787/787 782/782/782 783/783/783
f 787/787/787 786/786/786 782/782/782
f 783/783/783 788/788/788 787/787/787
f 786/786/786 787/787/787 789/789/789
f 790/790/790 787/787/787 788/788/788
f 790/790/790 789/789/789 787/787/787
f 788/788/788 791/791/791 790/790/790
f 789/789/789 790/790/790 792/792/792
f 793/793/793 790/790/790 791/791/791
f 793/793/793 792/792/792 790/790/790
f 791/791/791 794/794/794 793/793/793
f 792/792/792 793/793/793 795/795/795
f 796/796/796 793/793/793 794/794/794
f 796/796/796 795/795/795 793/793/793
f 794/794/794 797/797/797 796/796/796
f 795/795/795 796/796/796 798/798/798
f 799/799/799 796/796/796 797/797/797
f 799/799/799 798/798/798 796/796/796
f 797/797/797 800/800/800 799/799/799
f 798/798/798 799/799/799 801/801/801
f 802/802/802 799/799/799 800/800/800
f 802/802/802 801/801/801 799/799/799
f 800/800/800 803/803/803 802/802/802
f 801/801/801 802/802/802 804/804/804
f 805/805/805 802/802/802 803/803/803
f 805/805/805 804/804/804 802/802/802
f 808/808/808 807/807/807 806/806/806
f 809/809/809 806/806/806 807/807/807
f 809/809/809 810/810/810 806/806/806
f 811/811/811 806/806/806 810/810/810
f 811/811/811 810/810/810 812/812/812
f 813/813/813 812/812/812 810/810/810
f 813/813/813 814/814/814 812/812/812
f 815/815/815 812/812/812 814/814/814
f 818/818/818 817/817/817 816/816/816
f 819/819/819 816/816/816 817/817/817
f 819/819/819 820/820/820 816/816/816
f 821/821/821 816/816/816 820/820/820
f 821/821/821 820/820/820 822/822/822
f 823/823/823 822/822/822 820/820/820
f 820/820/820 819/819/819 824/824/824
f 820/820/820 824/824/824 823/823/823
f 823/823/823 825/825/825 822/822/822
f 826/826/826 822/822/822 825/825/825
f 817/817/817 827/827/827 819/819/819
f 828/828/828 824/824/824 819/819/819
f 828/828/828 819/819/819 827/827/827
f 829/829/829 823/823/823 824/824/824
f 825/825/825 823/823/823 830/830/830
f 829/829/829 830/830/830 823/823/823
f 824/824/824 828/828/828 831/831/831
f 824/824/824 831/831/831 829/829/829
f 827/827/827 817/817/817 832/832/832
f 833/833/833 832/832/832 817/817/817
f 817/817/817 834/834/834 833/833/833
f 835/835/835 833/833/833 834/834/834
f 833/833/833 835/835/835 832/832/832
f 834/834/834 836/836/836 835/835/835
f 837/837/837 835/835/835 836/836/836
f 835/835/835 837/837/837 838/838/838
f 838/838/838 832/832/832 835/835/835
f 839/839/839 838/838/838 837/837/837
f 832/832/832 840/840/840 827/827/827
f 832/832/832 838/838/838 840/840/840
f 827/827/827 841/841/841 828/828/828
f 841/841/841 827/827/827 840/840/840
f 838/838/838 839/839/839 842/842/842
f 843/843/843 842/842/842 839/839/839
f 840/840/840 838/838/838 844/844/844
f 840/840/840 844/844/844 841/841/841
f 842/842/842 844/844/844 838/838/838
f 842/842/842 843/843/843 845/845/845
f 846/846/846 845/845/845 843/843/843
f 845/845/845 847/847/847 842/842/842
f 844/844/844 842/842/842 847/847/847
f 847/847/847 841/841/841 844/844/844
f 848/848/848 828/828/828 841/841/841
f 841/841/841 847/847/847 848/848/848
f 848/848/848 831/831/831 828/828/828
f 849/849/849 848/848/848 847/847/847
f 847/847/847 850/850/850 849/849/849
f 831/831/831 848/848/848 851/851/851
f 849/849/849 851/851/851 848/848/848
f 852/852/852 849/849/849 850/850/850
f 850/850/850 853/853/853 852/852/852
f 854/854/854 852/852/852 853/853/853
f 854/854/854 855/855/855 852/852/852
f 852/852/852 856/856/856 849/849/849
f 856/856/856 852/852/852 855/855/855
f 851/851/851 849/849/849 856/856/856
f 831/831/831 851/851/851 857/857/857
f 857/857/857 829/829/829 831/831/831
f 856/856/856 855/855/855 858/858/858
f 859/859/859 858/858/858 855/855/855
f 859/859/859 860/860/860 858/858/858
f 861/861/861 858/858/858 860/860/860
f 851/851/851 856/856/856 862/862/862
f 858/858/858 862/862/862 856/856/856
f 858/858/858 861/861/861 862/862/862
f 862/862/862 857/857/857 851/851/851
f 863/863/863 862/862/862 861/861/861
f 862/862/862 863/863/863 857/857/857
f 857/857/857 864/864/864 829/829/829
f 864/864/864 857/857/857 863/863/863
f 830/830/830 829/829/829 864/864/864
f 863/863/863 865/865/865 864/864/864
f 864/864/864 866/866/866 830/830/830
f 866/866/866 864/864/864 865/865/865
f 865/865/865 863/863/863 867/867/867
f 868/868/868 867/867/867 863/863/863
f 869/869/869 830/830/830 866/866/866
f 830/830/830 869/869/869 825/825/825
f 866/866/866 865/865/865 870/870/870
f 867/867/867 870/870/870 865/865/865
f 870/870/870 869/869/869 866/866/866
f 867/867/867 868/868/868 871/871/871
f 872/872/872 871/871/871 868/868/868
f 871/871/871 873/873/873 867/867/867
f 870/870/870 867/867/867 873/873/873
f 873/873/873 874/874/874 870/870/870
f 875/875/875 870/870/870 874/874/874
f 870/870/870 875/875/875 869/869/869
f 874/874/874 876/876/876 875/875/875
f 877/877/877 875/875/875 876/876/876
f 825/825/825 878/878/878 877/877/877
f 878/878/878 825/825/825 869/869/869
f 878/878/878 869/869/869 875/875/875
f 875/875/875 877/877/877 878/878/878
f 881/881/881 880/880/880 879/879/879
f 882/882/882 879/879/879 880/880/880
f 879/879/879 882/882/882 883/883/883
f 884/884/884 883/883/883 882/882/882
f 887/887/887 886/886/886 885/885/885
f 888/888/888 885/885/885 886/886/886
f 886/886/886 889/889/889 888/888/888
f 888/888/888 890/890/890 885/885/885
f 891/891/891 885/885/885 890/890/890
f 890/890/890 888/888/888 892/892/892
f 893/893/893 888/888/888 889/889/889
f 893/893/893 892/892/892 888/888/888
f 889/889/889 894/894/894 893/893/893
f 892/892/892 893/893/893 895/895/895
f 896/896/896 893/893/893 894/894/894
f 896/896/896 895/895/895 893/893/893
f 896/896/896 894/894/894 897/897/897
f 896/896/896 897/897/897 895/895/895
f 898/898/898 897/897/897 894/894/894
f 899/899/899 895/895/895 897/897/897
f 897/897/897 898/898/898 900/900/900
f 897/897/897 900/900/900 899/899/899
f 901/901/901 900/900/900 898/898/898
f 902/902/902 899/899/899 900/900/900
f 905/905/905 904/904/904 903/903/903
f 906/906/906 903/903/903 904/904/904
f 903/903/903 906/906/906 907/907/907
f 908/908/908 907/907/907 906/906/906
f 907/907/907 908/908/908 909/909/909
f 910/910/910 909/909/909 908/908/908
f 913/913/913 912/912/912 911/911/911
f 914/914/914 911/911/911 912/912/912
f 917/917/917 916/916/916 915/915/915
f 918/918/918 915/915/915 916/916/916
f 915/915/915 918/918/918 919/919/919
f 920/920/920 919/919/919 918/918/918
f 919/919/919 920/920/920 921/921/921
f 922/922/922 921/921/921 920/920/920
f 925/925/925 924/924/924 923/923/923
f 926/926/926 923/923/923 924/924/924
f 929/929/929 928/928/928 927/927/927
f 930/930/930 927/927/927 928/928/928
f 930/930/930 931/931/931 927/927/927
f 932/932/932 927/927/927 931/931/931
f 931/931/931 933/933/933 932/932/932
f 934/934/934 932/932/932 933/933/933
f 937/937/937 936/936/936 935/935/935
f 938/938/938 935/935/935 936/936/936
f 941/941/941 940/940/940 939/939/939
f 942/942/942 939/939/939 940/940/940
f 945/945/945 944/944/944 943/943/943
f 946/946/946 943/943/943 944/944/944
f 949/949/949 948/948/948 947/947/947
f 950/950/950 947/947/947 948/948/948
f 953/953/953 952/952/952 951/951/951
f 954/954/954 951/951/951 952/952/952
f 957/957/957 956/956/956 955/955/955
f 958/958/958 955/955/955 956/956/956
f 961/961/961 960/960/960 959/959/959
f 962/962/962 959/959/959 960/960/960
f 962/962/962 963/963/963 959/959/959
f 964/964/964 959/959/959 963/963/963
f 967/967/967 966/966/966 965/965/965
f 968/968/968 965/965/965 966/966/966
f 971/971/971 970/970/970 969/969/969
f 972/972/972 969/969/969 970/970/970
f 972/972/972 970/970/970 973/973/973
f 974/974/974 973/973/973 970/970/970
f 977/977/977 976/976/976 975/975/975
f 978/978/978 975/975/975 976/976/976
f 978/978/978 976/976/976 979/979/979
f 980/980/980 979/979/979 976/976/976
f 983/983/983 982/982/982 981/981/981
f 984/984/984 981/981/981 982/982/982
f 984/984/984 982/982/982 985/985/985
f 986/986/986 985/985/985 982/982/982
f 989/989/989 988/988/988 987/987/987
f 990/990/990 987/987/987 988/988/988
f 990/990/990 991/991/991 987/987/987
f 992/992/992 987/987/987 991/991/991
f 991/991/991 993/993/993 992/992/992
f 994/994/994 992/992/992 993/993/993
f 994/994/994 993/993/993 995/995/995
f 996/996/996 995/995/995 993/993/993
f 996/996/996 997/997/997 995/995/995
f 998/998/998 995/995/995 997/997/997
f 997/997/997 999/999/999 998/998/998
f 1000/1000/1000 998/998/998 999/999/999
f 999/999/999 1001/1001/1001 1000/1000/1000
f 1002/1002/1002 1000/1000/1000 1001/1001/1001
f 1001/1001/1001 1003/1003/1003 1002/1002/1002
f 1004/1004/1004 1002/1002/1002 1003/1003/1003
f 1003/1003/1003 1005/1005/1005 1004/1004/1004
f 1006/1006/1006 1004/1004/1004 1005/1005/1005
f 1005/1005/1005 1007/1007/1007 1006/1006/1006
f 1008/1008/1008 1006/1006/1006 1007/1007/1007
f 1007/1007/1007 1009/1009/1009 1008/1008/1008
f 1010/1010/1010 1008/1008/1008 1009/1009/1009
f 1013/1013/1013 1012/1012/1012 1011/1011/1011
f 1014/1014/1014 1011/1011/1011 1012/1012/1012
f 1014/1014/1014 1015/1015/1015 1011/1011/1011
f 1016/1016/1016 1011/1011/1011 1015/1015/1015
f 1016/1016/1016 1015/1015/1015 1017/1017/1017
f 1018/1018/1018 1017/1017/1017 1015/1015/1015
f 1017/1017/1017 1018/1018/1018 1019/1019/1019
f 1020/1020/1020 1019/1019/1019 1018/1018/1018
f 1019/1019/1019 1020/1020/1020 1021/1021/1021
f 1022/1022/1022 1021/1021/1021 1020/1020/1020
f 1025/1025/1025 1024/1024/1024 1023/1023/1023
f 1026/1026/1026 1023/1023/1023 1024/1024/1024
f 1026/1026/1026 1027/1027/1027 1023/1023/1023
f 1028/1028/1028 1023/1023/1023 1027/1027/1027
f 1027/1027/1027 1029/1029/1029 1028/1028/1028
f 1030/1030/1030 1028/1028/1028 1029/1029/1029
f 1030/1030/1030 1029/1029/1029 1031/1031/1031
f 1032/1032/1032 1031/1031/1031 1029/1029/1029
f 1032/1032/1032 1033/1033/1033 1031/1031/1031
f 1034/1034/1034 1031/1031/1031 1033/1033/1033
f 1033/1033/1033 1035/1035/1035 1034/1034/1034
f 1036/1036/1036 1034/1034/1034 1035/1035/1035
f 1035/1035/1035 1037/1037/1037 1036/1036/1036
f 1038/1038/1038 1036/1036/1036 1037/1037/1037
f 1037/1037/1037 1039/1039/1039 1038/1038/1038
f 1040/1040/1040 1038/1038/1038 1039/1039/1039
f 1039/1039/1039 1041/1041/1041 1040/1040/1040
f 1042/1042/1042 1040/1040/1040 1041/1041/1041
f 1041/1041/1041 1043/1043/1043 1042/1042/1042
f 1044/1044/1044 1042/1042/1042 1043/1043/1043
f 1043/1043/1043 1045/1045/1045 1044/1044/1044
f 1046/1046/1046 1044/1044/1044 1045/1045/1045
f 1049/1049/1049 1048/1048/1048 1047/1047/1047
f 1050/1050/1050 1047/1047/1047 1048/1048/1048
f 1050/1050/1050 1051/1051/1051 1047/1047/1047
f 1052/1052/1052 1047/1047/1047 1051/1051/1051
f 1052/1052/1052 1051/1051/1051 1053/1053/1053
f 1054/1054/1054 1053/1053/1053 1051/1051/1051
f 1053/1053/1053 1054/1054/1054 1055/1055/1055
f 1056/1056/1056 1055/1055/1055 1054/1054/1054
f 1055/1055/1055 1056/1056/1056 1057/1057/1057
f 1058/1058/1058 1057/1057/1057 1056/1056/1056
f 1061/1061/1061 1060/1060/1060 1059/1059/1059
f 1062/1062/1062 1059/1059/1059 1060/1060/1060
f 1059/1059/1059 1062/1062/1062 1063/1063/1063
f 1062/1062/1062 1060/1060/1060 1064/1064/1064
f 1065/1065/1065 1064/1064/1064 1060/1060/1060
f 1064/1064/1064 1066/1066/1066 1062/1062/1062
f 1067/1067/1067 1063/1063/1063 1062/1062/1062
f 1067/1067/1067 1062/1062/1062 1066/1066/1066
f 1063/1063/1063 1067/1067/1067 1068/1068/1068
f 1066/1066/1066 1069/1069/1069 1067/1067/1067
f 1070/1070/1070 1068/1068/1068 1067/1067/1067
f 1070/1070/1070 1067/1067/1067 1069/1069/1069
f 1068/1068/1068 1070/1070/1070 1071/1071/1071
f 1069/1069/1069 1072/1072/1072 1070/1070/1070
f 1073/1073/1073 1071/1071/1071 1070/1070/1070
f 1073/1073/1073 1070/1070/1070 1072/1072/1072
f 1071/1071/1071 1073/1073/1073 1074/1074/1074
f 1072/1072/1072 1075/1075/1075 1073/1073/1073
f 1076/1076/1076 1074/1074/1074 1073/1073/1073
f 1076/1076/1076 1073/1073/1073 1075/1075/1075
f 1074/1074/1074 1076/1076/1076 1077/1077/1077
f 1075/1075/1075 1078/1078/1078 1076/1076/1076
f 1079/1079/1079 1077/1077/1077 1076/1076/1076
f 1079/1079/1079 1076/1076/1076 1078/1078/1078
f 1077/1077/1077 1079/1079/1079 1080/1080/1080
f 1078/1078/1078 1081/1081/1081 1079/1079/1079
f 1082/1082/1082 1080/1080/1080 1079/1079/1079
f 1082/1082/1082 1079/1079/1079 1081/1081/1081
f 1080/1080/1080 1082/1082/1082 1083/1083/1083
f 1081/1081/1081 1084/1084/1084 1082/1082/1082
f 1085/1085/1085 1083/1083/1083 1082/1082/1082
f 1085/1085/1085 1082/1082/1082 1084/1084/1084
f 1088/1088/1088 1087/1087/1087 1086/1086/1086
f 1089/1089/1089 1086/1086/1086 1087/1087/1087
f 1086/1086/1086 1089/1089/1089 1090/1090/1090
f 1089/1089/1089 1087/1087/1087 1091/1091/1091
f 1092/1092/1092 1091/1091/1091 1087/1087/1087
f 1091/1091/1091 1093/1093/1093 1089/1089/1089
f 1094/1094/1094 1090/1090/1090 1089/1089/1089
f 1094/1094/1094 1089/1089/1089 1093/1093/1093
f 1090/1090/1090 1094/1094/1094 1095/1095/1095
f 1093/1093/1093 1096/1096/1096 1094/1094/1094
f 1097/1097/1097 1095/1095/1095 1094/1094/1094
f 1097/1097/1097 1094/1094/1094 1096/1096/1096
f 1095/1095/1095 1097/1097/1097 1098/1098/1098
f 1096/1096/1096 1099/1099/1099 1097/1097/1097
f 1100/1100/1100 1098/1098/1098 1097/1097/1097
f 1100/1100/1100 1097/1097/1097 1099/1099/1099
f 1098/1098/1098 1100/1100/1100 1101/1101/1101
f 1099/1099/1099 1102/1102/1102 1100/1100/1100
f 1103/1103/1103 1101/1101/1101 1100/1100/1100
f 1103/1103/1103 1100/1100/1100 1102/1102/1102
f 1101/1101/1101 1103/1103/1103 1104/1104/1104
f 1102/1102/1102 1105/1105/1105 1103/1103/1103
f 1106/1106/1106 1104/1104/1104 1103/1103/1103
f 1106/1106/1106 1103/1103/1103 1105/1105/1105
f 1104/1104/1104 1106/1106/1106 1107/1107/1107
f 1105/1105/1105 1108/1108/1108 1106/1106/1106
f 1109/1109/1109 1107/1107/1107 1106/1106/1106
f 1109/1109/1109 1106/1106/1106 1108/1108/1108
f 1107/1107/1107 1109/1109/1109 1110/1110/1110
f 1108/1108/1108 1111/1111/1111 1109/1109/1109
f 1112/1112/1112 1110/1110/1110 1109/1109/1109
f 1112/1112/1112 1109/1109/1109 1111/1111/1111
f 1115/1115/1115 1114/1114/1114 1113/1113/1113
f 1116/1116/1116 1113/1113/1113 1114/1114/1114
f 1113/1113/1113 1116/1116/1116 1117/1117/1117
f 1116/1116/1116 1114/1114/1114 1118/1118/1118
f 1119/1119/1119 1118/1118/1118 1114/1114/1114
f 1118/1118/1118 1120/1120/1120 1116/1116/1116
f 1121/1121/1121 1117/1117/1117 1116/1116/1116
f 1121/1121/1121 1116/1116/1116 1120/1120/1120
f 1117/1117/1117 1121/1121/1121 1122/1122/1122
f 1120/1120/1120 1123/1123/1123 1121/1121/1121
f 1124/1124/1124 1122/1122/1122 1121/1121/1121
f 1124/1124/1124 1121/1121/1121 1123/1123/1123
f 1122/1122/1122 1124/1124/1124 1125/1125/1125
f 1123/1123/1123 1126/1126/1126 1124/1124/1124
f 1127/1127/1127 1125/1125/1125 1124/1124/1124
f 1127/1127/1127 1124/1124/1124 1126/1126/1126
f 1125/1125/1125 1127/1127/1127 1128/1128/1128
f 1126/1126/1126 1129/1129/1129 1127/1127/1127
f 1130/1130/1130 1128/1128/1128 1127/1127/1127
f 1130/1130/1130 1127/1127/1127 1129/1129/1129
f 1128/1128/1128 1130/1130/1130 1131/1131/1131
f 1129/1129/1129 1132/1132/1132 1130/1130/1130
f 1133/1133/1133 1131/1131/1131 1130/1130/1130
f 1133/1133/1133 1130/1130/1130 1132/1132/1132
f 1131/1131/1131 1133/1133/1133 1134/1134/1134
f 1132/1132/1132 1135/1135/1135 1133/1133/1133
f 1136/1136/1136 1134/1134/1134 1133/1133/1133
f 1136/1136/1136 1133/1133/1133 1135/1135/1135
f 1134/1134/1134 1136/1136/1136 1137/1137/1137
f 1135/1135/1135 1138/1138/1138 1136/1136/1136
f 1139/1139/1139 1137/1137/1137 1136/1136/1136
f 1139/1139/1139 1136/1136/1136 1138/1138/1138
f 1142/1142/1142 1141/1141/1141 1140/1140/1140
f 1143/1143/1143 1140/1140/1140 1141/1141/1141
f 1140/1140/1140 1143/1143/1143 1144/1144/1144
f 1143/1143/1143 1141/1141/1141 1145/1145/1145
f 1146/1146/1146 1145/1145/1145 1141/1141/1141
f 1145/1145/1145 1147/1147/1147 1143/1143/1143
f 1148/1148/1148 1144/1144/1144 1143/1143/1143
f 1148/1148/1148 1143/1143/1143 1147/1147/1147
f 1144/1144/1144 1148/1148/1148 1149/1149/1149
f 1147/1147/1147 1150/1150/1150 1148/1148/1148
f 1151/1151/1151 1149/1149/1149 1148/1148/1148
f 1151/1151/1151 1148/1148/1148 1150/1150/1150
f 1149/1149/1149 1151/1151/1151 1152/1152/1152
f 1150/1150/1150 1153/1153/1153 1151/1151/1151
f 1154/1154/1154 1152/1152/1152 1151/1151/1151
f 1154/1154/1154 1151/1151/1151 1153/1153/1153
f 1152/1152/1152 1154/1154/1154 1155/1155/1155
f 1153/1153/1153 1156/1156/1156 1154/1154/1154
f 1157/1157/1157 1155/1155/1155 1154/1154/1154
f 1157/1157/1157 1154/1154/1154 1156/1156/1156
f 1155/1155/1155 1157/1157/1157 1158/1158/1158
f 1156/1156/1156 1159/1159/1159 1157/1157/1157
f 1160/1160/1160 1158/1158/1158 1157/1157/1157
f 1160/1160/1160 1157/1157/1157 1159/1159/1159
f 1158/1158/1158 1160/1160/1160 1161/1161/1161
f 1159/1159/1159 1162/1162/1162 1160/1160/1160
f 1163/1163/1163 1161/1161/1161 1160/1160/1160
f 1163/1163/1163 1160/1160/1160 1162/1162/1162
f 1161/1161/1161 1163/1163/1163 1164/1164/1164
f 1162/1162/1162 1165/1165/1165 1163/1163/1163
f 1166/1166/1166 1164/1164/1164 1163/1163/1163
f 1166/1166/1166 1163/1163/1163 1165/1165/1165
f 1169/1169/1169 1168/1168/1168 1167/1167/1167
f 1170/1170/1170 1167/1167/1167 1168/1168/1168
f 1167/1167/1167 1170/1170/1170 1171/1171/1171
f 1170/1170/1170 1168/1168/1168 1172/1172/1172
f 1173/1173/1173 1172/1172/1172 1168/1168/1168
f 1172/1172/1172 1174/1174/1174 1170/1170/1170
f 1175/1175/1175 1171/1171/1171 1170/1170/1170
f 1175/1175/1175 1170/1170/1170 1174/1174/1174
f 1171/1171/1171 1175/1175/1175 1176/1176/1176
f 1174/1174/1174 1177/1177/1177 1175/1175/1175
f 1178/1178/1178 1176/1176/1176 1175/1175/1175
f 1178/1178/1178 1175/1175/1175 1177/1177/1177
f 1176/1176/1176 1178/1178/1178 1179/1179/1179
f 1177/1177/1177 1180/1180/1180 1178/1178/1178
f 1181/1181/1181 1179/1179/1179 1178/1178/1178
f 1181/1181/1181 1178/1178/1178 1180/1180/1180
f 1179/1179/1179 1181/1181/1181 1182/1182/1182
f 1180/1180/1180 1183/1183/1183 1181/1181/1181
f 1184/1184/1184 1182/1182/1182 1181/1181/1181
f 1184/1184/1184 1181/1181/1181 1183/1183/1183
f 1182/1182/1182 1184/1184/1184 1185/1185/1185
f 1183/1183/1183 1186/1186/1186 1184/1184/1184
f 1187/1187/1187 1185/1185/1185 1184/1184/1184
f 1187/1187/1187 1184/1184/1184 1186/1186/1186
f 1185/1185/1185 1187/1187/1187 1188/1188/1188
f 1186/1186/1186 1189/1189/1189 1187/1187/1187
f 1190/1190/1190 1188/1188/1188 1187/1187/1187
f 1190/1190/1190 1187/1187/1187 1189/1189/1189
f 1188/1188/1188 1190/1190/1190 1191/1191/1191
f 1189/1189/1189 1192/1192/1192 1190/1190/1190
f 1193/1193/1193 1191/1191/1191 1190/1190/1190
f 1193/1193/1193 1190/1190/1190 1192/1192/1192
f 1196/1196/1196 1195/1195/1195 1194/1194/1194
f 1197/1197/1197 1194/1194/1194 1195/1195/1195
f 1194/1194/1194 1197/1197/1197 1198/1198/1198
f 1197/1197/1197 1195/1195/1195 1199/1199/1199
f 1200/1200/1200 1199/1199/1199 1195/1195/1195
f 1199/1199/1199 1201/1201/1201 1197/1197/1197
f 1202/1202/1202 1198/1198/1198 1197/1197/1197
f 1202/1202/1202 1197/1197/1197 1201/1201/1201
f 1198/1198/1198 1202/1202/1202 1203/1203/1203
f 1201/1201/1201 1204/1204/1204 1202/1202/1202
f 1205/1205/1205 1203/1203/1203 1202/1202/1202
f 1205/1205/1205 1202/1202/1202 1204/1204/1204
f 1203/1203/1203 1205/1205/1205 1206/1206/1206
f 1204/1204/1204 1207/1207/1207 1205/1205/1205
f 1208/1208/1208 1206/1206/1206 1205/1205/1205
f 1208/1208/1208 1205/1205/1205 1207/1207/1207
f 1206/1206/1206 1208/1208/1208 1209/1209/1209
f 1207/1207/1207 1210/1210/1210 1208/1208/1208
f 1211/1211/1211 1209/1209/1209 1208/1208/1208
f 1211/1211/1211 1208/1208/1208 1210/1210/1210
f 1209/1209/1209 1211/1211/1211 1212/1212/1212
f 1210/1210/1210 1213/1213/1213 1211/1211/1211
f 1214/1214/1214 1212/1212/1212 1211/1211/1211
f 1214/1214/1214 1211/1211/1211 1213/1213/1213
f 1212/1212/1212 1214/1214/1214 1215/1215/1215
f 1213/1213/1213 1216/1216/1216 1214/1214/1214
f 1217/1217/1217 1215/1215/1215 1214/1214/1214
f 1217/1217/1217 1214/1214/1214 1216/1216/1216
f 1215/1215/1215 1217/1217/1217 1218/1218/1218
f 1216/1216/1216 1219/1219/1219 1217/1217/1217
f 1220/1220/1220 1218/1218/1218 1217/1217/1217
f 1220/1220/1220 1217/1217/1217 1219/1219/1219
f 1223/1223/1223 1222/1222/1222 1221/1221/1221
f 1224/1224/1224 1221/1221/1221 1222/1222/1222
f 1222/1222/1222 1225/1225/1225 1224/1224/1224
f 1226/1226/1226 1224/1224/1224 1225/1225/1225
f 1229/1229/1229 1228/1228/1228 1227/1227/1227
f 1230/1230/1230 1227/1227/1227 1228/1228/1228
f 1228/1228/1228 1231/1231/1231 1230/1230/1230
f 1232/1232/1232 1230/1230/1230 1231/1231/1231
f 1231/1231/1231 1233/1233/1233 1232/1232/1232
f 1234/1234/1234 1232/1232/1232 1233/1233/1233
f 1237/1237/1237 1236/1236/1236 1235/1235/1235
f 1238/1238/1238 1235/1235/1235 1236/1236/1236
f 1241/1241/1241 1240/1240/1240 1239/1239/1239
f 1242/1242/1242 1239/1239/1239 1240/1240/1240
f 1240/1240/1240 1243/1243/1243 1242/1242/1242
f 1244/1244/1244 1242/1242/1242 1243/1243/1243
f 1243/1243/1243 1245/1245/1245 1244/1244/1244
f 1246/1246/1246 1244/1244/1244 1245/1245/1245
f 1249/1249/1249 1248/1248/1248 1247/1247/1247
f 1250/1250/1250 1247/1247/1247 1248/1248/1248
f 1253/1253/1253 1252/1252/1252 1251/1251/1251
f 1254/1254/1254 1251/1251/1251 1252/1252/1252
f 1254/1254/1254 1252/1252/1252 1255/1255/1255
f 1256/1256/1256 1255/1255/1255 1252/1252/1252
f 1255/1255/1255 1256/1256/1256 1257/1257/1257
f 1258/1258/1258 1257/1257/1257 1256/1256/1256
f 1261/1261/1261 1260/1260/1260 1259/1259/1259
f 1262/1262/1262 1259/1259/1259 1260/1260/1260
f 1265/1265/1265 1264/1264/1264 1263/1263/1263
f 1266/1266/1266 1263/1263/1263 1264/1264/1264
f 1269/1269/1269 1268/1268/1268 1267/1267/1267
f 1270/1270/1270 1267/1267/1267 1268/1268/1268
f 1273/1273/1273 1272/1272/1272 1271/1271/1271
f 1274/1274/1274 1271/1271/1271 1272/1272/1272
f 1277/1277/1277 1276/1276/1276 1275/1275/1275
f 1278/1278/1278 1275/1275/1275 1276/1276/1276
f 1281/1281/1281 1280/1280/1280 1279/1279/1279
f 1282/1282/1282 1279/1279/1279 1280/1280/1280
f 1285/1285/1285 1284/1284/1284 1283/1283/1283
f 1286/1286/1286 1283/1283/1283 1284/1284/1284
f 1286/1286/1286 1284/1284/1284 1287/1287/1287
f 1288/1288/1288 1287/1287/1287 1284/1284/1284
f 1291/1291/1291 1290/1290/1290 1289/1289/1289
f 1292/1292/1292 1289/1289/1289 1290/1290/1290
f 1295/1295/1295 1294/1294/1294 1293/1293/1293
f 1296/1296/1296 1293/1293/1293 1294/1294/1294
f 1299/1299/1299 1298/1298/1298 1297/1297/1297
f 1300/1300/1300 1297/1297/1297 1298/1298/1298
f 1303/1303/1303 1302/1302/1302 1301/1301/1301
f 1304/1304/1304 1301/1301/1301 1302/1302/1302
f 1307/1307/1307 1306/1306/1306 1305/1305/1305
f 1308/1308/1308 1305/1305/1305 1306/1306/1306
f 1311/1311/1311 1310/1310/1310 1309/1309/1309
f 1312/1312/1312 1309/1309/1309 1310/1310/1310
f 1315/1315/1315 1314/1314/1314 1313/1313/1313
f 1316/1316/1316 1313/1313/1313 1314/1314/1314
f 1316/1316/1316 1314/1314/1314 1317/1317/1317
f 1318/1318/1318 1317/1317/1317 1314/1314/1314
f 1318/1318/1318 1319/1319/1319 1317/1317/1317
f 1320/1320/1320 1317/1317/1317 1319/1319/1319
f 1323/1323/1323 1322/1322/1322 1321/1321/1321
f 1324/1324/1324 1321/1321/1321 1322/1322/1322
f 1327/1327/1327 1326/1326/1326 1325/1325/1325
f 1328/1328/1328 1325/1325/1325 1326/1326/1326
f 1325/1325/1325 1328/1328/1328 1329/1329/1329
f 1330/1330/1330 1329/1329/1329 1328/1328/1328
f 1333/1333/1333 1332/1332/1332 1331/1331/1331
f 1334/1334/1334 1331/1331/1331 1332/1332/1332
f 1337/1337/1337 1336/1336/1336 1335/1335/1335
f 1338/1338/1338 1335/1335/1335 1336/1336/1336
f 1335/1335/1335 1338/1338/1338 1339/1339/1339
f 1340/1340/1340 1339/1339/1339 1338/1338/1338
f 1343/1343/1343 1342/1342/1342 1341/1341/1341
f 1344/1344/1344 1341/1341/1341 1342/1342/1342
f 1347/1347/1347 1346/1346/1346 1345/1345/1345
f 1348/1348/1348 1345/1345/1345 1346/1346/1346
f 1351/1351/1351 1350/1350/1350 1349/1349/1349
f 1352/1352/1352 1349/1349/1349 1350/1350/1350
f 1355/1355/1355 1354/1354/1354 1353/1353/1353
f 1356/1356/1356 1353/1353/1353 1354/1354/1354
f 1354/1354/1354 1357/1357/1357 1356/1356/1356
f 1358/1358/1358 1356/1356/1356 1357/1357/1357
f 1361/1361/1361 1360/1360/1360 1359/1359/1359
f 1362/1362/1362 1359/1359/1359 1360/1360/1360
f 1360/1360/1360 1363/1363/1363 1362/1362/1362
f 1364/1364/1364 1362/1362/1362 1363/1363/1363
f 1367/1367/1367 1366/1366/1366 1365/1365/1365
f 1368/1368/1368 1365/1365/1365 1366/1366/1366
f 1366/1366/1366 1369/1369/1369 1368/1368/1368
f 1370/1370/1370 1368/1368/1368 1369/1369/1369
f 1373/1373/1373 1372/1372/1372 1371/1371/1371
f 1374/1374/1374 1371/1371/1371 1372/1372/1372
f 1372/1372/1372 1375/1375/1375 1374/1374/1374
f 1376/1376/1376 1374/1374/1374 1375/1375/1375
f 1379/1379/1379 1378/1378/1378 1377/1377/1377
f 1380/1380/1380 1377/1377/1377 1378/1378/1378
f 1378/1378/1378 1381/1381/1381 1380/1380/1380
f 1382/1382/1382 1380/1380/1380 1381/1381/1381
f 1381/1381/1381 1383/1383/1383 1382/1382/1382
f 1384/1384/1384 1382/1382/1382 1383/1383/1383
f 1384/1384/1384 1383/1383/1383 1385/1385/1385
f 1386/1386/1386 1385/1385/1385 1383/1383/1383
f 1386/1386/1386 1387/1387/1387 1385/1385/1385
f 1388/1388/1388 1385/1385/1385 1387/1387/1387
f 1391/1391/1391 1390/1390/1390 1389/1389/1389
f 1392/1392/1392 1389/1389/1389 1390/1390/1390
f 1390/1390/1390 1393/1393/1393 1392/1392/1392
f 1394/1394/1394 1392/1392/1392 1393/1393/1393
f 1393/1393/1393 1395/1395/1395 1394/1394/1394
f 1396/1396/1396 1394/1394/1394 1395/1395/1395
f 1396/1396/1396 1395/1395/1395 1397/1397/1397
f 1398/1398/1398 1397/1397/1397 1395/1395/1395
f 1398/1398/1398 1399/1399/1399 1397/1397/1397
f 1400/1400/1400 1397/1397/1397 1399/1399/1399
f 1403/1403/1403 1402/1402/1402 1401/1401/1401
f 1404/1404/1404 1401/1401/1401 1402/1402/1402
f 1402/1402/1402 1405/1405/1405 1404/1404/1404
f 1406/1406/1406 1404/1404/1404 1405/1405/1405
f 1405/1405/1405 1407/1407/1407 1406/1406/1406
f 1408/1408/1408 1406/1406/1406 1407/1407/1407
f 1408/1408/1408 1407/1407/1407 1409/1409/1409
f 1410/1410/1410 1409/1409/1409 1407/1407/1407
f 1410/1410/1410 1411/1411/1411 1409/1409/1409
f 1412/1412/1412 1409/1409/1409 1411/1411/1411
f 1415/1415/1415 1414/1414/1414 1413/1413/1413
f 1416/1416/1416 1413/1413/1413 1414/1414/1414
f 1414/1414/1414 1417/1417/1417 1416/1416/1416
f 1418/1418/1418 1416/1416/1416 1417/1417/1417
f 1417/1417/1417 1419/1419/1419 1418/1418/1418
f 1420/1420/1420 1418/1418/1418 1419/1419/1419
f 1420/1420/1420 1419/1419/1419 1421/1421/1421
f 1422/1422/1422 1421/1421/1421 1419/1419/1419
f 1422/1422/1422 1423/1423/1423 1421/1421/1421
f 1424/1424/1424 1421/1421/1421 1423/1423/1423
f 1427/1427/1427 1426/1426/1426 1425/1425/1425
f 1428/1428/1428 1425/1425/1425 1426/1426/1426
f 1428/1428/1428 1429/1429/1429 1425/1425/1425
f 1430/1430/1430 1425/1425/1425 1429/1429/1429
f 1429/1429/1429 1431/1431/1431 1430/1430/1430
f 1432/1432/1432 1430/1430/1430 1431/1431/1431
f 1435/1435/1435 1434/1434/1434 1433/1433/1433
f 1436/1436/1436 1433/1433/1433 1434/1434/1434
f 1439/1439/1439 1438/1438/1438 1437/1437/1437
f 1440/1440/1440 1437/1437/1437 1438/1438/1438
f 1438/1438/1438 1441/1441/1441 1440/1440/1440
f 1442/1442/1442 1440/1440/1440 1441/1441/1441
f 1445/1445/1445 1444/1444/1444 1443/1443/1443
f 1446/1446/1446 1443/1443/1443 1444/1444/1444
f 1449/1449/1449 1448/1448/1448 1447/1447/1447
f 1450/1450/1450 1447/1447/1447 1448/1448/1448
f 1453/1453/1453 1452/1452/1452 1451/1451/1451
f 1454/1454/1454 1451/1451/1451 1452/1452/1452
f 1457/1457/1457 1456/1456/1456 1455/1455/1455
f 1458/1458/1458 1455/1455/1455 1456/1456/1456
f 1461/1461/1461 1460/1460/1460 1459/1459/1459
f 1462/1462/1462 1459/1459/1459 1460/1460/1460
f 1465/1465/1465 1464/1464/1464 1463/1463/1463
f 1466/1466/1466 1463/1463/1463 1464/1464/1464
f 1469/1469/1469 1468/1468/1468 1467/1467/1467
f 1470/1470/1470 1467/1467/1467 1468/1468/1468
f 1467/1467/1467 1470/1470/1470 1471/1471/1471
f 1472/1472/1472 1471/1471/1471 1470/1470/1470
f 1475/1475/1475 1474/1474/1474 1473/1473/1473
f 1476/1476/1476 1473/1473/1473 1474/1474/1474
f 1473/1473/1473 1476/1476/1476 1477/1477/1477
f 1478/1478/1478 1477/1477/1477 1476/1476/1476
f 1481/1481/1481 1480/1480/1480 1479/1479/1479
f 1482/1482/1482 1479/1479/1479 1480/1480/1480
f 1479/1479/1479 1482/1482/1482 1483/1483/1483
f 1484/1484/1484 1483/1483/1483 1482/1482/1482
f 1487/1487/1487 1486/1486/1486 1485/1485/1485
f 1488/1488/1488 1485/1485/1485 1486/1486/1486
f 1485/1485/1485 1488/1488/1488 1489/1489/1489
f 1490/1490/1490 1489/1489/1489 1488/1488/1488
f 1493/1493/1493 1492/1492/1492 1491/1491/1491
f 1494/1494/1494 1491/1491/1491 1492/1492/1492
f 1494/1494/1494 1495/1495/1495 1491/1491/1491
f 1496/1496/1496 1491/1491/1491 1495/1495/1495
f 1496/1496/1496 1495/1495/1495 1497/1497/1497
f 1498/1498/1498 1497/1497/1497 1495/1495/1495
f 1497/1497/1497 1498/1498/1498 1499/1499/1499
f 1500/1500/1500 1499/1499/1499 1498/1498/1498
f 1500/1500/1500 1501/1501/1501 1499/1499/1499
f 1502/1502/1502 1499/1499/1499 1501/1501/1501
f 1502/1502/1502 1501/1501/1501 1503/1503/1503
f 1504/1504/1504 1503/1503/1503 1501/1501/1501
f 1507/1507/1507 1506/1506/1506 1505/1505/1505
f 1508/1508/1508 1505/1505/1505 1506/1506/1506
f 1511/1511/1511 1510/1510/1510 1509/1509/1509
f 1512/1512/1512 1509/1509/1509 1510/1510/1510
f 1512/1512/1512 1513/1513/1513 1509/1509/1509
f 1514/1514/1514 1509/1509/1509 1513/1513/1513
f 1514/1514/1514 1513/1513/1513 1515/1515/1515
f 1516/1516/1516 1515/1515/1515 1513/1513/1513
f 1515/1515/1515 1516/1516/1516 1517/1517/1517
f 1518/1518/1518 1517/1517/1517 1516/1516/1516
f 1518/1518/1518 1519/1519/1519 1517/1517/1517
f 1520/1520/1520 1517/1517/1517 1519/1519/1519
f 1520/1520/1520 1519/1519/1519 1521/1521/1521
f 1522/1522/1522 1521/1521/1521 1519/1519/1519
f 1525/1525/1525 1524/1524/1524 1523/1523/1523
f 1526/1526/1526 1523/1523/1523 1524/1524/1524
f 1529/1529/1529 1528/1528/1528 1527/1527/1527
f 1530/1530/1530 1527/1527/1527 1528/1528/1528
f 1530/1530/1530 1531/1531/1531 1527/1527/1527
f 1532/1532/1532 1527/1527/1527 1531/1531/1531
f 1532/1532/1532 1531/1531/1531 1533/1533/1533
f 1534/1534/1534 1533/1533/1533 1531/1531/1531
f 1533/1533/1533 1534/1534/1534 1535/1535/1535
f 1536/1536/1536 1535/1535/1535 1534/1534/1534
f 1536/1536/1536 1537/1537/1537 1535/1535/1535
f 1538/1538/1538 1535/1535/1535 1537/1537/1537
f 1541/1541/1541 1540/1540/1540 1539/1539/1539
f 1542/1542/1542 1539/1539/1539 1540/1540/1540
f 1542/1542/1542 1543/1543/1543 1539/1539/1539
f 1544/1544/1544 1539/1539/1539 1543/1543/1543
f 1544/1544/1544 1543/1543/1543 1545/1545/1545
f 1546/1546/1546 1545/1545/1545 1543/1543/1543
f 1545/1545/1545 1546/1546/1546 1547/1547/1547
f 1548/1548/1548 1547/1547/1547 1546/1546/1546
f 1548/1548/1548 1549/1549/1549 1547/1547/1547
f 1550/1550/1550 1547/1547/1547 1549/1549/1549
f 1553/1553/1553 1552/1552/1552 1551/1551/1551
f 1554/1554/1554 1551/1551/1551 1552/1552/1552
f 1554/1554/1554 1555/1555/1555 1551/1551/1551
f 1556/1556/1556 1551/1551/1551 1555/1555/1555
f 1556/1556/1556 1555/1555/1555 1557/1557/1557
f 1558/1558/1558 1557/1557/1557 1555/1555/1555
f 1561/1561/1561 1560/1560/1560 1559/1559/1559
f 1562/1562/1562 1559/1559/1559 1560/1560/1560
f 1565/1565/1565 1564/1564/1564 1563/1563/1563
f 1566/1566/1566 1563/1563/1563 1564/1564/1564
f 1564/1564/1564 1567/1567/1567 1566/1566/1566
f 1568/1568/1568 1566/1566/1566 1567/1567/1567
f 1571/1571/1571 1570/1570/1570 1569/1569/1569
f 1572/1572/1572 1569/1569/1569 1570/1570/1570
f 1575/1575/1575 1574/1574/1574 1573/1573/1573
f 1576/1576/1576 1573/1573/1573 1574/1574/1574
f 1574/1574/1574 1577/1577/1577 1576/1576/1576
f 1578/1578/1578 1576/1576/1576 1577/1577/1577
f 1581/1581/1581 1580/1580/1580 1579/1579/1579
f 1582/1582/1582 1579/1579/1579 1580/1580/1580
f 1585/1585/1585 1584/1584/1584 1583/1583/1583
f 1586/1586/1586 1583/1583/1583 1584/1584/1584
f 1589/1589/1589 1588/1588/1588 1587/1587/1587
f 1590/1590/1590 1587/1587/1587 1588/1588/1588
f 1593/1593/1593 1592/1592/1592 1591/1591/1591
f 1594/1594/1594 1591/1591/1591 1592/1592/1592
f 1591/1591/1591 1594/1594/1594 1595/1595/1595
f 1596/1596/1596 1595/1595/1595 1594/1594/1594
f 1599/1599/1599 1598/1598/1598 1597/1597/1597
f 1600/1600/1600 1597/1597/1597 1598/1598/1598
f 1597/1597/1597 1600/1600/1600 1601/1601/1601
f 1602/1602/1602 1601/1601/1601 1600/1600/1600
f 1605/1605/1605 1604/1604/1604 1603/1603/1603
f 1606/1606/1606 1603/1603/1603 1604/1604/1604
f 1603/1603/1603 1606/1606/1606 1607/1607/1607
f 1608/1608/1608 1607/1607/1607 1606/1606/1606
f 1611/1611/1611 1610/1610/1610 1609/1609/1609
f 1612/1612/1612 1609/1609/1609 1610/1610/1610
f 1609/1609/1609 1612/1612/1612 1613/1613/1613
f 1614/1614/1614 1613/1613/1613 1612/1612/1612
f 1617/1617/1617 1616/1616/1616 1615/1615/1615
f 1618/1618/1618 1615/1615/1615 1616/1616/1616
f 1615/1615/1615 1618/1618/1618 1619/1619/1619
f 1620/1620/1620 1619/1619/1619 1618/1618/1618
f 1619/1619/1619 1620/1620/1620 1621/1621/1621
f 1622/1622/1622 1621/1621/1621 1620/1620/1620
f 1625/1625/1625 1624/1624/1624 1623/1623/1623
f 1626/1626/1626 1623/1623/1623 1624/1624/1624
f 1623/1623/1623 1626/1626/1626 1627/1627/1627
f 1628/1628/1628 1627/1627/1627 1626/1626/1626
f 1627/1627/1627 1628/1628/1628 1629/1629/1629
f 1630/1630/1630 1629/1629/1629 1628/1628/1628
f 1633/1633/1633 1632/1632/1632 1631/1631/1631
f 1634/1634/1634 1631/1631/1631 1632/1632/1632
f 1631/1631/1631 1634/1634/1634 1635/1635/1635
f 1636/1636/1636 1635/1635/1635 1634/1634/1634
f 1639/1639/1639 1638/1638/1638 1637/1637/1637
f 1638/1638/1638 1640/1640/1640 1637/1637/1637
f 1640/1640/1640 1641/1641/1641 1637/1637/1637
f 1642/1642/1642 1640/1640/1640 1638/1638/1638
f 1643/1643/1643 1642/1642/1642 1638/1638/1638
f 1644/1644/1644 1640/1640/1640 1642/1642/1642
f 1647/1647/1647 1646/1646/1646 1645/1645/1645
f 1648/1648/1648 1645/1645/1645 1646/1646/1646
f 1646/1646/1646 1649/1649/1649 1648/1648/1648
f 1645/1645/1645 1648/1648/1648 1650/1650/1650
f 1651/1651/1651 1648/1648/1648 1649/1649/1649
f 1652/1652/1652 1650/1650/1650 1648/1648/1648
f 1648/1648/1648 1651/1651/1651 1652/1652/1652
f 1650/1650/1650 1652/1652/1652 1653/1653/1653
f 1654/1654/1654 1652/1652/1652 1651/1651/1651
f 1655/1655/1655 1653/1653/1653 1652/1652/1652
f 1652/1652/1652 1654/1654/1654 1655/1655/1655
f 1653/1653/1653 1655/1655/1655 1656/1656/1656
f 1657/1657/1657 1655/1655/1655 1654/1654/1654
f 1658/1658/1658 1656/1656/1656 1655/1655/1655
f 1655/1655/1655 1657/1657/1657 1658/1658/1658
f 1656/1656/1656 1658/1658/1658 1659/1659/1659
f 1660/1660/1660 1658/1658/1658 1657/1657/1657
f 1661/1661/1661 1659/1659/1659 1658/1658/1658
f 1658/1658/1658 1660/1660/1660 1661/1661/1661
f 1659/1659/1659 1661/1661/1661 1662/1662/1662
f 1663/1663/1663 1661/1661/1661 1660/1660/1660
f 1664/1664/1664 1662/1662/1662 1661/1661/1661
f 1661/1661/1661 1663/1663/1663 1664/1664/1664
f 1662/1662/1662 1664/1664/1664 1665/1665/1665
f 1666/1666/1666 1664/1664/1664 1663/1663/1663
f 1667/1667/1667 1665/1665/1665 1664/1664/1664
f 1664/1664/1664 1666/1666/1666 1667/1667/1667
f 1665/1665/1665 1667/1667/1667 1668/1668/1668
f 1669/1669/1669 1667/1667/1667 1666/1666/1666
f 1670/1670/1670 1668/1668/1668 1667/1667/1667
f 1667/1667/1667 1669/1669/1669 1670/1670/1670
f 1671/1671/1671 1670/1670/1670 1669/1669/1669
f 1674/1674/1674 1673/1673/1673 1672/1672/1672
f 1675/1675/1675 1672/1672/1672 1673/1673/1673
f 1678/1678/1678 1677/1677/1677 1676/1676/1676
f 1679/1679/1679 1676/1676/1676 1677/1677/1677
f 1682/1682/1682 1681/1681/1681 1680/1680/1680
f 1683/1683/1683 1680/1680/1680 1681/1681/1681
f 1686/1686/1686 1685/1685/1685 1684/1684/1684
f 1687/1687/1687 1684/1684/1684 1685/1685/1685
f 1690/1690/1690 1689/1689/1689 1688/1688/1688
f 1691/1691/1691 1688/1688/1688 1689/1689/1689
f 1688/1688/1688 1691/1691/1691 1692/1692/1692
f 1693/1693/1693 1692/1692/1692 1691/1691/1691
f 1693/1693/1693 1694/1694/1694 1692/1692/1692
f 1695/1695/1695 1692/1692/1692 1694/1694/1694
f 1698/1698/1698 1697/1697/1697 1696/1696/1696
f 1699/1699/1699 1696/1696/1696 1697/1697/1697
f 1697/1697/1697 1700/1700/1700 1699/1699/1699
f 1701/1701/1701 1699/1699/1699 1700/1700/1700
f 1700/1700/1700 1702/1702/1702 1701/1701/1701
f 1703/1703/1703 1701/1701/1701 1702/1702/1702
f 1706/1706/1706 1705/1705/1705 1704/1704/1704
f 1707/1707/1707 1704/1704/1704 1705/1705/1705
f 1710/1710/1710 1709/1709/1709 1708/1708/1708
f 1711/1711/1711 1708/1708/1708 1709/1709/1709
f 1714/1714/1714 1713/1713/1713 1712/1712/1712
f 1715/1715/1715 1712/1712/1712 1713/1713/1713
f 1715/1715/1715 1713/1713/1713 1716/1716/1716
f 1717/1717/1717 1716/1716/1716 1713/1713/1713
f 1716/1716/1716 1717/1717/1717 1718/1718/1718
f 1719/1719/1719 1718/1718/1718 1717/1717/1717
f 1722/1722/1722 1721/1721/1721 1720/1720/1720
f 1723/1723/1723 1720/1720/1720 1721/1721/1721
f 1721/1721/1721 1724/1724/1724 1723/1723/1723
f 1725/1725/1725 1723/1723/1723 1724/1724/1724
f 1724/1724/1724 1726/1726/1726 1725/1725/1725
f 1727/1727/1727 1725/1725/1725 1726/1726/1726
f 1726/1726/1726 1728/1728/1728 1727/1727/1727
f 1729/1729/1729 1727/1727/1727 1728/1728/1728
f 1732/1732/1732 1731/1731/1731 1730/1730/1730
f 1733/1733/1733 1730/1730/1730 1731/1731/1731
f 1731/1731/1731 1734/1734/1734 1733/1733/1733
f 1735/1735/1735 1733/1733/1733 1734/1734/1734
f 1735/1735/1735 1734/1734/1734 1736/1736/1736
f 1737/1737/1737 1736/1736/1736 1734/1734/1734
f 1736/1736/1736 1737/1737/1737 1738/1738/1738
f 1739/1739/1739 1738/1738/1738 1737/1737/1737
f 1742/1742/1742 1741/1741/1741 1740/1740/1740
f 1743/1743/1743 1740/1740/1740 1741/1741/1741
f 1746/1746/1746 1745/1745/1745 1744/1744/1744
f 1747/1747/1747 1744/1744/1744 1745/1745/1745
f 1750/1750/1750 1749/1749/1749 1748/1748/1748
f 1751/1751/1751 1748/1748/1748 1749/1749/1749
f 1749/1749/1749 1752/1752/1752 1751/1751/1751
f 1753/1753/1753 1751/1751/1751 1752/1752/1752
f 1752/1752/1752 1754/1754/1754 1753/1753/1753
f 1755/1755/1755 1753/1753/1753 1754/1754/1754
f 1754/1754/1754 1756/1756/1756 1755/1755/1755
f 1757/1757/1757 1755/1755/1755 1756/1756/1756
f 1760/1760/1760 1759/1759/1759 1758/1758/1758
f 1761/1761/1761 1758/1758/1758 1759/1759/1759
f 1759/1759/1759 1762/1762/1762 1761/1761/1761
f 1763/1763/1763 1761/1761/1761 1762/1762/1762
f 1763/1763/1763 1762/1762/1762 1764/1764/1764
f 1765/1765/1765 1764/1764/1764 1762/1762/1762
f 1768/1768/1768 1767/1767/1767 1766/1766/1766
f 1769/1769/1769 1766/1766/1766 1767/1767/1767
f 1766/1766/1766 1769/1769/1769 1770/1770/1770
f 1771/1771/1771 1770/1770/1770 1769/1769/1769
f 1774/1774/1774 1773/1773/1773 1772/1772/1772
f 1775/1775/1775 1772/1772/1772 1773/1773/1773
f 1778/1778/1778 1777/1777/1777 1776/1776/1776
f 1779/1779/1779 1776/1776/1776 1777/1777/1777
f 1777/1777/1777 1780/1780/1780 1779/1779/1779
f 1781/1781/1781 1779/1779/1779 1780/1780/1780
f 1784/1784/1784 1783/1783/1783 1782/1782/1782
f 1785/1785/1785 1782/1782/1782 1783/1783/1783
f 1788/1788/1788 1787/1787/1787 1786/1786/1786
f 1789/1789/1789 1786/1786/1786 1787/1787/1787
f 1792/1792/1792 1791/1791/1791 1790/1790/1790
f 1793/1793/1793 1790/1790/1790 1791/1791/1791
f 1796/1796/1796 1795/1795/1795 1794/1794/1794
f 1797/1797/1797 1794/1794/1794 1795/1795/1795
f 1794/1794/1794 1797/1797/1797 1798/1798/1798
f 1799/1799/1799 1798/1798/1798 1797/1797/1797
f 1798/1798/1798 1799/1799/1799 1800/1800/1800
f 1801/1801/1801 1800/1800/1800 1799/1799/1799
f 1800/1800/1800 1801/1801/1801 1802/1802/1802
f 1803/1803/1803 1802/1802/1802 1801/1801/1801
f 1806/1806/1806 1805/1805/1805 1804/1804/1804
f 1807/1807/1807 1804/1804/1804 1805/1805/1805
f 1804/1804/1804 1807/1807/1807 1808/1808/1808
f 1809/1809/1809 1808/1808/1808 1807/1807/1807
f 1809/1809/1809 1810/1810/1810 1808/1808/1808
f 1811/1811/1811 1808/1808/1808 1810/1810/1810
f 1810/1810/1810 1812/1812/1812 1811/1811/1811
f 1813/1813/1813 1811/1811/1811 1812/1812/1812
f 1816/1816/1816 1815/1815/1815 1814/1814/1814
f 1817/1817/1817 1814/1814/1814 1815/1815/1815
f 1820/1820/1820 1819/1819/1819 1818/1818/1818
f 1821/1821/1821 1818/1818/1818 1819/1819/1819
f 1824/1824/1824 1823/1823/1823 1822/1822/1822
f 1825/1825/1825 1822/1822/1822 1823/1823/1823
f 1822/1822/1822 1825/1825/1825 1826/1826/1826
f 1827/1827/1827 1826/1826/1826 1825/1825/1825
f 1826/1826/1826 1827/1827/1827 1828/1828/1828
f 1829/1829/1829 1828/1828/1828 1827/1827/1827
f 1828/1828/1828 1829/1829/1829 1830/1830/1830
f 1831/1831/1831 1830/1830/1830 1829/1829/1829
f 1834/1834/1834 1833/1833/1833 1832/1832/1832
f 1835/1835/1835 1832/1832/1832 1833/1833/1833
f 1832/1832/1832 1835/1835/1835 1836/1836/1836
f 1835/1835/1835 1833/1833/1833 1837/1837/1837
f 1838/1838/1838 1837/1837/1837 1833/1833/1833
f 1837/1837/1837 1839/1839/1839 1835/1835/1835
f 1840/1840/1840 1836/1836/1836 1835/1835/1835
f 1840/1840/1840 1835/1835/1835 1839/1839/1839
f 1836/1836/1836 1840/1840/1840 1841/1841/1841
f 1839/1839/1839 1842/1842/1842 1840/1840/1840
f 1843/1843/1843 1841/1841/1841 1840/1840/1840
f 1843/1843/1843 1840/1840/1840 1842/1842/1842
f 1841/1841/1841 1843/1843/1843 1844/1844/1844
f 1842/1842/1842 1845/1845/1845 1843/1843/1843
f 1846/1846/1846 1844/1844/1844 1843/1843/1843
f 1846/1846/1846 1843/1843/1843 1845/1845/1845
f 1844/1844/1844 1846/1846/1846 1847/1847/1847
f 1845/1845/1845 1848/1848/1848 1846/1846/1846
f 1849/1849/1849 1847/1847/1847 1846/1846/1846
f 1849/1849/1849 1846/1846/1846 1848/1848/1848
f 1847/1847/1847 1849/1849/1849 1850/1850/1850
f 1848/1848/1848 1851/1851/1851 1849/1849/1849
f 1852/1852/1852 1850/1850/1850 1849/1849/1849
f 1852/1852/1852 1849/1849/1849 1851/1851/1851
f 1850/1850/1850 1852/1852/1852 1853/1853/1853
f 1851/1851/1851 1854/1854/1854 1852/1852/1852
f 1855/1855/1855 1853/1853/1853 1852/1852/1852
f 1855/1855/1855 1852/1852/1852 1854/1854/1854
f 1853/1853/1853 1855/1855/1855 1856/1856/1856
f 1854/1854/1854 1857/1857/1857 1855/1855/1855
f 1858/1858/1858 1856/1856/1856 1855/1855/1855
f 1858/1858/1858 1855/1855/1855 1857/1857/1857
f 1856/1856/1856 1858/1858/1858 1859/1859/1859
f 1857/1857/1857 1860/1860/1860 1858/1858/1858
f 1861/1861/1861 1859/1859/1859 1858/1858/1858
f 1861/1861/1861 1858/1858/1858 1860/1860/1860
f 1859/1859/1859 1861/1861/1861 1862/1862/1862
f 1860/1860/1860 1863/1863/1863 1861/1861/1861
f 1864/1864/1864 1862/1862/1862 1861/1861/1861
f 1864/1864/1864 1861/1861/1861 1863/1863/1863
f 1867/1867/1867 1866/1866/1866 1865/1865/1865
f 1868/1868/1868 1865/1865/1865 1866/1866/1866
f 1865/1865/1865 1868/1868/1868 1869/1869/1869
f 1868/1868/1868 1866/1866/1866 1870/1870/1870
f 1871/1871/1871 1870/1870/1870 1866/1866/1866
f 1870/1870/1870 1872/1872/1872 1868/1868/1868
f 1873/1873/1873 1869/1869/1869 1868/1868/1868
f 1873/1873/1873 1868/1868/1868 1872/1872/1872
f 1869/1869/1869 1873/1873/1873 1874/1874/1874
f 1872/1872/1872 1875/1875/1875 1873/1873/1873
f 1876/1876/1876 1874/1874/1874 1873/1873/1873
f 1876/1876/1876 1873/1873/1873 1875/1875/1875
f 1874/1874/1874 1876/1876/1876 1877/1877/1877
f 1875/1875/1875 1878/1878/1878 1876/1876/1876
f 1879/1879/1879 1877/1877/1877 1876/1876/1876
f 1879/1879/1879 1876/1876/1876 1878/1878/1878
f 1877/1877/1877 1879/1879/1879 1880/1880/1880
f 1878/1878/1878 1881/1881/1881 1879/1879/1879
f 1882/1882/1882 1880/1880/1880 1879/1879/1879
f 1882/1882/1882 1879/1879/1879 1881/1881/1881
f 1880/1880/1880 1882/1882/1882 1883/1883/1883
f 1881/1881/1881 1884/1884/1884 1882/1882/1882
f 1885/1885/1885 1883/1883/1883 1882/1882/1882
f 1885/1885/1885 1882/1882/1882 1884/1884/1884
f 1883/1883/1883 1885/1885/1885 1886/1886/1886
f 1884/1884/1884 1887/1887/1887 1885/1885/1885
f 1888/1888/1888 1886/1886/1886 1885/1885/1885
f 1888/1888/1888 1885/1885/1885 1887/1887/1887
f 1886/1886/1886 1888/1888/1888 1889/1889/1889
f 1887/1887/1887 1890/1890/1890 1888/1888/1888
f 1891/1891/1891 1889/1889/1889 1888/1888/1888
f 1891/1891/1891 1888/1888/1888 1890/1890/1890
f 1889/1889/1889 1891/1891/1891 1892/1892/1892
f 1890/1890/1890 1893/1893/1893 1891/1891/1891
f 1894/1894/1894 1892/1892/1892 1891/1891/1891
f 1894/1894/1894 1891/1891/1891 1893/1893/1893
f 1892/1892/1892 1894/1894/1894 1895/1895/1895
f 1893/1893/1893 1896/1896/1896 1894/1894/1894
f 1897/1897/1897 1895/1895/1895 1894/1894/1894
f 1897/1897/1897 1894/1894/1894 1896/1896/1896
f 1900/1900/1900 1899/1899/1899 1898/1898/1898
f 1901/1901/1901 1898/1898/1898 1899/1899/1899
f 1899/1899/1899 1902/1902/1902 1901/1901/1901
f 1898/1898/1898 1901/1901/1901 1903/1903/1903
f 1904/1904/1904 1901/1901/1901 1902/1902/1902
f 1905/1905/1905 1903/1903/1903 1901/1901/1901
f 1901/1901/1901 1904/1904/1904 1905/1905/1905
f 1903/1903/1903 1905/1905/1905 1906/1906/1906
f 1907/1907/1907 1905/1905/1905 1904/1904/1904
f 1908/1908/1908 1906/1906/1906 1905/1905/1905
f 1905/1905/1905 1907/1907/1907 1908/1908/1908
f 1906/1906/1906 1908/1908/1908 1909/1909/1909
f 1910/1910/1910 1908/1908/1908 1907/1907/1907
f 1911/1911/1911 1909/1909/1909 1908/1908/1908
f 1908/1908/1908 1910/1910/1910 1911/1911/1911
f 1909/1909/1909 1911/1911/1911 1912/1912/1912
f 1913/1913/1913 1911/1911/1911 1910/1910/1910
f 1914/1914/1914 1912/1912/1912 1911/1911/1911
f 1911/1911/1911 1913/1913/1913 1914/1914/1914
f 1912/1912/1912 1914/1914/1914 1915/1915/1915
f 1916/1916/1916 1914/1914/1914 1913/1913/1913
f 1917/1917/1917 1915/1915/1915 1914/1914/1914
f 1914/1914/1914 1916/1916/1916 1917/1917/1917
f 1915/1915/1915 1917/1917/1917 1918/1918/1918
f 1919/1919/1919 1917/1917/1917 1916/1916/1916
f 1920/1920/1920 1918/1918/1918 1917/1917/1917
f 1917/1917/1917 1919/1919/1919 1920/1920/1920
f 1918/1918/1918 1920/1920/1920 1921/1921/1921
f 1922/1922/1922 1920/1920/1920 1919/1919/1919
f 1923/1923/1923 1921/1921/1921 1920/1920/1920
f 1920/1920/1920 1922/1922/1922 1923/1923/1923
f 1921/1921/1921 1923/1923/1923 1924/1924/1924
f 1925/1925/1925 1923/1923/1923 1922/1922/1922
f 1926/1926/1926 1924/1924/1924 1923/1923/1923
f 1923/1923/1923 1925/1925/1925 1926/1926/1926
f 1924/1924/1924 1926/1926/1926 1927/1927/1927
f 1928/1928/1928 1926/1926/1926 1925/1925/1925
f 1929/1929/1929 1927/1927/1927 1926/1926/1926
f 1926/1926/1926 1928/1928/1928 1929/1929/1929
f 1930/1930/1930 1929/1929/1929 1928/1928/1928
f 1933/1933/1933 1932/1932/1932 1931/1931/1931
f 1934/1934/1934 1931/1931/1931 1932/1932/1932
f 1932/1932/1932 1935/1935/1935 1934/1934/1934
f 1931/1931/1931 1934/1934/1934 1936/1936/1936
f 1937/1937/1937 1934/1934/1934 1935/1935/1935
f 1938/1938/1938 1936/1936/1936 1934/1934/1934
f 1934/1934/1934 1937/1937/1937 1938/1938/1938
f 1936/1936/1936 1938/1938/1938 1939/1939/1939
f 1940/1940/1940 1938/1938/1938 1937/1937/1937
f 1941/1941/1941 1939/1939/1939 1938/1938/1938
f 1938/1938/1938 1940/1940/1940 1941/1941/1941
f 1939/1939/1939 1941/1941/1941 1942/1942/1942
f 1943/1943/1943 1941/1941/1941 1940/1940/1940
f 1944/1944/1944 1942/1942/1942 1941/1941/1941
f 1941/1941/1941 1943/1943/1943 1944/1944/1944
f 1942/1942/1942 1944/1944/1944 1945/1945/1945
f 1946/1946/1946 1944/1944/1944 1943/1943/1943
f 1947/1947/1947 1945/1945/1945 1944/1944/1944
f 1944/1944/1944 1946/1946/1946 1947/1947/1947
f 1945/1945/1945 1947/1947/1947 1948/1948/1948
f 1949/1949/1949 1947/1947/1947 1946/1946/1946
f 1950/1950/1950 1948/1948/1948 1947/1947/1947
f 1947/1947/1947 1949/1949/1949 1950/1950/1950
f 1948/1948/1948 1950/1950/1950 1951/1951/1951
f 1952/1952/1952 1950/1950/1950 1949/1949/1949
f 1953/1953/1953 1951/1951/1951 1950/1950/1950
f 1950/1950/1950 1952/1952/1952 1953/1953/1953
f 1951/1951/1951 1953/1953/1953 1954/1954/1954
f 1955/1955/1955 1953/1953/1953 1952/1952/1952
f 1956/1956/1956 1954/1954/1954 1953/1953/1953
f 1953/1953/1953 1955/1955/1955 1956/1956/1956
f 1954/1954/1954 1956/1956/1956 1957/1957/1957
f 1958/1958/1958 1956/1956/1956 1955/1955/1955
f 1959/1959/1959 1957/1957/1957 1956/1956/1956
f 1956/1956/1956 1958/1958/1958 1959/1959/1959
f 1957/1957/1957 1959/1959/1959 1960/1960/1960
f 1961/1961/1961 1959/1959/1959 1958/1958/1958
f 1962/1962/1962 1960/1960/1960 1959/1959/1959
f 1959/1959/1959 1961/1961/1961 1962/1962/1962
f 1963/1963/1963 1962/1962/1962 1961/1961/1961
f 1966/1966/1966 1965/1965/1965 1964/1964/1964
f 1967/1967/1967 1964/1964/1964 1965/1965/1965
f 1964/1964/1964 1967/1967/1967 1968/1968/1968
f 1967/1967/1967 1965/1965/1965 1969/1969/1969
f 1970/1970/1970 1969/1969/1969 1965/1965/1965
f 1969/1969/1969 1971/1971/1971 1967/1967/1967
f 1972/1972/1972 1968/1968/1968 1967/1967/1967
f 1972/1972/1972 1967/1967/1967 1971/1971/1971
f 1968/1968/1968 1972/1972/1972 1973/1973/1973
f 1971/1971/1971 1974/1974/1974 1972/1972/1972
f 1975/1975/1975 1973/1973/1973 1972/1972/1972
f 1975/1975/1975 1972/1972/1972 1974/1974/1974
f 1973/1973/1973 1975/1975/1975 1976/1976/1976
f 1974/1974/1974 1977/1977/1977 1975/1975/1975
f 1978/1978/1978 1976/1976/1976 1975/1975/1975
f 1978/1978/1978 1975/1975/1975 1977/1977/1977
f 1976/1976/1976 1978/1978/1978 1979/1979/1979
f 1977/1977/1977 1980/1980/1980 1978/1978/1978
f 1981/1981/1981 1979/1979/1979 1978/1978/1978
f 1981/1981/1981 1978/1978/1978 1980/1980/1980
f 1979/1979/1979 1981/1981/1981 1982/1982/1982
f 1980/1980/1980 1983/1983/1983 1981/1981/1981
f 1984/1984/1984 1982/1982/1982 1981/1981/1981
f 1984/1984/1984 1981/1981/1981 1983/1983/1983
f 1982/1982/1982 1984/1984/1984 1985/1985/1985
f 1983/1983/1983 1986/1986/1986 1984/1984/1984
f 1987/1987/1987 1985/1985/1985 1984/1984/1984
f 1987/1987/1987 1984/1984/1984 1986/1986/1986
f 1985/1985/1985 1987/1987/1987 1988/1988/1988
f 1986/1986/1986 1989/1989/1989 1987/1987/1987
f 1990/1990/1990 1988/1988/1988 1987/1987/1987
f 1990/1990/1990 1987/1987/1987 1989/1989/1989
f 1988/1988/1988 1990/1990/1990 1991/1991/1991
f 1989/1989/1989 1992/1992/1992 1990/1990/1990
f 1993/1993/1993 1991/1991/1991 1990/1990/1990
f 1993/1993/1993 1990/1990/1990 1992/1992/1992
f 1991/1991/1991 1993/1993/1993 1994/1994/1994
f 1992/1992/1992 1995/1995/1995 1993/1993/1993
f 1996/1996/1996 1994/1994/1994 1993/1993/1993
f 1996/1996/1996 1993/1993/1993 1995/1995/1995
f 1999/1999/1999 1998/1998/1998 1997/1997/1997
f 2000/2000/2000 1997/1997/1997 1998/1998/1998
f 1997/1997/1997 2000/2000/2000 2001/2001/2001
f 2000/2000/2000 1998/1998/1998 2002/2002/2002
f 2003/2003/2003 2002/2002/2002 1998/1998/1998
f 2002/2002/2002 2004/2004/2004 2000/2000/2000
f 2005/2005/2005 2001/2001/2001 2000/2000/2000
f 2005/2005/2005 2000/2000/2000 2004/2004/2004
f 2001/2001/2001 2005/2005/2005 2006/2006/2006
f 2004/2004/2004 2007/2007/2007 2005/2005/2005
f 2008/2008/2008 2006/2006/2006 2005/2005/2005
f 2008/2008/2008 2005/2005/2005 2007/2007/2007
f 2006/2006/2006 2008/2008/2008 2009/2009/2009
f 2007/2007/2007 2010/2010/2010 2008/2008/2008
f 2011/2011/2011 2009/2009/2009 2008/2008/2008
f 2011/2011/2011 2008/2008/2008 2010/2010/2010
f 2009/2009/2009 2011/2011/2011 2012/2012/2012
f 2010/2010/2010 2013/2013/2013 2011/2011/2011
f 2014/2014/2014 2012/2012/2012 2011/2011/2011
f 2014/2014/2014 2011/2011/2011 2013/2013/2013
f 2012/2012/2012 2014/2014/2014 2015/2015/2015
f 2013/2013/2013 2016/2016/2016 2014/2014/2014
f 2017/2017/2017 2015/2015/2015 2014/2014/2014
f 2017/2017/2017 2014/2014/2014 2016/2016/2016
f 2015/2015/2015 2017/2017/2017 2018/2018/2018
f 2016/2016/2016 2019/2019/2019 2017/2017/2017
f 2020/2020/2020 2018/2018/2018 2017/2017/2017
f 2020/2020/2020 2017/2017/2017 2019/2019/2019
f 2018/2018/2018 2020/2020/2020 2021/2021/2021
f 2019/2019/2019 2022/2022/2022 2020/2020/2020
f 2023/2023/2023 2021/2021/2021 2020/2020/2020
f 2023/2023/2023 2020/2020/2020 2022/2022/2022
f 2021/2021/2021 2023/2023/2023 2024/2024/2024
f 2022/2022/2022 2025/2025/2025 2023/2023/2023
f 2026/2026/2026 2024/2024/2024 2023/2023/2023
f 2026/2026/2026 2023/2023/2023 2025/2025/2025
f 2024/2024/2024 2026/2026/2026 2027/2027/2027
f 2025/2025/2025 2028/2028/2028 2026/2026/2026
f 2029/2029/2029 2027/2027/2027 2026/2026/2026
f 2029/2029/2029 2026/2026/2026 2028/2028/2028
f 2032/2032/2032 2031/2031/2031 2030/2030/2030
f 2033/2033/2033 2030/2030/2030 2031/2031/2031
f 2031/2031/2031 2034/2034/2034 2033/2033/2033
f 2030/2030/2030 2033/2033/2033 2035/2035/2035
f 2036/2036/2036 2033/2033/2033 2034/2034/2034
f 2037/2037/2037 2035/2035/2035 2033/2033/2033
f 2033/2033/2033 2036/2036/2036 2037/2037/2037
f 2035/2035/2035 2037/2037/2037 2038/2038/2038
f 2039/2039/2039 2037/2037/2037 2036/2036/2036
f 2040/2040/2040 2038/2038/2038 2037/2037/2037
f 2037/2037/2037 2039/2039/2039 2040/2040/2040
f 2038/2038/2038 2040/2040/2040 2041/2041/2041
f 2042/2042/2042 2040/2040/2040 2039/2039/2039
f 2043/2043/2043 2041/2041/2041 2040/2040/2040
f 2040/2040/2040 2042/2042/2042 2043/2043/2043
f 2041/2041/2041 2043/2043/2043 2044/2044/2044
f 2045/2045/2045 2043/2043/2043 2042/2042/2042
f 2046/2046/2046 2044/2044/2044 2043/2043/2043
f 2043/2043/2043 2045/2045/2045 2046/2046/2046
f 2044/2044/2044 2046/2046/2046 2047/2047/2047
f 2048/2048/2048 2046/2046/2046 2045/2045/2045
f 2049/2049/2049 2047/2047/2047 2046/2046/2046
f 2046/2046/2046 2048/2048/2048 2049/2049/2049
f 2047/2047/2047 2049/2049/2049 2050/2050/2050
f 2051/2051/2051 2049/2049/2049 2048/2048/2048
f 2052/2052/2052 2050/2050/2050 2049/2049/2049
f 2049/2049/2049 2051/2051/2051 2052/2052/2052
f 2050/2050/2050 2052/2052/2052 2053/2053/2053
f 2054/2054/2054 2052/2052/2052 2051/2051/2051
f 2055/2055/2055 2053/2053/2053 2052/2052/2052
f 2052/2052/2052 2054/2054/2054 2055/2055/2055
f 2053/2053/2053 2055/2055/2055 2056/2056/2056
f 2057/2057/2057 2055/2055/2055 2054/2054/2054
f 2058/2058/2058 2056/2056/2056 2055/2055/2055
f 2055/2055/2055 2057/2057/2057 2058/2058/2058
f 2056/2056/2056 2058/2058/2058 2059/2059/2059
f 2060/2060/2060 2058/2058/2058 2057/2057/2057
f 2061/2061/2061 2059/2059/2059 2058/2058/2058
f 2058/2058/2058 2060/2060/2060 2061/2061/2061
f 2062/2062/2062 2061/2061/2061 2060/2060/2060
f 2065/2065/2065 2064/2064/2064 2063/2063/2063
f 2066/2066/2066 2063/2063/2063 2064/2064/2064
f 2064/2064/2064 2067/2067/2067 2066/2066/2066
f 2063/2063/2063 2066/2066/2066 2068/2068/2068
f 2069/2069/2069 2066/2066/2066 2067/2067/2067
f 2070/2070/2070 2068/2068/2068 2066/2066/2066
f 2066/2066/2066 2069/2069/2069 2070/2070/2070
f 2068/2068/2068 2070/2070/2070 2071/2071/2071
f 2072/2072/2072 2070/2070/2070 2069/2069/2069
f 2073/2073/2073 2071/2071/2071 2070/2070/2070
f 2070/2070/2070 2072/2072/2072 2073/2073/2073
f 2071/2071/2071 2073/2073/2073 2074/2074/2074
f 2075/2075/2075 2073/2073/2073 2072/2072/2072
f 2076/2076/2076 2074/2074/2074 2073/2073/2073
f 2073/2073/2073 2075/2075/2075 2076/2076/2076
f 2074/2074/2074 2076/2076/2076 2077/2077/2077
f 2078/2078/2078 2076/2076/2076 2075/2075/2075
f 2079/2079/2079 2077/2077/2077 2076/2076/2076
f 2076/2076/2076 2078/2078/2078 2079/2079/2079
f 2077/2077/2077 2079/2079/2079 2080/2080/2080
f 2081/2081/2081 2079/2079/2079 2078/2078/2078
f 2082/2082/2082 2080/2080/2080 2079/2079/2079
f 2079/2079/2079 2081/2081/2081 2082/2082/2082
f 2080/2080/2080 2082/2082/2082 2083/2083/2083
f 2084/2084/2084 2082/2082/2082 2081/2081/2081
f 2085/2085/2085 2083/2083/2083 2082/2082/2082
f 2082/2082/2082 2084/2084/2084 2085/2085/2085
f 2083/2083/2083 2085/2085/2085 2086/2086/2086
f 2087/2087/2087 2085/2085/2085 2084/2084/2084
f 2088/2088/2088 2086/2086/2086 2085/2085/2085
f 2085/2085/2085 2087/2087/2087 2088/2088/2088
f 2086/2086/2086 2088/2088/2088 2089/2089/2089
f 2090/2090/2090 2088/2088/2088 2087/2087/2087
f 2091/2091/2091 2089/2089/2089 2088/2088/2088
f 2088/2088/2088 2090/2090/2090 2091/2091/2091
f 2089/2089/2089 2091/2091/2091 2092/2092/2092
f 2093/2093/2093 2091/2091/2091 2090/2090/2090
f 2094/2094/2094 2092/2092/2092 2091/2091/2091
f 2091/2091/2091 2093/2093/2093 2094/2094/2094
f 2095/2095/2095 2094/2094/2094 2093/2093/2093
f 2098/2098/2098 2097/2097/2097 2096/2096/2096
f 2099/2099/2099 2096/2096/2096 2097/2097/2097
f 2096/2096/2096 2099/2099/2099 2100/2100/2100
f 2099/2099/2099 2097/2097/2097 2101/2101/2101
f 2102/2102/2102 2101/2101/2101 2097/2097/2097
f 2101/2101/2101 2103/2103/2103 2099/2099/2099
f 2104/2104/2104 2100/2100/2100 2099/2099/2099
f 2104/2104/2104 2099/2099/2099 2103/2103/2103
f 2100/2100/2100 2104/2104/2104 2105/2105/2105
f 2103/2103/2103 2106/2106/2106 2104/2104/2104
f 2107/2107/2107 2105/2105/2105 2104/2104/2104
f 2107/2107/2107 2104/2104/2104 2106/2106/2106
f 2105/2105/2105 2107/2107/2107 2108/2108/2108
f 2106/2106/2106 2109/2109/2109 2107/2107/2107
f 2110/2110/2110 2108/2108/2108 2107/2107/2107
f 2110/2110/2110 2107/2107/2107 2109/2109/2109
f 2108/2108/2108 2110/2110/2110 2111/2111/2111
f 2109/2109/2109 2112/2112/2112 2110/2110/2110
f 2113/2113/2113 2111/2111/2111 2110/2110/2110
f 2113/2113/2113 2110/2110/2110 2112/2112/2112
f 2111/2111/2111 2113/2113/2113 2114/2114/2114
f 2112/2112/2112 2115/2115/2115 2113/2113/2113
f 2116/2116/2116 2114/2114/2114 2113/2113/2113
f 2116/2116/2116 2113/2113/2113 2115/2115/2115
f 2114/2114/2114 2116/2116/2116 2117/2117/2117
f 2115/2115/2115 2118/2118/2118 2116/2116/2116
f 2119/2119/2119 2117/2117/2117 2116/2116/2116
f 2119/2119/2119 2116/2116/2116 2118/2118/2118
f 2117/2117/2117 2119/2119/2119 2120/2120/2120
f 2118/2118/2118 2121/2121/2121 2119/2119/2119
f 2122/2122/2122 2120/2120/2120 2119/2119/2119
f 2122/2122/2122 2119/2119/2119 2121/2121/2121
f 2120/2120/2120 2122/2122/2122 2123/2123/2123
f 2121/2121/2121 2124/2124/2124 2122/2122/2122
f 2125/2125/2125 2123/2123/2123 2122/2122/2122
f 2125/2125/2125 2122/2122/2122 2124/2124/2124
f 2123/2123/2123 2125/2125/2125 2126/2126/2126
f 2124/2124/2124 2127/2127/2127 2125/2125/2125
f 2128/2128/2128 2126/2126/2126 2125/2125/2125
f 2128/2128/2128 2125/2125/2125 2127/2127/2127
f 2131/2131/2131 2130/2130/2130 2129/2129/2129
f 2132/2132/2132 2129/2129/2129 2130/2130/2130
f 2129/2129/2129 2132/2132/2132 2133/2133/2133
f 2132/2132/2132 2130/2130/2130 2134/2134/2134
f 2135/2135/2135 2134/2134/2134 2130/2130/2130
f 2134/2134/2134 2136/2136/2136 2132/2132/2132
f 2137/2137/2137 2133/2133/2133 2132/2132/2132
f 2137/2137/2137 2132/2132/2132 2136/2136/2136
f 2133/2133/2133 2137/2137/2137 2138/2138/2138
f 2136/2136/2136 2139/2139/2139 2137/2137/2137
f 2140/2140/2140 2138/2138/2138 2137/2137/2137
f 2140/2140/2140 2137/2137/2137 2139/2139/2139
f 2138/2138/2138 2140/2140/2140 2141/2141/2141
f 2139/2139/2139 2142/2142/2142 2140/2140/2140
f 2143/2143/2143 2141/2141/2141 2140/2140/2140
f 2143/2143/2143 2140/2140/2140 2142/2142/2142
f 2141/2141/2141 2143/2143/2143 2144/2144/2144
f 2142/2142/2142 2145/2145/2145 2143/2143/2143
f 2146/2146/2146 2144/2144/2144 2143/2143/2143
f 2146/2146/2146 2143/2143/2143 2145/2145/2145
f 2144/2144/2144 2146/2146/2146 2147/2147/2147
f 2145/2145/2145 2148/2148/2148 2146/2146/2146
f 2149/2149/2149 2147/2147/2147 2146/2146/2146
f 2149/2149/2149 2146/2146/2146 2148/2148/2148
f 2147/2147/2147 2149/2149/2149 2150/2150/2150
f 2148/2148/2148 2151/2151/2151 2149/2149/2149
f 2152/2152/2152 2150/2150/2150 2149/2149/2149
f 2152/2152/2152 2149/2149/2149 2151/2151/2151
f 2150/2150/2150 2152/2152/2152 2153/2153/2153
f 2151/2151/2151 2154/2154/2154 2152/2152/2152
f 2155/2155/2155 2153/2153/2153 2152/2152/2152
f 2155/2155/2155 2152/2152/2152 2154/2154/2154
f 2153/2153/2153 2155/2155/2155 2156/2156/2156
f 2154/2154/2154 2157/2157/2157 2155/2155/2155
f 2158/2158/2158 2156/2156/2156 2155/2155/2155
f 2158/2158/2158 2155/2155/2155 2157/2157/2157
f 2156/2156/2156 2158/2158/2158 2159/2159/2159
f 2157/2157/2157 2160/2160/2160 2158/2158/2158
f 2161/2161/2161 2159/2159/2159 2158/2158/2158
f 2161/2161/2161 2158/2158/2158 2160/2160/2160
f 2164/2164/2164 2163/2163/2163 2162/2162/2162
f 2165/2165/2165 2162/2162/2162 2163/2163/2163
f 2163/2163/2163 2166/2166/2166 2165/2165/2165
f 2162/2162/2162 2165/2165/2165 2167/2167/2167
f 2168/2168/2168 2165/2165/2165 2166/2166/2166
f 2169/2169/2169 2167/2167/2167 2165/2165/2165
f 2165/2165/2165 2168/2168/2168 2169/2169/2169
f 2167/2167/2167 2169/2169/2169 2170/2170/2170
f 2171/2171/2171 2169/2169/2169 2168/2168/2168
f 2172/2172/2172 2170/2170/2170 2169/2169/2169
f 2169/2169/2169 2171/2171/2171 2172/2172/2172
f 2170/2170/2170 2172/2172/2172 2173/2173/2173
f 2174/2174/2174 2172/2172/2172 2171/2171/2171
f 2175/2175/2175 2173/2173/2173 2172/2172/2172
f 2172/2172/2172 2174/2174/2174 2175/2175/2175
f 2173/2173/2173 2175/2175/2175 2176/2176/2176
f 2177/2177/2177 2175/2175/2175 2174/2174/2174
f 2178/2178/2178 2176/2176/2176 2175/2175/2175
f 2175/2175/2175 2177/2177/2177 2178/2178/2178
f 2176/2176/2176 2178/2178/2178 2179/2179/2179
f 2180/2180/2180 2178/2178/2178 2177/2177/2177
f 2181/2181/2181 2179/2179/2179 2178/2178/2178
f 2178/2178/2178 2180/2180/2180 2181/2181/2181
f 2179/2179/2179 2181/2181/2181 2182/2182/2182
f 2183/2183/2183 2181/2181/2181 2180/2180/2180
f 2184/2184/2184 2182/2182/2182 2181/2181/2181
f 2181/2181/2181 2183/2183/2183 2184/2184/2184
f 2182/2182/2182 2184/2184/2184 2185/2185/2185
f 2186/2186/2186 2184/2184/2184 2183/2183/2183
f 2187/2187/2187 2185/2185/2185 2184/2184/2184
f 2184/2184/2184 2186/2186/2186 2187/2187/2187
f 2185/2185/2185 2187/2187/2187 2188/2188/2188
f 2189/2189/2189 2187/2187/2187 2186/2186/2186
f 2190/2190/2190 2188/2188/2188 2187/2187/2187
f 2187/2187/2187 2189/2189/2189 2190/2190/2190
f 2188/2188/2188 2190/2190/2190 2191/2191/2191
f 2192/2192/2192 2190/2190/2190 2189/2189/2189
f 2193/2193/2193 2191/2191/2191 2190/2190/2190
f 2190/2190/2190 2192/2192/2192 2193/2193/2193
f 2194/2194/2194 2193/2193/2193 2192/2192/2192
f 2197/2197/2197 2196/2196/2196 2195/2195/2195
f 2198/2198/2198 2195/2195/2195 2196/2196/2196
f 2196/2196/2196 2199/2199/2199 2198/2198/2198
f 2195/2195/2195 2198/2198/2198 2200/2200/2200
f 2201/2201/2201 2198/2198/2198 2199/2199/2199
f 2202/2202/2202 2200/2200/2200 2198/2198/2198
f 2198/2198/2198 2201/2201/2201 2202/2202/2202
f 2200/2200/2200 2202/2202/2202 2203/2203/2203
f 2204/2204/2204 2202/2202/2202 2201/2201/2201
f 2205/2205/2205 2203/2203/2203 2202/2202/2202
f 2202/2202/2202 2204/2204/2204 2205/2205/2205
f 2203/2203/2203 2205/2205/2205 2206/2206/2206
f 2207/2207/2207 2205/2205/2205 2204/2204/2204
f 2208/2208/2208 2206/2206/2206 2205/2205/2205
f 2205/2205/2205 2207/2207/2207 2208/2208/2208
f 2206/2206/2206 2208/2208/2208 2209/2209/2209
f 2210/2210/2210 2208/2208/2208 2207/2207/2207
f 2211/2211/2211 2209/2209/2209 2208/2208/2208
f 2208/2208/2208 2210/2210/2210 2211/2211/2211
f 2209/2209/2209 2211/2211/2211 2212/2212/2212
f 2213/2213/2213 2211/2211/2211 2210/2210/2210
f 2214/2214/2214 2212/2212/2212 2211/2211/2211
f 2211/2211/2211 2213/2213/2213 2214/2214/2214
f 2212/2212/2212 2214/2214/2214 2215/2215/2215
f 2216/2216/2216 2214/2214/2214 2213/2213/2213
f 2217/2217/2217 2215/2215/2215 2214/2214/2214
f 2214/2214/2214 2216/2216/2216 2217/2217/2217
f 2215/2215/2215 2217/2217/2217 2218/2218/2218
f 2219/2219/2219 2217/2217/2217 2216/2216/2216
f 2220/2220/2220 2218/2218/2218 2217/2217/2217
f 2217/2217/2217 2219/2219/2219 2220/2220/2220
f 2218/2218/2218 2220/2220/2220 2221/2221/2221
f 2222/2222/2222 2220/2220/2220 2219/2219/2219
f 2223/2223/2223 2221/2221/2221 2220/2220/2220
f 2220/2220/2220 2222/2222/2222 2223/2223/2223
f 2221/2221/2221 2223/2223/2223 2224/2224/2224
f 2225/2225/2225 2223/2223/2223 2222/2222/2222
f 2226/2226/2226 2224/2224/2224 2223/2223/2223
f 2223/2223/2223 2225/2225/2225 2226/2226/2226
f 2227/2227/2227 2226/2226/2226 2225/2225/2225
f 2230/2230/2230 2229/2229/2229 2228/2228/2228
f 2231/2231/2231 2228/2228/2228 2229/2229/2229
f 2228/2228/2228 2231/2231/2231 2232/2232/2232
f 2231/2231/2231 2229/2229/2229 2233/2233/2233
f 2234/2234/2234 2233/2233/2233 2229/2229/2229
f 2233/2233/2233 2235/2235/2235 2231/2231/2231
f 2236/2236/2236 2232/2232/2232 2231/2231/2231
f 2236/2236/2236 2231/2231/2231 2235/2235/2235
f 2232/2232/2232 2236/2236/2236 2237/2237/2237
f 2235/2235/2235 2238/2238/2238 2236/2236/2236
f 2239/2239/2239 2237/2237/2237 2236/2236/2236
f 2239/2239/2239 2236/2236/2236 2238/2238/2238
f 2237/2237/2237 2239/2239/2239 2240/2240/2240
f 2238/2238/2238 2241/2241/2241 2239/2239/2239
f 2242/2242/2242 2240/2240/2240 2239/2239/2239
f 2242/2242/2242 2239/2239/2239 2241/2241/2241
f 2240/2240/2240 2242/2242/2242 2243/2243/2243
f 2241/2241/2241 2244/2244/2244 2242/2242/2242
f 2245/2245/2245 2243/2243/2243 2242/2242/2242
f 2245/2245/2245 2242/2242/2242 2244/2244/2244
f 2243/2243/2243 2245/2245/2245 2246/2246/2246
f 2244/2244/2244 2247/2247/2247 2245/2245/2245
f 2248/2248/2248 2246/2246/2246 2245/2245/2245
f 2248/2248/2248 2245/2245/2245 2247/2247/2247
f 2246/2246/2246 2248/2248/2248 2249/2249/2249
f 2247/2247/2247 2250/2250/2250 2248/2248/2248
f 2251/2251/2251 2249/2249/2249 2248/2248/2248
f 2251/2251/2251 2248/2248/2248 2250/2250/2250
f 2249/2249/2249 2251/2251/2251 2252/2252/2252
f 2250/2250/2250 2253/2253/2253 2251/2251/2251
f 2254/2254/2254 2252/2252/2252 2251/2251/2251
f 2254/2254/2254 2251/2251/2251 2253/2253/2253
f 2252/2252/2252 2254/2254/2254 2255/2255/2255
f 2253/2253/2253 2256/2256/2256 2254/2254/2254
f 2257/2257/2257 2255/2255/2255 2254/2254/2254
f 2257/2257/2257 2254/2254/2254 2256/2256/2256
f 2255/2255/2255 2257/2257/2257 2258/2258/2258
f 2256/2256/2256 2259/2259/2259 2257/2257/2257
f 2260/2260/2260 2258/2258/2258 2257/2257/2257
f 2260/2260/2260 2257/2257/2257 2259/2259/2259
f 2263/2263/2263 2262/2262/2262 2261/2261/2261
f 2264/2264/2264 2261/2261/2261 2262/2262/2262
f 2261/2261/2261 2264/2264/2264 2265/2265/2265
f 2264/2264/2264 2262/2262/2262 2266/2266/2266
f 2267/2267/2267 2266/2266/2266 2262/2262/2262
f 2266/2266/2266 2268/2268/2268 2264/2264/2264
f 2269/2269/2269 2265/2265/2265 2264/2264/2264
f 2269/2269/2269 2264/2264/2264 2268/2268/2268
f 2265/2265/2265 2269/2269/2269 2270/2270/2270
f 2268/2268/2268 2271/2271/2271 2269/2269/2269
f 2272/2272/2272 2270/2270/2270 2269/2269/2269
f 2272/2272/2272 2269/2269/2269 2271/2271/2271
f 2270/2270/2270 2272/2272/2272 2273/2273/2273
f 2271/2271/2271 2274/2274/2274 2272/2272/2272
f 2275/2275/2275 2273/2273/2273 2272/2272/2272
f 2275/2275/2275 2272/2272/2272 2274/2274/2274
f 2273/2273/2273 2275/2275/2275 2276/2276/2276
f 2274/2274/2274 2277/2277/2277 2275/2275/2275
f 2278/2278/2278 2276/2276/2276 2275/2275/2275
f 2278/2278/2278 2275/2275/2275 2277/2277/2277
f 2276/2276/2276 2278/2278/2278 2279/2279/2279
f 2277/2277/2277 2280/2280/2280 2278/2278/2278
f 2281/2281/2281 2279/2279/2279 2278/2278/2278
f 2281/2281/2281 2278/2278/2278 2280/2280/2280
f 2279/2279/2279 2281/2281/2281 2282/2282/2282
f 2280/2280/2280 2283/2283/2283 2281/2281/2281
f 2284/2284/2284 2282/2282/2282 2281/2281/2281
f 2284/2284/2284 2281/2281/2281 2283/2283/2283
f 2282/2282/2282 2284/2284/2284 2285/2285/2285
f 2283/2283/2283 2286/2286/2286 2284/2284/2284
f 2287/2287/2287 2285/2285/2285 2284/2284/2284
f 2287/2287/2287 2284/2284/2284 2286/2286/2286
f 2285/2285/2285 2287/2287/2287 2288/2288/2288
f 2286/2286/2286 2289/2289/2289 2287/2287/2287
f 2290/2290/2290 2288/2288/2288 2287/2287/2287
f 2290/2290/2290 2287/2287/2287 2289/2289/2289
f 2288/2288/2288 2290/2290/2290 2291/2291/2291
f 2289/2289/2289 2292/2292/2292 2290/2290/2290
f 2293/2293/2293 2291/2291/2291 2290/2290/2290
f 2293/2293/2293 2290/2290/2290 2292/2292/2292
f 2296/2296/2296 2295/2295/2295 2294/2294/2294
f 2297/2297/2297 2294/2294/2294 2295/2295/2295
f 2295/2295/2295 2298/2298/2298 2297/2297/2297
f 2294/2294/2294 2297/2297/2297 2299/2299/2299
f 2300/2300/2300 2297/2297/2297 2298/2298/2298
f 2301/2301/2301 2299/2299/2299 2297/2297/2297
f 2297/2297/2297 2300/2300/2300 2301/2301/2301
f 2299/2299/2299 2301/2301/2301 2302/2302/2302
f 2303/2303/2303 2301/2301/2301 2300/2300/2300
f 2304/2304/2304 2302/2302/2302 2301/2301/2301
f 2301/2301/2301 2303/2303/2303 2304/2304/2304
f 2302/2302/2302 2304/2304/2304 2305/2305/2305
f 2306/2306/2306 2304/2304/2304 2303/2303/2303
f 2307/2307/2307 2305/2305/2305 2304/2304/2304
f 2304/2304/2304 2306/2306/2306 2307/2307/2307
f 2305/2305/2305 2307/2307/2307 2308/2308/2308
f 2309/2309/2309 2307/2307/2307 2306/2306/2306
f 2310/2310/2310 2308/2308/2308 2307/2307/2307
f 2307/2307/2307 2309/2309/2309 2310/2310/2310
f 2308/2308/2308 2310/2310/2310 2311/2311/2311
f 2312/2312/2312 2310/2310/2310 2309/2309/2309
f 2313/2313/2313 2311/2311/2311 2310/2310/2310
f 2310/2310/2310 2312/2312/2312 2313/2313/2313
f 2311/2311/2311 2313/2313/2313 2314/2314/2314
f 2315/2315/2315 2313/2313/2313 2312/2312/2312
f 2316/2316/2316 2314/2314/2314 2313/2313/2313
f 2313/2313/2313 2315/2315/2315 2316/2316/2316
f 2314/2314/2314 2316/2316/2316 2317/2317/2317
f 2318/2318/2318 2316/2316/2316 2315/2315/2315
f 2319/2319/2319 2317/2317/2317 2316/2316/2316
f 2316/2316/2316 2318/2318/2318 2319/2319/2319
f 2317/2317/2317 2319/2319/2319 2320/2320/2320
f 2321/2321/2321 2319/2319/2319 2318/2318/2318
f 2322/2322/2322 2320/2320/2320 2319/2319/2319
f 2319/2319/2319 2321/2321/2321 2322/2322/2322
f 2320/2320/2320 2322/2322/2322 2323/2323/2323
f 2324/2324/2324 2322/2322/2322 2321/2321/2321
f 2325/2325/2325 2323/2323/2323 2322/2322/2322
f 2322/2322/2322 2324/2324/2324 2325/2325/2325
f 2326/2326/2326 2325/2325/2325 2324/2324/2324
f 2329/2329/2329 2328/2328/2328 2327/2327/2327
f 2330/2330/2330 2327/2327/2327 2328/2328/2328
f 2328/2328/2328 2331/2331/2331 2330/2330/2330
f 2327/2327/2327 2330/2330/2330 2332/2332/2332
f 2333/2333/2333 2330/2330/2330 2331/2331/2331
f 2334/2334/2334 2332/2332/2332 2330/2330/2330
f 2330/2330/2330 2333/2333/2333 2334/2334/2334
f 2332/2332/2332 2334/2334/2334 2335/2335/2335
f 2336/2336/2336 2334/2334/2334 2333/2333/2333
f 2337/2337/2337 2335/2335/2335 2334/2334/2334
f 2334/2334/2334 2336/2336/2336 2337/2337/2337
f 2335/2335/2335 2337/2337/2337 2338/2338/2338
f 2339/2339/2339 2337/2337/2337 2336/2336/2336
f 2340/2340/2340 2338/2338/2338 2337/2337/2337
f 2337/2337/2337 2339/2339/2339 2340/2340/2340
f 2338/2338/2338 2340/2340/2340 2341/2341/2341
f 2342/2342/2342 2340/2340/2340 2339/2339/2339
f 2343/2343/2343 2341/2341/2341 2340/2340/2340
f 2340/2340/2340 2342/2342/2342 2343/2343/2343
f 2341/2341/2341 2343/2343/2343 2344/2344/2344
f 2345/2345/2345 2343/2343/2343 2342/2342/2342
f 2346/2346/2346 2344/2344/2344 2343/2343/2343
f 2343/2343/2343 2345/2345/2345 2346/2346/2346
f 2344/2344/2344 2346/2346/2346 2347/2347/2347
f 2348/2348/2348 2346/2346/2346 2345/2345/2345
f 2349/2349/2349 2347/2347/2347 2346/2346/2346
f 2346/2346/2346 2348/2348/2348 2349/2349/2349
f 2347/2347/2347 2349/2349/2349 2350/2350/2350
f 2351/2351/2351 2349/2349/2349 2348/2348/2348
f 2352/2352/2352 2350/2350/2350 2349/2349/2349
f 2349/2349/2349 2351/2351/2351 2352/2352/2352
f 2350/2350/2350 2352/2352/2352 2353/2353/2353
f 2354/2354/2354 2352/2352/2352 2351/2351/2351
f 2355/2355/2355 2353/2353/2353 2352/2352/2352
f 2352/2352/2352 2354/2354/2354 2355/2355/2355
f 2353/2353/2353 2355/2355/2355 2356/2356/2356
f 2357/2357/2357 2355/2355/2355 2354/2354/2354
f 2358/2358/2358 2356/2356/2356 2355/2355/2355
f 2355/2355/2355 2357/2357/2357 2358/2358/2358
f 2359/2359/2359 2358/2358/2358 2357/2357/2357
f 2362/2362/2362 2361/2361/2361 2360/2360/2360
f 2363/2363/2363 2360/2360/2360 2361/2361/2361
f 2361/2361/2361 2364/2364/2364 2363/2363/2363
f 2363/2363/2363 2365/2365/2365 2360/2360/2360
f 2366/2366/2366 2360/2360/2360 2365/2365/2365
f 2365/2365/2365 2363/2363/2363 2367/2367/2367
f 2368/2368/2368 2363/2363/2363 2364/2364/2364
f 2368/2368/2368 2367/2367/2367 2363/2363/2363
f 2364/2364/2364 2369/2369/2369 2368/2368/2368
f 2367/2367/2367 2368/2368/2368 2370/2370/2370
f 2371/2371/2371 2368/2368/2368 2369/2369/2369
f 2371/2371/2371 2370/2370/2370 2368/2368/2368
f 2369/2369/2369 2372/2372/2372 2371/2371/2371
f 2370/2370/2370 2371/2371/2371 2373/2373/2373
f 2374/2374/2374 2371/2371/2371 2372/2372/2372
f 2374/2374/2374 2373/2373/2373 2371/2371/2371
f 2372/2372/2372 2375/2375/2375 2374/2374/2374
f 2373/2373/2373 2374/2374/2374 2376/2376/2376
f 2377/2377/2377 2374/2374/2374 2375/2375/2375
f 2377/2377/2377 2376/2376/2376 2374/2374/2374
f 2375/2375/2375 2378/2378/2378 2377/2377/2377
f 2376/2376/2376 2377/2377/2377 2379/2379/2379
f 2380/2380/2380 2377/2377/2377 2378/2378/2378
f 2380/2380/2380 2379/2379/2379 2377/2377/2377
f 2378/2378/2378 2381/2381/2381 2380/2380/2380
f 2379/2379/2379 2380/2380/2380 2382/2382/2382
f 2383/2383/2383 2380/2380/2380 2381/2381/2381
f 2383/2383/2383 2382/2382/2382 2380/2380/2380
f 2381/2381/2381 2384/2384/2384 2383/2383/2383
f 2382/2382/2382 2383/2383/2383 2385/2385/2385
f 2386/2386/2386 2383/2383/2383 2384/2384/2384
f 2386/2386/2386 2385/2385/2385 2383/2383/2383
f 2384/2384/2384 2387/2387/2387 2386/2386/2386
f 2385/2385/2385 2386/2386/2386 2388/2388/2388
f 2389/2389/2389 2386/2386/2386 2387/2387/2387
f 2389/2389/2389 2388/2388/2388 2386/2386/2386
f 2387/2387/2387 2390/2390/2390 2389/2389/2389
f 2388/2388/2388 2389/2389/2389 2391/2391/2391
f 2392/2392/2392 2389/2389/2389 2390/2390/2390
f 2392/2392/2392 2391/2391/2391 2389/2389/2389
f 2395/2395/2395 2394/2394/2394 2393/2393/2393
f 2396/2396/2396 2393/2393/2393 2394/2394/2394
f 2394/2394/2394 2397/2397/2397 2396/2396/2396
f 2396/2396/2396 2398/2398/2398 2393/2393/2393
f 2399/2399/2399 2393/2393/2393 2398/2398/2398
f 2398/2398/2398 2396/2396/2396 2400/2400/2400
f 2401/2401/2401 2396/2396/2396 2397/2397/2397
f 2401/2401/2401 2400/2400/2400 2396/2396/2396
f 2397/2397/2397 2402/2402/2402 2401/2401/2401
f 2400/2400/2400 2401/2401/2401 2403/2403/2403
f 2404/2404/2404 2401/2401/2401 2402/2402/2402
f 2404/2404/2404 2403/2403/2403 2401/2401/2401
f 2402/2402/2402 2405/2405/2405 2404/2404/2404
f 2403/2403/2403 2404/2404/2404 2406/2406/2406
f 2407/2407/2407 2404/2404/2404 2405/2405/2405
f 2407/2407/2407 2406/2406/2406 2404/2404/2404
f 2405/2405/2405 2408/2408/2408 2407/2407/2407
f 2406/2406/2406 2407/2407/2407 2409/2409/2409
f 2410/2410/2410 2407/2407/2407 2408/2408/2408
f 2410/2410/2410 2409/2409/2409 2407/2407/2407
f 2408/2408/2408 2411/2411/2411 2410/2410/2410
f 2409/2409/2409 2410/2410/2410 2412/2412/2412
f 2413/2413/2413 2410/2410/2410 2411/2411/2411
f 2413/2413/2413 2412/2412/2412 2410/2410/2410
f 2411/2411/2411 2414/2414/2414 2413/2413/2413
f 2412/2412/2412 2413/2413/2413 2415/2415/2415
f 2416/2416/2416 2413/2413/2413 2414/2414/2414
f 2416/2416/2416 2415/2415/2415 2413/2413/2413
f 2414/2414/2414 2417/2417/2417 2416/2416/2416
f 2415/2415/2415 2416/2416/2416 2418/2418/2418
f 2419/2419/2419 2416/2416/2416 2417/2417/2417
f 2419/2419/2419 2418/2418/2418 2416/2416/2416
f 2417/2417/2417 2420/2420/2420 2419/2419/2419
f 2418/2418/2418 2419/2419/2419 2421/2421/2421
f 2422/2422/2422 2419/2419/2419 2420/2420/2420
f 2422/2422/2422 2421/2421/2421 2419/2419/2419
f 2420/2420/2420 2423/2423/2423 2422/2422/2422
f 2421/2421/2421 2422/2422/2422 2424/2424/2424
f 2425/2425/2425 2422/2422/2422 2423/2423/2423
f 2425/2425/2425 2424/2424/2424 2422/2422/2422
f 2428/2428/2428 2427/2427/2427 2426/2426/2426
f 2429/2429/2429 2426/2426/2426 2427/2427/2427
f 2426/2426/2426 2429/2429/2429 2430/2430/2430
f 2427/2427/2427 2431/2431/2431 2429/2429/2429
f 2432/2432/2432 2430/2430/2430 2429/2429/2429
f 2433/2433/2433 2429/2429/2429 2431/2431/2431
f 2429/2429/2429 2433/2433/2433 2432/2432/2432
f 2431/2431/2431 2434/2434/2434 2433/2433/2433
f 2435/2435/2435 2432/2432/2432 2433/2433/2433
f 2436/2436/2436 2433/2433/2433 2434/2434/2434
f 2433/2433/2433 2436/2436/2436 2435/2435/2435
f 2434/2434/2434 2437/2437/2437 2436/2436/2436
f 2438/2438/2438 2435/2435/2435 2436/2436/2436
f 2439/2439/2439 2436/2436/2436 2437/2437/2437
f 2436/2436/2436 2439/2439/2439 2438/2438/2438
f 2437/2437/2437 2440/2440/2440 2439/2439/2439
f 2441/2441/2441 2438/2438/2438 2439/2439/2439
f 2442/2442/2442 2439/2439/2439 2440/2440/2440
f 2439/2439/2439 2442/2442/2442 2441/2441/2441
f 2440/2440/2440 2443/2443/2443 2442/2442/2442
f 2444/2444/2444 2441/2441/2441 2442/2442/2442
f 2445/2445/2445 2442/2442/2442 2443/2443/2443
f 2442/2442/2442 2445/2445/2445 2444/2444/2444
f 2443/2443/2443 2446/2446/2446 2445/2445/2445
f 2447/2447/2447 2444/2444/2444 2445/2445/2445
f 2448/2448/2448 2445/2445/2445 2446/2446/2446
f 2445/2445/2445 2448/2448/2448 2447/2447/2447
f 2446/2446/2446 2449/2449/2449 2448/2448/2448
f 2450/2450/2450 2447/2447/2447 2448/2448/2448
f 2451/2451/2451 2448/2448/2448 2449/2449/2449
f 2448/2448/2448 2451/2451/2451 2450/2450/2450
f 2449/2449/2449 2452/2452/2452 2451/2451/2451
f 2453/2453/2453 2450/2450/2450 2451/2451/2451
f 2454/2454/2454 2451/2451/2451 2452/2452/2452
f 2451/2451/2451 2454/2454/2454 2453/2453/2453
f 2452/2452/2452 2455/2455/2455 2454/2454/2454
f 2456/2456/2456 2453/2453/2453 2454/2454/2454
f 2457/2457/2457 2454/2454/2454 2455/2455/2455
f 2454/2454/2454 2457/2457/2457 2456/2456/2456
f 2458/2458/2458 2456/2456/2456 2457/2457/2457
f 2461/2461/2461 2460/2460/2460 2459/2459/2459
f 2462/2462/2462 2459/2459/2459 2460/2460/2460
f 2459/2459/2459 2462/2462/2462 2463/2463/2463
f 2460/2460/2460 2464/2464/2464 2462/2462/2462
f 2465/2465/2465 2463/2463/2463 2462/2462/2462
f 2466/2466/2466 2462/2462/2462 2464/2464/2464
f 2462/2462/2462 2466/2466/2466 2465/2465/2465
f 2464/2464/2464 2467/2467/2467 2466/2466/2466
f 2468/2468/2468 2465/2465/2465 2466/2466/2466
f 2469/2469/2469 2466/2466/2466 2467/2467/2467
f 2466/2466/2466 2469/2469/2469 2468/2468/2468
f 2467/2467/2467 2470/2470/2470 2469/2469/2469
f 2471/2471/2471 2468/2468/2468 2469/2469/2469
f 2472/2472/2472 2469/2469/2469 2470/2470/2470
f 2469/2469/2469 2472/2472/2472 2471/2471/2471
f 2470/2470/2470 2473/2473/2473 2472/2472/2472
f 2474/2474/2474 2471/2471/2471 2472/2472/2472
f 2475/2475/2475 2472/2472/2472 2473/2473/2473
f 2472/2472/2472 2475/2475/2475 2474/2474/2474
f 2473/2473/2473 2476/2476/2476 2475/2475/2475
f 2477/2477/2477 2474/2474/2474 2475/2475/2475
f 2478/2478/2478 2475/2475/2475 2476/2476/2476
f 2475/2475/2475 2478/2478/2478 2477/2477/2477
f 2476/2476/2476 2479/2479/2479 2478/2478/2478
f 2480/2480/2480 2477/2477/2477 2478/2478/2478
f 2481/2481/2481 2478/2478/2478 2479/2479/2479
f 2478/2478/2478 2481/2481/2481 2480/2480/2480
f 2479/2479/2479 2482/2482/2482 2481/2481/2481
f 2483/2483/2483 2480/2480/2480 2481/2481/2481
f 2484/2484/2484 2481/2481/2481 2482/2482/2482
f 2481/2481/2481 2484/2484/2484 2483/2483/2483
f 2482/2482/2482 2485/2485/2485 2484/2484/2484
f 2486/2486/2486 2483/2483/2483 2484/2484/2484
f 2487/2487/2487 2484/2484/2484 2485/2485/2485
f 2484/2484/2484 2487/2487/2487 2486/2486/2486
f 2485/2485/2485 2488/2488/2488 2487/2487/2487
f 2489/2489/2489 2486/2486/2486 2487/2487/2487
f 2490/2490/2490 2487/2487/2487 2488/2488/2488
f 2487/2487/2487 2490/2490/2490 2489/2489/2489
f 2491/2491/2491 2489/2489/2489 2490/2490/2490
f 2494/2494/2494 2493/2493/2493 2492/2492/2492
f 2495/2495/2495 2492/2492/2492 2493/2493/2493
f 2493/2493/2493 2496/2496/2496 2495/2495/2495
f 2495/2495/2495 2497/2497/2497 2492/2492/2492
f 2498/2498/2498 2492/2492/2492 2497/2497/2497
f 2497/2497/2497 2495/2495/2495 2499/2499/2499
f 2500/2500/2500 2495/2495/2495 2496/2496/2496
f 2500/2500/2500 2499/2499/2499 2495/2495/2495
f 2496/2496/2496 2501/2501/2501 2500/2500/2500
f 2499/2499/2499 2500/2500/2500 2502/2502/2502
f 2503/2503/2503 2500/2500/2500 2501/2501/2501
f 2503/2503/2503 2502/2502/2502 2500/2500/2500
f 2501/2501/2501 2504/2504/2504 2503/2503/2503
f 2502/2502/2502 2503/2503/2503 2505/2505/2505
f 2506/2506/2506 2503/2503/2503 2504/2504/2504
f 2506/2506/2506 2505/2505/2505 2503/2503/2503
f 2504/2504/2504 2507/2507/2507 2506/2506/2506
f 2505/2505/2505 2506/2506/2506 2508/2508/2508
f 2509/2509/2509 2506/2506/2506 2507/2507/2507
f 2509/2509/2509 2508/2508/2508 2506/2506/2506
f 2507/2507/2507 2510/2510/2510 2509/2509/2509
f 2508/2508/2508 2509/2509/2509 2511/2511/2511
f 2512/2512/2512 2509/2509/2509 2510/2510/2510
f 2512/2512/2512 2511/2511/2511 2509/2509/2509
f 2510/2510/2510 2513/2513/2513 2512/2512/2512
f 2511/2511/2511 2512/2512/2512 2514/2514/2514
f 2515/2515/2515 2512/2512/2512 2513/2513/2513
f 2515/2515/2515 2514/2514/2514 2512/2512/2512
f 2513/2513/2513 2516/2516/2516 2515/2515/2515
f 2514/2514/2514 2515/2515/2515 2517/2517/2517
f 2518/2518/2518 2515/2515/2515 2516/2516/2516
f 2518/2518/2518 2517/2517/2517 2515/2515/2515
f 2516/2516/2516 2519/2519/2519 2518/2518/2518
f 2517/2517/2517 2518/2518/2518 2520/2520/2520
f 2521/2521/2521 2518/2518/2518 2519/2519/2519
f 2521/2521/2521 2520/2520/2520 2518/2518/2518
f 2519/2519/2519 2522/2522/2522 2521/2521/2521
f 2520/2520/2520 2521/2521/2521 2523/2523/2523
f 2524/2524/2524 2521/2521/2521 2522/2522/2522
f 2524/2524/2524 2523/2523/2523 2521/2521/2521
f 2527/2527/2527 2526/2526/2526 2525/2525/2525
f 2528/2528/2528 2525/2525/2525 2526/2526/2526
f 2526/2526/2526 2529/2529/2529 2528/2528/2528
f 2528/2528/2528 2530/2530/2530 2525/2525/2525
f 2531/2531/2531 2525/2525/2525 2530/2530/2530
f 2530/2530/2530 2528/2528/2528 2532/2532/2532
f 2533/2533/2533 2528/2528/2528 2529/2529/2529
f 2533/2533/2533 2532/2532/2532 2528/2528/2528
f 2529/2529/2529 2534/2534/2534 2533/2533/2533
f 2532/2532/2532 2533/2533/2533 2535/2535/2535
f 2536/2536/2536 2533/2533/2533 2534/2534/2534
f 2536/2536/2536 2535/2535/2535 2533/2533/2533
f 2534/2534/2534 2537/2537/2537 2536/2536/2536
f 2535/2535/2535 2536/2536/2536 2538/2538/2538
f 2539/2539/2539 2536/2536/2536 2537/2537/2537
f 2539/2539/2539 2538/2538/2538 2536/2536/2536
f 2537/2537/2537 2540/2540/2540 2539/2539/2539
f 2538/2538/2538 2539/2539/2539 2541/2541/2541
f 2542/2542/2542 2539/2539/2539 2540/2540/2540
f 2542/2542/2542 2541/2541/2541 2539/2539/2539
f 2540/2540/2540 2543/2543/2543 2542/2542/2542
f 2541/2541/2541 2542/2542/2542 2544/2544/2544
f 2545/2545/2545 2542/2542/2542 2543/2543/2543
f 2545/2545/2545 2544/2544/2544 2542/2542/2542
f 2543/2543/2543 2546/2546/2546 2545/2545/2545
f 2544/2544/2544 2545/2545/2545 2547/2547/2547
f 2548/2548/2548 2545/2545/2545 2546/2546/2546
f 2548/2548/2548 2547/2547/2547 2545/2545/2545
f 2546/2546/2546 2549/2549/2549 2548/2548/2548
f 2547/2547/2547 2548/2548/2548 2550/2550/2550
f 2551/2551/2551 2548/2548/2548 2549/2549/2549
f 2551/2551/2551 2550/2550/2550 2548/2548/2548
f 2549/2549/2549 2552/2552/2552 2551/2551/2551
f 2550/2550/2550 2551/2551/2551 2553/2553/2553
f 2554/2554/2554 2551/2551/2551 2552/2552/2552
f 2554/2554/2554 2553/2553/2553 2551/2551/2551
f 2552/2552/2552 2555/2555/2555 2554/2554/2554
f 2553/2553/2553 2554/2554/2554 2556/2556/2556
f 2557/2557/2557 2554/2554/2554 2555/2555/2555
f 2557/2557/2557 2556/2556/2556 2554/2554/2554
f 2560/2560/2560 2559/2559/2559 2558/2558/2558
f 2561/2561/2561 2558/2558/2558 2559/2559/2559
f 2558/2558/2558 2561/2561/2561 2562/2562/2562
f 2559/2559/2559 2563/2563/2563 2561/2561/2561
f 2564/2564/2564 2562/2562/2562 2561/2561/2561
f 2565/2565/2565 2561/2561/2561 2563/2563/2563
f 2561/2561/2561 2565/2565/2565 2564/2564/2564
f 2563/2563/2563 2566/2566/2566 2565/2565/2565
f 2567/2567/2567 2564/2564/2564 2565/2565/2565
f 2568/2568/2568 2565/2565/2565 2566/2566/2566
f 2565/2565/2565 2568/2568/2568 2567/2567/2567
f 2566/2566/2566 2569/2569/2569 2568/2568/2568
f 2570/2570/2570 2567/2567/2567 2568/2568/2568
f 2571/2571/2571 2568/2568/2568 2569/2569/2569
f 2568/2568/2568 2571/2571/2571 2570/2570/2570
f 2569/2569/2569 2572/2572/2572 2571/2571/2571
f 2573/2573/2573 2570/2570/2570 2571/2571/2571
f 2574/2574/2574 2571/2571/2571 2572/2572/2572
f 2571/2571/2571 2574/2574/2574 2573/2573/2573
f 2572/2572/2572 2575/2575/2575 2574/2574/2574
f 2576/2576/2576 2573/2573/2573 2574/2574/2574
f 2577/2577/2577 2574/2574/2574 2575/2575/2575
f 2574/2574/2574 2577/2577/2577 2576/2576/2576
f 2575/2575/2575 2578/2578/2578 2577/2577/2577
f 2579/2579/2579 2576/2576/2576 2577/2577/2577
f 2580/2580/2580 2577/2577/2577 2578/2578/2578
f 2577/2577/2577 2580/2580/2580 2579/2579/2579
f 2578/2578/2578 2581/2581/2581 2580/2580/2580
f 2582/2582/2582 2579/2579/2579 2580/2580/2580
f 2583/2583/2583 2580/2580/2580 2581/2581/2581
f 2580/2580/2580 2583/2583/2583 2582/2582/2582
f 2581/2581/2581 2584/2584/2584 2583/2583/2583
f 2585/2585/2585 2582/2582/2582 2583/2583/2583
f 2586/2586/2586 2583/2583/2583 2584/2584/2584
f 2583/2583/2583 2586/2586/2586 2585/2585/2585
f 2584/2584/2584 2587/2587/2587 2586/2586/2586
f 2588/2588/2588 2585/2585/2585 2586/2586/2586
f 2589/2589/2589 2586/2586/2586 2587/2587/2587
f 2586/2586/2586 2589/2589/2589 2588/2588/2588
f 2590/2590/2590 2588/2588/2588 2589/2589/2589
f 2593/2593/2593 2592/2592/2592 2591/2591/2591
f 2594/2594/2594 2591/2591/2591 2592/2592/2592
f 2591/2591/2591 2594/2594/2594 2595/2595/2595
f 2592/2592/2592 2596/2596/2596 2594/2594/2594
f 2597/2597/2597 2595/2595/2595 2594/2594/2594
f 2598/2598/2598 2594/2594/2594 2596/2596/2596
f 2594/2594/2594 2598/2598/2598 2597/2597/2597
f 2596/2596/2596 2599/2599/2599 2598/2598/2598
f 2600/2600/2600 2597/2597/2597 2598/2598/2598
f 2601/2601/2601 2598/2598/2598 2599/2599/2599
f 2598/2598/2598 2601/2601/2601 2600/2600/2600
f 2599/2599/2599 2602/2602/2602 2601/2601/2601
f 2603/2603/2603 2600/2600/2600 2601/2601/2601
f 2604/2604/2604 2601/2601/2601 2602/2602/2602
f 2601/2601/2601 2604/2604/2604 2603/2603/2603
f 2602/2602/2602 2605/2605/2605 2604/2604/2604
f 2606/2606/2606 2603/2603/2603 2604/2604/2604
f 2607/2607/2607 2604/2604/2604 2605/2605/2605
f 2604/2604/2604 2607/2607/2607 2606/2606/2606
f 2605/2605/2605 2608/2608/2608 2607/2607/2607
f 2609/2609/2609 2606/2606/2606 2607/2607/2607
f 2610/2610/2610 2607/2607/2607 2608/2608/2608
f 2607/2607/2607 2610/2610/2610 2609/2609/2609
f 2608/2608/2608 2611/2611/2611 2610/2610/2610
f 2612/2612/2612 2609/2609/2609 2610/2610/2610
f 2613/2613/2613 2610/2610/2610 2611/2611/2611
f 2610/2610/2610 2613/2613/2613 2612/2612/2612
f 2611/2611/2611 2614/2614/2614 2613/2613/2613
f 2615/2615/2615 2612/2612/2612 2613/2613/2613
f 2616/2616/2616 2613/2613/2613 2614/2614/2614
f 2613/2613/2613 2616/2616/2616 2615/2615/2615
f 2614/2614/2614 2617/2617/2617 2616/2616/2616
f 2618/2618/2618 2615/2615/2615 2616/2616/2616
f 2619/2619/2619 2616/2616/2616 2617/2617/2617
f 2616/2616/2616 2619/2619/2619 2618/2618/2618
f 2617/2617/2617 2620/2620/2620 2619/2619/2619
f 2621/2621/2621 2618/2618/2618 2619/2619/2619
f 2622/2622/2622 2619/2619/2619 2620/2620/2620
f 2619/2619/2619 2622/2622/2622 2621/2621/2621
f 2623/2623/2623 2621/2621/2621 2622/2622/2622
f 2626/2626/2626 2625/2625/2625 2624/2624/2624
f 2627/2627/2627 2624/2624/2624 2625/2625/2625
f 2625/2625/2625 2628/2628/2628 2627/2627/2627
f 2627/2627/2627 2629/2629/2629 2624/2624/2624
f 2630/2630/2630 2624/2624/2624 2629/2629/2629
f 2629/2629/2629 2627/2627/2627 2631/2631/2631
f 2632/2632/2632 2627/2627/2627 2628/2628/2628
f 2632/2632/2632 2631/2631/2631 2627/2627/2627
f 2628/2628/2628 2633/2633/2633 2632/2632/2632
f 2631/2631/2631 2632/2632/2632 2634/2634/2634
f 2635/2635/2635 2632/2632/2632 2633/2633/2633
f 2635/2635/2635 2634/2634/2634 2632/2632/2632
f 2633/2633/2633 2636/2636/2636 2635/2635/2635
f 2634/2634/2634 2635/2635/2635 2637/2637/2637
f 2638/2638/2638 2635/2635/2635 2636/2636/2636
f 2638/2638/2638 2637/2637/2637 2635/2635/2635
f 2636/2636/2636 2639/2639/2639 2638/2638/2638
f 2637/2637/2637 2638/2638/2638 2640/2640/2640
f 2641/2641/2641 2638/2638/2638 2639/2639/2639
f 2641/2641/2641 2640/2640/2640 2638/2638/2638
f 2639/2639/2639 2642/2642/2642 2641/2641/2641
f 2640/2640/2640 2641/2641/2641 2643/2643/2643
f 2644/2644/2644 2641/2641/2641 2642/2642/2642
f 2644/2644/2644 2643/2643/2643 2641/2641/2641
f 2642/2642/2642 2645/2645/2645 2644/2644/2644
f 2643/2643/2643 2644/2644/2644 2646/2646/2646
f 2647/2647/2647 2644/2644/2644 2645/2645/2645
f 2647/2647/2647 2646/2646/2646 2644/2644/2644
f 2645/2645/2645 2648/2648/2648 2647/2647/2647
f 2646/2646/2646 2647/2647/2647 2649/2649/2649
f 2650/2650/2650 2647/2647/2647 2648/2648/2648
f 2650/2650/2650 2649/2649/2649 2647/2647/2647
f 2648/2648/2648 2651/2651/2651 2650/2650/2650
f 2649/2649/2649 2650/2650/2650 2652/2652/2652
f 2653/2653/2653 2650/2650/2650 2651/2651/2651
f 2653/2653/2653 2652/2652/2652 2650/2650/2650
f 2651/2651/2651 2654/2654/2654 2653/2653/2653
f 2652/2652/2652 2653/2653/2653 2655/2655/2655
f 2656/2656/2656 2653/2653/2653 2654/2654/2654
f 2656/2656/2656 2655/2655/2655 2653/2653/2653
f 2659/2659/2659 2658/2658/2658 2657/2657/2657
f 2660/2660/2660 2657/2657/2657 2658/2658/2658
f 2658/2658/2658 2661/2661/2661 2660/2660/2660
f 2660/2660/2660 2662/2662/2662 2657/2657/2657
f 2663/2663/2663 2657/2657/2657 2662/2662/2662
f 2662/2662/2662 2660/2660/2660 2664/2664/2664
f 2665/2665/2665 2660/2660/2660 2661/2661/2661
f 2665/2665/2665 2664/2664/2664 2660/2660/2660
f 2661/2661/2661 2666/2666/2666 2665/2665/2665
f 2664/2664/2664 2665/2665/2665 2667/2667/2667
f 2668/2668/2668 2665/2665/2665 2666/2666/2666
f 2668/2668/2668 2667/2667/2667 2665/2665/2665
f 2666/2666/2666 2669/2669/2669 2668/2668/2668
f 2667/2667/2667 2668/2668/2668 2670/2670/2670
f 2671/2671/2671 2668/2668/2668 2669/2669/2669
f 2671/2671/2671 2670/2670/2670 2668/2668/2668
f 2669/2669/2669 2672/2672/2672 2671/2671/2671
f 2670/2670/2670 2671/2671/2671 2673/2673/2673
f 2674/2674/2674 2671/2671/2671 2672/2672/2672
f 2674/2674/2674 2673/2673/2673 2671/2671/2671
f 2672/2672/2672 2675/2675/2675 2674/2674/2674
f 2673/2673/2673 2674/2674/2674 2676/2676/2676
f 2677/2677/2677 2674/2674/2674 2675/2675/2675
f 2677/2677/2677 2676/2676/2676 2674/2674/2674
f 2675/2675/2675 2678/2678/2678 2677/2677/2677
f 2676/2676/2676 2677/2677/2677 2679/2679/2679
f 2680/2680/2680 2677/2677/2677 2678/2678/2678
f 2680/2680/2680 2679/2679/2679 2677/2677/2677
f 2678/2678/2678 2681/2681/2681 2680/2680/2680
f 2679/2679/2679 2680/2680/2680 2682/2682/2682
f 2683/2683/2683 2680/2680/2680 2681/2681/2681
f 2683/2683/2683 2682/2682/2682 2680/2680/2680
f 2681/2681/2681 2684/2684/2684 2683/2683/2683
f 2682/2682/2682 2683/2683/2683 2685/2685/2685
f 2686/2686/2686 2683/2683/2683 2684/2684/2684
f 2686/2686/2686 2685/2685/2685 2683/2683/2683
f 2684/2684/2684 2687/2687/2687 2686/2686/2686
f 2685/2685/2685 2686/2686/2686 2688/2688/2688
f 2689/2689/2689 2686/2686/2686 2687/2687/2687
f 2689/2689/2689 2688/2688/2688 2686/2686/2686
f 2692/2692/2692 2691/2691/2691 2690/2690/2690
f 2693/2693/2693 2690/2690/2690 2691/2691/2691
f 2690/2690/2690 2693/2693/2693 2694/2694/2694
f 2691/2691/2691 2695/2695/2695 2693/2693/2693
f 2696/2696/2696 2694/2694/2694 2693/2693/2693
f 2697/2697/2697 2693/2693/2693 2695/2695/2695
f 2693/2693/2693 2697/2697/2697 2696/2696/2696
f 2695/2695/2695 2698/2698/2698 2697/2697/2697
f 2699/2699/2699 2696/2696/2696 2697/2697/2697
f 2700/2700/2700 2697/2697/2697 2698/2698/2698
f 2697/2697/2697 2700/2700/2700 2699/2699/2699
f 2698/2698/2698 2701/2701/2701 2700/2700/2700
f 2702/2702/2702 2699/2699/2699 2700/2700/2700
f 2703/2703/2703 2700/2700/2700 2701/2701/2701
f 2700/2700/2700 2703/2703/2703 2702/2702/2702
f 2701/2701/2701 2704/2704/2704 2703/2703/2703
f 2705/2705/2705 2702/2702/2702 2703/2703/2703
f 2706/2706/2706 2703/2703/2703 2704/2704/2704
f 2703/2703/2703 2706/2706/2706 2705/2705/2705
f 2704/2704/2704 2707/2707/2707 2706/2706/2706
f 2708/2708/2708 2705/2705/2705 2706/2706/2706
f 2709/2709/2709 2706/2706/2706 2707/2707/2707
f 2706/2706/2706 2709/2709/2709 2708/2708/2708
f 2707/2707/2707 2710/2710/2710 2709/2709/2709
f 2711/2711/2711 2708/2708/2708 2709/2709/2709
f 2712/2712/2712 2709/2709/2709 2710/2710/2710
f 2709/2709/2709 2712/2712/2712 2711/2711/2711
f 2710/2710/2710 2713/2713/2713 2712/2712/2712
f 2714/2714/2714 2711/2711/2711 2712/2712/2712
f 2715/2715/2715 2712/2712/2712 2713/2713/2713
f 2712/2712/2712 2715/2715/2715 2714/2714/2714
f 2713/2713/2713 2716/2716/2716 2715/2715/2715
f 2717/2717/2717 2714/2714/2714 2715/2715/2715
f 2718/2718/2718 2715/2715/2715 2716/2716/2716
f 2715/2715/2715 2718/2718/2718 2717/2717/2717
f 2716/2716/2716 2719/2719/2719 2718/2718/2718
f 2720/2720/2720 2717/2717/2717 2718/2718/2718
f 2721/2721/2721 2718/2718/2718 2719/2719/2719
f 2718/2718/2718 2721/2721/2721 2720/2720/2720
f 2722/2722/2722 2720/2720/2720 2721/2721/2721
f 2725/2725/2725 2724/2724/2724 2723/2723/2723
f 2726/2726/2726 2723/2723/2723 2724/2724/2724
f 2723/2723/2723 2726/2726/2726 2727/2727/2727
f 2724/2724/2724 2728/2728/2728 2726/2726/2726
f 2729/2729/2729 2727/2727/2727 2726/2726/2726
f 2730/2730/2730 2726/2726/2726 2728/2728/2728
f 2726/2726/2726 2730/2730/2730 2729/2729/2729
f 2728/2728/2728 2731/2731/2731 2730/2730/2730
f 2732/2732/2732 2729/2729/2729 2730/2730/2730
f 2733/2733/2733 2730/2730/2730 2731/2731/2731
f 2730/2730/2730 2733/2733/2733 2732/2732/2732
f 2731/2731/2731 2734/2734/2734 2733/2733/2733
f 2735/2735/2735 2732/2732/2732 2733/2733/2733
f 2736/2736/2736 2733/2733/2733 2734/2734/2734
f 2733/2733/2733 2736/2736/2736 2735/2735/2735
f 2734/2734/2734 2737/2737/2737 2736/2736/2736
f 2738/2738/2738 2735/2735/2735 2736/2736/2736
f 2739/2739/2739 2736/2736/2736 2737/2737/2737
f 2736/2736/2736 2739/2739/2739 2738/2738/2738
f 2737/2737/2737 2740/2740/2740 2739/2739/2739
f 2741/2741/2741 2738/2738/2738 2739/2739/2739
f 2742/2742/2742 2739/2739/2739 2740/2740/2740
f 2739/2739/2739 2742/2742/2742 2741/2741/2741
f 2740/2740/2740 2743/2743/2743 2742/2742/2742
f 2744/2744/2744 2741/2741/2741 2742/2742/2742
f 2745/2745/2745 2742/2742/2742 2743/2743/2743
f 2742/2742/2742 2745/2745/2745 2744/2744/2744
f 2743/2743/2743 2746/2746/2746 2745/2745/2745
f 2747/2747/2747 2744/2744/2744 2745/2745/2745
f 2748/2748/2748 2745/2745/2745 2746/2746/2746
f 2745/2745/2745 2748/2748/2748 2747/2747/2747
f 2746/2746/2746 2749/2749/2749 2748/2748/2748
f 2750/2750/2750 2747/2747/2747 2748/2748/2748
f 2751/2751/2751 2748/2748/2748 2749/2749/2749
f 2748/2748/2748 2751/2751/2751 2750/2750/2750
f 2749/2749/2749 2752/2752/2752 2751/2751/2751
f 2753/2753/2753 2750/2750/2750 2751/2751/2751
f 2754/2754/2754 2751/2751/2751 2752/2752/2752
f 2751/2751/2751 2754/2754/2754 2753/2753/2753
f 2755/2755/2755 2753/2753/2753 2754/2754/2754
f 2758/2758/2758 2757/2757/2757 2756/2756/2756
f 2759/2759/2759 2756/2756/2756 2757/2757/2757
f 2757/2757/2757 2760/2760/2760 2759/2759/2759
f 2759/2759/2759 2761/2761/2761 2756/2756/2756
f 2762/2762/2762 2756/2756/2756 2761/2761/2761
f 2761/2761/2761 2759/2759/2759 2763/2763/2763
f 2764/2764/2764 2759/2759/2759 2760/2760/2760
f 2764/2764/2764 2763/2763/2763 2759/2759/2759
f 2760/2760/2760 2765/2765/2765 2764/2764/2764
f 2763/2763/2763 2764/2764/2764 2766/2766/2766
f 2767/2767/2767 2764/2764/2764 2765/2765/2765
f 2767/2767/2767 2766/2766/2766 2764/2764/2764
f 2765/2765/2765 2768/2768/2768 2767/2767/2767
f 2766/2766/2766 2767/2767/2767 2769/2769/2769
f 2770/2770/2770 2767/2767/2767 2768/2768/2768
f 2770/2770/2770 2769/2769/2769 2767/2767/2767
f 2768/2768/2768 2771/2771/2771 2770/2770/2770
f 2769/2769/2769 2770/2770/2770 2772/2772/2772
f 2773/2773/2773 2770/2770/2770 2771/2771/2771
f 2773/2773/2773 2772/2772/2772 2770/2770/2770
f 2771/2771/2771 2774/2774/2774 2773/2773/2773
f 2772/2772/2772 2773/2773/2773 2775/2775/2775
f 2776/2776/2776 2773/2773/2773 2774/2774/2774
f 2776/2776/2776 2775/2775/2775 2773/2773/2773
f 2774/2774/2774 2777/2777/2777 2776/2776/2776
f 2775/2775/2775 2776/2776/2776 2778/2778/2778
f 2779/2779/2779 2776/2776/2776 2777/2777/2777
f 2779/2779/2779 2778/2778/2778 2776/2776/2776
f 2777/2777/2777 2780/2780/2780 2779/2779/2779
f 2778/2778/2778 2779/2779/2779 2781/2781/2781
f 2782/2782/2782 2779/2779/2779 2780/2780/2780
f 2782/2782/2782 2781/2781/2781 2779/2779/2779
f 2780/2780/2780 2783/2783/2783 2782/2782/2782
f 2781/2781/2781 2782/2782/2782 2784/2784/2784
f 2785/2785/2785 2782/2782/2782 2783/2783/2783
f 2785/2785/2785 2784/2784/2784 2782/2782/2782
f 2783/2783/2783 2786/2786/2786 2785/2785/2785
f 2784/2784/2784 2785/2785/2785 2787/2787/2787
f 2788/2788/2788 2785/2785/2785 2786/2786/2786
f 2788/2788/2788 2787/2787/2787 2785/2785/2785
f 2791/2791/2791 2790/2790/2790 2789/2789/2789
f 2792/2792/2792 2789/2789/2789 2790/2790/2790
f 2790/2790/2790 2793/2793/2793 2792/2792/2792
f 2792/2792/2792 2794/2794/2794 2789/2789/2789
f 2795/2795/2795 2789/2789/2789 2794/2794/2794
f 2794/2794/2794 2792/2792/2792 2796/2796/2796
f 2797/2797/2797 2792/2792/2792 2793/2793/2793
f 2797/2797/2797 2796/2796/2796 2792/2792/2792
f 2793/2793/2793 2798/2798/2798 2797/2797/2797
f 2796/2796/2796 2797/2797/2797 2799/2799/2799
f 2800/2800/2800 2797/2797/2797 2798/2798/2798
f 2800/2800/2800 2799/2799/2799 2797/2797/2797
f 2798/2798/2798 2801/2801/2801 2800/2800/2800
f 2799/2799/2799 2800/2800/2800 2802/2802/2802
f 2803/2803/2803 2800/2800/2800 2801/2801/2801
f 2803/2803/2803 2802/2802/2802 2800/2800/2800
f 2801/2801/2801 2804/2804/2804 2803/2803/2803
f 2802/2802/2802 2803/2803/2803 2805/2805/2805
f 2806/2806/2806 2803/2803/2803 2804/2804/2804
f 2806/2806/2806 2805/2805/2805 2803/2803/2803
f 2804/2804/2804 2807/2807/2807 2806/2806/2806
f 2805/2805/2805 2806/2806/2806 2808/2808/2808
f 2809/2809/2809 2806/2806/2806 2807/2807/2807
f 2809/2809/2809 2808/2808/2808 2806/2806/2806
f 2807/2807/2807 2810/2810/2810 2809/2809/2809
f 2808/2808/2808 2809/2809/2809 2811/2811/2811
f 2812/2812/2812 2809/2809/2809 2810/2810/2810
f 2812/2812/2812 2811/2811/2811 2809/2809/2809
f 2810/2810/2810 2813/2813/2813 2812/2812/2812
f 2811/2811/2811 2812/2812/2812 2814/2814/2814
f 2815/2815/2815 2812/2812/2812 2813/2813/2813
f 2815/2815/2815 2814/2814/2814 2812/2812/2812
f 2813/2813/2813 2816/2816/2816 2815/2815/2815
f 2814/2814/2814 2815/2815/2815 2817/2817/2817
f 2818/2818/2818 2815/2815/2815 2816/2816/2816
f 2818/2818/2818 2817/2817/2817 2815/2815/2815
f 2816/2816/2816 2819/2819/2819 2818/2818/2818
f 2817/2817/2817 2818/2818/2818 2820/2820/2820
f 2821/2821/2821 2818/2818/2818 2819/2819/2819
f 2821/2821/2821 2820/2820/2820 2818/2818/2818
f 2824/2824/2824 2823/2823/2823 2822/2822/2822
f 2825/2825/2825 2822/2822/2822 2823/2823/2823
f 2822/2822/2822 2825/2825/2825 2826/2826/2826
f 2823/2823/2823 2827/2827/2827 2825/2825/2825
f 2828/2828/2828 2826/2826/2826 2825/2825/2825
f 2829/2829/2829 2825/2825/2825 2827/2827/2827
f 2825/2825/2825 2829/2829/2829 2828/2828/2828
f 2827/2827/2827 2830/2830/2830 2829/2829/2829
f 2831/2831/2831 2828/2828/2828 2829/2829/2829
f 2832/2832/2832 2829/2829/2829 2830/2830/2830
f 2829/2829/2829 2832/2832/2832 2831/2831/2831
f 2830/2830/2830 2833/2833/2833 2832/2832/2832
f 2834/2834/2834 2831/2831/2831 2832/2832/2832
f 2835/2835/2835 2832/2832/2832 2833/2833/2833
f 2832/2832/2832 2835/2835/2835 2834/2834/2834
f 2833/2833/2833 2836/2836/2836 2835/2835/2835
f 2837/2837/2837 2834/2834/2834 2835/2835/2835
f 2838/2838/2838 2835/2835/2835 2836/2836/2836
f 2835/2835/2835 2838/2838/2838 2837/2837/2837
f 2836/2836/2836 2839/2839/2839 2838/2838/2838
f 2840/2840/2840 2837/2837/2837 2838/2838/2838
f 2841/2841/2841 2838/2838/2838 2839/2839/2839
f 2838/2838/2838 2841/2841/2841 2840/2840/2840
f 2839/2839/2839 2842/2842/2842 2841/2841/2841
f 2843/2843/2843 2840/2840/2840 2841/2841/2841
f 2844/2844/2844 2841/2841/2841 2842/2842/2842
f 2841/2841/2841 2844/2844/2844 2843/2843/2843
f 2842/2842/2842 2845/2845/2845 2844/2844/2844
f 2846/2846/2846 2843/2843/2843 2844/2844/2844
f 2847/2847/2847 2844/2844/2844 2845/2845/2845
f 2844/2844/2844 2847/2847/2847 2846/2846/2846
f 2845/2845/2845 2848/2848/2848 2847/2847/2847
f 2849/2849/2849 2846/2846/2846 2847/2847/2847
f 2850/2850/2850 2847/2847/2847 2848/2848/2848
f 2847/2847/2847 2850/2850/2850 2849/2849/2849
f 2848/2848/2848 2851/2851/2851 2850/2850/2850
f 2852/2852/2852 2849/2849/2849 2850/2850/2850
f 2853/2853/2853 2850/2850/2850 2851/2851/2851
f 2850/2850/2850 2853/2853/2853 2852/2852/2852
f 2854/2854/2854 2852/2852/2852 2853/2853/2853
f 2857/2857/2857 2856/2856/2856 2855/2855/2855
f 2858/2858/2858 2855/2855/2855 2856/2856/2856
f 2855/2855/2855 2858/2858/2858 2859/2859/2859
f 2856/2856/2856 2860/2860/2860 2858/2858/2858
f 2861/2861/2861 2859/2859/2859 2858/2858/2858
f 2862/2862/2862 2858/2858/2858 2860/2860/2860
f 2858/2858/2858 2862/2862/2862 2861/2861/2861
f 2860/2860/2860 2863/2863/2863 2862/2862/2862
f 2864/2864/2864 2861/2861/2861 2862/2862/2862
f 2865/2865/2865 2862/2862/2862 2863/2863/2863
f 2862/2862/2862 2865/2865/2865 2864/2864/2864
f 2863/2863/2863 2866/2866/2866 2865/2865/2865
f 2867/2867/2867 2864/2864/2864 2865/2865/2865
f 2868/2868/2868 2865/2865/2865 2866/2866/2866
f 2865/2865/2865 2868/2868/2868 2867/2867/2867
f 2866/2866/2866 2869/2869/2869 2868/2868/2868
f 2870/2870/2870 2867/2867/2867 2868/2868/2868
f 2871/2871/2871 2868/2868/2868 2869/2869/2869
f 2868/2868/2868 2871/2871/2871 2870/2870/2870
f 2869/2869/2869 2872/2872/2872 2871/2871/2871
f 2873/2873/2873 2870/2870/2870 2871/2871/2871
f 2874/2874/2874 2871/2871/2871 2872/2872/2872
f 2871/2871/2871 2874/2874/2874 2873/2873/2873
f 2872/2872/2872 2875/2875/2875 2874/2874/2874
f 2876/2876/2876 2873/2873/2873 2874/2874/2874
f 2877/2877/2877 2874/2874/2874 2875/2875/2875
f 2874/2874/2874 2877/2877/2877 2876/2876/2876
f 2875/2875/2875 2878/2878/2878 2877/2877/2877
f 2879/2879/2879 2876/2876/2876 2877/2877/2877
f 2880/2880/2880 2877/2877/2877 2878/2878/2878
f 2877/2877/2877 2880/2880/2880 2879/2879/2879
f 2878/2878/2878 2881/2881/2881 2880/2880/2880
f 2882/2882/2882 2879/2879/2879 2880/2880/2880
f 2883/2883/2883 2880/2880/2880 2881/2881/2881
f 2880/2880/2880 2883/2883/2883 2882/2882/2882
f 2881/2881/2881 2884/2884/2884 2883/2883/2883
f 2885/2885/2885 2882/2882/2882 2883/2883/2883
f 2886/2886/2886 2883/2883/2883 2884/2884/2884
f 2883/2883/2883 2886/2886/2886 2885/2885/2885
f 2887/2887/2887 2885/2885/2885 2886/2886/2886
f 2890/2890/2890 2889/2889/2889 2888/2888/2888
f 2891/2891/2891 2888/2888/2888 2889/2889/2889
f 2888/2888/2888 2891/2891/2891 2892/2892/2892
f 2893/2893/2893 2892/2892/2892 2891/2891/2891
f 2896/2896/2896 2895/2895/2895 2894/2894/2894
f 2897/2897/2897 2894/2894/2894 2895/2895/2895
f 2900/2900/2900 2899/2899/2899 2898/2898/2898
f 2901/2901/2901 2898/2898/2898 2899/2899/2899
f 2901/2901/2901 2899/2899/2899 2902/2902/2902
f 2903/2903/2903 2902/2902/2902 2899/2899/2899
f 2906/2906/2906 2905/2905/2905 2904/2904/2904
f 2907/2907/2907 2904/2904/2904 2905/2905/2905
f 2910/2910/2910 2909/2909/2909 2908/2908/2908
f 2911/2911/2911 2908/2908/2908 2909/2909/2909
f 2911/2911/2911 2909/2909/2909 2912/2912/2912
f 2913/2913/2913 2912/2912/2912 2909/2909/2909
f 2916/2916/2916 2915/2915/2915 2914/2914/2914
f 2917/2917/2917 2914/2914/2914 2915/2915/2915
f 2920/2920/2920 2919/2919/2919 2918/2918/2918
f 2921/2921/2921 2918/2918/2918 2919/2919/2919
f 2919/2919/2919 2922/2922/2922 2921/2921/2921
f 2923/2923/2923 2921/2921/2921 2922/2922/2922
f 2926/2926/2926 2925/2925/2925 2924/2924/2924
f 2927/2927/2927 2924/2924/2924 2925/2925/2925
f 2927/2927/2927 2928/2928/2928 2924/2924/2924
f 2929/2929/2929 2924/2924/2924 2928/2928/2928
f 2932/2932/2932 2931/2931/2931 2930/2930/2930
f 2933/2933/2933 2930/2930/2930 2931/2931/2931
f 2933/2933/2933 2934/2934/2934 2930/2930/2930
f 2935/2935/2935 2930/2930/2930 2934/2934/2934
f 2938/2938/2938 2937/2937/2937 2936/2936/2936
f 2939/2939/2939 2936/2936/2936 2937/2937/2937
f 2942/2942/2942 2941/2941/2941 2940/2940/2940
f 2943/2943/2943 2940/2940/2940 2941/2941/2941
f 2943/2943/2943 2944/2944/2944 2940/2940/2940
f 2945/2945/2945 2940/2940/2940 2944/2944/2944
f 2948/2948/2948 2947/2947/2947 2946/2946/2946
f 2949/2949/2949 2946/2946/2946 2947/2947/2947
f 2952/2952/2952 2951/2951/2951 2950/2950/2950
f 2953/2953/2953 2950/2950/2950 2951/2951/2951
f 2956/2956/2956 2955/2955/2955 2954/2954/2954
f 2957/2957/2957 2954/2954/2954 2955/2955/2955
f 2960/2960/2960 2959/2959/2959 2958/2958/2958
f 2961/2961/2961 2958/2958/2958 2959/2959/2959
f 2964/2964/2964 2963/2963/2963 2962/2962/2962
f 2965/2965/2965 2962/2962/2962 2963/2963/2963
f 2968/2968/2968 2967/2967/2967 2966/2966/2966
f 2969/2969/2969 2966/2966/2966 2967/2967/2967
f 2972/2972/2972 2971/2971/2971 2970/2970/2970
f 2973/2973/2973 2970/2970/2970 2971/2971/2971
f 2973/2973/2973 2974/2974/2974 2970/2970/2970
f 2975/2975/2975 2970/2970/2970 2974/2974/2974
f 2978/2978/2978 2977/2977/2977 2976/2976/2976
f 2979/2979/2979 2976/2976/2976 2977/2977/2977
f 2982/2982/2982 2981/2981/2981 2980/2980/2980
f 2983/2983/2983 2980/2980/2980 2981/2981/2981
f 2986/2986/2986 2985/2985/2985 2984/2984/2984
f 2987/2987/2987 2984/2984/2984 2985/2985/2985
f 2990/2990/2990 2989/2989/2989 2988/2988/2988
f 2991/2991/2991 2988/2988/2988 2989/2989/2989
f 2994/2994/2994 2993/2993/2993 2992/2992/2992
f 2995/2995/2995 2992/2992/2992 2993/2993/2993
f 2998/2998/2998 2997/2997/2997 2996/2996/2996
f 2999/2999/2999 2996/2996/2996 2997/2997/2997
f 3002/3002/3002 3001/3001/3001 3000/3000/3000
f 3003/3003/3003 3000/3000/3000 3001/3001/3001
f 3003/3003/3003 3001/3001/3001 3004/3004/3004
f 3005/3005/3005 3004/3004/3004 3001/3001/3001
f 3008/3008/3008 3007/3007/3007 3006/3006/3006
f 3009/3009/3009 3006/3006/3006 3007/3007/3007
f 3007/3007/3007 3010/3010/3010 3009/3009/3009
f 3011/3011/3011 3009/3009/3009 3010/3010/3010
f 3010/3010/3010 3012/3012/3012 3011/3011/3011
f 3013/3013/3013 3011/3011/3011 3012/3012/3012
f 3016/3016/3016 3015/3015/3015 3014/3014/3014
f 3017/3017/3017 3014/3014/3014 3015/3015/3015
f 3020/3020/3020 3019/3019/3019 3018/3018/3018
f 3021/3021/3021 3018/3018/3018 3019/3019/3019
f 3019/3019/3019 3022/3022/3022 3021/3021/3021
f 3023/3023/3023 3021/3021/3021 3022/3022/3022
f 3022/3022/3022 3024/3024/3024 3023/3023/3023
f 3025/3025/3025 3023/3023/3023 3024/3024/3024
f 3028/3028/3028 3027/3027/3027 3026/3026/3026
f 3029/3029/3029 3026/3026/3026 3027/3027/3027
f 3032/3032/3032 3031/3031/3031 3030/3030/3030
f 3033/3033/3033 3030/3030/3030 3031/3031/3031
f 3033/3033/3033 3031/3031/3031 3034/3034/3034
f 3035/3035/3035 3034/3034/3034 3031/3031/3031
f 3034/3034/3034 3035/3035/3035 3036/3036/3036
f 3037/3037/3037 3036/3036/3036 3035/3035/3035
f 3040/3040/3040 3039/3039/3039 3038/3038/3038
f 3041/3041/3041 3038/3038/3038 3039/3039/3039
f 3039/3039/3039 3042/3042/3042 3041/3041/3041
f 3043/3043/3043 3041/3041/3041 3042/3042/3042
f 3042/3042/3042 3044/3044/3044 3043/3043/3043
f 3045/3045/3045 3043/3043/3043 3044/3044/3044
f 3048/3048/3048 3047/3047/3047 3046/3046/3046
f 3049/3049/3049 3046/3046/3046 3047/3047/3047
f 3052/3052/3052 3051/3051/3051 3050/3050/3050
f 3053/3053/3053 3050/3050/3050 3051/3051/3051
f 3051/3051/3051 3054/3054/3054 3053/3053/3053
f 3055/3055/3055 3053/3053/3053 3054/3054/3054
f 3054/3054/3054 3056/3056/3056 3055/3055/3055
f 3057/3057/3057 3055/3055/3055 3056/3056/3056
f 3060/3060/3060 3059/3059/3059 3058/3058/3058
f 3061/3061/3061 3058/3058/3058 3059/3059/3059
f 3064/3064/3064 3063/3063/3063 3062/3062/3062
f 3065/3065/3065 3062/3062/3062 3063/3063/3063
f 3065/3065/3065 3063/3063/3063 3066/3066/3066
f 3067/3067/3067 3066/3066/3066 3063/3063/3063
f 3066/3066/3066 3067/3067/3067 3068/3068/3068
f 3069/3069/3069 3068/3068/3068 3067/3067/3067
f 3072/3072/3072 3071/3071/3071 3070/3070/3070
f 3073/3073/3073 3070/3070/3070 3071/3071/3071
f 3076/3076/3076 3075/3075/3075 3074/3074/3074
f 3077/3077/3077 3074/3074/3074 3075/3075/3075
f 3080/3080/3080 3079/3079/3079 3078/3078/3078
f 3081/3081/3081 3078/3078/3078 3079/3079/3079
f 3084/3084/3084 3083/3083/3083 3082/3082/3082
f 3085/3085/3085 3082/3082/3082 3083/3083/3083
f 3088/3088/3088 3087/3087/3087 3086/3086/3086
f 3089/3089/3089 3086/3086/3086 3087/3087/3087
f 3092/3092/3092 3091/3091/3091 3090/3090/3090
f 3093/3093/3093 3090/3090/3090 3091/3091/3091
f 3090/3090/3090 3093/3093/3093 3094/3094/3094
f 3093/3093/3093 3091/3091/3091 3095/3095/3095
f 3096/3096/3096 3095/3095/3095 3091/3091/3091
f 3095/3095/3095 3097/3097/3097 3093/3093/3093
f 3098/3098/3098 3094/3094/3094 3093/3093/3093
f 3098/3098/3098 3093/3093/3093 3097/3097/3097
f 3094/3094/3094 3098/3098/3098 3099/3099/3099
f 3097/3097/3097 3100/3100/3100 3098/3098/3098
f 3101/3101/3101 3099/3099/3099 3098/3098/3098
f 3101/3101/3101 3098/3098/3098 3100/3100/3100
f 3099/3099/3099 3101/3101/3101 3102/3102/3102
f 3100/3100/3100 3103/3103/3103 3101/3101/3101
f 3104/3104/3104 3102/3102/3102 3101/3101/3101
f 3104/3104/3104 3101/3101/3101 3103/3103/3103
f 3107/3107/3107 3106/3106/3106 3105/3105/3105
f 3108/3108/3108 3105/3105/3105 3106/3106/3106
f 3105/3105/3105 3108/3108/3108 3109/3109/3109
f 3108/3108/3108 3106/3106/3106 3110/3110/3110
f 3111/3111/3111 3110/3110/3110 3106/3106/3106
f 3110/3110/3110 3112/3112/3112 3108/3108/3108
f 3113/3113/3113 3109/3109/3109 3108/3108/3108
f 3113/3113/3113 3108/3108/3108 3112/3112/3112
f 3109/3109/3109 3113/3113/3113 3114/3114/3114
f 3112/3112/3112 3115/3115/3115 3113/3113/3113
f 3116/3116/3116 3114/3114/3114 3113/3113/3113
f 3116/3116/3116 3113/3113/3113 3115/3115/3115
f 3114/3114/3114 3116/3116/3116 3117/3117/3117
f 3115/3115/3115 3118/3118/3118 3116/3116/3116
f 3119/3119/3119 3117/3117/3117 3116/3116/3116
f 3119/3119/3119 3116/3116/3116 3118/3118/3118
f 3122/3122/3122 3121/3121/3121 3120/3120/3120
f 3123/3123/3123 3120/3120/3120 3121/3121/3121
f 3121/3121/3121 3124/3124/3124 3123/3123/3123
f 3125/3125/3125 3123/3123/3123 3124/3124/3124
f 3124/3124/3124 3126/3126/3126 3125/3125/3125
f 3127/3127/3127 3125/3125/3125 3126/3126/3126
f 3126/3126/3126 3128/3128/3128 3127/3127/3127
f 3129/3129/3129 3127/3127/3127 3128/3128/3128
f 3132/3132/3132 3131/3131/3131 3130/3130/3130
f 3133/3133/3133 3130/3130/3130 3131/3131/3131
f 3131/3131/3131 3134/3134/3134 3133/3133/3133
f 3135/3135/3135 3133/3133/3133 3134/3134/3134
f 3134/3134/3134 3136/3136/3136 3135/3135/3135
f 3137/3137/3137 3135/3135/3135 3136/3136/3136
f 3136/3136/3136 3138/3138/3138 3137/3137/3137
f 3139/3139/3139 3137/3137/3137 3138/3138/3138
f 3142/3142/3142 3141/3141/3141 3140/3140/3140
f 3143/3143/3143 3140/3140/3140 3141/3141/3141
f 3140/3140/3140 3143/3143/3143 3144/3144/3144
f 3143/3143/3143 3141/3141/3141 3145/3145/3145
f 3146/3146/3146 3145/3145/3145 3141/3141/3141
f 3145/3145/3145 3147/3147/3147 3143/3143/3143
f 3148/3148/3148 3144/3144/3144 3143/3143/3143
f 3148/3148/3148 3143/3143/3143 3147/3147/3147
f 3144/3144/3144 3148/3148/3148 3149/3149/3149
f 3147/3147/3147 3150/3150/3150 3148/3148/3148
f 3151/3151/3151 3149/3149/3149 3148/3148/3148
f 3151/3151/3151 3148/3148/3148 3150/3150/3150
f 3149/3149/3149 3151/3151/3151 3152/3152/3152
f 3150/3150/3150 3153/3153/3153 3151/3151/3151
f 3154/3154/3154 3152/3152/3152 3151/3151/3151
f 3154/3154/3154 3151/3151/3151 3153/3153/3153
f 3157/3157/3157 3156/3156/3156 3155/3155/3155
f 3158/3158/3158 3155/3155/3155 3156/3156/3156
f 3155/3155/3155 3158/3158/3158 3159/3159/3159
f 3158/3158/3158 3156/3156/3156 3160/3160/3160
f 3161/3161/3161 3160/3160/3160 3156/3156/3156
f 3160/3160/3160 3162/3162/3162 3158/3158/3158
f 3163/3163/3163 3159/3159/3159 3158/3158/3158
f 3163/3163/3163 3158/3158/3158 3162/3162/3162
f 3159/3159/3159 3163/3163/3163 3164/3164/3164
f 3162/3162/3162 3165/3165/3165 3163/3163/3163
f 3166/3166/3166 3164/3164/3164 3163/3163/3163
f 3166/3166/3166 3163/3163/3163 3165/3165/3165
f 3164/3164/3164 3166/3166/3166 3167/3167/3167
f 3165/3165/3165 3168/3168/3168 3166/3166/3166
f 3169/3169/3169 3167/3167/3167 3166/3166/3166
f 3169/3169/3169 3166/3166/3166 3168/3168/3168
f 3172/3172/3172 3171/3171/3171 3170/3170/3170
f 3173/3173/3173 3170/3170/3170 3171/3171/3171
f 3171/3171/3171 3174/3174/3174 3173/3173/3173
f 3175/3175/3175 3173/3173/3173 3174/3174/3174
f 3174/3174/3174 3176/3176/3176 3175/3175/3175
f 3177/3177/3177 3175/3175/3175 3176/3176/3176
f 3176/3176/3176 3178/3178/3178 3177/3177/3177
f 3179/3179/3179 3177/3177/3177 3178/3178/3178
f 3182/3182/3182 3181/3181/3181 3180/3180/3180
f 3183/3183/3183 3180/3180/3180 3181/3181/3181
f 3181/3181/3181 3184/3184/3184 3183/3183/3183
f 3185/3185/3185 3183/3183/3183 3184/3184/3184
f 3184/3184/3184 3186/3186/3186 3185/3185/3185
f 3187/3187/3187 3185/3185/3185 3186/3186/3186
f 3186/3186/3186 3188/3188/3188 3187/3187/3187
f 3189/3189/3189 3187/3187/3187 3188/3188/3188
f 3192/3192/3192 3191/3191/3191 3190/3190/3190
f 3193/3193/3193 3190/3190/3190 3191/3191/3191
f 3190/3190/3190 3193/3193/3193 3194/3194/3194
f 3193/3193/3193 3191/3191/3191 3195/3195/3195
f 3196/3196/3196 3195/3195/3195 3191/3191/3191
f 3195/3195/3195 3197/3197/3197 3193/3193/3193
f 3198/3198/3198 3194/3194/3194 3193/3193/3193
f 3198/3198/3198 3193/3193/3193 3197/3197/3197
f 3194/3194/3194 3198/3198/3198 3199/3199/3199
f 3197/3197/3197 3200/3200/3200 3198/3198/3198
f 3201/3201/3201 3199/3199/3199 3198/3198/3198
f 3201/3201/3201 3198/3198/3198 3200/3200/3200
f 3199/3199/3199 3201/3201/3201 3202/3202/3202
f 3200/3200/3200 3203/3203/3203 3201/3201/3201
f 3204/3204/3204 3202/3202/3202 3201/3201/3201
f 3204/3204/3204 3201/3201/3201 3203/3203/3203
f 3207/3207/3207 3206/3206/3206 3205/3205/3205
f 3208/3208/3208 3205/3205/3205 3206/3206/3206
f 3205/3205/3205 3208/3208/3208 3209/3209/3209
f 3208/3208/3208 3206/3206/3206 3210/3210/3210
f 3211/3211/3211 3210/3210/3210 3206/3206/3206
f 3210/3210/3210 3212/3212/3212 3208/3208/3208
f 3213/3213/3213 3209/3209/3209 3208/3208/3208
f 3213/3213/3213 3208/3208/3208 3212/3212/3212
f 3209/3209/3209 3213/3213/3213 3214/3214/3214
f 3212/3212/3212 3215/3215/3215 3213/3213/3213
f 3216/3216/3216 3214/3214/3214 3213/3213/3213
f 3216/3216/3216 3213/3213/3213 3215/3215/3215
f 3214/3214/3214 3216/3216/3216 3217/3217/3217
f 3215/3215/3215 3218/3218/3218 3216/3216/3216
f 3219/3219/3219 3217/3217/3217 3216/3216/3216
f 3219/3219/3219 3216/3216/3216 3218/3218/3218
f 3222/3222/3222 3221/3221/3221 3220/3220/3220
f 3223/3223/3223 3220/3220/3220 3221/3221/3221
f 3221/3221/3221 3224/3224/3224 3223/3223/3223
f 3225/3225/3225 3223/3223/3223 3224/3224/3224
f 3224/3224/3224 3226/3226/3226 3225/3225/3225
f 3227/3227/3227 3225/3225/3225 3226/3226/3226
f 3226/3226/3226 3228/3228/3228 3227/3227/3227
f 3229/3229/3229 3227/3227/3227 3228/3228/3228
f 3232/3232/3232 3231/3231/3231 3230/3230/3230
f 3233/3233/3233 3230/3230/3230 3231/3231/3231
f 3231/3231/3231 3234/3234/3234 3233/3233/3233
f 3235/3235/3235 3233/3233/3233 3234/3234/3234
f 3234/3234/3234 3236/3236/3236 3235/3235/3235
f 3237/3237/3237 3235/3235/3235 3236/3236/3236
f 3236/3236/3236 3238/3238/3238 3237/3237/3237
f 3239/3239/3239 3237/3237/3237 3238/3238/3238
f 3242/3242/3242 3241/3241/3241 3240/3240/3240
f 3243/3243/3243 3240/3240/3240 3241/3241/3241
f 3241/3241/3241 3244/3244/3244 3243/3243/3243
f 3243/3243/3243 3245/3245/3245 3240/3240/3240
f 3246/3246/3246 3240/3240/3240 3245/3245/3245
f 3245/3245/3245 3243/3243/3243 3247/3247/3247
f 3248/3248/3248 3243/3243/3243 3244/3244/3244
f 3248/3248/3248 3247/3247/3247 3243/3243/3243
f 3244/3244/3244 3249/3249/3249 3248/3248/3248
f 3247/3247/3247 3248/3248/3248 3250/3250/3250
f 3251/3251/3251 3248/3248/3248 3249/3249/3249
f 3251/3251/3251 3250/3250/3250 3248/3248/3248
f 3249/3249/3249 3252/3252/3252 3251/3251/3251
f 3250/3250/3250 3251/3251/3251 3253/3253/3253
f 3254/3254/3254 3251/3251/3251 3252/3252/3252
f 3254/3254/3254 3253/3253/3253 3251/3251/3251
f 3257/3257/3257 3256/3256/3256 3255/3255/3255
f 3258/3258/3258 3255/3255/3255 3256/3256/3256
f 3256/3256/3256 3259/3259/3259 3258/3258/3258
f 3258/3258/3258 3260/3260/3260 3255/3255/3255
f 3261/3261/3261 3255/3255/3255 3260/3260/3260
f 3260/3260/3260 3258/3258/3258 3262/3262/3262
f 3263/3263/3263 3258/3258/3258 3259/3259/3259
f 3263/3263/3263 3262/3262/3262 3258/3258/3258
f 3259/3259/3259 3264/3264/3264 3263/3263/3263
f 3262/3262/3262 3263/3263/3263 3265/3265/3265
f 3266/3266/3266 3263/3263/3263 3264/3264/3264
f 3266/3266/3266 3265/3265/3265 3263/3263/3263
f 3264/3264/3264 3267/3267/3267 3266/3266/3266
f 3265/3265/3265 3266/3266/3266 3268/3268/3268
f 3269/3269/3269 3266/3266/3266 3267/3267/3267
f 3269/3269/3269 3268/3268/3268 3266/3266/3266
f 3272/3272/3272 3271/3271/3271 3270/3270/3270
f 3273/3273/3273 3270/3270/3270 3271/3271/3271
f 3270/3270/3270 3273/3273/3273 3274/3274/3274
f 3275/3275/3275 3274/3274/3274 3273/3273/3273
f 3274/3274/3274 3275/3275/3275 3276/3276/3276
f 3277/3277/3277 3276/3276/3276 3275/3275/3275
f 3276/3276/3276 3277/3277/3277 3278/3278/3278
f 3279/3279/3279 3278/3278/3278 3277/3277/3277
f 3282/3282/3282 3281/3281/3281 3280/3280/3280
f 3283/3283/3283 3280/3280/3280 3281/3281/3281
f 3280/3280/3280 3283/3283/3283 3284/3284/3284
f 3285/3285/3285 3284/3284/3284 3283/3283/3283
f 3284/3284/3284 3285/3285/3285 3286/3286/3286
f 3287/3287/3287 3286/3286/3286 3285/3285/3285
f 3286/3286/3286 3287/3287/3287 3288/3288/3288
f 3289/3289/3289 3288/3288/3288 3287/3287/3287
f 3292/3292/3292 3291/3291/3291 3290/3290/3290
f 3293/3293/3293 3290/3290/3290 3291/3291/3291
f 3291/3291/3291 3294/3294/3294 3293/3293/3293
f 3293/3293/3293 3295/3295/3295 3290/3290/3290
f 3296/3296/3296 3290/3290/3290 3295/3295/3295
f 3295/3295/3295 3293/3293/3293 3297/3297/3297
f 3298/3298/3298 3293/3293/3293 3294/3294/3294
f 3298/3298/3298 3297/3297/3297 3293/3293/3293
f 3294/3294/3294 3299/3299/3299 3298/3298/3298
f 3297/3297/3297 3298/3298/3298 3300/3300/3300
f 3301/3301/3301 3298/3298/3298 3299/3299/3299
f 3300/3300/3300 3298/3298/3298 3301/3301/3301
f 3299/3299/3299 3302/3302/3302 3301/3301/3301
f 3300/3300/3300 3301/3301/3301 3303/3303/3303
f 3304/3304/3304 3301/3301/3301 3302/3302/3302
f 3303/3303/3303 3301/3301/3301 3304/3304/3304
f 3307/3307/3307 3306/3306/3306 3305/3305/3305
f 3308/3308/3308 3305/3305/3305 3306/3306/3306
f 3306/3306/3306 3309/3309/3309 3308/3308/3308
f 3310/3310/3310 3305/3305/3305 3308/3308/3308
f 3311/3311/3311 3305/3305/3305 3310/3310/3310
f 3310/3310/3310 3308/3308/3308 3312/3312/3312
f 3313/3313/3313 3308/3308/3308 3309/3309/3309
f 3313/3313/3313 3312/3312/3312 3308/3308/3308
f 3309/3309/3309 3314/3314/3314 3313/3313/3313
f 3312/3312/3312 3313/3313/3313 3315/3315/3315
f 3316/3316/3316 3313/3313/3313 3314/3314/3314
f 3316/3316/3316 3315/3315/3315 3313/3313/3313
f 3314/3314/3314 3317/3317/3317 3316/3316/3316
f 3315/3315/3315 3316/3316/3316 3318/3318/3318
f 3319/3319/3319 3316/3316/3316 3317/3317/3317
f 3319/3319/3319 3318/3318/3318 3316/3316/3316
f 3322/3322/3322 3321/3321/3321 3320/3320/3320
f 3323/3323/3323 3320/3320/3320 3321/3321/3321
f 3320/3320/3320 3323/3323/3323 3324/3324/3324
f 3325/3325/3325 3324/3324/3324 3323/3323/3323
f 3326/3326/3326 3324/3324/3324 3325/3325/3325
f 3327/3327/3327 3326/3326/3326 3325/3325/3325
f 3328/3328/3328 3326/3326/3326 3327/3327/3327
f 3329/3329/3329 3328/3328/3328 3327/3327/3327
f 3332/3332/3332 3331/3331/3331 3330/3330/3330
f 3333/3333/3333 3332/3332/3332 3330/3330/3330
f 3332/3332/3332 3333/3333/3333 3334/3334/3334
f 3335/3335/3335 3334/3334/3334 3333/3333/3333
f 3334/3334/3334 3335/3335/3335 3336/3336/3336
f 3337/3337/3337 3336/3336/3336 3335/3335/3335
f 3336/3336/3336 3337/3337/3337 3338/3338/3338
f 3339/3339/3339 3338/3338/3338 3337/3337/3337
f 3342/3342/3342 3341/3341/3341 3340/3340/3340
f 3343/3343/3343 3340/3340/3340 3341/3341/3341
f 3341/3341/3341 3344/3344/3344 3343/3343/3343
f 3343/3343/3343 3345/3345/3345 3340/3340/3340
f 3346/3346/3346 3340/3340/3340 3345/3345/3345
f 3345/3345/3345 3343/3343/3343 3347/3347/3347
f 3348/3348/3348 3343/3343/3343 3344/3344/3344
f 3348/3348/3348 3347/3347/3347 3343/3343/3343
f 3344/3344/3344 3349/3349/3349 3348/3348/3348
f 3347/3347/3347 3348/3348/3348 3350/3350/3350
f 3351/3351/3351 3348/3348/3348 3349/3349/3349
f 3351/3351/3351 3350/3350/3350 3348/3348/3348
f 3349/3349/3349 3352/3352/3352 3351/3351/3351
f 3350/3350/3350 3351/3351/3351 3353/3353/3353
f 3354/3354/3354 3351/3351/3351 3352/3352/3352
f 3354/3354/3354 3353/3353/3353 3351/3351/3351
f 3357/3357/3357 3356/3356/3356 3355/3355/3355
f 3358/3358/3358 3355/3355/3355 3356/3356/3356
f 3356/3356/3356 3359/3359/3359 3358/3358/3358
f 3358/3358/3358 3360/3360/3360 3355/3355/3355
f 3361/3361/3361 3355/3355/3355 3360/3360/3360
f 3360/3360/3360 3358/3358/3358 3362/3362/3362
f 3363/3363/3363 3358/3358/3358 3359/3359/3359
f 3363/3363/3363 3362/3362/3362 3358/3358/3358
f 3359/3359/3359 3364/3364/3364 3363/3363/3363
f 3362/3362/3362 3363/3363/3363 3365/3365/3365
f 3366/3366/3366 3363/3363/3363 3364/3364/3364
f 3366/3366/3366 3365/3365/3365 3363/3363/3363
f 3364/3364/3364 3367/3367/3367 3366/3366/3366
f 3365/3365/3365 3366/3366/3366 3368/3368/3368
f 3369/3369/3369 3366/3366/3366 3367/3367/3367
f 3369/3369/3369 3368/3368/3368 3366/3366/3366
f 3372/3372/3372 3371/3371/3371 3370/3370/3370
f 3373/3373/3373 3370/3370/3370 3371/3371/3371
f 3370/3370/3370 3373/3373/3373 3374/3374/3374
f 3375/3375/3375 3374/3374/3374 3373/3373/3373
f 3374/3374/3374 3375/3375/3375 3376/3376/3376
f 3377/3377/3377 3376/3376/3376 3375/3375/3375
f 3376/3376/3376 3377/3377/3377 3378/3378/3378
f 3379/3379/3379 3378/3378/3378 3377/3377/3377
f 3382/3382/3382 3381/3381/3381 3380/3380/3380
f 3383/3383/3383 3380/3380/3380 3381/3381/3381
f 3380/3380/3380 3383/3383/3383 3384/3384/3384
f 3385/3385/3385 3384/3384/3384 3383/3383/3383
f 3384/3384/3384 3385/3385/3385 3386/3386/3386
f 3387/3387/3387 3386/3386/3386 3385/3385/3385
f 3386/3386/3386 3387/3387/3387 3388/3388/3388
f 3389/3389/3389 3388/3388/3388 3387/3387/3387
f 3392/3392/3392 3391/3391/3391 3390/3390/3390
f 3393/3393/3393 3390/3390/3390 3391/3391/3391
f 3391/3391/3391 3394/3394/3394 3393/3393/3393
f 3393/3393/3393 3395/3395/3395 3390/3390/3390
f 3396/3396/3396 3390/3390/3390 3395/3395/3395
f 3395/3395/3395 3393/3393/3393 3397/3397/3397
f 3398/3398/3398 3393/3393/3393 3394/3394/3394
f 3398/3398/3398 3397/3397/3397 3393/3393/3393
f 3394/3394/3394 3399/3399/3399 3398/3398/3398
f 3397/3397/3397 3398/3398/3398 3400/3400/3400
f 3401/3401/3401 3398/3398/3398 3399/3399/3399
f 3401/3401/3401 3400/3400/3400 3398/3398/3398
f 3399/3399/3399 3402/3402/3402 3401/3401/3401
f 3400/3400/3400 3401/3401/3401 3403/3403/3403
f 3404/3404/3404 3401/3401/3401 3402/3402/3402
f 3404/3404/3404 3403/3403/3403 3401/3401/3401
f 3407/3407/3407 3406/3406/3406 3405/3405/3405
f 3408/3408/3408 3405/3405/3405 3406/3406/3406
f 3406/3406/3406 3409/3409/3409 3408/3408/3408
f 3408/3408/3408 3410/3410/3410 3405/3405/3405
f 3411/3411/3411 3405/3405/3405 3410/3410/3410
f 3410/3410/3410 3408/3408/3408 3412/3412/3412
f 3413/3413/3413 3408/3408/3408 3409/3409/3409
f 3413/3413/3413 3412/3412/3412 3408/3408/3408
f 3409/3409/3409 3414/3414/3414 3413/3413/3413
f 3412/3412/3412 3413/3413/3413 3415/3415/3415
f 3416/3416/3416 3413/3413/3413 3414/3414/3414
f 3416/3416/3416 3415/3415/3415 3413/3413/3413
f 3414/3414/3414 3417/3417/3417 3416/3416/3416
f 3415/3415/3415 3416/3416/3416 3418/3418/3418
f 3419/3419/3419 3416/3416/3416 3417/3417/3417
f 3419/3419/3419 3418/3418/3418 3416/3416/3416
f 3422/3422/3422 3421/3421/3421 3420/3420/3420
f 3423/3423/3423 3420/3420/3420 3421/3421/3421
f 3420/3420/3420 3423/3423/3423 3424/3424/3424
f 3425/3425/3425 3424/3424/3424 3423/3423/3423
f 3424/3424/3424 3425/3425/3425 3426/3426/3426
f 3427/3427/3427 3426/3426/3426 3425/3425/3425
f 3426/3426/3426 3427/3427/3427 3428/3428/3428
f 3429/3429/3429 3428/3428/3428 3427/3427/3427
f 3432/3432/3432 3431/3431/3431 3430/3430/3430
f 3433/3433/3433 3430/3430/3430 3431/3431/3431
f 3430/3430/3430 3433/3433/3433 3434/3434/3434
f 3435/3435/3435 3434/3434/3434 3433/3433/3433
f 3434/3434/3434 3435/3435/3435 3436/3436/3436
f 3437/3437/3437 3436/3436/3436 3435/3435/3435
f 3436/3436/3436 3437/3437/3437 3438/3438/3438
f 3439/3439/3439 3438/3438/3438 3437/3437/3437
f 3442/3442/3442 3441/3441/3441 3440/3440/3440
f 3443/3443/3443 3440/3440/3440 3441/3441/3441
f 3441/3441/3441 3444/3444/3444 3443/3443/3443
f 3443/3443/3443 3445/3445/3445 3440/3440/3440
f 3446/3446/3446 3440/3440/3440 3445/3445/3445
f 3445/3445/3445 3443/3443/3443 3447/3447/3447
f 3448/3448/3448 3443/3443/3443 3444/3444/3444
f 3448/3448/3448 3447/3447/3447 3443/3443/3443
f 3444/3444/3444 3449/3449/3449 3448/3448/3448
f 3447/3447/3447 3448/3448/3448 3450/3450/3450
f 3451/3451/3451 3448/3448/3448 3449/3449/3449
f 3451/3451/3451 3450/3450/3450 3448/3448/3448
f 3449/3449/3449 3452/3452/3452 3451/3451/3451
f 3450/3450/3450 3451/3451/3451 3453/3453/3453
f 3454/3454/3454 3451/3451/3451 3452/3452/3452
f 3454/3454/3454 3453/3453/3453 3451/3451/3451
f 3457/3457/3457 3456/3456/3456 3455/3455/3455
f 3458/3458/3458 3455/3455/3455 3456/3456/3456
f 3456/3456/3456 3459/3459/3459 3458/3458/3458
f 3458/3458/3458 3460/3460/3460 3455/3455/3455
f 3461/3461/3461 3455/3455/3455 3460/3460/3460
f 3460/3460/3460 3458/3458/3458 3462/3462/3462
f 3463/3463/3463 3458/3458/3458 3459/3459/3459
f 3463/3463/3463 3462/3462/3462 3458/3458/3458
f 3459/3459/3459 3464/3464/3464 3463/3463/3463
f 3462/3462/3462 3463/3463/3463 3465/3465/3465
f 3466/3466/3466 3463/3463/3463 3464/3464/3464
f 3466/3466/3466 3465/3465/3465 3463/3463/3463
f 3464/3464/3464 3467/3467/3467 3466/3466/3466
f 3465/3465/3465 3466/3466/3466 3468/3468/3468
f 3469/3469/3469 3466/3466/3466 3467/3467/3467
f 3469/3469/3469 3468/3468/3468 3466/3466/3466
f 3472/3472/3472 3471/3471/3471 3470/3470/3470
f 3473/3473/3473 3470/3470/3470 3471/3471/3471
f 3470/3470/3470 3473/3473/3473 3474/3474/3474
f 3475/3475/3475 3474/3474/3474 3473/3473/3473
f 3474/3474/3474 3475/3475/3475 3476/3476/3476
f 3477/3477/3477 3476/3476/3476 3475/3475/3475
f 3476/3476/3476 3477/3477/3477 3478/3478/3478
f 3479/3479/3479 3478/3478/3478 3477/3477/3477
f 3482/3482/3482 3481/3481/3481 3480/3480/3480
f 3483/3483/3483 3480/3480/3480 3481/3481/3481
f 3480/3480/3480 3483/3483/3483 3484/3484/3484
f 3485/3485/3485 3484/3484/3484 3483/3483/3483
f 3484/3484/3484 3485/3485/3485 3486/3486/3486
f 3487/3487/3487 3486/3486/3486 3485/3485/3485
f 3486/3486/3486 3487/3487/3487 3488/3488/3488
f 3489/3489/3489 3488/3488/3488 3487/3487/3487
f 3492/3492/3492 3491/3491/3491 3490/3490/3490
f 3493/3493/3493 3490/3490/3490 3491/3491/3491
f 3490/3490/3490 3493/3493/3493 3494/3494/3494
f 3493/3493/3493 3491/3491/3491 3495/3495/3495
f 3496/3496/3496 3495/3495/3495 3491/3491/3491
f 3495/3495/3495 3497/3497/3497 3493/3493/3493
f 3498/3498/3498 3494/3494/3494 3493/3493/3493
f 3498/3498/3498 3493/3493/3493 3497/3497/3497
f 3494/3494/3494 3498/3498/3498 3499/3499/3499
f 3497/3497/3497 3500/3500/3500 3498/3498/3498
f 3501/3501/3501 3499/3499/3499 3498/3498/3498
f 3501/3501/3501 3498/3498/3498 3500/3500/3500
f 3499/3499/3499 3501/3501/3501 3502/3502/3502
f 3500/3500/3500 3503/3503/3503 3501/3501/3501
f 3504/3504/3504 3502/3502/3502 3501/3501/3501
f 3504/3504/3504 3501/3501/3501 3503/3503/3503
f 3507/3507/3507 3506/3506/3506 3505/3505/3505
f 3508/3508/3508 3505/3505/3505 3506/3506/3506
f 3505/3505/3505 3508/3508/3508 3509/3509/3509
f 3508/3508/3508 3506/3506/3506 3510/3510/3510
f 3511/3511/3511 3510/3510/3510 3506/3506/3506
f 3510/3510/3510 3512/3512/3512 3508/3508/3508
f 3513/3513/3513 3509/3509/3509 3508/3508/3508
f 3513/3513/3513 3508/3508/3508 3512/3512/3512
f 3509/3509/3509 3513/3513/3513 3514/3514/3514
f 3512/3512/3512 3515/3515/3515 3513/3513/3513
f 3516/3516/3516 3514/3514/3514 3513/3513/3513
f 3516/3516/3516 3513/3513/3513 3515/3515/3515
f 3514/3514/3514 3516/3516/3516 3517/3517/3517
f 3515/3515/3515 3518/3518/3518 3516/3516/3516
f 3519/3519/3519 3517/3517/3517 3516/3516/3516
f 3519/3519/3519 3516/3516/3516 3518/3518/3518
f 3522/3522/3522 3521/3521/3521 3520/3520/3520
f 3523/3523/3523 3520/3520/3520 3521/3521/3521
f 3521/3521/3521 3524/3524/3524 3523/3523/3523
f 3525/3525/3525 3523/3523/3523 3524/3524/3524
f 3524/3524/3524 3526/3526/3526 3525/3525/3525
f 3527/3527/3527 3525/3525/3525 3526/3526/3526
f 3526/3526/3526 3528/3528/3528 3527/3527/3527
f 3529/3529/3529 3527/3527/3527 3528/3528/3528
f 3532/3532/3532 3531/3531/3531 3530/3530/3530
f 3533/3533/3533 3530/3530/3530 3531/3531/3531
f 3531/3531/3531 3534/3534/3534 3533/3533/3533
f 3535/3535/3535 3533/3533/3533 3534/3534/3534
f 3534/3534/3534 3536/3536/3536 3535/3535/3535
f 3537/3537/3537 3535/3535/3535 3536/3536/3536
f 3536/3536/3536 3538/3538/3538 3537/3537/3537
f 3539/3539/3539 3537/3537/3537 3538/3538/3538
f 3542/3542/3542 3541/3541/3541 3540/3540/3540
f 3543/3543/3543 3540/3540/3540 3541/3541/3541
f 3540/3540/3540 3543/3543/3543 3544/3544/3544
f 3543/3543/3543 3541/3541/3541 3545/3545/3545
f 3546/3546/3546 3545/3545/3545 3541/3541/3541
f 3545/3545/3545 3547/3547/3547 3543/3543/3543
f 3548/3548/3548 3544/3544/3544 3543/3543/3543
f 3548/3548/3548 3543/3543/3543 3547/3547/3547
f 3544/3544/3544 3548/3548/3548 3549/3549/3549
f 3547/3547/3547 3550/3550/3550 3548/3548/3548
f 3551/3551/3551 3549/3549/3549 3548/3548/3548
f 3551/3551/3551 3548/3548/3548 3550/3550/3550
f 3549/3549/3549 3551/3551/3551 3552/3552/3552
f 3550/3550/3550 3553/3553/3553 3551/3551/3551
f 3554/3554/3554 3552/3552/3552 3551/3551/3551
f 3554/3554/3554 3551/3551/3551 3553/3553/3553
f 3557/3557/3557 3556/3556/3556 3555/3555/3555
f 3558/3558/3558 3555/3555/3555 3556/3556/3556
f 3555/3555/3555 3558/3558/3558 3559/3559/3559
f 3558/3558/3558 3556/3556/3556 3560/3560/3560
f 3561/3561/3561 3560/3560/3560 3556/3556/3556
f 3560/3560/3560 3562/3562/3562 3558/3558/3558
f 3563/3563/3563 3559/3559/3559 3558/3558/3558
f 3563/3563/3563 3558/3558/3558 3562/3562/3562
f 3559/3559/3559 3563/3563/3563 3564/3564/3564
f 3562/3562/3562 3565/3565/3565 3563/3563/3563
f 3566/3566/3566 3564/3564/3564 3563/3563/3563
f 3566/3566/3566 3563/3563/3563 3565/3565/3565
f 3564/3564/3564 3566/3566/3566 3567/3567/3567
f 3565/3565/3565 3568/3568/3568 3566/3566/3566
f 3569/3569/3569 3567/3567/3567 3566/3566/3566
f 3569/3569/3569 3566/3566/3566 3568/3568/3568
f 3572/3572/3572 3571/3571/3571 3570/3570/3570
f 3573/3573/3573 3570/3570/3570 3571/3571/3571
f 3571/3571/3571 3574/3574/3574 3573/3573/3573
f 3575/3575/3575 3573/3573/3573 3574/3574/3574
f 3574/3574/3574 3576/3576/3576 3575/3575/3575
f 3577/3577/3577 3575/3575/3575 3576/3576/3576
f 3576/3576/3576 3578/3578/3578 3577/3577/3577
f 3579/3579/3579 3577/3577/3577 3578/3578/3578
f 3582/3582/3582 3581/3581/3581 3580/3580/3580
f 3583/3583/3583 3580/3580/3580 3581/3581/3581
f 3581/3581/3581 3584/3584/3584 3583/3583/3583
f 3585/3585/3585 3583/3583/3583 3584/3584/3584
f 3584/3584/3584 3586/3586/3586 3585/3585/3585
f 3587/3587/3587 3585/3585/3585 3586/3586/3586
f 3586/3586/3586 3588/3588/3588 3587/3587/3587
f 3589/3589/3589 3587/3587/3587 3588/3588/3588
f 3592/3592/3592 3591/3591/3591 3590/3590/3590
f 3590/3590/3590 3591/3591/3591 3593/3593/3593
f 3594/3594/3594 3591/3591/3591 3592/3592/3592
f 3593/3593/3593 3591/3591/3591 3595/3595/3595
f 3596/3596/3596 3591/3591/3591 3594/3594/3594
f 3595/3595/3595 3591/3591/3591 3597/3597/3597
f 3598/3598/3598 3591/3591/3591 3596/3596/3596
f 3597/3597/3597 3591/3591/3591 3598/3598/3598
f 3601/3601/3601 3600/3600/3600 3599/3599/3599
f 3599/3599/3599 3600/3600/3600 3602/3602/3602
f 3603/3603/3603 3600/3600/3600 3601/3601/3601
f 3602/3602/3602 3600/3600/3600 3604/3604/3604
f 3605/3605/3605 3600/3600/3600 3603/3603/3603
f 3604/3604/3604 3600/3600/3600 3606/3606/3606
f 3607/3607/3607 3600/3600/3600 3605/3605/3605
f 3606/3606/3606 3600/3600/3600 3607/3607/3607
f 3610/3610/3610 3609/3609/3609 3608/3608/3608
f 3608/3608/3608 3609/3609/3609 3611/3611/3611
f 3612/3612/3612 3609/3609/3609 3610/3610/3610
f 3611/3611/3611 3609/3609/3609 3613/3613/3613
f 3614/3614/3614 3609/3609/3609 3612/3612/3612
f 3613/3613/3613 3609/3609/3609 3615/3615/3615
f 3616/3616/3616 3609/3609/3609 3614/3614/3614
f 3615/3615/3615 3609/3609/3609 3616/3616/3616
f 3619/3619/3619 3618/3618/3618 3617/3617/3617
f 3617/3617/3617 3618/3618/3618 3620/3620/3620
f 3621/3621/3621 3618/3618/3618 3619/3619/3619
f 3620/3620/3620 3618/3618/3618 3622/3622/3622
f 3623/3623/3623 3618/3618/3618 3621/3621/3621
f 3622/3622/3622 3618/3618/3618 3624/3624/3624
f 3625/3625/3625 3618/3618/3618 3623/3623/3623
f 3624/3624/3624 3618/3618/3618 3625/3625/3625
f 3628/3628/3628 3627/3627/3627 3626/3626/3626
f 3626/3626/3626 3627/3627/3627 3629/3629/3629
f 3630/3630/3630 3627/3627/3627 3628/3628/3628
f 3629/3629/3629 3627/3627/3627 3631/3631/3631
f 3632/3632/3632 3627/3627/3627 3630/3630/3630
f 3631/3631/3631 3627/3627/3627 3633/3633/3633
f 3634/3634/3634 3627/3627/3627 3632/3632/3632
f 3633/3633/3633 3627/3627/3627 3634/3634/3634
f 3637/3637/3637 3636/3636/3636 3635/3635/3635
f 3637/3637/3637 3635/3635/3635 3638/3638/3638
f 3637/3637/3637 3639/3639/3639 3636/3636/3636
f 3637/3637/3637 3638/3638/3638 3640/3640/3640
f 3637/3637/3637 3641/3641/3641 3639/3639/3639
f 3637/3637/3637 3640/3640/3640 3642/3642/3642
f 3637/3637/3637 3643/3643/3643 3641/3641/3641
f 3637/3637/3637 3642/3642/3642 3643/3643/3643
f 3646/3646/3646 3645/3645/3645 3644/3644/3644
f 3646/3646/3646 3644/3644/3644 3647/3647/3647
f 3646/3646/3646 3648/3648/3648 3645/3645/3645
f 3646/3646/3646 3647/3647/3647 3649/3649/3649
f 3646/3646/3646 3650/3650/3650 3648/3648/3648
f 3646/3646/3646 3649/3649/3649 3651/3651/3651
f 3646/3646/3646 3652/3652/3652 3650/3650/3650
f 3646/3646/3646 3651/3651/3651 3652/3652/3652
f 3655/3655/3655 3654/3654/3654 3653/3653/3653
f 3655/3655/3655 3653/3653/3653 3656/3656/3656
f 3655/3655/3655 3657/3657/3657 3654/3654/3654
f 3655/3655/3655 3656/3656/3656 3658/3658/3658
f 3655/3655/3655 3659/3659/3659 3657/3657/3657
f 3655/3655/3655 3658/3658/3658 3660/3660/3660
f 3655/3655/3655 3661/3661/3661 3659/3659/3659
f 3655/3655/3655 3660/3660/3660 3661/3661/3661
f 3664/3664/3664 3663/3663/3663 3662/3662/3662
f 3664/3664/3664 3662/3662/3662 3665/3665/3665
f 3664/3664/3664 3666/3666/3666 3663/3663/3663
f 3664/3664/3664 3665/3665/3665 3667/3667/3667
f 3664/3664/3664 3668/3668/3668 3666/3666/3666
f 3664/3664/3664 3667/3667/3667 3669/3669/3669
f 3664/3664/3664 3670/3670/3670 3668/3668/3668
f 3664/3664/3664 3669/3669/3669 3670/3670/3670
f 3673/3673/3673 3672/3672/3672 3671/3671/3671
f 3673/3673/3673 3671/3671/3671 3674/3674/3674
f 3673/3673/3673 3675/3675/3675 3672/3672/3672
f 3673/3673/3673 3674/3674/3674 3676/3676/3676
f 3673/3673/3673 3677/3677/3677 3675/3675/3675
f 3673/3673/3673 3676/3676/3676 3678/3678/3678
f 3673/3673/3673 3679/3679/3679 3677/3677/3677
f 3673/3673/3673 3678/3678/3678 3679/3679/3679
f 3682/3682/3682 3681/3681/3681 3680/3680/3680
f 3680/3680/3680 3681/3681/3681 3683/3683/3683
f 3684/3684/3684 3681/3681/3681 3682/3682/3682
f 3683/3683/3683 3681/3681/3681 3685/3685/3685
f 3686/3686/3686 3681/3681/3681 3684/3684/3684
f 3685/3685/3685 3681/3681/3681 3687/3687/3687
f 3688/3688/3688 3681/3681/3681 3686/3686/3686
f 3687/3687/3687 3681/3681/3681 3689/3689/3689
f 3690/3690/3690 3681/3681/3681 3688/3688/3688
f 3689/3689/3689 3681/3681/3681 3691/3691/3691
f 3692/3692/3692 3681/3681/3681 3690/3690/3690
f 3691/3691/3691 3681/3681/3681 3693/3693/3693
f 3694/3694/3694 3681/3681/3681 3692/3692/3692
f 3693/3693/3693 3681/3681/3681 3695/3695/3695
f 3696/3696/3696 3681/3681/3681 3694/3694/3694
f 3695/3695/3695 3681/3681/3681 3697/3697/3697
f 3698/3698/3698 3681/3681/3681 3696/3696/3696
f 3697/3697/3697 3681/3681/3681 3699/3699/3699
f 3700/3700/3700 3681/3681/3681 3698/3698/3698
f 3699/3699/3699 3681/3681/3681 3700/3700/3700
f 3703/3703/3703 3702/3702/3702 3701/3701/3701
f 3701/3701/3701 3702/3702/3702 3704/3704/3704
f 3705/3705/3705 3702/3702/3702 3703/3703/3703
f 3704/3704/3704 3702/3702/3702 3706/3706/3706
f 3707/3707/3707 3702/3702/3702 3705/3705/3705
f 3706/3706/3706 3702/3702/3702 3708/3708/3708
f 3709/3709/3709 3702/3702/3702 3707/3707/3707
f 3708/3708/3708 3702/3702/3702 3710/3710/3710
f 3711/3711/3711 3702/3702/3702 3709/3709/3709
f 3710/3710/3710 3702/3702/3702 3712/3712/3712
f 3713/3713/3713 3702/3702/3702 3711/3711/3711
f 3712/3712/3712 3702/3702/3702 3714/3714/3714
f 3715/3715/3715 3702/3702/3702 3713/3713/3713
f 3714/3714/3714 3702/3702/3702 3716/3716/3716
f 3717/3717/3717 3702/3702/3702 3715/3715/3715
f 3716/3716/3716 3702/3702/3702 3718/3718/3718
f 3719/3719/3719 3702/3702/3702 3717/3717/3717
f 3718/3718/3718 3702/3702/3702 3720/3720/3720
f 3721/3721/3721 3702/3702/3702 3719/3719/3719
f 3720/3720/3720 3702/3702/3702 3721/3721/3721
f 3724/3724/3724 3723/3723/3723 3722/3722/3722
f 3722/3722/3722 3723/3723/3723 3725/3725/3725
f 3726/3726/3726 3723/3723/3723 3724/3724/3724
f 3725/3725/3725 3723/3723/3723 3727/3727/3727
f 3728/3728/3728 3723/3723/3723 3726/3726/3726
f 3727/3727/3727 3723/3723/3723 3729/3729/3729
f 3730/3730/3730 3723/3723/3723 3728/3728/3728
f 3729/3729/3729 3723/3723/3723 3731/3731/3731
f 3732/3732/3732 3723/3723/3723 3730/3730/3730
f 3731/3731/3731 3723/3723/3723 3733/3733/3733
f 3734/3734/3734 3723/3723/3723 3732/3732/3732
f 3733/3733/3733 3723/3723/3723 3735/3735/3735
f 3736/3736/3736 3723/3723/3723 3734/3734/3734
f 3735/3735/3735 3723/3723/3723 3737/3737/3737
f 3738/3738/3738 3723/3723/3723 3736/3736/3736
f 3737/3737/3737 3723/3723/3723 3739/3739/3739
f 3740/3740/3740 3723/3723/3723 3738/3738/3738
f 3739/3739/3739 3723/3723/3723 3741/3741/3741
f 3742/3742/3742 3723/3723/3723 3740/3740/3740
f 3741/3741/3741 3723/3723/3723 3742/3742/3742
f 3745/3745/3745 3744/3744/3744 3743/3743/3743
f 3743/3743/3743 3744/3744/3744 3746/3746/3746
f 3747/3747/3747 3744/3744/3744 3745/3745/3745
f 3746/3746/3746 3744/3744/3744 3748/3748/3748
f 3749/3749/3749 3744/3744/3744 3747/3747/3747
f 3748/3748/3748 3744/3744/3744 3750/3750/3750
f 3751/3751/3751 3744/3744/3744 3749/3749/3749
f 3750/3750/3750 3744/3744/3744 3752/3752/3752
f 3753/3753/3753 3744/3744/3744 3751/3751/3751
f 3752/3752/3752 3744/3744/3744 3754/3754/3754
f 3755/3755/3755 3744/3744/3744 3753/3753/3753
f 3754/3754/3754 3744/3744/3744 3756/3756/3756
f 3757/3757/3757 3744/3744/3744 3755/3755/3755
f 3756/3756/3756 3744/3744/3744 3758/3758/3758
f 3759/3759/3759 3744/3744/3744 3757/3757/3757
f 3758/3758/3758 3744/3744/3744 3760/3760/3760
f 3761/3761/3761 3744/3744/3744 3759/3759/3759
f 3760/3760/3760 3744/3744/3744 3762/3762/3762
f 3763/3763/3763 3744/3744/3744 3761/3761/3761
f 3762/3762/3762 3744/3744/3744 3763/3763/3763
f 3766/3766/3766 3765/3765/3765 3764/3764/3764
f 3766/3766/3766 3764/3764/3764 3767/3767/3767
f 3766/3766/3766 3768/3768/3768 3765/3765/3765
f 3766/3766/3766 3767/3767/3767 3769/3769/3769
f 3766/3766/3766 3770/3770/3770 3768/3768/3768
f 3766/3766/3766 3769/3769/3769 3771/3771/3771
f 3766/3766/3766 3772/3772/3772 3770/3770/3770
f 3766/3766/3766 3771/3771/3771 3773/3773/3773
f 3766/3766/3766 3774/3774/3774 3772/3772/3772
f 3766/3766/3766 3773/3773/3773 3775/3775/3775
f 3766/3766/3766 3776/3776/3776 3774/3774/3774
f 3766/3766/3766 3775/3775/3775 3777/3777/3777
f 3766/3766/3766 3778/3778/3778 3776/3776/3776
f 3766/3766/3766 3777/3777/3777 3779/3779/3779
f 3766/3766/3766 3780/3780/3780 3778/3778/3778
f 3766/3766/3766 3779/3779/3779 3781/3781/3781
f 3766/3766/3766 3782/3782/3782 3780/3780/3780
f 3766/3766/3766 3781/3781/3781 3783/3783/3783
f 3766/3766/3766 3784/3784/3784 3782/3782/3782
f 3766/3766/3766 3783/3783/3783 3784/3784/3784
f 3787/3787/3787 3786/3786/3786 3785/3785/3785
f 3787/3787/3787 3785/3785/3785 3788/3788/3788
f 3787/3787/3787 3789/3789/3789 3786/3786/3786
f 3787/3787/3787 3788/3788/3788 3790/3790/3790
f 3787/3787/3787 3791/3791/3791 3789/3789/3789
f 3787/3787/3787 3790/3790/3790 3792/3792/3792
f 3787/3787/3787 3793/3793/3793 3791/3791/3791
f 3787/3787/3787 3792/3792/3792 3794/3794/3794
f 3787/3787/3787 3795/3795/3795 3793/3793/3793
f 3787/3787/3787 3794/3794/3794 3796/3796/3796
f 3787/3787/3787 3797/3797/3797 3795/3795/3795
f 3787/3787/3787 3796/3796/3796 3798/3798/3798
f 3787/3787/3787 3799/3799/3799 3797/3797/3797
f 3787/3787/3787 3798/3798/3798 3800/3800/3800
f 3787/3787/3787 3801/3801/3801 3799/3799/3799
f 3787/3787/3787 3800/3800/3800 3802/3802/3802
f 3787/3787/3787 3803/3803/3803 3801/3801/3801
f 3787/3787/3787 3802/3802/3802 3804/3804/3804
f 3787/3787/3787 3805/3805/3805 3803/3803/3803
f 3787/3787/3787 3804/3804/3804 3805/3805/3805
f 3808/3808/3808 3807/3807/3807 3806/3806/3806
f 3808/3808/3808 3806/3806/3806 3809/3809/3809
f 3808/3808/3808 3810/3810/3810 3807/3807/3807
f 3808/3808/3808 3809/3809/3809 3811/3811/3811
f 3808/3808/3808 3812/3812/3812 3810/3810/3810
f 3808/3808/3808 3811/3811/3811 3813/3813/3813
f 3808/3808/3808 3814/3814/3814 3812/3812/3812
f 3808/3808/3808 3813/3813/3813 3815/3815/3815
f 3808/3808/3808 3816/3816/3816 3814/3814/3814
f 3808/3808/3808 3815/3815/3815 3817/3817/3817
f 3808/3808/3808 3818/3818/3818 3816/3816/3816
f 3808/3808/3808 3817/3817/3817 3819/3819/3819
f 3808/3808/3808 3820/3820/3820 3818/3818/3818
f 3808/3808/3808 3819/3819/3819 3821/3821/3821
f 3808/3808/3808 3822/3822/3822 3820/3820/3820
f 3808/3808/3808 3821/3821/3821 3823/3823/3823
f 3808/3808/3808 3824/3824/3824 3822/3822/3822
f 3808/3808/3808 3823/3823/3823 3825/3825/3825
f 3808/3808/3808 3826/3826/3826 3824/3824/3824
f 3808/3808/3808 3825/3825/3825 3826/3826/3826
f 3829/3829/3829 3828/3828/3828 3827/3827/3827
f 3829/3829/3829 3827/3827/3827 3830/3830/3830
f 3829/3829/3829 3831/3831/3831 3828/3828/3828
f 3829/3829/3829 3830/3830/3830 3832/3832/3832
f 3829/3829/3829 3833/3833/3833 3831/3831/3831
f 3829/3829/3829 3832/3832/3832 3834/3834/3834
f 3829/3829/3829 3835/3835/3835 3833/3833/3833
f 3829/3829/3829 3834/3834/3834 3836/3836/3836
f 3829/3829/3829 3837/3837/3837 3835/3835/3835
f 3829/3829/3829 3836/3836/3836 3838/3838/3838
f 3829/3829/3829 3839/3839/3839 3837/3837/3837
f 3829/3829/3829 3838/3838/3838 3840/3840/3840
f 3829/3829/3829 3841/3841/3841 3839/3839/3839
f 3829/3829/3829 3840/3840/3840 3842/3842/3842
f 3829/3829/3829 3843/3843/3843 3841/3841/3841
f 3829/3829/3829 3842/3842/3842 3844/3844/3844
f 3829/3829/3829 3845/3845/3845 3843/3843/3843
f 3829/3829/3829 3844/3844/3844 3846/3846/3846
f 3829/3829/3829 3847/3847/3847 3845/3845/3845
f 3829/3829/3829 3846/3846/3846 3847/3847/3847
f 3850/3850/3850 3849/3849/3849 3848/3848/3848
f 3848/3848/3848 3849/3849/3849 3851/3851/3851
f 3852/3852/3852 3849/3849/3849 3850/3850/3850
f 3851/3851/3851 3849/3849/3849 3853/3853/3853
f 3854/3854/3854 3849/3849/3849 3852/3852/3852
f 3853/3853/3853 3849/3849/3849 3855/3855/3855
f 3856/3856/3856 3849/3849/3849 3854/3854/3854
f 3855/3855/3855 3849/3849/3849 3856/3856/3856
f 3859/3859/3859 3858/3858/3858 3857/3857/3857
f 3857/3857/3857 3860/3860/3860 3859/3859/3859
f 3861/3861/3861 3857/3857/3857 3858/3858/3858
f 3861/3861/3861 3858/3858/3858 3862/3862/3862
f 3862/3862/3862 3863/3863/3863 3861/3861/3861
f 3857/3857/3857 3864/3864/3864 3860/3860/3860
f 3865/3865/3865 3860/3860/3860 3864/3864/3864
f 3864/3864/3864 3866/3866/3866 3865/3865/3865
f 3867/3867/3867 3861/3861/3861 3863/3863/3863
f 3864/3864/3864 3867/3867/3867 3866/3866/3866
f 3867/3867/3867 3863/3863/3863 3868/3868/3868
f 3868/3868/3868 3866/3866/3866 3867/3867/3867
f 3871/3871/3871 3870/3870/3870 3869/3869/3869
f 3869/3869/3869 3872/3872/3872 3871/3871/3871
f 3873/3873/3873 3869/3869/3869 3870/3870/3870
f 3873/3873/3873 3870/3870/3870 3874/3874/3874
f 3874/3874/3874 3875/3875/3875 3873/3873/3873
f 3869/3869/3869 3876/3876/3876 3872/3872/3872
f 3877/3877/3877 3872/3872/3872 3876/3876/3876
f 3876/3876/3876 3878/3878/3878 3877/3877/3877
f 3879/3879/3879 3873/3873/3873 3875/3875/3875
f 3876/3876/3876 3879/3879/3879 3878/3878/3878
f 3879/3879/3879 3875/3875/3875 3880/3880/3880
f 3880/3880/3880 3878/3878/3878 3879/3879/3879
f 3883/3883/3883 3882/3882/3882 3881/3881/3881
f 3884/3884/3884 3882/3882/3882 3883/3883/3883
f 3885/3885/3885 3881/3881/3881 3882/3882/3882
f 3881/3881/3881 3885/3885/3885 3886/3886/3886
f 3886/3886/3886 3885/3885/3885 3887/3887/3887
f 3882/3882/3882 3884/3884/3884 3888/3888/3888
f 3889/3889/3889 3888/3888/3888 3884/3884/3884
f 3890/3890/3890 3888/3888/3888 3889/3889/3889
f 3891/3891/3891 3887/3887/3887 3885/3885/3885
f 3888/3888/3888 3890/3890/3890 3891/3891/3891
f 3887/3887/3887 3891/3891/3891 3892/3892/3892
f 3892/3892/3892 3891/3891/3891 3890/3890/3890
f 3895/3895/3895 3894/3894/3894 3893/3893/3893
f 3895/3895/3895 3893/3893/3893 3896/3896/3896
f 3897/3897/3897 3893/3893/3893 3894/3894/3894
f 3898/3898/3898 3896/3896/3896 3893/3893/3893
f 3896/3896/3896 3898/3898/3898 3899/3899/3899
f 3900/3900/3900 3893/3893/3893 3897/3897/3897
f 3893/3893/3893 3900/3900/3900 3898/3898/3898
f 3897/3897/3897 3901/3901/3901 3900/3900/3900
f 3902/3902/3902 3900/3900/3900 3901/3901/3901
f 3901/3901/3901 3903/3903/3903 3902/3902/3902
f 3903/3903/3903 3904/3904/3904 3902/3902/3902
f 3905/3905/3905 3902/3902/3902 3904/3904/3904
f 3904/3904/3904 3906/3906/3906 3905/3905/3905
f 3907/3907/3907 3905/3905/3905 3906/3906/3906
f 3906/3906/3906 3908/3908/3908 3907/3907/3907
f 3905/3905/3905 3909/3909/3909 3902/3902/3902
f 3905/3905/3905 3907/3907/3907 3909/3909/3909
f 3902/3902/3902 3910/3910/3910 3900/3900/3900
f 3910/3910/3910 3902/3902/3902 3909/3909/3909
f 3911/3911/3911 3898/3898/3898 3900/3900/3900
f 3911/3911/3911 3900/3900/3900 3910/3910/3910
f 3912/3912/3912 3907/3907/3907 3908/3908/3908
f 3913/3913/3913 3912/3912/3912 3908/3908/3908
f 3913/3913/3913 3914/3914/3914 3912/3912/3912
f 3915/3915/3915 3909/3909/3909 3907/3907/3907
f 3907/3907/3907 3912/3912/3912 3915/3915/3915
f 3916/3916/3916 3912/3912/3912 3914/3914/3914
f 3916/3916/3916 3915/3915/3915 3912/3912/3912
f 3914/3914/3914 3917/3917/3917 3916/3916/3916
f 3909/3909/3909 3918/3918/3918 3910/3910/3910
f 3909/3909/3909 3915/3915/3915 3918/3918/3918
f 3919/3919/3919 3916/3916/3916 3917/3917/3917
f 3917/3917/3917 3920/3920/3920 3919/3919/3919
f 3915/3915/3915 3916/3916/3916 3921/3921/3921
f 3921/3921/3921 3918/3918/3918 3915/3915/3915
f 3919/3919/3919 3921/3921/3921 3916/3916/3916
f 3922/3922/3922 3919/3919/3919 3920/3920/3920
f 3920/3920/3920 3923/3923/3923 3922/3922/3922
f 3921/3921/3921 3919/3919/3919 3924/3924/3924
f 3922/3922/3922 3924/3924/3924 3919/3919/3919
f 3921/3921/3921 3924/3924/3924 3918/3918/3918
f 3925/3925/3925 3910/3910/3910 3918/3918/3918
f 3910/3910/3910 3925/3925/3925 3911/3911/3911
f 3926/3926/3926 3922/3922/3922 3923/3923/3923
f 3922/3922/3922 3926/3926/3926 3924/3924/3924
f 3927/3927/3927 3918/3918/3918 3924/3924/3924
f 3918/3918/3918 3927/3927/3927 3925/3925/3925
f 3926/3926/3926 3923/3923/3923 3928/3928/3928
f 3929/3929/3929 3928/3928/3928 3923/3923/3923
f 3930/3930/3930 3924/3924/3924 3926/3926/3926
f 3924/3924/3924 3930/3930/3930 3927/3927/3927
f 3928/3928/3928 3929/3929/3929 3931/3931/3931
f 3932/3932/3932 3931/3931/3931 3929/3929/3929
f 3928/3928/3928 3933/3933/3933 3926/3926/3926
f 3930/3930/3930 3926/3926/3926 3933/3933/3933
f 3928/3928/3928 3931/3931/3931 3933/3933/3933
f 3931/3931/3931 3932/3932/3932 3934/3934/3934
f 3935/3935/3935 3934/3934/3934 3932/3932/3932
f 3936/3936/3936 3933/3933/3933 3931/3931/3931
f 3931/3931/3931 3934/3934/3934 3936/3936/3936
f 3934/3934/3934 3935/3935/3935 3937/3937/3937
f 3938/3938/3938 3937/3937/3937 3935/3935/3935
f 3937/3937/3937 3938/3938/3938 3939/3939/3939
f 3940/3940/3940 3936/3936/3936 3934/3934/3934
f 3934/3934/3934 3937/3937/3937 3940/3940/3940
f 3937/3937/3937 3939/3939/3939 3941/3941/3941
f 3941/3941/3941 3940/3940/3940 3937/3937/3937
f 3942/3942/3942 3941/3941/3941 3939/3939/3939
f 3936/3936/3936 3943/3943/3943 3933/3933/3933
f 3936/3936/3936 3940/3940/3940 3943/3943/3943
f 3933/3933/3933 3944/3944/3944 3930/3930/3930
f 3944/3944/3944 3933/3933/3933 3943/3943/3943
f 3940/3940/3940 3941/3941/3941 3945/3945/3945
f 3945/3945/3945 3943/3943/3943 3940/3940/3940
f 3941/3941/3941 3942/3942/3942 3946/3946/3946
f 3946/3946/3946 3945/3945/3945 3941/3941/3941
f 3947/3947/3947 3946/3946/3946 3942/3942/3942
f 3946/3946/3946 3947/3947/3947 3948/3948/3948
f 3946/3946/3946 3948/3948/3948 3945/3945/3945
f 3949/3949/3949 3948/3948/3948 3947/3947/3947
f 3949/3949/3949 3950/3950/3950 3948/3948/3948
f 3945/3945/3945 3951/3951/3951 3943/3943/3943
f 3951/3951/3951 3945/3945/3945 3948/3948/3948
f 3948/3948/3948 3950/3950/3950 3952/3952/3952
f 3948/3948/3948 3952/3952/3952 3951/3951/3951
f 3953/3953/3953 3952/3952/3952 3950/3950/3950
f 3954/3954/3954 3943/3943/3943 3951/3951/3951
f 3943/3943/3943 3954/3954/3954 3944/3944/3944
f 3955/3955/3955 3951/3951/3951 3952/3952/3952
f 3951/3951/3951 3955/3955/3955 3954/3954/3954
f 3956/3956/3956 3952/3952/3952 3953/3953/3953
f 3953/3953/3953 3957/3957/3957 3956/3956/3956
f 3958/3958/3958 3956/3956/3956 3957/3957/3957
f 3958/3958/3958 3959/3959/3959 3956/3956/3956
f 3956/3956/3956 3960/3960/3960 3952/3952/3952
f 3960/3960/3960 3956/3956/3956 3959/3959/3959
f 3955/3955/3955 3952/3952/3952 3960/3960/3960
f 3959/3959/3959 3961/3961/3961 3960/3960/3960
f 3960/3960/3960 3962/3962/3962 3955/3955/3955
f 3962/3962/3962 3960/3960/3960 3961/3961/3961
f 3963/3963/3963 3954/3954/3954 3955/3955/3955
f 3963/3963/3963 3955/3955/3955 3962/3962/3962
f 3964/3964/3964 3944/3944/3944 3954/3954/3954
f 3954/3954/3954 3963/3963/3963 3964/3964/3964
f 3962/3962/3962 3961/3961/3961 3965/3965/3965
f 3966/3966/3966 3965/3965/3965 3961/3961/3961
f 3963/3963/3963 3962/3962/3962 3967/3967/3967
f 3967/3967/3967 3964/3964/3964 3963/3963/3963
f 3965/3965/3965 3967/3967/3967 3962/3962/3962
f 3944/3944/3944 3964/3964/3964 3968/3968/3968
f 3968/3968/3968 3930/3930/3930 3944/3944/3944
f 3968/3968/3968 3927/3927/3927 3930/3930/3930
f 3965/3965/3965 3966/3966/3966 3969/3969/3969
f 3970/3970/3970 3969/3969/3969 3966/3966/3966
f 3970/3970/3970 3971/3971/3971 3969/3969/3969
f 3967/3967/3967 3965/3965/3965 3972/3972/3972
f 3969/3969/3969 3972/3972/3972 3965/3965/3965
f 3964/3964/3964 3967/3967/3967 3973/3973/3973
f 3973/3973/3973 3968/3968/3968 3964/3964/3964
f 3972/3972/3972 3973/3973/3973 3967/3967/3967
f 3927/3927/3927 3968/3968/3968 3974/3974/3974
f 3973/3973/3973 3974/3974/3974 3968/3968/3968
f 3974/3974/3974 3925/3925/3925 3927/3927/3927
f 3975/3975/3975 3969/3969/3969 3971/3971/3971
f 3969/3969/3969 3975/3975/3975 3972/3972/3972
f 3971/3971/3971 3899/3899/3899 3975/3975/3975
f 3972/3972/3972 3976/3976/3976 3973/3973/3973
f 3974/3974/3974 3973/3973/3973 3976/3976/3976
f 3976/3976/3976 3972/3972/3972 3975/3975/3975
f 3925/3925/3925 3974/3974/3974 3977/3977/3977
f 3976/3976/3976 3977/3977/3977 3974/3974/3974
f 3977/3977/3977 3911/3911/3911 3925/3925/3925
f 3978/3978/3978 3975/3975/3975 3899/3899/3899
f 3975/3975/3975 3978/3978/3978 3976/3976/3976
f 3977/3977/3977 3976/3976/3976 3978/3978/3978
f 3977/3977/3977 3978/3978/3978 3911/3911/3911
f 3978/3978/3978 3899/3899/3899 3898/3898/3898
f 3898/3898/3898 3911/3911/3911 3978/3978/3978
f 3981/3981/3981 3980/3980/3980 3979/3979/3979
f 3982/3982/3982 3979/3979/3979 3980/3980/3980
f 3980/3980/3980 3981/3981/3981 3983/3983/3983
f 3979/3979/3979 3982/3982/3982 3984/3984/3984
f 3985/3985/3985 3983/3983/3983 3981/3981/3981
f 3986/3986/3986 3984/3984/3984 3982/3982/3982
f 3983/3983/3983 3985/3985/3985 3987/3987/3987
f 3984/3984/3984 3986/3986/3986 3988/3988/3988
f 3989/3989/3989 3987/3987/3987 3985/3985/3985
f 3990/3990/3990 3988/3988/3988 3986/3986/3986
f 3987/3987/3987 3989/3989/3989 3991/3991/3991
f 3988/3988/3988 3990/3990/3990 3992/3992/3992
f 3993/3993/3993 3991/3991/3991 3989/3989/3989
f 3994/3994/3994 3992/3992/3992 3990/3990/3990
f 3991/3991/3991 3993/3993/3993 3995/3995/3995
f 3992/3992/3992 3994/3994/3994 3996/3996/3996
f 3997/3997/3997 3995/3995/3995 3993/3993/3993
f 3998/3998/3998 3996/3996/3996 3994/3994/3994
f 3995/3995/3995 3997/3997/3997 3999/3999/3999
f 3996/3996/3996 3998/3998/3998 4000/4000/4000
f 4001/4001/4001 3999/3999/3999 3997/3997/3997
f 4002/4002/4002 4000/4000/4000 3998/3998/3998
f 3999/3999/3999 4001/4001/4001 4003/4003/4003
f 4000/4000/4000 4002/4002/4002 4004/4004/4004
f 4005/4005/4005 4003/4003/4003 4001/4001/4001
f 4006/4006/4006 4004/4004/4004 4002/4002/4002
f 4003/4003/4003 4005/4005/4005 4007/4007/4007
f 4004/4004/4004 4006/4006/4006 4008/4008/4008
f 4009/4009/4009 4007/4007/4007 4005/4005/4005
f 4010/4010/4010 4008/4008/4008 4006/4006/4006
f 4007/4007/4007 4009/4009/4009 4011/4011/4011
f 4008/4008/4008 4010/4010/4010 4012/4012/4012
f 4013/4013/4013 4011/4011/4011 4009/4009/4009
f 4014/4014/4014 4012/4012/4012 4010/4010/4010
f 4011/4011/4011 4013/4013/4013 4015/4015/4015
f 4012/4012/4012 4014/4014/4014 4016/4016/4016
f 4017/4017/4017 4015/4015/4015 4013/4013/4013
f 4018/4018/4018 4016/4016/4016 4014/4014/4014
f 4015/4015/4015 4017/4017/4017 4018/4018/4018
f 4016/4016/4016 4018/4018/4018 4017/4017/4017
f 4021/4021/4021 4020/4020/4020 4019/4019/4019
f 4022/4022/4022 4019/4019/4019 4020/4020/4020
f 4020/4020/4020 4021/4021/4021 4023/4023/4023
f 4019/4019/4019 4022/4022/4022 4024/4024/4024
f 4025/4025/4025 4023/4023/4023 4021/4021/4021
f 4026/4026/4026 4024/4024/4024 4022/4022/4022
f 4023/4023/4023 4025/4025/4025 4027/4027/4027
f 4024/4024/4024 4026/4026/4026 4028/4028/4028
f 4029/4029/4029 4027/4027/4027 4025/4025/4025
f 4030/4030/4030 4028/4028/4028 4026/4026/4026
f 4027/4027/4027 4029/4029/4029 4031/4031/4031
f 4028/4028/4028 4030/4030/4030 4032/4032/4032
f 4033/4033/4033 4031/4031/4031 4029/4029/4029
f 4034/4034/4034 4032/4032/4032 4030/4030/4030
f 4031/4031/4031 4033/4033/4033 4035/4035/4035
f 4032/4032/4032 4034/4034/4034 4036/4036/4036
f 4037/4037/4037 4035/4035/4035 4033/4033/4033
f 4038/4038/4038 4036/4036/4036 4034/4034/4034
f 4035/4035/4035 4037/4037/4037 4039/4039/4039
f 4036/4036/4036 4038/4038/4038 4040/4040/4040
f 4041/4041/4041 4039/4039/4039 4037/4037/4037
f 4042/4042/4042 4040/4040/4040 4038/4038/4038
f 4039/4039/4039 4041/4041/4041 4043/4043/4043
f 4040/4040/4040 4042/4042/4042 4044/4044/4044
f 4045/4045/4045 4043/4043/4043 4041/4041/4041
f 4046/4046/4046 4044/4044/4044 4042/4042/4042
f 4043/4043/4043 4045/4045/4045 4047/4047/4047
f 4044/4044/4044 4046/4046/4046 4048/4048/4048
f 4049/4049/4049 4047/4047/4047 4045/4045/4045
f 4050/4050/4050 4048/4048/4048 4046/4046/4046
f 4047/4047/4047 4049/4049/4049 4051/4051/4051
f 4048/4048/4048 4050/4050/4050 4052/4052/4052
f 4053/4053/4053 4051/4051/4051 4049/4049/4049
f 4054/4054/4054 4052/4052/4052 4050/4050/4050
f 4051/4051/4051 4053/4053/4053 4055/4055/4055
f 4052/4052/4052 4054/4054/4054 4056/4056/4056
f 4057/4057/4057 4055/4055/4055 4053/4053/4053
f 4058/4058/4058 4056/4056/4056 4054/4054/4054
f 4055/4055/4055 4057/4057/4057 4058/4058/4058
f 4056/4056/4056 4058/4058/4058 4057/4057/4057
f 4061/4061/4061 4060/4060/4060 4059/4059/4059
f 4062/4062/4062 4059/4059/4059 4060/4060/4060
f 4060/4060/4060 4061/4061/4061 4063/4063/4063
f 4059/4059/4059 4062/4062/4062 4064/4064/4064
f 4065/4065/4065 4063/4063/4063 4061/4061/4061
f 4066/4066/4066 4064/4064/4064 4062/4062/4062
f 4063/4063/4063 4065/4065/4065 4067/4067/4067
f 4064/4064/4064 4066/4066/4066 4068/4068/4068
f 4069/4069/4069 4067/4067/4067 4065/4065/4065
f 4070/4070/4070 4068/4068/4068 4066/4066/4066
f 4067/4067/4067 4069/4069/4069 4071/4071/4071
f 4068/4068/4068 4070/4070/4070 4072/4072/4072
f 4073/4073/4073 4071/4071/4071 4069/4069/4069
f 4074/4074/4074 4072/4072/4072 4070/4070/4070
f 4071/4071/4071 4073/4073/4073 4075/4075/4075
f 4072/4072/4072 4074/4074/4074 4076/4076/4076
f 4077/4077/4077 4075/4075/4075 4073/4073/4073
f 4078/4078/4078 4076/4076/4076 4074/4074/4074
f 4075/4075/4075 4077/4077/4077 4079/4079/4079
f 4076/4076/4076 4078/4078/4078 4080/4080/4080
f 4081/4081/4081 4079/4079/4079 4077/4077/4077
f 4082/4082/4082 4080/4080/4080 4078/4078/4078
f 4079/4079/4079 4081/4081/4081 4083/4083/4083
f 4080/4080/4080 4082/4082/4082 4084/4084/4084
f 4085/4085/4085 4083/4083/4083 4081/4081/4081
f 4086/4086/4086 4084/4084/4084 4082/4082/4082
f 4083/4083/4083 4085/4085/4085 4087/4087/4087
f 4084/4084/4084 4086/4086/4086 4088/4088/4088
f 4089/4089/4089 4087/4087/4087 4085/4085/4085
f 4090/4090/4090 4088/4088/4088 4086/4086/4086
f 4087/4087/4087 4089/4089/4089 4091/4091/4091
f 4088/4088/4088 4090/4090/4090 4092/4092/4092
f 4093/4093/4093 4091/4091/4091 4089/4089/4089
f 4094/4094/4094 4092/4092/4092 4090/4090/4090
f 4091/4091/4091 4093/4093/4093 4095/4095/4095
f 4092/4092/4092 4094/4094/4094 4096/4096/4096
f 4097/4097/4097 4095/4095/4095 4093/4093/4093
f 4098/4098/4098 4096/4096/4096 4094/4094/4094
f 4095/4095/4095 4097/4097/4097 4098/4098/4098
f 4096/4096/4096 4098/4098/4098 4097/4097/4097
f 4101/4101/4101 4100/4100/4100 4099/4099/4099
f 4102/4102/4102 4099/4099/4099 4100/4100/4100
f 4100/4100/4100 4101/4101/4101 4103/4103/4103
f 4099/4099/4099 4102/4102/4102 4104/4104/4104
f 4105/4105/4105 4103/4103/4103 4101/4101/4101
f 4106/4106/4106 4104/4104/4104 4102/4102/4102
f 4103/4103/4103 4105/4105/4105 4107/4107/4107
f 4104/4104/4104 4106/4106/4106 4108/4108/4108
f 4109/4109/4109 4107/4107/4107 4105/4105/4105
f 4110/4110/4110 4108/4108/4108 4106/4106/4106
f 4107/4107/4107 4109/4109/4109 4111/4111/4111
f 4108/4108/4108 4110/4110/4110 4112/4112/4112
f 4113/4113/4113 4111/4111/4111 4109/4109/4109
f 4114/4114/4114 4112/4112/4112 4110/4110/4110
f 4111/4111/4111 4113/4113/4113 4115/4115/4115
f 4112/4112/4112 4114/4114/4114 4116/4116/4116
f 4117/4117/4117 4115/4115/4115 4113/4113/4113
f 4118/4118/4118 4116/4116/4116 4114/4114/4114
f 4115/4115/4115 4117/4117/4117 4119/4119/4119
f 4116/4116/4116 4118/4118/4118 4120/4120/4120
f 4121/4121/4121 4119/4119/4119 4117/4117/4117
f 4122/4122/4122 4120/4120/4120 4118/4118/4118
f 4119/4119/4119 4121/4121/4121 4123/4123/4123
f 4120/4120/4120 4122/4122/4122 4124/4124/4124
f 4125/4125/4125 4123/4123/4123 4121/4121/4121
f 4126/4126/4126 4124/4124/4124 4122/4122/4122
f 4123/4123/4123 4125/4125/4125 4127/4127/4127
f 4124/4124/4124 4126/4126/4126 4128/4128/4128
f 4129/4129/4129 4127/4127/4127 4125/4125/4125
f 4130/4130/4130 4128/4128/4128 4126/4126/4126
f 4127/4127/4127 4129/4129/4129 4131/4131/4131
f 4128/4128/4128 4130/4130/4130 4132/4132/4132
f 4133/4133/4133 4131/4131/4131 4129/4129/4129
f 4134/4134/4134 4132/4132/4132 4130/4130/4130
f 4131/4131/4131 4133/4133/4133 4135/4135/4135
f 4132/4132/4132 4134/4134/4134 4136/4136/4136
f 4137/4137/4137 4135/4135/4135 4133/4133/4133
f 4138/4138/4138 4136/4136/4136 4134/4134/4134
f 4135/4135/4135 4137/4137/4137 4138/4138/4138
f 4136/4136/4136 4138/4138/4138 4137/4137/4137
f 4141/4141/4141 4140/4140/4140 4139/4139/4139
f 4142/4142/4142 4139/4139/4139 4140/4140/4140
f 4140/4140/4140 4141/4141/4141 4143/4143/4143
f 4139/4139/4139 4142/4142/4142 4144/4144/4144
f 4145/4145/4145 4143/4143/4143 4141/4141/4141
f 4146/4146/4146 4144/4144/4144 4142/4142/4142
f 4143/4143/4143 4145/4145/4145 4147/4147/4147
f 4144/4144/4144 4146/4146/4146 4148/4148/4148
f 4149/4149/4149 4147/4147/4147 4145/4145/4145
f 4150/4150/4150 4148/4148/4148 4146/4146/4146
f 4147/4147/4147 4149/4149/4149 4151/4151/4151
f 4148/4148/4148 4150/4150/4150 4152/4152/4152
f 4153/4153/4153 4151/4151/4151 4149/4149/4149
f 4154/4154/4154 4152/4152/4152 4150/4150/4150
f 4151/4151/4151 4153/4153/4153 4155/4155/4155
f 4152/4152/4152 4154/4154/4154 4156/4156/4156
f 4157/4157/4157 4155/4155/4155 4153/4153/4153
f 4158/4158/4158 4156/4156/4156 4154/4154/4154
f 4155/4155/4155 4157/4157/4157 4159/4159/4159
f 4156/4156/4156 4158/4158/4158 4160/4160/4160
f 4161/4161/4161 4159/4159/4159 4157/4157/4157
f 4162/4162/4162 4160/4160/4160 4158/4158/4158
f 4159/4159/4159 4161/4161/4161 4163/4163/4163
f 4160/4160/4160 4162/4162/4162 4164/4164/4164
f 4165/4165/4165 4163/4163/4163 4161/4161/4161
f 4166/4166/4166 4164/4164/4164 4162/4162/4162
f 4163/4163/4163 4165/4165/4165 4167/4167/4167
f 4164/4164/4164 4166/4166/4166 4168/4168/4168
f 4169/4169/4169 4167/4167/4167 4165/4165/4165
f 4170/4170/4170 4168/4168/4168 4166/4166/4166
f 4167/4167/4167 4169/4169/4169 4171/4171/4171
f 4168/4168/4168 4170/4170/4170 4172/4172/4172
f 4173/4173/4173 4171/4171/4171 4169/4169/4169
f 4174/4174/4174 4172/4172/4172 4170/4170/4170
f 4171/4171/4171 4173/4173/4173 4175/4175/4175
f 4172/4172/4172 4174/4174/4174 4176/4176/4176
f 4177/4177/4177 4175/4175/4175 4173/4173/4173
f 4178/4178/4178 4176/4176/4176 4174/4174/4174
f 4175/4175/4175 4177/4177/4177 4178/4178/4178
f 4176/4176/4176 4178/4178/4178 4177/4177/4177
f 4181/4181/4181 4180/4180/4180 4179/4179/4179
f 4182/4182/4182 4179/4179/4179 4180/4180/4180
f 4180/4180/4180 4181/4181/4181 4183/4183/4183
f 4179/4179/4179 4182/4182/4182 4184/4184/4184
f 4185/4185/4185 4183/4183/4183 4181/4181/4181
f 4186/4186/4186 4184/4184/4184 4182/4182/4182
f 4183/4183/4183 4185/4185/4185 4187/4187/4187
f 4184/4184/4184 4186/4186/4186 4188/4188/4188
f 4189/4189/4189 4187/4187/4187 4185/4185/4185
f 4190/4190/4190 4188/4188/4188 4186/4186/4186
f 4187/4187/4187 4189/4189/4189 4191/4191/4191
f 4188/4188/4188 4190/4190/4190 4192/4192/4192
f 4193/4193/4193 4191/4191/4191 4189/4189/4189
f 4194/4194/4194 4192/4192/4192 4190/4190/4190
f 4191/4191/4191 4193/4193/4193 4195/4195/4195
f 4192/4192/4192 4194/4194/4194 4196/4196/4196
f 4197/4197/4197 4195/4195/4195 4193/4193/4193
f 4198/4198/4198 4196/4196/4196 4194/4194/4194
f 4195/4195/4195 4197/4197/4197 4199/4199/4199
f 4196/4196/4196 4198/4198/4198 4200/4200/4200
f 4201/4201/4201 4199/4199/4199 4197/4197/4197
f 4202/4202/4202 4200/4200/4200 4198/4198/4198
f 4199/4199/4199 4201/4201/4201 4203/4203/4203
f 4200/4200/4200 4202/4202/4202 4204/4204/4204
f 4205/4205/4205 4203/4203/4203 4201/4201/4201
f 4206/4206/4206 4204/4204/4204 4202/4202/4202
f 4203/4203/4203 4205/4205/4205 4207/4207/4207
f 4204/4204/4204 4206/4206/4206 4208/4208/4208
f 4209/4209/4209 4207/4207/4207 4205/4205/4205
f 4210/4210/4210 4208/4208/4208 4206/4206/4206
f 4207/4207/4207 4209/4209/4209 4211/4211/4211
f 4208/4208/4208 4210/4210/4210 4212/4212/4212
f 4213/4213/4213 4211/4211/4211 4209/4209/4209
f 4214/4214/4214 4212/4212/4212 4210/4210/4210
f 4211/4211/4211 4213/4213/4213 4215/4215/4215
f 4212/4212/4212 4214/4214/4214 4216/4216/4216
f 4217/4217/4217 4215/4215/4215 4213/4213/4213
f 4218/4218/4218 4216/4216/4216 4214/4214/4214
f 4215/4215/4215 4217/4217/4217 4218/4218/4218
f 4216/4216/4216 4218/4218/4218 4217/4217/4217
f 4221/4221/4221 4220/4220/4220 4219/4219/4219
f 4222/4222/4222 4219/4219/4219 4220/4220/4220
f 4220/4220/4220 4221/4221/4221 4223/4223/4223
f 4219/4219/4219 4222/4222/4222 4224/4224/4224
f 4225/4225/4225 4223/4223/4223 4221/4221/4221
f 4226/4226/4226 4224/4224/4224 4222/4222/4222
f 4223/4223/4223 4225/4225/4225 4227/4227/4227
f 4224/4224/4224 4226/4226/4226 4228/4228/4228
f 4229/4229/4229 4227/4227/4227 4225/4225/4225
f 4230/4230/4230 4228/4228/4228 4226/4226/4226
f 4227/4227/4227 4229/4229/4229 4231/4231/4231
f 4228/4228/4228 4230/4230/4230 4232/4232/4232
f 4233/4233/4233 4231/4231/4231 4229/4229/4229
f 4234/4234/4234 4232/4232/4232 4230/4230/4230
f 4231/4231/4231 4233/4233/4233 4235/4235/4235
f 4232/4232/4232 4234/4234/4234 4236/4236/4236
f 4237/4237/4237 4235/4235/4235 4233/4233/4233
f 4238/4238/4238 4236/4236/4236 4234/4234/4234
f 4235/4235/4235 4237/4237/4237 4239/4239/4239
f 4236/4236/4236 4238/4238/4238 4240/4240/4240
f 4241/4241/4241 4239/4239/4239 4237/4237/4237
f 4242/4242/4242 4240/4240/4240 4238/4238/4238
f 4239/4239/4239 4241/4241/4241 4243/4243/4243
f 4240/4240/4240 4242/4242/4242 4244/4244/4244
f 4245/4245/4245 4243/4243/4243 4241/4241/4241
f 4246/4246/4246 4244/4244/4244 4242/4242/4242
f 4243/4243/4243 4245/4245/4245 4247/4247/4247
f 4244/4244/4244 4246/4246/4246 4248/4248/4248
f 4249/4249/4249 4247/4247/4247 4245/4245/4245
f 4250/4250/4250 4248/4248/4248 4246/4246/4246
f 4247/4247/4247 4249/4249/4249 4251/4251/4251
f 4248/4248/4248 4250/4250/4250 4252/4252/4252
f 4253/4253/4253 4251/4251/4251 4249/4249/4249
f 4254/4254/4254 4252/4252/4252 4250/4250/4250
f 4251/4251/4251 4253/4253/4253 4255/4255/4255
f 4252/4252/4252 4254/4254/4254 4256/4256/4256
f 4257/4257/4257 4255/4255/4255 4253/4253/4253
f 4258/4258/4258 4256/4256/4256 4254/4254/4254
f 4255/4255/4255 4257/4257/4257 4258/4258/4258
f 4256/4256/4256 4258/4258/4258 4257/4257/4257
f 4261/4261/4261 4260/4260/4260 4259/4259/4259
f 4262/4262/4262 4259/4259/4259 4260/4260/4260
f 4260/4260/4260 4261/4261/4261 4263/4263/4263
f 4259/4259/4259 4262/4262/4262 4264/4264/4264
f 4265/4265/4265 4263/4263/4263 4261/4261/4261
f 4266/4266/4266 4264/4264/4264 4262/4262/4262
f 4263/4263/4263 4265/4265/4265 4267/4267/4267
f 4264/4264/4264 4266/4266/4266 4268/4268/4268
f 4269/4269/4269 4267/4267/4267 4265/4265/4265
f 4270/4270/4270 4268/4268/4268 4266/4266/4266
f 4267/4267/4267 4269/4269/4269 4271/4271/4271
f 4268/4268/4268 4270/4270/4270 4272/4272/4272
f 4273/4273/4273 4271/4271/4271 4269/4269/4269
f 4274/4274/4274 4272/4272/4272 4270/4270/4270
f 4271/4271/4271 4273/4273/4273 4275/4275/4275
f 4272/4272/4272 4274/4274/4274 4276/4276/4276
f 4277/4277/4277 4275/4275/4275 4273/4273/4273
f 4278/4278/4278 4276/4276/4276 4274/4274/4274
f 4275/4275/4275 4277/4277/4277 4279/4279/4279
f 4276/4276/4276 4278/4278/4278 4280/4280/4280
f 4281/4281/4281 4279/4279/4279 4277/4277/4277
f 4282/4282/4282 4280/4280/4280 4278/4278/4278
f 4279/4279/4279 4281/4281/4281 4283/4283/4283
f 4280/4280/4280 4282/4282/4282 4284/4284/4284
f 4285/4285/4285 4283/4283/4283 4281/4281/4281
f 4286/4286/4286 4284/4284/4284 4282/4282/4282
f 4283/4283/4283 4285/4285/4285 4287/4287/4287
f 4284/4284/4284 4286/4286/4286 4288/4288/4288
f 4289/4289/4289 4287/4287/4287 4285/4285/4285
f 4290/4290/4290 4288/4288/4288 4286/4286/4286
f 4287/4287/4287 4289/4289/4289 4291/4291/4291
f 4288/4288/4288 4290/4290/4290 4292/4292/4292
f 4293/4293/4293 4291/4291/4291 4289/4289/4289
f 4294/4294/4294 4292/4292/4292 4290/4290/4290
f 4291/4291/4291 4293/4293/4293 4295/4295/4295
f 4292/4292/4292 4294/4294/4294 4296/4296/4296
f 4297/4297/4297 4295/4295/4295 4293/4293/4293
f 4298/4298/4298 4296/4296/4296 4294/4294/4294
f 4295/4295/4295 4297/4297/4297 4298/4298/4298
f 4296/4296/4296 4298/4298/4298 4297/4297/4297
f 4301/4301/4301 4300/4300/4300 4299/4299/4299
f 4302/4302/4302 4299/4299/4299 4300/4300/4300
f 4299/4299/4299 4303/4303/4303 4301/4301/4301
f 4300/4300/4300 4304/4304/4304 4302/4302/4302
f 4305/4305/4305 4301/4301/4301 4303/4303/4303
f 4306/4306/4306 4302/4302/4302 4304/4304/4304
f 4303/4303/4303 4307/4307/4307 4305/4305/4305
f 4304/4304/4304 4308/4308/4308 4306/4306/4306
f 4309/4309/4309 4305/4305/4305 4307/4307/4307
f 4310/4310/4310 4306/4306/4306 4308/4308/4308
f 4307/4307/4307 4311/4311/4311 4309/4309/4309
f 4308/4308/4308 4312/4312/4312 4310/4310/4310
f 4313/4313/4313 4309/4309/4309 4311/4311/4311
f 4314/4314/4314 4310/4310/4310 4312/4312/4312
f 4311/4311/4311 4315/4315/4315 4313/4313/4313
f 4312/4312/4312 4316/4316/4316 4314/4314/4314
f 4317/4317/4317 4313/4313/4313 4315/4315/4315
f 4318/4318/4318 4314/4314/4314 4316/4316/4316
f 4315/4315/4315 4319/4319/4319 4317/4317/4317
f 4316/4316/4316 4320/4320/4320 4318/4318/4318
f 4321/4321/4321 4317/4317/4317 4319/4319/4319
f 4322/4322/4322 4318/4318/4318 4320/4320/4320
f 4319/4319/4319 4323/4323/4323 4321/4321/4321
f 4320/4320/4320 4324/4324/4324 4322/4322/4322
f 4325/4325/4325 4321/4321/4321 4323/4323/4323
f 4326/4326/4326 4322/4322/4322 4324/4324/4324
f 4323/4323/4323 4327/4327/4327 4325/4325/4325
f 4324/4324/4324 4328/4328/4328 4326/4326/4326
f 4329/4329/4329 4325/4325/4325 4327/4327/4327
f 4330/4330/4330 4326/4326/4326 4328/4328/4328
f 4327/4327/4327 4331/4331/4331 4329/4329/4329
f 4328/4328/4328 4332/4332/4332 4330/4330/4330
f 4333/4333/4333 4329/4329/4329 4331/4331/4331
f 4334/4334/4334 4330/4330/4330 4332/4332/4332
f 4331/4331/4331 4335/4335/4335 4333/4333/4333
f 4332/4332/4332 4336/4336/4336 4334/4334/4334
f 4337/4337/4337 4333/4333/4333 4335/4335/4335
f 4338/4338/4338 4334/4334/4334 4336/4336/4336
f 4335/4335/4335 4338/4338/4338 4337/4337/4337
f 4336/4336/4336 4337/4337/4337 4338/4338/4338
f 4341/4341/4341 4340/4340/4340 4339/4339/4339
f 4342/4342/4342 4339/4339/4339 4340/4340/4340
f 4339/4339/4339 4343/4343/4343 4341/4341/4341
f 4340/4340/4340 4344/4344/4344 4342/4342/4342
f 4345/4345/4345 4341/4341/4341 4343/4343/4343
f 4346/4346/4346 4342/4342/4342 4344/4344/4344
f 4343/4343/4343 4347/4347/4347 4345/4345/4345
f 4344/4344/4344 4348/4348/4348 4346/4346/4346
f 4349/4349/4349 4345/4345/4345 4347/4347/4347
f 4350/4350/4350 4346/4346/4346 4348/4348/4348
f 4347/4347/4347 4351/4351/4351 4349/4349/4349
f 4348/4348/4348 4352/4352/4352 4350/4350/4350
f 4353/4353/4353 4349/4349/4349 4351/4351/4351
f 4354/4354/4354 4350/4350/4350 4352/4352/4352
f 4351/4351/4351 4355/4355/4355 4353/4353/4353
f 4352/4352/4352 4356/4356/4356 4354/4354/4354
f 4357/4357/4357 4353/4353/4353 4355/4355/4355
f 4358/4358/4358 4354/4354/4354 4356/4356/4356
f 4355/4355/4355 4359/4359/4359 4357/4357/4357
f 4356/4356/4356 4360/4360/4360 4358/4358/4358
f 4361/4361/4361 4357/4357/4357 4359/4359/4359
f 4362/4362/4362 4358/4358/4358 4360/4360/4360
f 4359/4359/4359 4363/4363/4363 4361/4361/4361
f 4360/4360/4360 4364/4364/4364 4362/4362/4362
f 4365/4365/4365 4361/4361/4361 4363/4363/4363
f 4366/4366/4366 4362/4362/4362 4364/4364/4364
f 4363/4363/4363 4367/4367/4367 4365/4365/4365
f 4364/4364/4364 4368/4368/4368 4366/4366/4366
f 4369/4369/4369 4365/4365/4365 4367/4367/4367
f 4370/4370/4370 4366/4366/4366 4368/4368/4368
f 4367/4367/4367 4371/4371/4371 4369/4369/4369
f 4368/4368/4368 4372/4372/4372 4370/4370/4370
f 4373/4373/4373 4369/4369/4369 4371/4371/4371
f 4374/4374/4374 4370/4370/4370 4372/4372/4372
f 4371/4371/4371 4375/4375/4375 4373/4373/4373
f 4372/4372/4372 4376/4376/4376 4374/4374/4374
f 4377/4377/4377 4373/4373/4373 4375/4375/4375
f 4378/4378/4378 4374/4374/4374 4376/4376/4376
f 4375/4375/4375 4378/4378/4378 4377/4377/4377
f 4376/4376/4376 4377/4377/4377 4378/4378/4378
f 4381/4381/4381 4380/4380/4380 4379/4379/4379
f 4382/4382/4382 4379/4379/4379 4380/4380/4380
f 4379/4379/4379 4383/4383/4383 4381/4381/4381
f 4380/4380/4380 4384/4384/4384 4382/4382/4382
f 4385/4385/4385 4381/4381/4381 4383/4383/4383
f 4386/4386/4386 4382/4382/4382 4384/4384/4384
f 4383/4383/4383 4387/4387/4387 4385/4385/4385
f 4384/4384/4384 4388/4388/4388 4386/4386/4386
f 4389/4389/4389 4385/4385/4385 4387/4387/4387
f 4390/4390/4390 4386/4386/4386 4388/4388/4388
f 4387/4387/4387 4391/4391/4391 4389/4389/4389
f 4388/4388/4388 4392/4392/4392 4390/4390/4390
f 4393/4393/4393 4389/4389/4389 4391/4391/4391
f 4394/4394/4394 4390/4390/4390 4392/4392/4392
f 4391/4391/4391 4395/4395/4395 4393/4393/4393
f 4392/4392/4392 4396/4396/4396 4394/4394/4394
f 4397/4397/4397 4393/4393/4393 4395/4395/4395
f 4398/4398/4398 4394/4394/4394 4396/4396/4396
f 4395/4395/4395 4399/4399/4399 4397/4397/4397
f 4396/4396/4396 4400/4400/4400 4398/4398/4398
f 4401/4401/4401 4397/4397/4397 4399/4399/4399
f 4402/4402/4402 4398/4398/4398 4400/4400/4400
f 4399/4399/4399 4403/4403/4403 4401/4401/4401
f 4400/4400/4400 4404/4404/4404 4402/4402/4402
f 4405/4405/4405 4401/4401/4401 4403/4403/4403
f 4406/4406/4406 4402/4402/4402 4404/4404/4404
f 4403/4403/4403 4407/4407/4407 4405/4405/4405
f 4404/4404/4404 4408/4408/4408 4406/4406/4406
f 4409/4409/4409 4405/4405/4405 4407/4407/4407
f 4410/4410/4410 4406/4406/4406 4408/4408/4408
f 4407/4407/4407 4411/4411/4411 4409/4409/4409
f 4408/4408/4408 4412/4412/4412 4410/4410/4410
f 4413/4413/4413 4409/4409/4409 4411/4411/4411
f 4414/4414/4414 4410/4410/4410 4412/4412/4412
f 4411/4411/4411 4415/4415/4415 4413/4413/4413
f 4412/4412/4412 4416/4416/4416 4414/4414/4414
f 4417/4417/4417 4413/4413/4413 4415/4415/4415
f 4418/4418/4418 4414/4414/4414 4416/4416/4416
f 4415/4415/4415 4418/4418/4418 4417/4417/4417
f 4416/4416/4416 4417/4417/4417 4418/4418/4418
f 4421/4421/4421 4420/4420/4420 4419/4419/4419
f 4422/4422/4422 4419/4419/4419 4420/4420/4420
f 4419/4419/4419 4423/4423/4423 4421/4421/4421
f 4420/4420/4420 4424/4424/4424 4422/4422/4422
f 4425/4425/4425 4421/4421/4421 4423/4423/4423
f 4426/4426/4426 4422/4422/4422 4424/4424/4424
f 4423/4423/4423 4427/4427/4427 4425/4425/4425
f 4424/4424/4424 4428/4428/4428 4426/4426/4426
f 4429/4429/4429 4425/4425/4425 4427/4427/4427
f 4430/4430/4430 4426/4426/4426 4428/4428/4428
f 4427/4427/4427 4431/4431/4431 4429/4429/4429
f 4428/4428/4428 4432/4432/4432 4430/4430/4430
f 4433/4433/4433 4429/4429/4429 4431/4431/4431
f 4434/4434/4434 4430/4430/4430 4432/4432/4432
f 4431/4431/4431 4435/4435/4435 4433/4433/4433
f 4432/4432/4432 4436/4436/4436 4434/4434/4434
f 4437/4437/4437 4433/4433/4433 4435/4435/4435
f 4438/4438/4438 4434/4434/4434 4436/4436/4436
f 4435/4435/4435 4439/4439/4439 4437/4437/4437
f 4436/4436/4436 4440/4440/4440 4438/4438/4438
f 4441/4441/4441 4437/4437/4437 4439/4439/4439
f 4442/4442/4442 4438/4438/4438 4440/4440/4440
f 4439/4439/4439 4443/4443/4443 4441/4441/4441
f 4440/4440/4440 4444/4444/4444 4442/4442/4442
f 4445/4445/4445 4441/4441/4441 4443/4443/4443
f 4446/4446/4446 4442/4442/4442 4444/4444/4444
f 4443/4443/4443 4447/4447/4447 4445/4445/4445
f 4444/4444/4444 4448/4448/4448 4446/4446/4446
f 4449/4449/4449 4445/4445/4445 4447/4447/4447
f 4450/4450/4450 4446/4446/4446 4448/4448/4448
f 4447/4447/4447 4451/4451/4451 4449/4449/4449
f 4448/4448/4448 4452/4452/4452 4450/4450/4450
f 4453/4453/4453 4449/4449/4449 4451/4451/4451
f 4454/4454/4454 4450/4450/4450 4452/4452/4452
f 4451/4451/4451 4455/4455/4455 4453/4453/4453
f 4452/4452/4452 4456/4456/4456 4454/4454/4454
f 4457/4457/4457 4453/4453/4453 4455/4455/4455
f 4458/4458/4458 4454/4454/4454 4456/4456/4456
f 4455/4455/4455 4458/4458/4458 4457/4457/4457
f 4456/4456/4456 4457/4457/4457 4458/4458/4458
f 4461/4461/4461 4460/4460/4460 4459/4459/4459
f 4462/4462/4462 4459/4459/4459 4460/4460/4460
f 4459/4459/4459 4463/4463/4463 4461/4461/4461
f 4460/4460/4460 4464/4464/4464 4462/4462/4462
f 4465/4465/4465 4461/4461/4461 4463/4463/4463
f 4466/4466/4466 4462/4462/4462 4464/4464/4464
f 4463/4463/4463 4467/4467/4467 4465/4465/4465
f 4464/4464/4464 4468/4468/4468 4466/4466/4466
f 4469/4469/4469 4465/4465/4465 4467/4467/4467
f 4470/4470/4470 4466/4466/4466 4468/4468/4468
f 4467/4467/4467 4471/4471/4471 4469/4469/4469
f 4468/4468/4468 4472/4472/4472 4470/4470/4470
f 4473/4473/4473 4469/4469/4469 4471/4471/4471
f 4474/4474/4474 4470/4470/4470 4472/4472/4472
f 4471/4471/4471 4475/4475/4475 4473/4473/4473
f 4472/4472/4472 4476/4476/4476 4474/4474/4474
f 4477/4477/4477 4473/4473/4473 4475/4475/4475
f 4478/4478/4478 4474/4474/4474 4476/4476/4476
f 4475/4475/4475 4479/4479/4479 4477/4477/4477
f 4476/4476/4476 4480/4480/4480 4478/4478/4478
f 4481/4481/4481 4477/4477/4477 4479/4479/4479
f 4482/4482/4482 4478/4478/4478 4480/4480/4480
f 4479/4479/4479 4483/4483/4483 4481/4481/4481
f 4480/4480/4480 4484/4484/4484 4482/4482/4482
f 4485/4485/4485 4481/4481/4481 4483/4483/4483
f 4486/4486/4486 4482/4482/4482 4484/4484/4484
f 4483/4483/4483 4487/4487/4487 4485/4485/4485
f 4484/4484/4484 4488/4488/4488 4486/4486/4486
f 4489/4489/4489 4485/4485/4485 4487/4487/4487
f 4490/4490/4490 4486/4486/4486 4488/4488/4488
f 4487/4487/4487 4491/4491/4491 4489/4489/4489
f 4488/4488/4488 4492/4492/4492 4490/4490/4490
f 4493/4493/4493 4489/4489/4489 4491/4491/4491
f 4494/4494/4494 4490/4490/4490 4492/4492/4492
f 4491/4491/4491 4495/4495/4495 4493/4493/4493
f 4492/4492/4492 4496/4496/4496 4494/4494/4494
f 4497/4497/4497 4493/4493/4493 4495/4495/4495
f 4498/4498/4498 4494/4494/4494 4496/4496/4496
f 4495/4495/4495 4498/4498/4498 4497/4497/4497
f 4496/4496/4496 4497/4497/4497 4498/4498/4498
f 4501/4501/4501 4500/4500/4500 4499/4499/4499
f 4502/4502/4502 4499/4499/4499 4500/4500/4500
f 4499/4499/4499 4503/4503/4503 4501/4501/4501
f 4500/4500/4500 4504/4504/4504 4502/4502/4502
f 4505/4505/4505 4501/4501/4501 4503/4503/4503
f 4506/4506/4506 4502/4502/4502 4504/4504/4504
f 4503/4503/4503 4507/4507/4507 4505/4505/4505
f 4504/4504/4504 4508/4508/4508 4506/4506/4506
f 4509/4509/4509 4505/4505/4505 4507/4507/4507
f 4510/4510/4510 4506/4506/4506 4508/4508/4508
f 4507/4507/4507 4511/4511/4511 4509/4509/4509
f 4508/4508/4508 4512/4512/4512 4510/4510/4510
f 4513/4513/4513 4509/4509/4509 4511/4511/4511
f 4514/4514/4514 4510/4510/4510 4512/4512/4512
f 4511/4511/4511 4515/4515/4515 4513/4513/4513
f 4512/4512/4512 4516/4516/4516 4514/4514/4514
f 4517/4517/4517 4513/4513/4513 4515/4515/4515
f 4518/4518/4518 4514/4514/4514 4516/4516/4516
f 4515/4515/4515 4519/4519/4519 4517/4517/4517
f 4516/4516/4516 4520/4520/4520 4518/4518/4518
f 4521/4521/4521 4517/4517/4517 4519/4519/4519
f 4522/4522/4522 4518/4518/4518 4520/4520/4520
f 4519/4519/4519 4523/4523/4523 4521/4521/4521
f 4520/4520/4520 4524/4524/4524 4522/4522/4522
f 4525/4525/4525 4521/4521/4521 4523/4523/4523
f 4526/4526/4526 4522/4522/4522 4524/4524/4524
f 4523/4523/4523 4527/4527/4527 4525/4525/4525
f 4524/4524/4524 4528/4528/4528 4526/4526/4526
f 4529/4529/4529 4525/4525/4525 4527/4527/4527
f 4530/4530/4530 4526/4526/4526 4528/4528/4528
f 4527/4527/4527 4531/4531/4531 4529/4529/4529
f 4528/4528/4528 4532/4532/4532 4530/4530/4530
f 4533/4533/4533 4529/4529/4529 4531/4531/4531
f 4534/4534/4534 4530/4530/4530 4532/4532/4532
f 4531/4531/4531 4535/4535/4535 4533/4533/4533
f 4532/4532/4532 4536/4536/4536 4534/4534/4534
f 4537/4537/4537 4533/4533/4533 4535/4535/4535
f 4538/4538/4538 4534/4534/4534 4536/4536/4536
f 4535/4535/4535 4538/4538/4538 4537/4537/4537
f 4536/4536/4536 4537/4537/4537 4538/4538/4538
f 4541/4541/4541 4540/4540/4540 4539/4539/4539
f 4542/4542/4542 4539/4539/4539 4540/4540/4540
f 4539/4539/4539 4543/4543/4543 4541/4541/4541
f 4540/4540/4540 4544/4544/4544 4542/4542/4542
f 4545/4545/4545 4541/4541/4541 4543/4543/4543
f 4546/4546/4546 4542/4542/4542 4544/4544/4544
f 4543/4543/4543 4547/4547/4547 4545/4545/4545
f 4544/4544/4544 4548/4548/4548 4546/4546/4546
f 4549/4549/4549 4545/4545/4545 4547/4547/4547
f 4550/4550/4550 4546/4546/4546 4548/4548/4548
f 4547/4547/4547 4551/4551/4551 4549/4549/4549
f 4548/4548/4548 4552/4552/4552 4550/4550/4550
f 4553/4553/4553 4549/4549/4549 4551/4551/4551
f 4554/4554/4554 4550/4550/4550 4552/4552/4552
f 4551/4551/4551 4555/4555/4555 4553/4553/4553
f 4552/4552/4552 4556/4556/4556 4554/4554/4554
f 4557/4557/4557 4553/4553/4553 4555/4555/4555
f 4558/4558/4558 4554/4554/4554 4556/4556/4556
f 4555/4555/4555 4559/4559/4559 4557/4557/4557
f 4556/4556/4556 4560/4560/4560 4558/4558/4558
f 4561/4561/4561 4557/4557/4557 4559/4559/4559
f 4562/4562/4562 4558/4558/4558 4560/4560/4560
f 4559/4559/4559 4563/4563/4563 4561/4561/4561
f 4560/4560/4560 4564/4564/4564 4562/4562/4562
f 4565/4565/4565 4561/4561/4561 4563/4563/4563
f 4566/4566/4566 4562/4562/4562 4564/4564/4564
f 4563/4563/4563 4567/4567/4567 4565/4565/4565
f 4564/4564/4564 4568/4568/4568 4566/4566/4566
f 4569/4569/4569 4565/4565/4565 4567/4567/4567
f 4570/4570/4570 4566/4566/4566 4568/4568/4568
f 4567/4567/4567 4571/4571/4571 4569/4569/4569
f 4568/4568/4568 4572/4572/4572 4570/4570/4570
f 4573/4573/4573 4569/4569/4569 4571/4571/4571
f 4574/4574/4574 4570/4570/4570 4572/4572/4572
f 4571/4571/4571 4575/4575/4575 4573/4573/4573
f 4572/4572/4572 4576/4576/4576 4574/4574/4574
f 4577/4577/4577 4573/4573/4573 4575/4575/4575
f 4578/4578/4578 4574/4574/4574 4576/4576/4576
f 4575/4575/4575 4578/4578/4578 4577/4577/4577
f 4576/4576/4576 4577/4577/4577 4578/4578/4578
f 4581/4581/4581 4580/4580/4580 4579/4579/4579
f 4582/4582/4582 4579/4579/4579 4580/4580/4580
f 4579/4579/4579 4583/4583/4583 4581/4581/4581
f 4580/4580/4580 4584/4584/4584 4582/4582/4582
f 4585/4585/4585 4581/4581/4581 4583/4583/4583
f 4586/4586/4586 4582/4582/4582 4584/4584/4584
f 4583/4583/4583 4587/4587/4587 4585/4585/4585
f 4584/4584/4584 4588/4588/4588 4586/4586/4586
f 4589/4589/4589 4585/4585/4585 4587/4587/4587
f 4590/4590/4590 4586/4586/4586 4588/4588/4588
f 4587/4587/4587 4591/4591/4591 4589/4589/4589
f 4588/4588/4588 4592/4592/4592 4590/4590/4590
f 4593/4593/4593 4589/4589/4589 4591/4591/4591
f 4594/4594/4594 4590/4590/4590 4592/4592/4592
f 4591/4591/4591 4595/4595/4595 4593/4593/4593
f 4592/4592/4592 4596/4596/4596 4594/4594/4594
f 4597/4597/4597 4593/4593/4593 4595/4595/4595
f 4598/4598/4598 4594/4594/4594 4596/4596/4596
f 4595/4595/4595 4599/4599/4599 4597/4597/4597
f 4596/4596/4596 4600/4600/4600 4598/4598/4598
f 4601/4601/4601 4597/4597/4597 4599/4599/4599
f 4602/4602/4602 4598/4598/4598 4600/4600/4600
f 4599/4599/4599 4603/4603/4603 4601/4601/4601
f 4600/4600/4600 4604/4604/4604 4602/4602/4602
f 4605/4605/4605 4601/4601/4601 4603/4603/4603
f 4606/4606/4606 4602/4602/4602 4604/4604/4604
f 4603/4603/4603 4607/4607/4607 4605/4605/4605
f 4604/4604/4604 4608/4608/4608 4606/4606/4606
f 4609/4609/4609 4605/4605/4605 4607/4607/4607
f 4610/4610/4610 4606/4606/4606 4608/4608/4608
f 4607/4607/4607 4611/4611/4611 4609/4609/4609
f 4608/4608/4608 4612/4612/4612 4610/4610/4610
f 4613/4613/4613 4609/4609/4609 4611/4611/4611
f 4614/4614/4614 4610/4610/4610 4612/4612/4612
f 4611/4611/4611 4615/4615/4615 4613/4613/4613
f 4612/4612/4612 4616/4616/4616 4614/4614/4614
f 4617/4617/4617 4613/4613/4613 4615/4615/4615
f 4618/4618/4618 4614/4614/4614 4616/4616/4616
f 4615/4615/4615 4618/4618/4618 4617/4617/4617
f 4616/4616/4616 4617/4617/4617 4618/4618/4618
f 4621/4621/4621 4620/4620/4620 4619/4619/4619
f 4622/4622/4622 4619/4619/4619 4620/4620/4620
f 4620/4620/4620 4621/4621/4621 4623/4623/4623
f 4619/4619/4619 4622/4622/4622 4624/4624/4624
f 4625/4625/4625 4623/4623/4623 4621/4621/4621
f 4626/4626/4626 4624/4624/4624 4622/4622/4622
f 4623/4623/4623 4625/4625/4625 4627/4627/4627
f 4624/4624/4624 4626/4626/4626 4628/4628/4628
f 4629/4629/4629 4627/4627/4627 4625/4625/4625
f 4630/4630/4630 4628/4628/4628 4626/4626/4626
f 4627/4627/4627 4629/4629/4629 4631/4631/4631
f 4628/4628/4628 4630/4630/4630 4632/4632/4632
f 4633/4633/4633 4631/4631/4631 4629/4629/4629
f 4634/4634/4634 4632/4632/4632 4630/4630/4630
f 4631/4631/4631 4633/4633/4633 4634/4634/4634
f 4632/4632/4632 4634/4634/4634 4633/4633/4633
f 4637/4637/4637 4636/4636/4636 4635/4635/4635
f 4638/4638/4638 4635/4635/4635 4636/4636/4636
f 4639/4639/4639 4635/4635/4635 4638/4638/4638
f 4636/4636/4636 4640/4640/4640 4638/4638/4638
f 4635/4635/4635 4641/4641/4641 4637/4637/4637
f 4639/4639/4639 4641/4641/4641 4635/4635/4635
f 4642/4642/4642 4637/4637/4637 4641/4641/4641
f 4643/4643/4643 4638/4638/4638 4640/4640/4640
f 4639/4639/4639 4638/4638/4638 4643/4643/4643
f 4640/4640/4640 4644/4644/4644 4643/4643/4643
f 4641/4641/4641 4645/4645/4645 4642/4642/4642
f 4639/4639/4639 4645/4645/4645 4641/4641/4641
f 4646/4646/4646 4642/4642/4642 4645/4645/4645
f 4647/4647/4647 4643/4643/4643 4644/4644/4644
f 4639/4639/4639 4643/4643/4643 4647/4647/4647
f 4644/4644/4644 4648/4648/4648 4647/4647/4647
f 4645/4645/4645 4649/4649/4649 4646/4646/4646
f 4639/4639/4639 4649/4649/4649 4645/4645/4645
f 4650/4650/4650 4646/4646/4646 4649/4649/4649
f 4651/4651/4651 4647/4647/4647 4648/4648/4648
f 4639/4639/4639 4647/4647/4647 4651/4651/4651
f 4639/4639/4639 4652/4652/4652 4649/4649/4649
f 4649/4649/4649 4652/4652/4652 4650/4650/4650
f 4639/4639/4639 4651/4651/4651 4653/4653/4653
f 4648/4648/4648 4654/4654/4654 4651/4651/4651
f 4653/4653/4653 4651/4651/4651 4654/4654/4654
f 4655/4655/4655 4650/4650/4650 4652/4652/4652
f 4654/4654/4654 4656/4656/4656 4653/4653/4653
f 4652/4652/4652 4657/4657/4657 4655/4655/4655
f 4639/4639/4639 4657/4657/4657 4652/4652/4652
f 4658/4658/4658 4655/4655/4655 4657/4657/4657
f 4659/4659/4659 4653/4653/4653 4656/4656/4656
f 4639/4639/4639 4653/4653/4653 4659/4659/4659
f 4656/4656/4656 4660/4660/4660 4659/4659/4659
f 4657/4657/4657 4661/4661/4661 4658/4658/4658
f 4639/4639/4639 4661/4661/4661 4657/4657/4657
f 4662/4662/4662 4658/4658/4658 4661/4661/4661
f 4663/4663/4663 4659/4659/4659 4660/4660/4660
f 4639/4639/4639 4659/4659/4659 4663/4663/4663
f 4660/4660/4660 4664/4664/4664 4663/4663/4663
f 4661/4661/4661 4665/4665/4665 4662/4662/4662
f 4639/4639/4639 4665/4665/4665 4661/4661/4661
f 4666/4666/4666 4662/4662/4662 4665/4665/4665
f 4667/4667/4667 4663/4663/4663 4664/4664/4664
f 4639/4639/4639 4663/4663/4663 4667/4667/4667
f 4639/4639/4639 4667/4667/4667 4665/4665/4665
f 4665/4665/4665 4667/4667/4667 4666/4666/4666
f 4664/4664/4664 4666/4666/4666 4667/4667/4667
f 4670/4670/4670 4669/4669/4669 4668/4668/4668
f 4671/4671/4671 4668/4668/4668 4669/4669/4669
f 4672/4672/4672 4668/4668/4668 4671/4671/4671
f 4669/4669/4669 4673/4673/4673 4671/4671/4671
f 4668/4668/4668 4674/4674/4674 4670/4670/4670
f 4672/4672/4672 4674/4674/4674 4668/4668/4668
f 4675/4675/4675 4670/4670/4670 4674/4674/4674
f 4676/4676/4676 4671/4671/4671 4673/4673/4673
f 4672/4672/4672 4671/4671/4671 4676/4676/4676
f 4673/4673/4673 4677/4677/4677 4676/4676/4676
f 4674/4674/4674 4678/4678/4678 4675/4675/4675
f 4672/4672/4672 4678/4678/4678 4674/4674/4674
f 4679/4679/4679 4675/4675/4675 4678/4678/4678
f 4680/4680/4680 4676/4676/4676 4677/4677/4677
f 4672/4672/4672 4676/4676/4676 4680/4680/4680
f 4677/4677/4677 4681/4681/4681 4680/4680/4680
f 4678/4678/4678 4682/4682/4682 4679/4679/4679
f 4672/4672/4672 4682/4682/4682 4678/4678/4678
f 4683/4683/4683 4679/4679/4679 4682/4682/4682
f 4684/4684/4684 4680/4680/4680 4681/4681/4681
f 4672/4672/4672 4680/4680/4680 4684/4684/4684
f 4672/4672/4672 4685/4685/4685 4682/4682/4682
f 4682/4682/4682 4685/4685/4685 4683/4683/4683
f 4672/4672/4672 4684/4684/4684 4686/4686/4686
f 4681/4681/4681 4687/4687/4687 4684/4684/4684
f 4686/4686/4686 4684/4684/4684 4687/4687/4687
f 4688/4688/4688 4683/4683/4683 4685/4685/4685
f 4687/4687/4687 4689/4689/4689 4686/4686/4686
f 4685/4685/4685 4690/4690/4690 4688/4688/4688
f 4672/4672/4672 4690/4690/4690 4685/4685/4685
f 4691/4691/4691 4688/4688/4688 4690/4690/4690
f 4692/4692/4692 4686/4686/4686 4689/4689/4689
f 4672/4672/4672 4686/4686/4686 4692/4692/4692
f 4689/4689/4689 4693/4693/4693 4692/4692/4692
f 4690/4690/4690 4694/4694/4694 4691/4691/4691
f 4672/4672/4672 4694/4694/4694 4690/4690/4690
f 4695/4695/4695 4691/4691/4691 4694/4694/4694
f 4696/4696/4696 4692/4692/4692 4693/4693/4693
f 4672/4672/4672 4692/4692/4692 4696/4696/4696
f 4693/4693/4693 4697/4697/4697 4696/4696/4696
f 4694/4694/4694 4698/4698/4698 4695/4695/4695
f 4672/4672/4672 4698/4698/4698 4694/4694/4694
f 4699/4699/4699 4695/4695/4695 4698/4698/4698
f 4700/4700/4700 4696/4696/4696 4697/4697/4697
f 4672/4672/4672 4696/4696/4696 4700/4700/4700
f 4672/4672/4672 4700/4700/4700 4698/4698/4698
f 4698/4698/4698 4700/4700/4700 4699/4699/4699
f 4697/4697/4697 4699/4699/4699 4700/4700/4700
f 4703/4703/4703 4702/4702/4702 4701/4701/4701
f 4704/4704/4704 4701/4701/4701 4702/4702/4702
f 4705/4705/4705 4701/4701/4701 4704/4704/4704
f 4702/4702/4702 4706/4706/4706 4704/4704/4704
f 4701/4701/4701 4707/4707/4707 4703/4703/4703
f 4705/4705/4705 4707/4707/4707 4701/4701/4701
f 4708/4708/4708 4703/4703/4703 4707/4707/4707
f 4709/4709/4709 4704/4704/4704 4706/4706/4706
f 4705/4705/4705 4704/4704/4704 4709/4709/4709
f 4706/4706/4706 4710/4710/4710 4709/4709/4709
f 4707/4707/4707 4711/4711/4711 4708/4708/4708
f 4705/4705/4705 4711/4711/4711 4707/4707/4707
f 4712/4712/4712 4708/4708/4708 4711/4711/4711
f 4713/4713/4713 4709/4709/4709 4710/4710/4710
f 4705/4705/4705 4709/4709/4709 4713/4713/4713
f 4710/4710/4710 4714/4714/4714 4713/4713/4713
f 4711/4711/4711 4715/4715/4715 4712/4712/4712
f 4705/4705/4705 4715/4715/4715 4711/4711/4711
f 4716/4716/4716 4712/4712/4712 4715/4715/4715
f 4717/4717/4717 4713/4713/4713 4714/4714/4714
f 4705/4705/4705 4713/4713/4713 4717/4717/4717
f 4705/4705/4705 4718/4718/4718 4715/4715/4715
f 4715/4715/4715 4718/4718/4718 4716/4716/4716
f 4705/4705/4705 4717/4717/4717 4719/4719/4719
f 4714/4714/4714 4720/4720/4720 4717/4717/4717
f 4719/4719/4719 4717/4717/4717 4720/4720/4720
f 4721/4721/4721 4716/4716/4716 4718/4718/4718
f 4720/4720/4720 4722/4722/4722 4719/4719/4719
f 4718/4718/4718 4723/4723/4723 4721/4721/4721
f 4705/4705/4705 4723/4723/4723 4718/4718/4718
f 4724/4724/4724 4721/4721/4721 4723/4723/4723
f 4725/4725/4725 4719/4719/4719 4722/4722/4722
f 4705/4705/4705 4719/4719/4719 4725/4725/4725
f 4722/4722/4722 4726/4726/4726 4725/4725/4725
f 4723/4723/4723 4727/4727/4727 4724/4724/4724
f 4705/4705/4705 4727/4727/4727 4723/4723/4723
f 4728/4728/4728 4724/4724/4724 4727/4727/4727
f 4729/4729/4729 4725/4725/4725 4726/4726/4726
f 4705/4705/4705 4725/4725/4725 4729/4729/4729
f 4726/4726/4726 4730/4730/4730 4729/4729/4729
f 4727/4727/4727 4731/4731/4731 4728/4728/4728
f 4705/4705/4705 4731/4731/4731 4727/4727/4727
f 4732/4732/4732 4728/4728/4728 4731/4731/4731
f 4733/4733/4733 4729/4729/4729 4730/4730/4730
f 4705/4705/4705 4729/4729/4729 4733/4733/4733
f 4705/4705/4705 4733/4733/4733 4731/4731/4731
f 4731/4731/4731 4733/4733/4733 4732/4732/4732
f 4730/4730/4730 4732/4732/4732 4733/4733/4733
f 4736/4736/4736 4735/4735/4735 4734/4734/4734
f 4737/4737/4737 4734/4734/4734 4735/4735/4735
f 4735/4735/4735 4738/4738/4738 4737/4737/4737
f 4734/4734/4734 4737/4737/4737 4739/4739/4739
f 4735/4735/4735 4736/4736/4736 4740/4740/4740
f 4740/4740/4740 4738/4738/4738 4735/4735/4735
f 4741/4741/4741 4740/4740/4740 4736/4736/4736
f 4742/4742/4742 4739/4739/4739 4737/4737/4737
f 4737/4737/4737 4738/4738/4738 4742/4742/4742
f 4739/4739/4739 4742/4742/4742 4743/4743/4743
f 4740/4740/4740 4741/4741/4741 4744/4744/4744
f 4744/4744/4744 4738/4738/4738 4740/4740/4740
f 4745/4745/4745 4744/4744/4744 4741/4741/4741
f 4746/4746/4746 4743/4743/4743 4742/4742/4742
f 4742/4742/4742 4738/4738/4738 4746/4746/4746
f 4743/4743/4743 4746/4746/4746 4747/4747/4747
f 4744/4744/4744 4745/4745/4745 4748/4748/4748
f 4748/4748/4748 4738/4738/4738 4744/4744/4744
f 4749/4749/4749 4748/4748/4748 4745/4745/4745
f 4750/4750/4750 4747/4747/4747 4746/4746/4746
f 4746/4746/4746 4738/4738/4738 4750/4750/4750
f 4751/4751/4751 4738/4738/4738 4748/4748/4748
f 4748/4748/4748 4749/4749/4749 4751/4751/4751
f 4750/4750/4750 4738/4738/4738 4752/4752/4752
f 4747/4747/4747 4750/4750/4750 4753/4753/4753
f 4752/4752/4752 4753/4753/4753 4750/4750/4750
f 4754/4754/4754 4751/4751/4751 4749/4749/4749
f 4753/4753/4753 4752/4752/4752 4755/4755/4755
f 4751/4751/4751 4754/4754/4754 4756/4756/4756
f 4756/4756/4756 4738/4738/4738 4751/4751/4751
f 4757/4757/4757 4756/4756/4756 4754/4754/4754
f 4758/4758/4758 4755/4755/4755 4752/4752/4752
f 4752/4752/4752 4738/4738/4738 4758/4758/4758
f 4755/4755/4755 4758/4758/4758 4759/4759/4759
f 4756/4756/4756 4757/4757/4757 4760/4760/4760
f 4760/4760/4760 4738/4738/4738 4756/4756/4756
f 4761/4761/4761 4760/4760/4760 4757/4757/4757
f 4762/4762/4762 4759/4759/4759 4758/4758/4758
f 4758/4758/4758 4738/4738/4738 4762/4762/4762
f 4759/4759/4759 4762/4762/4762 4763/4763/4763
f 4760/4760/4760 4761/4761/4761 4764/4764/4764
f 4764/4764/4764 4738/4738/4738 4760/4760/4760
f 4765/4765/4765 4764/4764/4764 4761/4761/4761
f 4763/4763/4763 4766/4766/4766 4765/4765/4765
f 4766/4766/4766 4763/4763/4763 4762/4762/4762
f 4762/4762/4762 4738/4738/4738 4766/4766/4766
f 4764/4764/4764 4765/4765/4765 4766/4766/4766
f 4766/4766/4766 4738/4738/4738 4764/4764/4764
f 4769/4769/4769 4768/4768/4768 4767/4767/4767
f 4770/4770/4770 4767/4767/4767 4768/4768/4768
f 4768/4768/4768 4771/4771/4771 4770/4770/4770
f 4767/4767/4767 4770/4770/4770 4772/4772/4772
f 4768/4768/4768 4769/4769/4769 4773/4773/4773
f 4773/4773/4773 4771/4771/4771 4768/4768/4768
f 4774/4774/4774 4773/4773/4773 4769/4769/4769
f 4775/4775/4775 4772/4772/4772 4770/4770/4770
f 4770/4770/4770 4771/4771/4771 4775/4775/4775
f 4772/4772/4772 4775/4775/4775 4776/4776/4776
f 4773/4773/4773 4774/4774/4774 4777/4777/4777
f 4777/4777/4777 4771/4771/4771 4773/4773/4773
f 4778/4778/4778 4777/4777/4777 4774/4774/4774
f 4779/4779/4779 4776/4776/4776 4775/4775/4775
f 4775/4775/4775 4771/4771/4771 4779/4779/4779
f 4776/4776/4776 4779/4779/4779 4780/4780/4780
f 4777/4777/4777 4778/4778/4778 4781/4781/4781
f 4781/4781/4781 4771/4771/4771 4777/4777/4777
f 4782/4782/4782 4781/4781/4781 4778/4778/4778
f 4783/4783/4783 4780/4780/4780 4779/4779/4779
f 4779/4779/4779 4771/4771/4771 4783/4783/4783
f 4784/4784/4784 4771/4771/4771 4781/4781/4781
f 4781/4781/4781 4782/4782/4782 4784/4784/4784
f 4783/4783/4783 4771/4771/4771 4785/4785/4785
f 4780/4780/4780 4783/4783/4783 4786/4786/4786
f 4785/4785/4785 4786/4786/4786 4783/4783/4783
f 4787/4787/4787 4784/4784/4784 4782/4782/4782
f 4786/4786/4786 4785/4785/4785 4788/4788/4788
f 4784/4784/4784 4787/4787/4787 4789/4789/4789
f 4789/4789/4789 4771/4771/4771 4784/4784/4784
f 4790/4790/4790 4789/4789/4789 4787/4787/4787
f 4791/4791/4791 4788/4788/4788 4785/4785/4785
f 4785/4785/4785 4771/4771/4771 4791/4791/4791
f 4788/4788/4788 4791/4791/4791 4792/4792/4792
f 4789/4789/4789 4790/4790/4790 4793/4793/4793
f 4793/4793/4793 4771/4771/4771 4789/4789/4789
f 4794/4794/4794 4793/4793/4793 4790/4790/4790
f 4795/4795/4795 4792/4792/4792 4791/4791/4791
f 4791/4791/4791 4771/4771/4771 4795/4795/4795
f 4792/4792/4792 4795/4795/4795 4796/4796/4796
f 4793/4793/4793 4794/4794/4794 4797/4797/4797
f 4797/4797/4797 4771/4771/4771 4793/4793/4793
f 4798/4798/4798 4797/4797/4797 4794/4794/4794
f 4796/4796/4796 4799/4799/4799 4798/4798/4798
f 4799/4799/4799 4796/4796/4796 4795/4795/4795
f 4795/4795/4795 4771/4771/4771 4799/4799/4799
f 4797/4797/4797 4798/4798/4798 4799/4799/4799
f 4799/4799/4799 4771/4771/4771 4797/4797/4797
f 4802/4802/4802 4801/4801/4801 4800/4800/4800
f 4803/4803/4803 4800/4800/4800 4801/4801/4801
f 4801/4801/4801 4804/4804/4804 4803/4803/4803
f 4800/4800/4800 4803/4803/4803 4805/4805/4805
f 4801/4801/4801 4802/4802/4802 4806/4806/4806
f 4806/4806/4806 4804/4804/4804 4801/4801/4801
f 4807/4807/4807 4806/4806/4806 4802/4802/4802
f 4808/4808/4808 4805/4805/4805 4803/4803/4803
f 4803/4803/4803 4804/4804/4804 4808/4808/4808
f 4805/4805/4805 4808/4808/4808 4809/4809/4809
f 4806/4806/4806 4807/4807/4807 4810/4810/4810
f 4810/4810/4810 4804/4804/4804 4806/4806/4806
f 4811/4811/4811 4810/4810/4810 4807/4807/4807
f 4812/4812/4812 4809/4809/4809 4808/4808/4808
f 4808/4808/4808 4804/4804/4804 4812/4812/4812
f 4809/4809/4809 4812/4812/4812 4813/4813/4813
f 4810/4810/4810 4811/4811/4811 4814/4814/4814
f 4814/4814/4814 4804/4804/4804 4810/4810/4810
f 4815/4815/4815 4814/4814/4814 4811/4811/4811
f 4816/4816/4816 4813/4813/4813 4812/4812/4812
f 4812/4812/4812 4804/4804/4804 4816/4816/4816
f 4817/4817/4817 4804/4804/4804 4814/4814/4814
f 4814/4814/4814 4815/4815/4815 4817/4817/4817
f 4816/4816/4816 4804/4804/4804 4818/4818/4818
f 4813/4813/4813 4816/4816/4816 4819/4819/4819
f 4818/4818/4818 4819/4819/4819 4816/4816/4816
f 4820/4820/4820 4817/4817/4817 4815/4815/4815
f 4819/4819/4819 4818/4818/4818 4821/4821/4821
f 4817/4817/4817 4820/4820/4820 4822/4822/4822
f 4822/4822/4822 4804/4804/4804 4817/4817/4817
f 4823/4823/4823 4822/4822/4822 4820/4820/4820
f 4824/4824/4824 4821/4821/4821 4818/4818/4818
f 4818/4818/4818 4804/4804/4804 4824/4824/4824
f 4821/4821/4821 4824/4824/4824 4825/4825/4825
f 4822/4822/4822 4823/4823/4823 4826/4826/4826
f 4826/4826/4826 4804/4804/4804 4822/4822/4822
f 4827/4827/4827 4826/4826/4826 4823/4823/4823
f 4828/4828/4828 4825/4825/4825 4824/4824/4824
f 4824/4824/4824 4804/4804/4804 4828/4828/4828
f 4825/4825/4825 4828/4828/4828 4829/4829/4829
f 4826/4826/4826 4827/4827/4827 4830/4830/4830
f 4830/4830/4830 4804/4804/4804 4826/4826/4826
f 4831/4831/4831 4830/4830/4830 4827/4827/4827
f 4829/4829/4829 4832/4832/4832 4831/4831/4831
f 4832/4832/4832 4829/4829/4829 4828/4828/4828
f 4828/4828/4828 4804/4804/4804 4832/4832/4832
f 4830/4830/4830 4831/4831/4831 4832/4832/4832
f 4832/4832/4832 4804/4804/4804 4830/4830/4830
